0.7450977563858032,0.8221165537834167,3.8412647995755833e-07,0.7031805515289307,0.7969881296157837,-0.02063450589776039,0.6766880750656128,0.7419352531433105,-0.030025718733668327,0.7020690441131592,0.6870670318603516,-0.038647592067718506,0.7401449084281921,0.6693658232688904,-0.04789888113737106,0.6695306301116943,0.647040605545044,-0.018338246271014214,0.6362447142601013,0.5815200805664062,-0.031671345233917236,0.6161912083625793,0.5397108197212219,-0.04348870739340782,0.6003148555755615,0.5034492611885071,-0.0537262037396431,0.703894317150116,0.6249939799308777,-0.0213589109480381,0.6893056035041809,0.5386658906936646,-0.030595865100622177,0.6825999617576599,0.4830623269081116,-0.042003631591796875,0.677388608455658,0.4366189241409302,-0.051495183259248734,0.7388726472854614,0.6297794580459595,-0.027352163568139076,0.7413561940193176,0.550418496131897,-0.04136954993009567,0.7436273694038391,0.49890953302383423,-0.058875180780887604,0.7444663643836975,0.4550181031227112,-0.07180464267730713,0.7733123302459717,0.6529923677444458,-0.03520582616329193,0.7972387075424194,0.5990573763847351,-0.05132366344332695,0.813843846321106,0.562521755695343,-0.06274792551994324,0.8268497586250305,0.5309344530105591,-0.071120984852314
0.7296777963638306,0.8253830671310425,4.031185483199806e-07,0.684631884098053,0.7999935150146484,-0.01952551119029522,0.6549707055091858,0.7398502826690674,-0.02819276973605156,0.6815662384033203,0.6837307810783386,-0.03617354854941368,0.7239943146705627,0.6731039881706238,-0.045134689658880234,0.6550757884979248,0.649273157119751,-0.018469247967004776,0.6237665414810181,0.5836290121078491,-0.030886773020029068,0.6048737168312073,0.5411357879638672,-0.04190748184919357,0.5902069211006165,0.5028108358383179,-0.05206253379583359,0.6895925998687744,0.6270191669464111,-0.022056663408875465,0.6773609519004822,0.5397984385490417,-0.03155988082289696,0.6720011830329895,0.48279011249542236,-0.04261775687336922,0.6677395105361938,0.4348973035812378,-0.05189027637243271,0.7245766520500183,0.6313543915748596,-0.028425365686416626,0.728872537612915,0.5505768656730652,-0.04279115051031113,0.7323002815246582,0.49862295389175415,-0.06022156402468681,0.7338727116584778,0.4544542729854584,-0.07292065024375916,0.7589199542999268,0.6537237763404846,-0.03654243424534798,0.7831445932388306,0.5981475114822388,-0.05286549776792526,0.7995088696479797,0.5605016946792603,-0.06439264118671417,0.8123947978019714,0.5279820561408997,-0.07286708056926727
0.7301284670829773,0.8270069360733032,4.0254582245324855e-07,0.6850379705429077,0.8016903400421143,-0.01960000954568386,0.6548290848731995,0.7419873476028442,-0.02854117937386036,0.6807271242141724,0.6853981614112854,-0.03679821640253067,0.7232795357704163,0.6757819652557373,-0.04602927342057228,0.6550934910774231,0.6496418118476868,-0.01786382496356964,0.6244480013847351,0.5828843712806702,-0.030379291623830795,0.6059712171554565,0.5398695468902588,-0.04165294021368027,0.5918669104576111,0.5016049146652222,-0.05197656899690628,0.689685046672821,0.6276814341545105,-0.021315798163414,0.6780558228492737,0.5396791696548462,-0.03062661550939083,0.672960102558136,0.48331359028816223,-0.04150696098804474,0.6694355010986328,0.43658947944641113,-0.050591565668582916,0.7248411178588867,0.632171094417572,-0.027585994452238083,0.730262279510498,0.5505772829055786,-0.0412471629679203,0.7335612177848816,0.49779409170150757,-0.05808563530445099,0.7353420853614807,0.4530709981918335,-0.07055147737264633,0.7593730688095093,0.6550841927528381,-0.03568394482135773,0.7836595773696899,0.6002570390701294,-0.05097442865371704,0.7993601560592651,0.5621529221534729,-0.06176048144698143,0.8118086457252502,0.5290682911872864,-0.06987552344799042
0.7284947633743286,0.8240922689437866,4.094792132036673e-07,0.6831133961677551,0.7988348603248596,-0.019934192299842834,0.6530049443244934,0.73952317237854,-0.029011500999331474,0.6792104244232178,0.6837167739868164,-0.037310998886823654,0.7207587957382202,0.6734474897384644,-0.04668554291129112,0.6536829471588135,0.6469109654426575,-0.019080422818660736,0.6230827569961548,0.5796999931335449,-0.03192790225148201,0.6048595905303955,0.5361353158950806,-0.04342958703637123,0.591089129447937,0.496745228767395,-0.05393156036734581,0.6886990666389465,0.6249281167984009,-0.022469855844974518,0.6768999099731445,0.5365913510322571,-0.032303955405950546,0.6721620559692383,0.47970348596572876,-0.043623361736536026,0.6692468523979187,0.43170616030693054,-0.05304816737771034,0.7238227725028992,0.6296757459640503,-0.028609680011868477,0.7294208407402039,0.5484669804573059,-0.0427614226937294,0.7335257530212402,0.4958195090293884,-0.05981776863336563,0.7361752986907959,0.45110103487968445,-0.07239732146263123,0.7581799626350403,0.6525336503982544,-0.03657292574644089,0.7826003432273865,0.5976295471191406,-0.052413515746593475,0.7986498475074768,0.5594911575317383,-0.06344901770353317,0.8113477826118469,0.5261320471763611,-0.07167990505695343
0.7198328375816345,0.820010781288147,4.087085585524619e-07,0.6729302406311035,0.7973238229751587,-0.020742369815707207,0.6406771540641785,0.7386798858642578,-0.029946859925985336,0.6644959449768066,0.6820607781410217,-0.03832383453845978,0.7059480547904968,0.6728404760360718,-0.04763588309288025,0.64412921667099,0.642505407333374,-0.017947250977158546,0.6136680245399475,0.5752758979797363,-0.030253609642386436,0.5957028269767761,0.5319240093231201,-0.04134967178106308,0.5822954773902893,0.4933416247367859,-0.05151737481355667,0.6789584159851074,0.620526909828186,-0.02107396349310875,0.667834997177124,0.5329755544662476,-0.030581960454583168,0.6617000699043274,0.4761580526828766,-0.041604362428188324,0.6570355296134949,0.4290285110473633,-0.05071667209267616,0.7139269113540649,0.6251516342163086,-0.027227601036429405,0.7191082239151001,0.5441907048225403,-0.04106408730149269,0.7214236259460449,0.49118539690971375,-0.05789295956492424,0.7227211594581604,0.44667917490005493,-0.07028353959321976,0.7479043006896973,0.6481137275695801,-0.03538254275918007,0.7716349363327026,0.593030571937561,-0.05066482722759247,0.7871735095977783,0.5547221899032593,-0.06150781363248825,0.7998920679092407,0.5215927362442017,-0.06964189559221268
0.7166266441345215,0.8215776681900024,4.0869016970646044e-07,0.6690440773963928,0.7956634759902954,-0.019588176161050797,0.635350227355957,0.7344458699226379,-0.02771540731191635,0.6601720452308655,0.6795054078102112,-0.03532952442765236,0.7035917043685913,0.674288272857666,-0.044227879494428635,0.6422294974327087,0.6400383114814758,-0.016169268637895584,0.6115220189094543,0.5726214051246643,-0.02827059105038643,0.5937322378158569,0.5295602083206177,-0.039471425116062164,0.580886721611023,0.49148112535476685,-0.04980497807264328,0.6770616173744202,0.6187072992324829,-0.01989883743226528,0.6660385727882385,0.5305109024047852,-0.029476387426257133,0.6595171093940735,0.4734625220298767,-0.041191164404153824,0.6544268727302551,0.4256252348423004,-0.05074651539325714,0.7120275497436523,0.6241676211357117,-0.0266629196703434,0.7177093625068665,0.5430698394775391,-0.04074304923415184,0.7201518416404724,0.4896928668022156,-0.05871347710490227,0.7213289141654968,0.44448721408843994,-0.07184448838233948,0.7461062073707581,0.6482300162315369,-0.035311926156282425,0.7700316905975342,0.592701256275177,-0.05099928006529808,0.7857099175453186,0.5542848110198975,-0.0626029297709465,0.7982483506202698,0.5208986401557922,-0.07132792472839355
0.7142422795295715,0.8226228952407837,4.155153874307871e-07,0.6648513674736023,0.7983704805374146,-0.01950237713754177,0.6303671598434448,0.736089289188385,-0.027199361473321915,0.6561188101768494,0.6812366247177124,-0.03442782163619995,0.7004668712615967,0.6773455739021301,-0.04300303012132645,0.6370939612388611,0.6410074234008789,-0.015485098585486412,0.6057097911834717,0.57392817735672,-0.026764018461108208,0.5881730318069458,0.5311387777328491,-0.0372205413877964,0.5759851932525635,0.4936973750591278,-0.04707357659935951,0.6724280714988708,0.6194543838500977,-0.019286595284938812,0.6607614755630493,0.5314038991928101,-0.028250597417354584,0.6543551683425903,0.4742555022239685,-0.03949998691678047,0.6498835682868958,0.4274222254753113,-0.04870988056063652,0.7078302502632141,0.6253053545951843,-0.026204941794276237,0.7137466073036194,0.5438751578330994,-0.040077511221170425,0.7162180542945862,0.49067771434783936,-0.05816885828971863,0.7177032828330994,0.44595709443092346,-0.07137549668550491,0.7422564625740051,0.650019109249115,-0.034975647926330566,0.7662532329559326,0.5943016409873962,-0.050689782947301865,0.7817341685295105,0.5562757253646851,-0.062339898198843,0.7942479252815247,0.5232903957366943,-0.071083664894104
0.7052828669548035,0.816235363483429,4.2826624735425867e-07,0.6579752564430237,0.7911782264709473,-0.0195012167096138,0.6251510381698608,0.7305274605751038,-0.027959277853369713,0.6496111154556274,0.675656259059906,-0.035841163247823715,0.6903366446495056,0.667755663394928,-0.045139994472265244,0.6318023800849915,0.6311352849006653,-0.01738569885492325,0.6019753217697144,0.5634796619415283,-0.029422268271446228,0.5846675038337708,0.5198755860328674,-0.04023066535592079,0.5721237659454346,0.4808521866798401,-0.050391729921102524,0.6679763197898865,0.610622227191925,-0.02163853868842125,0.6574878096580505,0.5215809941291809,-0.031461991369724274,0.6516700983047485,0.4652136564254761,-0.043110039085149765,0.6475513577461243,0.4178399443626404,-0.05267396569252014,0.7035038471221924,0.6175618767738342,-0.028803043067455292,0.7100014686584473,0.5362781286239624,-0.04343612119555473,0.7135565280914307,0.48311862349510193,-0.061269912868738174,0.7158083915710449,0.43739908933639526,-0.07437896728515625,0.737553596496582,0.6430349946022034,-0.037749435752630234,0.7611722946166992,0.5872734189033508,-0.054147399961948395,0.7769317626953125,0.5485716462135315,-0.0657438188791275,0.7895210981369019,0.5137017965316772,-0.07444033771753311
0.702196478843689,0.8135045766830444,3.963695291986369e-07,0.6561734676361084,0.7890414595603943,-0.01879454404115677,0.6243948936462402,0.7297622561454773,-0.026787936687469482,0.6490914225578308,0.6746517419815063,-0.034428589046001434,0.6896229386329651,0.6632044315338135,-0.04332319274544716,0.6283243894577026,0.6286212205886841,-0.01536604668945074,0.5978561043739319,0.5602343678474426,-0.027300620451569557,0.5810104012489319,0.516638994216919,-0.038136549293994904,0.5692391991615295,0.4783916473388672,-0.04801597446203232,0.664177417755127,0.6083834767341614,-0.019615711644291878,0.6537617444992065,0.5180822014808655,-0.02934453822672367,0.648985743522644,0.4604518413543701,-0.0412076860666275,0.6464376449584961,0.41313159465789795,-0.05076272413134575,0.6995105147361755,0.6151794195175171,-0.026806363835930824,0.7059420347213745,0.5333699584007263,-0.041503824293613434,0.7096748352050781,0.4792747497558594,-0.05978056415915489,0.7123777270317078,0.43274709582328796,-0.07303936034440994,0.7335726022720337,0.6403221487998962,-0.03566042706370354,0.7571958899497986,0.5839736461639404,-0.051855552941560745,0.7733821868896484,0.5462909936904907,-0.06331949681043625,0.7864863872528076,0.5125647187232971,-0.07180844247341156
0.7004978060722351,0.8127467036247253,4.0606198581372155e-07,0.6537664532661438,0.7884732484817505,-0.020155563950538635,0.6221201419830322,0.7282660007476807,-0.028802620247006416,0.6474320292472839,0.6719308495521545,-0.03689875453710556,0.6889243721961975,0.6617147922515869,-0.046178024262189865,0.6275106072425842,0.6270458698272705,-0.0164291150867939,0.5972316861152649,0.5580775737762451,-0.028743460774421692,0.5804150104522705,0.5143222212791443,-0.03988930210471153,0.5686779618263245,0.4758639931678772,-0.050027310848236084,0.6634928584098816,0.6065786480903625,-0.020162977278232574,0.6525793671607971,0.5163501501083374,-0.03016497753560543,0.6474614143371582,0.45841261744499207,-0.04233970865607262,0.6445797681808472,0.4105646014213562,-0.05215233191847801,0.6988481283187866,0.6133521199226379,-0.026969950646162033,0.7051671743392944,0.5319360494613647,-0.04186183586716652,0.7089381814002991,0.4781608283519745,-0.06044243648648262,0.711673378944397,0.4320598244667053,-0.07386140525341034,0.732964813709259,0.6386004090309143,-0.035594258457422256,0.7570242881774902,0.5824949741363525,-0.051957760006189346,0.7731689810752869,0.54446941614151,-0.06380833685398102,0.7862393260002136,0.5106027126312256,-0.07255567610263824
0.7051251530647278,0.8123194575309753,4.1104317460849416e-07,0.6569330096244812,0.7883577346801758,-0.02027687430381775,0.6232786774635315,0.7277873754501343,-0.028930775821208954,0.6482813358306885,0.6717256903648376,-0.03690187260508537,0.6912903785705566,0.6624674201011658,-0.04603532701730728,0.6292619109153748,0.6268922090530396,-0.017277831211686134,0.5995400547981262,0.5584719181060791,-0.0299364160746336,0.5832302570343018,0.5147120952606201,-0.04112885147333145,0.572108268737793,0.47600048780441284,-0.05136268585920334,0.6653826236724854,0.606777012348175,-0.02111779898405075,0.6546100974082947,0.5178440809249878,-0.031701553612947464,0.6497900485992432,0.4606107175350189,-0.043954554945230484,0.6470674872398376,0.4130397140979767,-0.05376419052481651,0.7011016011238098,0.6138292551040649,-0.028028802946209908,0.7075417637825012,0.5339158177375793,-0.04385271668434143,0.7114928960800171,0.48005133867263794,-0.06259583681821823,0.7141766548156738,0.4335640072822571,-0.07594433426856995,0.7356017231941223,0.639439046382904,-0.03668893501162529,0.7595973610877991,0.5831010341644287,-0.053773414343595505,0.7756963968276978,0.5459907054901123,-0.06564181298017502,0.7882470488548279,0.5130912065505981,-0.07432295382022858
0.7017968893051147,0.8195772767066956,3.863417532556923e-07,0.6538808345794678,0.7937297821044922,-0.018321452662348747,0.6211873888969421,0.7337675094604492,-0.026037245988845825,0.6466631889343262,0.6808823347091675,-0.03350000083446503,0.6892577409744263,0.6705560684204102,-0.04227469488978386,0.6267341375350952,0.6346397399902344,-0.014576701447367668,0.5972651839256287,0.567405641078949,-0.026382431387901306,0.5808503031730652,0.5244768857955933,-0.037188515067100525,0.5692371726036072,0.48677945137023926,-0.04710996150970459,0.6632786393165588,0.6156020760536194,-0.019262712448835373,0.6527197360992432,0.5277950763702393,-0.028720220550894737,0.6470265984535217,0.47125083208084106,-0.04061797261238098,0.6430994868278503,0.4250887334346771,-0.05041849985718727,0.6992819905281067,0.6232349872589111,-0.026965240016579628,0.7060261368751526,0.5430691838264465,-0.04167111590504646,0.7090591788291931,0.48957669734954834,-0.05992762744426727,0.7107048034667969,0.44377630949020386,-0.0731784999370575,0.7336230874061584,0.6489292979240417,-0.036294031888246536,0.7572777271270752,0.5918963551521301,-0.052678581327199936,0.7727912068367004,0.5538020730018616,-0.06412408500909805,0.7849159836769104,0.5201560854911804,-0.07259485870599747
0.6953681707382202,0.8208783268928528,4.1866778133226035e-07,0.6477794051170349,0.795083224773407,-0.018037870526313782,0.6160538196563721,0.7332460880279541,-0.025150490924715996,0.6414685249328613,0.6777653098106384,-0.03205705061554909,0.6826260089874268,0.6695271730422974,-0.040398769080638885,0.6206135749816895,0.6354724764823914,-0.013399098068475723,0.5918676853179932,0.5680229663848877,-0.02339622937142849,0.5757139921188354,0.5250216722488403,-0.03284700587391853,0.5642116665840149,0.48663774132728577,-0.042205944657325745,0.6571775078773499,0.6149862408638,-0.018076064065098763,0.6474153995513916,0.5268796682357788,-0.026162823662161827,0.6426799297332764,0.4718899726867676,-0.03712517023086548,0.6397573351860046,0.4260573983192444,-0.04634448513388634,0.6931273937225342,0.6214327812194824,-0.02572186104953289,0.7008877396583557,0.5397536754608154,-0.039432331919670105,0.7054912447929382,0.4870526194572449,-0.05753811448812485,0.7088246941566467,0.44154638051986694,-0.07092423737049103,0.7272114753723145,0.6460721492767334,-0.034978415817022324,0.7511877417564392,0.590782880783081,-0.050888366997241974,0.7674638032913208,0.5528414845466614,-0.062489837408065796,0.7806605100631714,0.5186841487884521,-0.0712486058473587
0.6817255020141602,0.813740074634552,3.8761703535783454e-07,0.6340026259422302,0.7880029678344727,-0.017134960740804672,0.6002123355865479,0.7267780303955078,-0.023803183808922768,0.6211104393005371,0.6689040064811707,-0.03055826760828495,0.6606102585792542,0.6553400754928589,-0.03827131539583206,0.6065713763237,0.6275344491004944,-0.011557154357433319,0.5763476490974426,0.5584261417388916,-0.02193254791200161,0.5591541528701782,0.514824390411377,-0.03161934018135071,0.5468289256095886,0.476748526096344,-0.040784720331430435,0.6423171758651733,0.6074702143669128,-0.016378365457057953,0.6309249401092529,0.5182466506958008,-0.024833470582962036,0.6250466108322144,0.46165168285369873,-0.035901524126529694,0.6214917898178101,0.41479283571243286,-0.04490433633327484,0.6779083609580994,0.6133982539176941,-0.024184366688132286,0.6837145686149597,0.5313239097595215,-0.03814387694001198,0.6877927184104919,0.4782927632331848,-0.05571840703487396,0.6910737156867981,0.43295300006866455,-0.06840328872203827,0.7122385501861572,0.6373876333236694,-0.03359390050172806,0.7353827357292175,0.5801554322242737,-0.04937741160392761,0.7511050701141357,0.5413489937782288,-0.06070452556014061,0.7641828060150146,0.5066390633583069,-0.06904004514217377
0.675940215587616,0.8075886368751526,4.003213405212591e-07,0.6285614371299744,0.7817593812942505,-0.018169546499848366,0.5957338213920593,0.7206577062606812,-0.025596274062991142,0.6175618171691895,0.6629113554954529,-0.03274073824286461,0.6577051877975464,0.651767909526825,-0.040949705988168716,0.6007010340690613,0.6210659146308899,-0.01392305362969637,0.5711596608161926,0.5520960092544556,-0.02508140727877617,0.5541189908981323,0.508874773979187,-0.0351773276925087,0.5420869588851929,0.4716199040412903,-0.04445580393075943,0.6365267038345337,0.6008977890014648,-0.018188318237662315,0.6267677545547485,0.5106222033500671,-0.02726910635828972,0.6215446591377258,0.45374953746795654,-0.03863910958170891,0.6183104515075684,0.40743696689605713,-0.04775403439998627,0.6720382571220398,0.6068612337112427,-0.02535071410238743,0.6792409420013428,0.5253018140792847,-0.0395430326461792,0.6837779879570007,0.4721338152885437,-0.057485487312078476,0.686987042427063,0.42677757143974304,-0.07040596008300781,0.7060781121253967,0.6315611600875854,-0.03412824869155884,0.7299641966819763,0.5760489702224731,-0.04971849173307419,0.7458581924438477,0.5383914709091187,-0.06102381646633148,0.7587589621543884,0.5047287344932556,-0.06934189051389694
0.6753177642822266,0.8071208000183105,3.8975474581093295e-07,0.628654420375824,0.7834919691085815,-0.019363177940249443,0.5961393117904663,0.7228851914405823,-0.02694043330848217,0.6172335743904114,0.6637561917304993,-0.03399142995476723,0.6568671464920044,0.6508460640907288,-0.04185892269015312,0.6011772751808167,0.6201261878013611,-0.013854303397238255,0.5718671083450317,0.5505023002624512,-0.025143729522824287,0.5554980039596558,0.5070203542709351,-0.03521720692515373,0.5441867113113403,0.46970921754837036,-0.04440174251794815,0.6378532648086548,0.6001145839691162,-0.017452236264944077,0.6283050775527954,0.5101876854896545,-0.026904871687293053,0.6229146718978882,0.4530838131904602,-0.038426291197538376,0.6194450855255127,0.4062460660934448,-0.047523170709609985,0.6737040877342224,0.6063845157623291,-0.02415417693555355,0.6812939047813416,0.5257758498191833,-0.03874373808503151,0.6856604218482971,0.4730563759803772,-0.056591589003801346,0.6888028383255005,0.42735397815704346,-0.06930411607027054,0.7078061699867249,0.631313145160675,-0.03259139880537987,0.7316610813140869,0.5763706564903259,-0.04824420437216759,0.747501790523529,0.5391389727592468,-0.05950778350234032,0.7605136632919312,0.5048916339874268,-0.06775681674480438
0.6765701770782471,0.8073944449424744,3.73349024584968e-07,0.6299165487289429,0.7820339202880859,-0.01737983711063862,0.5974899530410767,0.7208086252212524,-0.024002140387892723,0.6182286143302917,0.6622786521911621,-0.030565064400434494,0.6574006080627441,0.6501439809799194,-0.0380747988820076,0.6029526591300964,0.62046879529953,-0.012246569618582726,0.5733078122138977,0.5508671402931213,-0.023245712742209435,0.5568056702613831,0.5080344676971436,-0.033236950635910034,0.5451717376708984,0.47093915939331055,-0.04231840744614601,0.6389152407646179,0.600755512714386,-0.01668708585202694,0.6290844678878784,0.5101171731948853,-0.025721337646245956,0.6237768530845642,0.45282572507858276,-0.03722279146313667,0.6202611923217773,0.4058719575405121,-0.04635912552475929,0.6743830442428589,0.6069599986076355,-0.02404370717704296,0.6814767122268677,0.5267014503479004,-0.03821411728858948,0.6858763098716736,0.473701536655426,-0.05604558065533638,0.6887578964233398,0.4278356432914734,-0.0687737986445427,0.7085486650466919,0.6314390897750854,-0.03297463431954384,0.7321087121963501,0.5747095346450806,-0.04801323264837265,0.7482187151908875,0.5369064211845398,-0.058908212929964066,0.7612584829330444,0.502736508846283,-0.06698086112737656
0.6734829545021057,0.8095118999481201,3.9878605662124755e-07,0.6256253719329834,0.7851979732513428,-0.017763977870345116,0.5917123556137085,0.7228567600250244,-0.02467983402311802,0.6126087307929993,0.6654844880104065,-0.03143765404820442,0.6521068811416626,0.6548643708229065,-0.03936053812503815,0.5964756011962891,0.6235371232032776,-0.013505643233656883,0.5661184191703796,0.5545944571495056,-0.02443094551563263,0.5490708947181702,0.5107105374336243,-0.03448549285531044,0.5368011593818665,0.47256922721862793,-0.04385880008339882,0.6320886611938477,0.6036242842674255,-0.01806042715907097,0.6206738352775574,0.5136702060699463,-0.0271455068141222,0.6148039698600769,0.45598095655441284,-0.03872821480035782,0.6108742952346802,0.40809768438339233,-0.048036906868219376,0.6674816012382507,0.6099849939346313,-0.025476785376667976,0.672247588634491,0.5285710096359253,-0.03969539701938629,0.6753599047660828,0.4746171832084656,-0.05790187790989876,0.6773634552955627,0.4281829297542572,-0.07110638171434402,0.7015236020088196,0.6344077587127686,-0.034465961158275604,0.7241309881210327,0.5779179334640503,-0.05024729296565056,0.7397747039794922,0.5389371514320374,-0.06180677190423012,0.7525231242179871,0.5037244558334351,-0.07042452692985535
0.6655715703964233,0.8038576245307922,3.748641574929934e-07,0.6177018284797668,0.7762880921363831,-0.016231631860136986,0.5841800570487976,0.712739109992981,-0.022021638229489326,0.6053227186203003,0.6553727984428406,-0.028088927268981934,0.644502580165863,0.6444845199584961,-0.035381440073251724,0.59102863073349,0.6179343461990356,-0.010562007315456867,0.5613685846328735,0.5488204956054688,-0.020901909098029137,0.5447794198989868,0.5042183995246887,-0.0305382888764143,0.532420814037323,0.46589431166648865,-0.039710190147161484,0.6253576278686523,0.5975341796875,-0.015839161351323128,0.612146258354187,0.5078458786010742,-0.02437674254179001,0.6044634580612183,0.4508914351463318,-0.03530437499284744,0.5983729958534241,0.4040999412536621,-0.04414195939898491,0.6603620052337646,0.6028088331222534,-0.024050435051321983,0.6614121794700623,0.5211008787155151,-0.03748417645692825,0.6599458456039429,0.466761976480484,-0.05482740327715874,0.6580836176872253,0.4197181165218353,-0.06764855235815048,0.6947194337844849,0.6262021064758301,-0.03390706330537796,0.7163515686988831,0.5703157782554626,-0.049005668610334396,0.7313289642333984,0.5309867858886719,-0.06018843129277229,0.7439393997192383,0.49618014693260193,-0.06865095347166061
0.6614223122596741,0.7996591329574585,3.8342074049069197e-07,0.6141109466552734,0.7742885947227478,-0.01665237359702587,0.5784815549850464,0.7115886211395264,-0.023014508187770844,0.5985251069068909,0.6551167368888855,-0.02950766682624817,0.6384199857711792,0.6446055173873901,-0.0370471365749836,0.5847086906433105,0.6144940853118896,-0.011665998958051205,0.554730236530304,0.5463939905166626,-0.022168660536408424,0.5378627777099609,0.5029263496398926,-0.031769394874572754,0.5255053043365479,0.46600544452667236,-0.04075479879975319,0.6190623641014099,0.5944985747337341,-0.016487931832671165,0.6061376333236694,0.5059603452682495,-0.024829808622598648,0.5995156168937683,0.4502374529838562,-0.03516191244125366,0.5952824354171753,0.4051932394504547,-0.043523095548152924,0.6540451049804688,0.5996354818344116,-0.024288587272167206,0.6557323932647705,0.5191548466682434,-0.037546876817941666,0.6558641195297241,0.4652884602546692,-0.05475712940096855,0.6560900807380676,0.4196881055831909,-0.06742662936449051,0.6883664131164551,0.6224650740623474,-0.03373631462454796,0.7101883292198181,0.5659199357032776,-0.04865254834294319,0.7258840799331665,0.5269482731819153,-0.05976741388440132,0.7393407821655273,0.49306759238243103,-0.06817968189716339
0.6456632018089294,0.7920063138008118,4.132625122110767e-07,0.5970436930656433,0.7657853960990906,-0.01744457706809044,0.561773419380188,0.703441321849823,-0.024548321962356567,0.582014262676239,0.6475555896759033,-0.031377121806144714,0.6211510896682739,0.636782705783844,-0.03937992826104164,0.5705310106277466,0.6049351692199707,-0.014524596743285656,0.5411205887794495,0.5371881127357483,-0.026179317384958267,0.524543821811676,0.4935663044452667,-0.036758530884981155,0.5127073526382446,0.45539188385009766,-0.046482499688863754,0.606736958026886,0.5852092504501343,-0.01938069611787796,0.5997207760810852,0.49513334035873413,-0.028791744261980057,0.5969350337982178,0.4379271864891052,-0.03995141014456749,0.5957784652709961,0.3908425569534302,-0.0489174947142601,0.6420848965644836,0.5922716856002808,-0.02709883265197277,0.6504266262054443,0.5117557644844055,-0.04150467738509178,0.6558545231819153,0.45775097608566284,-0.05860878899693489,0.6600717902183533,0.4110325574874878,-0.07098395377397537,0.6757024526596069,0.618285059928894,-0.036386970430612564,0.6989902257919312,0.5617419481277466,-0.05212096497416496,0.7151520252227783,0.5237125754356384,-0.06255099177360535,0.7283996343612671,0.48951053619384766,-0.07028325647115707
0.6411755084991455,0.7905501127243042,4.145485377193836e-07,0.593039333820343,0.7652143836021423,-0.018575483933091164,0.5580185055732727,0.7042298316955566,-0.02658991515636444,0.5773847699165344,0.6472886800765991,-0.03407746180891991,0.6167223453521729,0.6369423866271973,-0.04249859228730202,0.565326988697052,0.6031532287597656,-0.01564069278538227,0.5352545380592346,0.5358225703239441,-0.027749380096793175,0.5180795192718506,0.4925927519798279,-0.03844557702541351,0.5062352418899536,0.4554385542869568,-0.04798723757266998,0.6016560196876526,0.5838009119033813,-0.019821438938379288,0.594283401966095,0.4943678081035614,-0.029627911746501923,0.5910465717315674,0.4371422529220581,-0.04071666672825813,0.5899938344955444,0.3904133439064026,-0.049448415637016296,0.6370604634284973,0.5906631946563721,-0.026935849338769913,0.6452085971832275,0.5101043581962585,-0.041549742221832275,0.6501542329788208,0.45647090673446655,-0.05854014307260513,0.6541420221328735,0.4102681279182434,-0.07068488746881485,0.6707820892333984,0.616457998752594,-0.03573347628116608,0.6947342157363892,0.5611469745635986,-0.051445696502923965,0.7105874419212341,0.5234919786453247,-0.061954315751791,0.7237325310707092,0.48943138122558594,-0.06958867609500885
0.6342434883117676,0.791601300239563,4.1785338567024155e-07,0.5840265154838562,0.7650452256202698,-0.017299668863415718,0.5484874844551086,0.7035762071609497,-0.02482217736542225,0.5689681172370911,0.648206889629364,-0.032318614423274994,0.6072518229484558,0.6360126733779907,-0.041288021951913834,0.5577595829963684,0.6060070395469666,-0.014760376885533333,0.5273687243461609,0.5382924675941467,-0.027150006964802742,0.5101362466812134,0.49423447251319885,-0.038398176431655884,0.4977385401725769,0.45474106073379517,-0.048732854425907135,0.5938376188278198,0.5857679843902588,-0.02029825747013092,0.5853805541992188,0.4956933856010437,-0.030852533876895905,0.5815194249153137,0.4371349811553955,-0.04357452318072319,0.5793753266334534,0.3869559168815613,-0.05386805161833763,0.6287408471107483,0.5925239324569702,-0.02865123562514782,0.6368550062179565,0.5116704702377319,-0.044456616044044495,0.6428847908973694,0.4575650691986084,-0.06308921426534653,0.6474379897117615,0.41019734740257263,-0.07658284902572632,0.6617006063461304,0.6184818148612976,-0.03848791867494583,0.6854535341262817,0.5629050731658936,-0.05578320473432541,0.7019935846328735,0.5248838067054749,-0.06750299036502838,0.7152523398399353,0.48993659019470215,-0.07622484862804413
0.6268613934516907,0.7886309623718262,4.128938257963455e-07,0.5769900679588318,0.7639779448509216,-0.018704399466514587,0.541132926940918,0.7022683024406433,-0.026448361575603485,0.5608672499656677,0.6452511548995972,-0.03364647552371025,0.6008034944534302,0.635105550289154,-0.04210399463772774,0.5498375296592712,0.6010935306549072,-0.016290778294205666,0.5197746753692627,0.5338021516799927,-0.028758859261870384,0.5019073486328125,0.4910878837108612,-0.039743244647979736,0.48942798376083374,0.45413416624069214,-0.04962098225951195,0.5861932635307312,0.5811100602149963,-0.020919738337397575,0.5777072310447693,0.49173641204833984,-0.03156125545501709,0.5733320116996765,0.4341171979904175,-0.04357884079217911,0.5712488889694214,0.3860829472541809,-0.053000546991825104,0.6215272545814514,0.5882724523544312,-0.028487255796790123,0.6303166747093201,0.5084590315818787,-0.044494181871414185,0.6358247995376587,0.4542232155799866,-0.06289774924516678,0.6404143571853638,0.4070180654525757,-0.07590791583061218,0.65462726354599,0.6150422096252441,-0.03763054683804512,0.6781001091003418,0.5594362616539001,-0.054780665785074234,0.6942702531814575,0.5226563811302185,-0.0661986917257309,0.7076634168624878,0.48904526233673096,-0.07445734739303589
0.6303620934486389,0.7253167629241943,4.483391649046098e-07,0.5802537798881531,0.6987791657447815,-0.017713584005832672,0.5459720492362976,0.6379498243331909,-0.025973480194807053,0.5624074339866638,0.5770542621612549,-0.03382766619324684,0.6040424704551697,0.5610379576683044,-0.04228176549077034,0.5505552887916565,0.5433316826820374,-0.011962585151195526,0.5225833058357239,0.4780910909175873,-0.021932760253548622,0.5062009692192078,0.4352187514305115,-0.03158125653862953,0.49460357427597046,0.39734184741973877,-0.040886614471673965,0.5874336957931519,0.5253877639770508,-0.016815636307001114,0.5779575109481812,0.4373319745063782,-0.025255585089325905,0.5734450817108154,0.3824666738510132,-0.035746727138757706,0.569489598274231,0.3384886384010315,-0.04453117772936821,0.6242300271987915,0.531878650188446,-0.02455056831240654,0.6312206387519836,0.44969987869262695,-0.03838425129652023,0.6342329978942871,0.3956332504749298,-0.054021261632442474,0.6347756385803223,0.34988296031951904,-0.06563141942024231,0.6591589450836182,0.5559889078140259,-0.03380588814616203,0.6806690096855164,0.4986100196838379,-0.04914231598377228,0.6962130069732666,0.4604531228542328,-0.058534469455480576,0.708510160446167,0.4277496933937073,-0.06550748646259308
0.627804160118103,0.6816533803939819,3.7834411159565207e-07,0.5796678066253662,0.6587175726890564,-0.016741100698709488,0.5447174310684204,0.5973095297813416,-0.02275460958480835,0.5593622326850891,0.5336127877235413,-0.028561854735016823,0.593632161617279,0.5144822597503662,-0.03547468036413193,0.5496445894241333,0.5053375363349915,-0.012455649673938751,0.5186992883682251,0.4394468367099762,-0.023600241169333458,0.5005902647972107,0.3984932005405426,-0.03335397318005562,0.4882993698120117,0.36362186074256897,-0.04210103303194046,0.5844737887382507,0.48386403918266296,-0.017046667635440826,0.5719953775405884,0.3950825333595276,-0.0261651910841465,0.5668899416923523,0.33931198716163635,-0.036723699420690536,0.5650123357772827,0.2940596342086792,-0.04507053270936012,0.6192551851272583,0.48836347460746765,-0.024503445252776146,0.624774694442749,0.40738213062286377,-0.03939633071422577,0.6286895275115967,0.35533607006073,-0.05604742467403412,0.6319500803947449,0.31082963943481445,-0.06791538000106812,0.6526826620101929,0.5114269256591797,-0.03332959860563278,0.6733454465866089,0.45616456866264343,-0.049631014466285706,0.6879338026046753,0.41913267970085144,-0.06005197390913963,0.6998074054718018,0.3861351013183594,-0.06758604943752289
0.626646876335144,0.6745589375495911,3.5008019949600566e-07,0.5785127878189087,0.6521515250205994,-0.01669536717236042,0.5437766313552856,0.5902402400970459,-0.022469259798526764,0.559299111366272,0.527163028717041,-0.028150053694844246,0.5943269729614258,0.5094465017318726,-0.034883830696344376,0.5491818189620972,0.49728724360466003,-0.011074348352849483,0.518684446811676,0.43212687969207764,-0.02237718738615513,0.5010792016983032,0.3923414945602417,-0.0325283482670784,0.4885253608226776,0.3591042757034302,-0.0414891317486763,0.5842905044555664,0.4757627844810486,-0.01582420989871025,0.5727655291557312,0.38812533020973206,-0.02493346482515335,0.5671729445457458,0.33304303884506226,-0.03572651743888855,0.5644927620887756,0.28837764263153076,-0.04415635019540787,0.6188878417015076,0.4806547164916992,-0.023621775209903717,0.6244552731513977,0.4009975790977478,-0.038499586284160614,0.6288696527481079,0.3487122058868408,-0.05558408424258232,0.6326488256454468,0.3032788634300232,-0.06769606471061707,0.6518402099609375,0.5040119290351868,-0.03284362331032753,0.671716570854187,0.449410617351532,-0.04930965229868889,0.6862596869468689,0.41298002004623413,-0.06000715494155884,0.6983804702758789,0.379894882440567,-0.06768815964460373
0.6222918629646301,0.6657953262329102,3.5501867046150437e-07,0.5738646388053894,0.6428218483924866,-0.016902906820178032,0.538701057434082,0.5804593563079834,-0.022685524076223373,0.5540459156036377,0.518056333065033,-0.028222963213920593,0.5882192850112915,0.49812284111976624,-0.034916989505290985,0.5444117784500122,0.48805731534957886,-0.011820794083178043,0.5146859884262085,0.4230102002620697,-0.022791093215346336,0.4976922869682312,0.3817579746246338,-0.032779887318611145,0.48609989881515503,0.346457302570343,-0.04189734905958176,0.5798177123069763,0.4667049050331116,-0.016536002978682518,0.5685144662857056,0.38044220209121704,-0.025426136329770088,0.562950849533081,0.3260488510131836,-0.03652853146195412,0.560122013092041,0.28123652935028076,-0.04544195532798767,0.6144079566001892,0.4715394377708435,-0.0241797287017107,0.6207666397094727,0.3909004330635071,-0.038894686847925186,0.6251835227012634,0.3386602997779846,-0.056152328848838806,0.6285890340805054,0.2930715084075928,-0.06870090216398239,0.6471840143203735,0.49541550874710083,-0.03321782499551773,0.6682670712471008,0.4410640001296997,-0.050132252275943756,0.6834235191345215,0.40457621216773987,-0.06124437600374222,0.6955923438072205,0.37123310565948486,-0.06930094957351685
0.6277207136154175,0.6663051247596741,3.328761692955595e-07,0.5801611542701721,0.6394624710083008,-0.014268576167523861,0.548027515411377,0.57579106092453,-0.01924825832247734,0.5647681951522827,0.5170387029647827,-0.02447025664150715,0.598781168460846,0.5019657611846924,-0.031062159687280655,0.5533974170684814,0.48459041118621826,-0.010471723042428493,0.5239746570587158,0.41952013969421387,-0.021546101197600365,0.5061714053153992,0.3794052004814148,-0.03147538751363754,0.49360471963882446,0.34577590227127075,-0.04020771011710167,0.5879887938499451,0.46565112471580505,-0.016228895634412766,0.5766406655311584,0.3797309994697571,-0.02519015595316887,0.5706427693367004,0.32541805505752563,-0.03619411215186119,0.5676081776618958,0.2815104126930237,-0.04475673288106918,0.6221426129341125,0.47212719917297363,-0.02459910698235035,0.6289913058280945,0.39231690764427185,-0.03929645195603371,0.6325234770774841,0.340046226978302,-0.05654454231262207,0.6350998878479004,0.29518282413482666,-0.068799689412117,0.654328465461731,0.49728184938430786,-0.034067828208208084,0.6765820384025574,0.4438612759113312,-0.050504863262176514,0.6915243864059448,0.40737760066986084,-0.061189357191324234,0.7034692168235779,0.3744661211967468,-0.06877967715263367
0.6491970419883728,0.6647326350212097,3.2444418707200384e-07,0.6025902032852173,0.6375478506088257,-0.014863435178995132,0.5722672939300537,0.5728635191917419,-0.01945633441209793,0.5894977450370789,0.5129311084747314,-0.02432878501713276,0.624923825263977,0.5018821358680725,-0.03028010204434395,0.5779803395271301,0.485471248626709,-0.007757632527500391,0.5505097508430481,0.42077040672302246,-0.016876420006155968,0.5346802473068237,0.37978532910346985,-0.0255275946110487,0.5237324833869934,0.34569865465164185,-0.033731553703546524,0.6121646165847778,0.46563446521759033,-0.01301180012524128,0.6013092994689941,0.3812609612941742,-0.020421968773007393,0.5950290560722351,0.32743576169013977,-0.03037489391863346,0.5912080407142639,0.28478682041168213,-0.03835008665919304,0.6464807391166687,0.4711627662181854,-0.021077275276184082,0.6525638699531555,0.39263832569122314,-0.03448418900370598,0.6561218500137329,0.3410540223121643,-0.05105328559875488,0.6588077545166016,0.29706883430480957,-0.06302748620510101,0.6787853240966797,0.4955378472805023,-0.03045329451560974,0.7006766200065613,0.4437413215637207,-0.045759063214063644,0.7159734964370728,0.40863853693008423,-0.05594271421432495,0.7285788059234619,0.37806564569473267,-0.0633893758058548
0.6603191494941711,0.6691328883171082,3.114824949079775e-07,0.6149954795837402,0.6414435505867004,-0.013968522660434246,0.5837781429290771,0.576881468296051,-0.018516642972826958,0.6007459759712219,0.5175047516822815,-0.023541094735264778,0.6360415816307068,0.5028821229934692,-0.0295264832675457,0.5890551805496216,0.4877215027809143,-0.007890521548688412,0.562734842300415,0.4223339855670929,-0.018655765801668167,0.5464158654212952,0.38366955518722534,-0.028461294248700142,0.5337662696838379,0.35198283195495605,-0.03696373105049133,0.6229097247123718,0.46885713934898376,-0.013456628657877445,0.6117152571678162,0.38427475094795227,-0.02210061252117157,0.6047238707542419,0.330274760723114,-0.03280729800462723,0.5999993085861206,0.28616875410079956,-0.041061677038669586,0.6570107340812683,0.4752834439277649,-0.021788340061903,0.6631898880004883,0.3977012038230896,-0.03609471395611763,0.6670498847961426,0.3478681445121765,-0.05270138382911682,0.6698822975158691,0.3050600588321686,-0.06434512138366699,0.6893875002861023,0.5001959204673767,-0.03135212883353233,0.7119367718696594,0.4491629898548126,-0.04718422889709473,0.7266468405723572,0.4140644967556,-0.05757376179099083,0.7387877702713013,0.3825179636478424,-0.06490666419267654
0.6728902459144592,0.6694353818893433,3.2550801165598386e-07,0.6284404397010803,0.6392102837562561,-0.0139095364138484,0.598288893699646,0.5760588645935059,-0.018753094598650932,0.6148501634597778,0.517418384552002,-0.024005673825740814,0.6501821875572205,0.5042668581008911,-0.030054649338126183,0.6032390594482422,0.48774799704551697,-0.007000479847192764,0.5773646831512451,0.42214861512184143,-0.016302864998579025,0.5619819164276123,0.38122862577438354,-0.025033563375473022,0.5512818098068237,0.3473236560821533,-0.033193398267030716,0.6363834142684937,0.4701240062713623,-0.012531235814094543,0.6256809234619141,0.38707852363586426,-0.020520832389593124,0.6206077933311462,0.33360081911087036,-0.030747918412089348,0.6185300350189209,0.29058724641799927,-0.03874322026968002,0.670450747013092,0.47690510749816895,-0.020729418843984604,0.6762410998344421,0.4000703990459442,-0.03433362767100334,0.6804019212722778,0.3496636152267456,-0.05048738047480583,0.6840718388557434,0.3064783215522766,-0.06201156601309776,0.7034451365470886,0.5017598867416382,-0.030158070847392082,0.7254312634468079,0.45155850052833557,-0.045385681092739105,0.740279495716095,0.4156869351863861,-0.05543531849980354,0.7530811429023743,0.3835407793521881,-0.0626547560095787
0.6920852661132812,0.6683856248855591,3.046258143513114e-07,0.6476888656616211,0.638736367225647,-0.013611207716166973,0.6203181147575378,0.5730642080307007,-0.01741979643702507,0.638217568397522,0.5143600702285767,-0.02180231735110283,0.6713326573371887,0.5003360509872437,-0.027006372809410095,0.6245332956314087,0.48691675066947937,-0.00561625137925148,0.5968919396400452,0.42187055945396423,-0.014767282642424107,0.5808180570602417,0.3815726041793823,-0.02366027608513832,0.5693728923797607,0.3479875922203064,-0.03169843181967735,0.6580422520637512,0.46845385432243347,-0.010844581760466099,0.6477700471878052,0.384743869304657,-0.01808006875216961,0.6420427560806274,0.33072608709335327,-0.028100673109292984,0.6389317512512207,0.28787732124328613,-0.03595472127199173,0.69207763671875,0.47462865710258484,-0.01882624812424183,0.69922935962677,0.3971117436885834,-0.03174201399087906,0.703518271446228,0.346255898475647,-0.047824714332818985,0.7070571184158325,0.3036436438560486,-0.059317681938409805,0.7243037819862366,0.498779833316803,-0.02808203361928463,0.7477057576179504,0.4481465816497803,-0.04249490424990654,0.7635937929153442,0.4134582281112671,-0.05204717814922333,0.776840329170227,0.3833566904067993,-0.05894949287176132
0.7168803811073303,0.6688646674156189,3.466496991677559e-07,0.6711204648017883,0.6410670280456543,-0.014392619952559471,0.6443256735801697,0.5758282542228699,-0.018251460045576096,0.6622185707092285,0.514275074005127,-0.02249157801270485,0.6946275234222412,0.498119056224823,-0.02776653878390789,0.6479811072349548,0.4894699454307556,-0.006892181001603603,0.6201208233833313,0.42239290475845337,-0.015943557024002075,0.6060226559638977,0.37794896960258484,-0.024571815505623817,0.5979025363922119,0.3391491174697876,-0.032594263553619385,0.6823707818984985,0.4699625074863434,-0.01176350750029087,0.6726772785186768,0.38429415225982666,-0.019124411046504974,0.6679834723472595,0.3286605477333069,-0.029335379600524902,0.6661298274993896,0.2845124304294586,-0.037374597042798996,0.7163234353065491,0.47490638494491577,-0.01931087300181389,0.724699854850769,0.3952576518058777,-0.03228883445262909,0.7292235493659973,0.34338080883026123,-0.04825827106833458,0.7328526377677917,0.3005416989326477,-0.059710778295993805,0.7480065226554871,0.498370885848999,-0.028151044622063637,0.7720987796783447,0.4457903206348419,-0.042679090052843094,0.7881526350975037,0.40994128584861755,-0.05222923308610916,0.8014220595359802,0.3789549767971039,-0.059096600860357285
0.7246847152709961,0.6690434813499451,3.6150888149677485e-07,0.6791065335273743,0.6399087905883789,-0.01627221517264843,0.6487091779708862,0.5764634013175964,-0.02181212231516838,0.6658000349998474,0.5149260759353638,-0.027338745072484016,0.7001232504844666,0.49664977192878723,-0.03384885564446449,0.654394805431366,0.4886733591556549,-0.010256259702146053,0.628919780254364,0.4212110638618469,-0.020560292527079582,0.6149265766143799,0.3783479928970337,-0.030014893040060997,0.6058151721954346,0.3413216471672058,-0.03872675448656082,0.6892791986465454,0.4692622125148773,-0.014849916100502014,0.6805368661880493,0.382220059633255,-0.02312656305730343,0.6772754192352295,0.32787424325942993,-0.0339595265686512,0.6766892671585083,0.283514142036438,-0.04268544167280197,0.723770260810852,0.4748621881008148,-0.02223876491189003,0.7316022515296936,0.39683616161346436,-0.03604813292622566,0.736983060836792,0.3459296226501465,-0.05296146869659424,0.741599977016449,0.30250149965286255,-0.06532416492700577,0.7568256855010986,0.4988388121128082,-0.031035972759127617,0.7801458835601807,0.44826582074165344,-0.04657343029975891,0.7963480353355408,0.41386017203330994,-0.05720929428935051,0.8098217248916626,0.38330745697021484,-0.06503163278102875
0.7366553544998169,0.6697615385055542,3.5027576927859627e-07,0.6923292875289917,0.6379142999649048,-0.01543918251991272,0.6658822894096375,0.5737431645393372,-0.020839910954236984,0.6831575036048889,0.5142760276794434,-0.026439102366566658,0.7149413228034973,0.4958508312702179,-0.0330733098089695,0.6721590757369995,0.49021440744400024,-0.00979546457529068,0.6470692753791809,0.42111507058143616,-0.02045905403792858,0.633092999458313,0.3778979480266571,-0.029681965708732605,0.6241359114646912,0.34126126766204834,-0.03781474381685257,0.7072386741638184,0.4724614918231964,-0.014706118032336235,0.6989530324935913,0.38572895526885986,-0.02325967699289322,0.6940746307373047,0.33190077543258667,-0.034035492688417435,0.6917724609375,0.288877010345459,-0.042474422603845596,0.7413752675056458,0.47871145606040955,-0.022336022928357124,0.7506904006004333,0.40189000964164734,-0.036145929247140884,0.7556566596031189,0.35170984268188477,-0.052470818161964417,0.7599415183067322,0.30959200859069824,-0.06420881301164627,0.7730810642242432,0.5029299855232239,-0.0312633141875267,0.7972344160079956,0.45351505279541016,-0.04620988667011261,0.8131378889083862,0.4187459349632263,-0.05607637017965317,0.8261720538139343,0.387646347284317,-0.0632798969745636
0.7526148557662964,0.686496376991272,3.425036823045957e-07,0.7069241404533386,0.6543252468109131,-0.014895949512720108,0.6817975044250488,0.5871500968933105,-0.019809210672974586,0.7022721767425537,0.5294414758682251,-0.025080375373363495,0.7345768213272095,0.5225620269775391,-0.031697310507297516,0.687129557132721,0.5033643245697021,-0.009701243601739407,0.6612734198570251,0.4345135986804962,-0.019913874566555023,0.6467885375022888,0.3911924958229065,-0.02917192131280899,0.6373239159584045,0.35421276092529297,-0.03766228258609772,0.722315788269043,0.4852600395679474,-0.01507763471454382,0.7132593989372253,0.39824172854423523,-0.023422306403517723,0.7092358469963074,0.34282612800598145,-0.03402301296591759,0.7075855731964111,0.29898446798324585,-0.0424543134868145,0.756828784942627,0.49241018295288086,-0.02312224730849266,0.765216052532196,0.4144662916660309,-0.03628004714846611,0.7699990272521973,0.36344462633132935,-0.052656836807727814,0.7736989855766296,0.3211131691932678,-0.06464589387178421,0.7891213297843933,0.5175236463546753,-0.03255266323685646,0.8128734827041626,0.4664326310157776,-0.046889737248420715,0.8284960985183716,0.4303012490272522,-0.05680152773857117,0.8412313461303711,0.3987754285335541,-0.06429324299097061
0.7738669514656067,0.704483151435852,3.6958405758014123e-07,0.7261021137237549,0.6703251004219055,-0.015722960233688354,0.6994253396987915,0.604302167892456,-0.02179105021059513,0.7212236523628235,0.5459948182106018,-0.02792281098663807,0.7572170495986938,0.540099561214447,-0.03530143201351166,0.7068464159965515,0.5197128653526306,-0.011028432287275791,0.6822390556335449,0.4487009346485138,-0.02126113511621952,0.6689467430114746,0.40509623289108276,-0.030600542202591896,0.6600143909454346,0.3679262399673462,-0.039260149002075195,0.743267834186554,0.5024785995483398,-0.016139967367053032,0.7360349893569946,0.41460397839546204,-0.024464495480060577,0.7327723503112793,0.3597685694694519,-0.03510689735412598,0.7312403917312622,0.3162597119808197,-0.04355672001838684,0.7782850861549377,0.5105153322219849,-0.023913316428661346,0.787918210029602,0.43205252289772034,-0.03751750290393829,0.79365074634552,0.3807966113090515,-0.054311979562044144,0.7983601689338684,0.33778470754623413,-0.06640256196260452,0.8107174038887024,0.536830723285675,-0.03301490843296051,0.8347881436347961,0.48539817333221436,-0.04810582101345062,0.8512338995933533,0.45081138610839844,-0.05807449296116829,0.8649623394012451,0.42114606499671936,-0.06533562391996384
0.7824028730392456,0.7203396558761597,3.5662051800500194e-07,0.7361834049224854,0.6889902949333191,-0.016255991533398628,0.7088383436203003,0.6225335597991943,-0.021796096116304398,0.7315284609794617,0.5637224316596985,-0.027446473017334938,0.7673399448394775,0.5549220442771912,-0.03423653915524483,0.7186147570610046,0.534220814704895,-0.01026038359850645,0.6940564513206482,0.4641958177089691,-0.020584145560860634,0.6801440715789795,0.42069464921951294,-0.03026735782623291,0.6709401607513428,0.3833807110786438,-0.03928263485431671,0.7542292475700378,0.5172422528266907,-0.014980899170041084,0.7470240592956543,0.4294934868812561,-0.02375864051282406,0.7440271973609924,0.37299519777297974,-0.035094693303108215,0.7434305548667908,0.32696181535720825,-0.04410376027226448,0.7886772155761719,0.5257156491279602,-0.02251080609858036,0.7971844673156738,0.4485924541950226,-0.036524493247270584,0.8038381934165955,0.398098886013031,-0.053875479847192764,0.8096189498901367,0.3547111749649048,-0.06640943884849548,0.8210185766220093,0.5517480969429016,-0.031507644802331924,0.8446396589279175,0.5007261037826538,-0.047338686883449554,0.8617960810661316,0.4664139151573181,-0.0583072267472744,0.8765357732772827,0.4353679120540619,-0.06631936132907867
0.7851333618164062,0.7355227470397949,3.546155085132341e-07,0.7390651702880859,0.703624963760376,-0.015644371509552002,0.7118315696716309,0.6345657706260681,-0.02008245512843132,0.7331357002258301,0.5741958022117615,-0.024767354130744934,0.7695640325546265,0.566277027130127,-0.030472397804260254,0.7207149267196655,0.5471075177192688,-0.0074419742450118065,0.696500837802887,0.4781775176525116,-0.016489721834659576,0.682465672492981,0.4356701374053955,-0.02539355307817459,0.6730133891105652,0.3998974561691284,-0.03390800580382347,0.7559256553649902,0.5298227071762085,-0.012112743221223354,0.7493152618408203,0.4422065019607544,-0.019777871668338776,0.7460108399391174,0.38592618703842163,-0.030501218512654305,0.744959831237793,0.341277539730072,-0.03895696997642517,0.7899860143661499,0.5379746556282043,-0.01970306970179081,0.7981920838356018,0.46179234981536865,-0.032570965588092804,0.8038666248321533,0.41141289472579956,-0.049686770886182785,0.808896541595459,0.3684956431388855,-0.06211360543966293,0.8219707608222961,0.563480794429779,-0.028797946870326996,0.8450818657875061,0.5133079290390015,-0.04348558187484741,0.8614488840103149,0.47939395904541016,-0.054163020104169846,0.8756044507026672,0.4490211606025696,-0.06205839291214943
0.7886014580726624,0.7447822690010071,3.2514958547835704e-07,0.7435057759284973,0.7141032218933105,-0.015690864995121956,0.7165364623069763,0.6464534401893616,-0.01997571811079979,0.7371459603309631,0.5859172940254211,-0.02432495541870594,0.7731937170028687,0.577246367931366,-0.02957215905189514,0.7247787117958069,0.5580334067344666,-0.007631990592926741,0.7013280391693115,0.48928797245025635,-0.016110839322209358,0.6875603199005127,0.447049081325531,-0.02434775047004223,0.6780669093132019,0.411784827709198,-0.032373055815696716,0.760174572467804,0.5420520305633545,-0.011952443048357964,0.7523224949836731,0.45644786953926086,-0.01916332170367241,0.7484349012374878,0.4025377333164215,-0.029266195371747017,0.7465068697929382,0.359718382358551,-0.03741512820124626,0.7943011522293091,0.5505173206329346,-0.01915077678859234,0.8034387826919556,0.4753585457801819,-0.03193700313568115,0.8078225255012512,0.4261232018470764,-0.04850149527192116,0.8109146356582642,0.3835110366344452,-0.06059352681040764,0.8260599970817566,0.5761100649833679,-0.027812780812382698,0.8501505851745605,0.526401937007904,-0.042316537350416183,0.8660984039306641,0.49264854192733765,-0.05273996293544769,0.8794655799865723,0.46207118034362793,-0.060485877096652985
0.7896713018417358,0.7600101828575134,3.485744741738017e-07,0.7441433072090149,0.7282987833023071,-0.01533297635614872,0.7162390351295471,0.6606948971748352,-0.019922493025660515,0.7374387383460999,0.6015046238899231,-0.024742480367422104,0.7739257216453552,0.5928322672843933,-0.030649332329630852,0.7264620661735535,0.5737128257751465,-0.008105314336717129,0.7026646137237549,0.5048538446426392,-0.017210057005286217,0.6890714764595032,0.46271586418151855,-0.026019617915153503,0.6798495054244995,0.42709967494010925,-0.034428130835294724,0.7617127299308777,0.5574700236320496,-0.012830967083573341,0.7554473280906677,0.4706946313381195,-0.0204444769769907,0.7524149417877197,0.4157938063144684,-0.031011104583740234,0.7511036992073059,0.37074095010757446,-0.03951507434248924,0.7955164313316345,0.5659601092338562,-0.02039348892867565,0.8052710890769958,0.4891153872013092,-0.03338775411248207,0.8117967844009399,0.438846230506897,-0.05044948309659958,0.8168458938598633,0.395031213760376,-0.06288433820009232,0.8272258043289185,0.5917544960975647,-0.029376232996582985,0.8517223596572876,0.5404701232910156,-0.044185806065797806,0.8687647581100464,0.5057126879692078,-0.05494118854403496,0.8831063508987427,0.47391632199287415,-0.06294884532690048
0.7859268188476562,0.771820068359375,3.5488713479026046e-07,0.7404437065124512,0.7397024631500244,-0.016253238543868065,0.7127426862716675,0.6741534471511841,-0.02169944904744625,0.7353381514549255,0.615019679069519,-0.02720980904996395,0.7724618315696716,0.6034482717514038,-0.03378673270344734,0.722784161567688,0.5865468382835388,-0.009736016392707825,0.6993196606636047,0.5171327590942383,-0.019598202779889107,0.6861969232559204,0.47408756613731384,-0.028852827847003937,0.6776533722877502,0.436936616897583,-0.03759508952498436,0.7589057683944702,0.569766104221344,-0.01432067807763815,0.7530337572097778,0.4828791618347168,-0.022667305544018745,0.7504620552062988,0.4276491105556488,-0.03396928682923317,0.7497211694717407,0.38180243968963623,-0.04307175055146217,0.793260395526886,0.5777950286865234,-0.021733559668064117,0.803227424621582,0.5020211338996887,-0.03541243076324463,0.8103750348091125,0.4519684612751007,-0.05287671834230423,0.8159529566764832,0.40804702043533325,-0.06556230783462524,0.8253547549247742,0.6033492088317871,-0.03057723678648472,0.8494872450828552,0.5525499582290649,-0.0457335039973259,0.8665857911109924,0.5186006426811218,-0.05649048835039139,0.8807860612869263,0.48748090863227844,-0.06449304521083832
0.7731341123580933,0.7899026870727539,3.457877255641506e-07,0.7284080982208252,0.7587421536445618,-0.01564629375934601,0.7012452483177185,0.6936150789260864,-0.02091788686811924,0.7224973440170288,0.6350908875465393,-0.026417728513479233,0.7571325898170471,0.6215165257453918,-0.03297117352485657,0.710503876209259,0.6051211357116699,-0.00938071496784687,0.685868501663208,0.5346082448959351,-0.01937977969646454,0.6730248332023621,0.4908199906349182,-0.02855357527732849,0.664433479309082,0.45265913009643555,-0.03716608136892319,0.7467312216758728,0.5885216593742371,-0.014520430937409401,0.7404660582542419,0.5015754699707031,-0.02339659258723259,0.7372162342071533,0.44599801301956177,-0.03488869220018387,0.735462486743927,0.3997751474380493,-0.04395362734794617,0.7811474800109863,0.5974870324134827,-0.022441769018769264,0.7927905917167664,0.5208656787872314,-0.0372617170214653,0.8023371696472168,0.4699705243110657,-0.054801445454359055,0.810143768787384,0.42539915442466736,-0.06715038418769836,0.8125571012496948,0.6243193745613098,-0.031632523983716965,0.8371869325637817,0.5722904205322266,-0.04810880497097969,0.8548327088356018,0.5373542308807373,-0.05899789184331894,0.869761049747467,0.5051597952842712,-0.06679972261190414
0.7703053951263428,0.7999263405799866,3.5469389558784314e-07,0.7232276797294617,0.7683202624320984,-0.01524276938289404,0.6949867606163025,0.7036174535751343,-0.02055356465280056,0.716754674911499,0.6458290815353394,-0.026064405217766762,0.7522385716438293,0.6357863545417786,-0.032896775752305984,0.705657422542572,0.6134378910064697,-0.010196428745985031,0.6805765628814697,0.5453181266784668,-0.020656360313296318,0.6672124862670898,0.5026616454124451,-0.03056498058140278,0.6583471894264221,0.4650811553001404,-0.03980942443013191,0.7420076727867126,0.5962048172950745,-0.015707068145275116,0.7357852458953857,0.5092906951904297,-0.024797162041068077,0.7333914041519165,0.45397305488586426,-0.036310646682977676,0.7328445911407471,0.4080364406108856,-0.0453842468559742,0.776583731174469,0.6048659682273865,-0.02394072338938713,0.7883707284927368,0.5277771353721619,-0.038670070469379425,0.7974082827568054,0.4767046272754669,-0.05613674595952034,0.8049197793006897,0.43204495310783386,-0.06853212416172028,0.8085033297538757,0.6320698857307434,-0.03344188258051872,0.8327460289001465,0.5796877145767212,-0.04971688985824585,0.8498914837837219,0.5454521179199219,-0.06030343100428581,0.8641877770423889,0.5140575766563416,-0.06792711466550827
0.7660467624664307,0.818311333656311,3.574755282897968e-07,0.7194812297821045,0.7871659398078918,-0.015950417146086693,0.6907452344894409,0.7231681942939758,-0.022481363266706467,0.7123332023620605,0.6665562987327576,-0.029167775064706802,0.7489040493965149,0.6596681475639343,-0.037116196006536484,0.7019393444061279,0.6309512853622437,-0.01160342711955309,0.6779999136924744,0.5623601675033569,-0.02247648872435093,0.6649374961853027,0.5196689367294312,-0.032531410455703735,0.6560747623443604,0.48206382989883423,-0.042032092809677124,0.7382049560546875,0.6148654818534851,-0.017205705866217613,0.7323164939880371,0.5290222764015198,-0.027273651212453842,0.7302491664886475,0.4737665355205536,-0.0392158217728138,0.7295243144035339,0.42726486921310425,-0.04870624467730522,0.7729374170303345,0.6245588064193726,-0.02551712468266487,0.7852495312690735,0.5464876294136047,-0.04122843220829964,0.7938278913497925,0.49587884545326233,-0.05875157564878464,0.8001854419708252,0.45079952478408813,-0.07115807384252548,0.8052021265029907,0.6525609493255615,-0.03509729355573654,0.8302899599075317,0.6000961661338806,-0.0520145446062088,0.8474162817001343,0.564286470413208,-0.06287681311368942,0.8615317940711975,0.5305588841438293,-0.07075612992048264
0.7568484544754028,0.8245456218719482,3.788094034007372e-07,0.7107411026954651,0.7919512391090393,-0.016317186877131462,0.6820715069770813,0.730654776096344,-0.023493118584156036,0.7030186057090759,0.6736997365951538,-0.030844295397400856,0.7397444248199463,0.6627838611602783,-0.0394301675260067,0.6936618089675903,0.6386594772338867,-0.01235827524214983,0.6703838109970093,0.5683649778366089,-0.023322049528360367,0.6579391956329346,0.5244776010513306,-0.03349600359797478,0.649782121181488,0.48455435037612915,-0.043127622455358505,0.729813277721405,0.6222432255744934,-0.017851639539003372,0.7245039343833923,0.5343037843704224,-0.02764253318309784,0.7226940989494324,0.47818493843078613,-0.039737530052661896,0.7221110463142395,0.4298683702945709,-0.04954252764582634,0.7644584774971008,0.6312151551246643,-0.02598639577627182,0.7766963839530945,0.5527527928352356,-0.04127078503370285,0.7869405746459961,0.5014901757240295,-0.05882643163204193,0.7948965430259705,0.456376314163208,-0.0713777095079422,0.7970989942550659,0.6577023267745972,-0.03546121343970299,0.8224555253982544,0.6042075157165527,-0.051812220364809036,0.8403439521789551,0.5680134296417236,-0.06251638382673264,0.8551106452941895,0.5343338847160339,-0.07040475308895111
0.7395791411399841,0.825195848941803,4.066435508320865e-07,0.6938782334327698,0.7929341793060303,-0.018125755712389946,0.66698157787323,0.7307615280151367,-0.026591846719384193,0.6866637468338013,0.6742086410522461,-0.03483482450246811,0.7207869291305542,0.6656545400619507,-0.044049106538295746,0.6756303906440735,0.6360993981361389,-0.013830820098519325,0.6536897420883179,0.5658687353134155,-0.02567940019071102,0.6413282155990601,0.5225093364715576,-0.03657132014632225,0.6325880885124207,0.48266884684562683,-0.04658142477273941,0.713476836681366,0.6210528612136841,-0.018757231533527374,0.7101460695266724,0.5338736176490784,-0.028633439913392067,0.7090630531311035,0.4777415990829468,-0.040669962763786316,0.708991289138794,0.4283888339996338,-0.05054865777492523,0.7490700483322144,0.6314162015914917,-0.02649957314133644,0.7609276175498962,0.5545900464057922,-0.041823580861091614,0.7711465358734131,0.5039007663726807,-0.05876023694872856,0.7795082926750183,0.45882973074913025,-0.07088640332221985,0.7816867828369141,0.658877432346344,-0.03579484671354294,0.8062117695808411,0.6070817112922668,-0.05228271335363388,0.8243066072463989,0.5714241862297058,-0.06253978610038757,0.8395770192146301,0.5379859805107117,-0.07004191726446152
0.6872139573097229,0.8290421366691589,3.931393450784526e-07,0.6402636766433716,0.7961435914039612,-0.01749480329453945,0.611007034778595,0.7328341007232666,-0.025381246581673622,0.6344394683837891,0.6776721477508545,-0.033257126808166504,0.6730161309242249,0.668255090713501,-0.04248586297035217,0.6279147267341614,0.637210488319397,-0.01401140633970499,0.6066386699676514,0.5663375854492188,-0.02628985419869423,0.5944613218307495,0.5210418701171875,-0.03774070739746094,0.5863122940063477,0.4797396659851074,-0.04829518496990204,0.6650190949440002,0.6220018267631531,-0.019121112301945686,0.6616950035095215,0.5343945026397705,-0.029302751645445824,0.661099374294281,0.4781266450881958,-0.04141337424516678,0.6623170971870422,0.4293428957462311,-0.05128194019198418,0.6997043490409851,0.6328108906745911,-0.027054162696003914,0.7142560482025146,0.5546132326126099,-0.042230911552906036,0.7255231738090515,0.5031505823135376,-0.05936935544013977,0.7354511618614197,0.45866382122039795,-0.07175596803426743,0.7311820387840271,0.6615968346595764,-0.03657333925366402,0.758571982383728,0.6103309392929077,-0.053385522216558456,0.7774332165718079,0.5750231146812439,-0.06431553512811661,0.7937741279602051,0.542854905128479,-0.0722237229347229
0.6629251837730408,0.8282548189163208,3.742945864360081e-07,0.6159485578536987,0.7944468259811401,-0.015879832208156586,0.5847529172897339,0.7273103594779968,-0.02200499176979065,0.6071882843971252,0.6738266944885254,-0.028410857543349266,0.6461147665977478,0.6642184257507324,-0.03598308190703392,0.6018624901771545,0.6367277503013611,-0.011652281507849693,0.5792515277862549,0.5640442371368408,-0.022519933059811592,0.5667284727096558,0.518818199634552,-0.0324002280831337,0.5580195188522339,0.479109525680542,-0.04168670251965523,0.6391010880470276,0.622153103351593,-0.017218666151165962,0.636314868927002,0.5334681868553162,-0.026522669941186905,0.6350020170211792,0.4772210717201233,-0.03824157640337944,0.6347055435180664,0.4295189380645752,-0.047737929970026016,0.6737926006317139,0.6326504349708557,-0.025560183450579643,0.6885653138160706,0.5529473423957825,-0.04023369029164314,0.6997226476669312,0.5006994009017944,-0.05777145177125931,0.7088689208030701,0.4554682970046997,-0.07044093310832977,0.7051354646682739,0.6606956720352173,-0.03527919575572014,0.733353853225708,0.6078118085861206,-0.05153020843863487,0.7528236508369446,0.5718510150909424,-0.06250844895839691,0.7692872285842896,0.5393227338790894,-0.07058990001678467
0.635139524936676,0.8087188005447388,4.1246769910685543e-07,0.5863887667655945,0.7796890139579773,-0.016665618866682053,0.5520339012145996,0.716544508934021,-0.023701997473835945,0.5680721998214722,0.6597859859466553,-0.030729835852980614,0.6029396057128906,0.6443113684654236,-0.03903408721089363,0.5661118030548096,0.6173102259635925,-0.013744058087468147,0.5408217906951904,0.547713577747345,-0.02570372074842453,0.5271389484405518,0.5028115510940552,-0.03645710647106171,0.5182427167892456,0.4636515974998474,-0.046248823404312134,0.6034640073776245,0.6016446352005005,-0.019483696669340134,0.6002892851829529,0.5113887786865234,-0.02947544865310192,0.5986754894256592,0.45473942160606384,-0.041263822466135025,0.5989910960197449,0.4078555107116699,-0.050760600715875626,0.6385045051574707,0.6121333241462708,-0.028028398752212524,0.6525697112083435,0.5305431485176086,-0.04353683441877365,0.6615960597991943,0.47690778970718384,-0.061139464378356934,0.6694448590278625,0.43090981245040894,-0.07403144985437393,0.6699429154396057,0.6423280835151672,-0.03793167695403099,0.6979580521583557,0.5902016162872314,-0.05579974129796028,0.7170453071594238,0.5531170964241028,-0.0674286037683487,0.7332043051719666,0.5187891125679016,-0.0758221298456192
0.6287302374839783,0.7740225791931152,3.8653612932648684e-07,0.5829472541809082,0.7430322170257568,-0.01626402884721756,0.5507493615150452,0.6795055866241455,-0.02289832942187786,0.568198025226593,0.6200942397117615,-0.029339585453271866,0.6034953594207764,0.5981025099754333,-0.03686848282814026,0.5649426579475403,0.5837996006011963,-0.013817588798701763,0.540468692779541,0.514817476272583,-0.0254374947398901,0.5270023345947266,0.47071373462677,-0.035669926553964615,0.5186605453491211,0.43233656883239746,-0.044855747371912,0.6023379564285278,0.568733811378479,-0.01935797743499279,0.5979847311973572,0.4790664315223694,-0.028705786913633347,0.5968775749206543,0.42336779832839966,-0.03993286192417145,0.5978209376335144,0.37715011835098267,-0.0489809513092041,0.6373467445373535,0.5791023969650269,-0.027575494721531868,0.6500850319862366,0.5002630352973938,-0.042425017803907394,0.6586533784866333,0.4471823573112488,-0.0588187612593174,0.6658758521080017,0.4013868272304535,-0.07079923897981644,0.6687101125717163,0.6078575849533081,-0.037089645862579346,0.6942325234413147,0.5553168058395386,-0.053602684289216995,0.7120286226272583,0.5193542242050171,-0.06366942822933197,0.7266103029251099,0.4867885708808899,-0.07091425359249115
0.6371553540229797,0.7514190673828125,3.262499035372457e-07,0.5916506052017212,0.7217922806739807,-0.014176975935697556,0.5606226921081543,0.6542741060256958,-0.018112044781446457,0.5761881470680237,0.592816948890686,-0.022512799128890038,0.6097286939620972,0.5759299397468567,-0.028099041432142258,0.5749505162239075,0.5625960230827332,-0.008150698617100716,0.5491140484809875,0.49274158477783203,-0.017698274925351143,0.5350077748298645,0.44927650690078735,-0.026624135673046112,0.5262614488601685,0.4130323529243469,-0.03494594991207123,0.6114072203636169,0.5456277132034302,-0.014023340307176113,0.6061353087425232,0.4557669162750244,-0.022428831085562706,0.6041949391365051,0.3986877501010895,-0.033613838255405426,0.6041989326477051,0.35240668058395386,-0.04240306839346886,0.6461559534072876,0.5542002320289612,-0.022603752091526985,0.6580637097358704,0.4729267954826355,-0.037112586200237274,0.6668180227279663,0.41969847679138184,-0.054674770683050156,0.6741840243339539,0.37428492307662964,-0.06729413568973541,0.6776325106620789,0.5816864967346191,-0.032284803688526154,0.7029759287834167,0.5286170244216919,-0.048408765345811844,0.7209763526916504,0.49252963066101074,-0.059261664748191833,0.7362123727798462,0.46007239818573,-0.06723175942897797
0.6480913758277893,0.7510080337524414,3.2036294328463555e-07,0.6031979322433472,0.7207134962081909,-0.014201382175087929,0.5724120140075684,0.6562711000442505,-0.019467294216156006,0.5876022577285767,0.5971328020095825,-0.025227922946214676,0.6205241680145264,0.577790379524231,-0.03203315660357475,0.5869733095169067,0.5625144839286804,-0.009361416101455688,0.5604798793792725,0.49290931224823,-0.020558355376124382,0.545519232749939,0.4500580430030823,-0.03077535144984722,0.5356931686401367,0.4143103361129761,-0.03971433639526367,0.6225999593734741,0.5466827154159546,-0.015156041830778122,0.6160929203033447,0.4568675756454468,-0.024195659905672073,0.6135237216949463,0.4004825949668884,-0.0356605164706707,0.6131882071495056,0.35491588711738586,-0.04469354823231697,0.6569892168045044,0.5558000802993774,-0.02361168898642063,0.6677232980728149,0.4742976129055023,-0.03793950006365776,0.6761998534202576,0.4215700626373291,-0.054840318858623505,0.683731734752655,0.37750154733657837,-0.06709177047014236,0.6888381242752075,0.5836898684501648,-0.03324905037879944,0.7148494720458984,0.5315644145011902,-0.049122780561447144,0.7325261831283569,0.4956415891647339,-0.059639912098646164,0.7475956678390503,0.4636227488517761,-0.06726232171058655
0.6652603149414062,0.7491660118103027,3.3179463798660436e-07,0.6203176975250244,0.7197797298431396,-0.014467373490333557,0.5890345573425293,0.6540005207061768,-0.019157517701387405,0.6032441854476929,0.5943135023117065,-0.024124598130583763,0.6358819603919983,0.5757970809936523,-0.030046910047531128,0.6040156483650208,0.5563520789146423,-0.0091948751360178,0.5782269239425659,0.48574501276016235,-0.018959080800414085,0.5640139579772949,0.4414233863353729,-0.027830254286527634,0.5550774335861206,0.4047074615955353,-0.03595278784632683,0.6401036381721497,0.541108250617981,-0.014601645991206169,0.6335247755050659,0.451130211353302,-0.023058921098709106,0.6316834688186646,0.3939089775085449,-0.033951278775930405,0.6324719786643982,0.34827935695648193,-0.042423978447914124,0.6749861836433411,0.5510497689247131,-0.02261468768119812,0.6859051585197449,0.47022607922554016,-0.03710230067372322,0.6942012310028076,0.41704118251800537,-0.054501209408044815,0.7018560767173767,0.3724296987056732,-0.06687707453966141,0.7070026993751526,0.5797631144523621,-0.03172475844621658,0.7333624958992004,0.5280743837356567,-0.048096753656864166,0.7515038847923279,0.4922735095024109,-0.05919443070888519,0.767342746257782,0.45993772149086,-0.06704865396022797
0.6690059900283813,0.7507106065750122,3.588442041291273e-07,0.6235113739967346,0.7221828103065491,-0.016223272308707237,0.591139018535614,0.6569567918777466,-0.022161569446325302,0.6053484678268433,0.5970282554626465,-0.028159288689494133,0.6386110186576843,0.5772222280502319,-0.035148315131664276,0.6041396260261536,0.5620508193969727,-0.011501600965857506,0.5772532224655151,0.4908366799354553,-0.022620080038905144,0.5625521540641785,0.4466552436351776,-0.03241883963346481,0.553254246711731,0.4092254936695099,-0.041115038096904755,0.6402798295021057,0.5470746159553528,-0.016470225527882576,0.6335391402244568,0.45614174008369446,-0.025838492438197136,0.6312790513038635,0.3983403146266937,-0.03750263899564743,0.6316491961479187,0.3509601354598999,-0.04669037088751793,0.6749700903892517,0.556594967842102,-0.024262264370918274,0.6864511966705322,0.475691020488739,-0.03937136009335518,0.6946792602539062,0.4221619963645935,-0.057658422738313675,0.7018646597862244,0.37661755084991455,-0.07079444825649261,0.7070435285568237,0.584378182888031,-0.033299628645181656,0.7338219881057739,0.531566321849823,-0.04998248815536499,0.7522410154342651,0.4952956736087799,-0.06170498579740524,0.7678593397140503,0.4618232548236847,-0.0702700987458229
0.6693884134292603,0.7496675252914429,3.489784603516455e-07,0.6239708065986633,0.7214650511741638,-0.017062995582818985,0.5917063355445862,0.6569067239761353,-0.023320375010371208,0.6069706678390503,0.5966867804527283,-0.029379678890109062,0.6406260132789612,0.5744125843048096,-0.03638022392988205,0.6056925654411316,0.5592530369758606,-0.011886822991073132,0.5788934826850891,0.4880380630493164,-0.02298930287361145,0.5641456842422485,0.44423291087150574,-0.03308437764644623,0.5545049905776978,0.4072895050048828,-0.04209188371896744,0.6418761014938354,0.5443778038024902,-0.016421174630522728,0.6354373693466187,0.45313918590545654,-0.025408299639821053,0.6331774592399597,0.3962576389312744,-0.037334099411964417,0.6333853006362915,0.34921205043792725,-0.04692063108086586,0.6762099266052246,0.5544915795326233,-0.02385604754090309,0.6876997351646423,0.4735316038131714,-0.038802746683359146,0.695933997631073,0.4198245108127594,-0.05758371949195862,0.7032251954078674,0.37370240688323975,-0.07127620279788971,0.7080124020576477,0.5831609964370728,-0.03259340301156044,0.7346240282058716,0.5298103094100952,-0.049508847296237946,0.7534077763557434,0.49423274397850037,-0.06162244826555252,0.7691887021064758,0.46122899651527405,-0.07056669145822525
0.6729804277420044,0.7435281276702881,3.621761948124913e-07,0.6293001770973206,0.7154579162597656,-0.016207130625844002,0.5966218113899231,0.6522817611694336,-0.022981692105531693,0.6098505854606628,0.5914329290390015,-0.02965475246310234,0.6432892084121704,0.5725266933441162,-0.037392109632492065,0.6088970303535461,0.5524259209632874,-0.013987166807055473,0.5822305679321289,0.48267996311187744,-0.025797320529818535,0.5667675137519836,0.43956494331359863,-0.036038462072610855,0.5564780235290527,0.4030546545982361,-0.045197099447250366,0.6454618573188782,0.536919355392456,-0.019594352692365646,0.6408116817474365,0.44570061564445496,-0.029965322464704514,0.6391396522521973,0.38822197914123535,-0.042014069855213165,0.6391047835350037,0.340516060590744,-0.05151893571019173,0.6799720525741577,0.547554612159729,-0.027753718197345734,0.691293478012085,0.4661902189254761,-0.0439852699637413,0.6988174319267273,0.4119153618812561,-0.06210927665233612,0.7047616839408875,0.3647471070289612,-0.0751037672162056,0.7112061381340027,0.5774014592170715,-0.037046536803245544,0.7371663451194763,0.5247218608856201,-0.05472755432128906,0.7548853754997253,0.48804062604904175,-0.06637334078550339,0.7695603966712952,0.45424020290374756,-0.07477659732103348
0.6681024432182312,0.7138053178787231,4.0122176869772375e-07,0.6216058135032654,0.6818952560424805,-0.015764145180583,0.5899450778961182,0.616959810256958,-0.022851472720503807,0.6097204685211182,0.5610260963439941,-0.029947850853204727,0.6464480757713318,0.5432879328727722,-0.038217466324567795,0.6018582582473755,0.5242391228675842,-0.013295330107212067,0.5763123035430908,0.4552461504936218,-0.025031574070453644,0.5618884563446045,0.4126461148262024,-0.03525140881538391,0.551627516746521,0.3760426938533783,-0.04442058876156807,0.6399514079093933,0.5088341236114502,-0.019288595765829086,0.6376617550849915,0.4189140498638153,-0.029294922947883606,0.6365849375724792,0.3627921938896179,-0.040695276111364365,0.6364447474479675,0.3161481022834778,-0.04971517249941826,0.6750141978263855,0.5196655988693237,-0.028036784380674362,0.6896656155586243,0.4379693269729614,-0.04373537003993988,0.7003920078277588,0.384874552488327,-0.060556236654520035,0.7090198993682861,0.33890867233276367,-0.07246445119380951,0.7059800028800964,0.5488288998603821,-0.03795301541686058,0.7313417196273804,0.49431511759757996,-0.055239237844944,0.7492113709449768,0.457486093044281,-0.06559638679027557,0.763656497001648,0.4236045181751251,-0.07289908081293106
0.6373754739761353,0.6807003021240234,4.013844829842128e-07,0.5894978046417236,0.6515123248100281,-0.01558584813028574,0.5563518404960632,0.5865471363067627,-0.022030266001820564,0.5735073685646057,0.5257530212402344,-0.028780754655599594,0.6095089316368103,0.508894145488739,-0.03659442067146301,0.5677807331085205,0.4939613938331604,-0.010978514328598976,0.5408148765563965,0.42505571246147156,-0.023902038112282753,0.5249007940292358,0.3839159607887268,-0.03539525717496872,0.5133218169212341,0.3500913977622986,-0.044896241277456284,0.6048113107681274,0.47558608651161194,-0.016710668802261353,0.6017895340919495,0.38419315218925476,-0.026272844523191452,0.5992697477340698,0.3263179659843445,-0.03748524188995361,0.5985555052757263,0.2788391709327698,-0.04627371206879616,0.6397109627723694,0.4838838279247284,-0.025492724031209946,0.6531625986099243,0.40256986021995544,-0.040401641279459,0.6621776819229126,0.3499092161655426,-0.057232506573200226,0.6698222160339355,0.30532342195510864,-0.06914971023797989,0.6714249849319458,0.5111860632896423,-0.03563917800784111,0.6974547505378723,0.45776933431625366,-0.052262891083955765,0.7150816321372986,0.4207952618598938,-0.06280620396137238,0.7299889922142029,0.38696393370628357,-0.07024184614419937
0.612026572227478,0.6641132831573486,3.780162103339535e-07,0.5617201924324036,0.6358765363693237,-0.015675025060772896,0.5259147882461548,0.5698288679122925,-0.021454842761158943,0.5425190329551697,0.5080668330192566,-0.02737831324338913,0.5786008834838867,0.48844122886657715,-0.03453800454735756,0.5377620458602905,0.4752655029296875,-0.010383067652583122,0.5101671814918518,0.40792685747146606,-0.022211939096450806,0.4939306676387787,0.3669584393501282,-0.033001337200403214,0.48273521661758423,0.33261844515800476,-0.04232349619269371,0.5749731063842773,0.45644253492355347,-0.015977993607521057,0.5690469741821289,0.3669893443584442,-0.02519446425139904,0.5662142634391785,0.3107866644859314,-0.03640841692686081,0.5661767721176147,0.2646328806877136,-0.045264631509780884,0.6102114915847778,0.4636952877044678,-0.02461348846554756,0.6218141913414001,0.38271719217300415,-0.03947240859270096,0.6292184591293335,0.32915496826171875,-0.056469980627298355,0.635786771774292,0.28321975469589233,-0.0687018558382988,0.6424896121025085,0.489829957485199,-0.03459686413407326,0.6665107011795044,0.4354170858860016,-0.05129872262477875,0.6835190653800964,0.39822837710380554,-0.06181878224015236,0.697868824005127,0.3644983172416687,-0.06935624033212662
0.595350444316864,0.6626465320587158,3.7472125313797733e-07,0.5453212261199951,0.6327431201934814,-0.01531254407018423,0.5126447081565857,0.5660632252693176,-0.02083023637533188,0.5288681387901306,0.5027546882629395,-0.026768147945404053,0.5642008781433105,0.483258455991745,-0.03378647193312645,0.5246237516403198,0.4736085534095764,-0.007944177836179733,0.497378945350647,0.407564640045166,-0.018721409142017365,0.48166924715042114,0.3659250736236572,-0.029011644423007965,0.47092270851135254,0.3300601840019226,-0.03825550898909569,0.5616044402122498,0.45530271530151367,-0.01358376257121563,0.5584723949432373,0.36712443828582764,-0.022240661084651947,0.5568792223930359,0.3116552233695984,-0.03335532546043396,0.5569514632225037,0.2659744322299957,-0.04229876399040222,0.5964309573173523,0.46231743693351746,-0.022319547832012177,0.6088511347770691,0.3825884461402893,-0.03631095588207245,0.6169033050537109,0.3286200165748596,-0.05265934765338898,0.6232182383537292,0.2822466492652893,-0.06464090198278427,0.6284420490264893,0.4871486723423004,-0.03250570967793465,0.652343213558197,0.43321728706359863,-0.0479448139667511,0.6694783568382263,0.3952869474887848,-0.05783672630786896,0.6835126876831055,0.3612453043460846,-0.06515898555517197
0.5874496102333069,0.649979829788208,3.741115506272763e-07,0.5375980734825134,0.6229705214500427,-0.016638847067952156,0.5035876035690308,0.5584987998008728,-0.02236747369170189,0.5188190340995789,0.4950338304042816,-0.027978207916021347,0.5520232319831848,0.46939536929130554,-0.03454706817865372,0.515515148639679,0.46440884470939636,-0.010023524053394794,0.4877246618270874,0.3987514078617096,-0.02138054184615612,0.4719089865684509,0.35704493522644043,-0.03183688968420029,0.46161824464797974,0.32097214460372925,-0.04111158475279808,0.5522982478141785,0.44618189334869385,-0.015088052488863468,0.5460783839225769,0.35832279920578003,-0.024720026180148125,0.5436052680015564,0.3015572428703308,-0.036817193031311035,0.5437291264533997,0.2543020248413086,-0.046326544135808945,0.5872446894645691,0.4537093937397003,-0.023208485916256905,0.5968396663665771,0.3739895522594452,-0.03877028450369835,0.6038543581962585,0.32059943675994873,-0.056021638214588165,0.609978973865509,0.2737971544265747,-0.06836359947919846,0.6195527911186218,0.47939884662628174,-0.03266464173793793,0.6419672966003418,0.425125390291214,-0.049666110426187515,0.6585754156112671,0.38856881856918335,-0.060214731842279434,0.6721727252006531,0.35491615533828735,-0.06776845455169678
0.5772108435630798,0.6542181372642517,3.66777953786368e-07,0.5267904996871948,0.6266061067581177,-0.015981482341885567,0.49224957823753357,0.561161458492279,-0.02141786925494671,0.5074480175971985,0.4969465434551239,-0.027144698426127434,0.5419698357582092,0.47168219089508057,-0.03397151455283165,0.5044166445732117,0.46676185727119446,-0.008440016768872738,0.47634226083755493,0.39823073148727417,-0.019745605066418648,0.46047183871269226,0.35576948523521423,-0.030221473425626755,0.4502345323562622,0.3196776807308197,-0.03947753459215164,0.5419371724128723,0.4477211534976959,-0.014124548062682152,0.5358763933181763,0.35859566926956177,-0.02384227141737938,0.5332479476928711,0.30144935846328735,-0.03662436455488205,0.5329998135566711,0.25361812114715576,-0.04673830419778824,0.5773895382881165,0.4540984034538269,-0.02293328009545803,0.5891221761703491,0.37247276306152344,-0.03870963677763939,0.5960933566093445,0.31816327571868896,-0.05697555094957352,0.6013317108154297,0.27071258425712585,-0.070096954703331,0.6102113127708435,0.4788578748703003,-0.03301285207271576,0.6341667771339417,0.42277809977531433,-0.050103675574064255,0.650867223739624,0.38495486974716187,-0.06119060516357422,0.6642586588859558,0.35032185912132263,-0.06930841505527496
0.5771964192390442,0.6535669565200806,3.5067171211267123e-07,0.5289639234542847,0.6243577003479004,-0.01385988388210535,0.49672171473503113,0.5593525767326355,-0.01854865625500679,0.5094161629676819,0.49736952781677246,-0.023844627663493156,0.5391995310783386,0.4735191762447357,-0.03028792329132557,0.5081822276115417,0.46372702717781067,-0.008351529017090797,0.4804712235927582,0.3947109580039978,-0.019802356138825417,0.46394410729408264,0.3517356514930725,-0.030149148777127266,0.45329657196998596,0.31564149260520935,-0.03907763957977295,0.544745683670044,0.4464208483695984,-0.014875772409141064,0.5393536686897278,0.35624203085899353,-0.02472786232829094,0.5385074019432068,0.2985219359397888,-0.037188585847616196,0.5406020283699036,0.25138235092163086,-0.046880532056093216,0.5795871615409851,0.4541783630847931,-0.024130869656801224,0.5911448001861572,0.3731517195701599,-0.03961466997861862,0.5991264581680298,0.3195735216140747,-0.057009257376194,0.6059322953224182,0.2732338309288025,-0.069513238966465,0.6115211248397827,0.4802190959453583,-0.03445940464735031,0.6358664035797119,0.42526182532310486,-0.050617195665836334,0.6527635455131531,0.38795268535614014,-0.060749296098947525,0.6666237711906433,0.3539445698261261,-0.06818988174200058
0.6195781230926514,0.6537269353866577,3.4740804721877794e-07,0.571246862411499,0.624880313873291,-0.013906263746321201,0.5404937863349915,0.5557821989059448,-0.017511136829853058,0.5535951852798462,0.4911188781261444,-0.021703366190195084,0.585080623626709,0.4732956886291504,-0.026963382959365845,0.5513892769813538,0.4631212055683136,-0.005536259617656469,0.5247200727462769,0.3961617052555084,-0.014718487858772278,0.5092328786849976,0.3528294265270233,-0.023708980530500412,0.49926066398620605,0.3166159987449646,-0.03207793086767197,0.5870452523231506,0.4463596045970917,-0.01146924402564764,0.5817779898643494,0.3582451641559601,-0.019397912546992302,0.5800163149833679,0.30113622546195984,-0.030166856944561005,0.5809764266014099,0.2553735673427582,-0.038578733801841736,0.621536374092102,0.4547741711139679,-0.020220354199409485,0.6326398253440857,0.37185660004615784,-0.03433939814567566,0.6398763656616211,0.3185226321220398,-0.05066954717040062,0.6461424231529236,0.27295583486557007,-0.06237897276878357,0.6533886790275574,0.48204120993614197,-0.030179940164089203,0.678382158279419,0.42890042066574097,-0.04618029668927193,0.6953730583190918,0.39156419038772583,-0.056202471256256104,0.7095478773117065,0.35823607444763184,-0.06332762539386749
0.6513077020645142,0.6559067964553833,3.369901264704822e-07,0.6024264693260193,0.6245909929275513,-0.014579924754798412,0.5712117552757263,0.5553354620933533,-0.019417278468608856,0.5850303769111633,0.49130743741989136,-0.02471284195780754,0.6200116872787476,0.4785056412220001,-0.030940864235162735,0.5828026533126831,0.46625569462776184,-0.006783784832805395,0.5549910664558411,0.4005733132362366,-0.01756150647997856,0.5374035239219666,0.36110344529151917,-0.027761731296777725,0.5248095989227295,0.3288828730583191,-0.03661220520734787,0.6173767447471619,0.44887807965278625,-0.012610386125743389,0.6110773086547852,0.3625214397907257,-0.021781709045171738,0.6082051992416382,0.3060445785522461,-0.032794658094644547,0.6077565550804138,0.2601589560508728,-0.04114710912108421,0.6515762209892273,0.4572409689426422,-0.021409090608358383,0.6626444458961487,0.3759850859642029,-0.03640935197472572,0.6693565845489502,0.3227384686470032,-0.05241420492529869,0.6749141812324524,0.276663601398468,-0.06345437467098236,0.6834920048713684,0.48426103591918945,-0.03151055425405502,0.7069617509841919,0.42961156368255615,-0.04736314341425896,0.7235842347145081,0.3928121030330658,-0.05657670274376869,0.7373071908950806,0.3602589964866638,-0.06300389766693115
0.7093391418457031,0.6542108058929443,3.488041500077088e-07,0.6638387441635132,0.6229088306427002,-0.013570688664913177,0.6360085010528564,0.5564693808555603,-0.017021911218762398,0.6496706008911133,0.49280333518981934,-0.020987551659345627,0.6807878017425537,0.46827566623687744,-0.0258503295481205,0.6436446309089661,0.47447529435157776,-0.0057922773994505405,0.6158980131149292,0.4069140553474426,-0.015172800980508327,0.6005423069000244,0.3635144531726837,-0.023795004934072495,0.5915670990943909,0.3258547782897949,-0.031504273414611816,0.6776077151298523,0.4556557238101959,-0.010835046879947186,0.6709732413291931,0.3682709336280823,-0.018520968034863472,0.6685874462127686,0.31191286444664,-0.02889121137559414,0.6689573526382446,0.2664429545402527,-0.03694021329283714,0.7110886573791504,0.46057450771331787,-0.018559137359261513,0.7222165465354919,0.3819418251514435,-0.031760845333337784,0.7290343046188354,0.3304084837436676,-0.047359008342027664,0.7350069284439087,0.28791511058807373,-0.05836796015501022,0.7422954440116882,0.48345497250556946,-0.02747521549463272,0.7659406661987305,0.4312708377838135,-0.04154949262738228,0.7817927598953247,0.3954603374004364,-0.05046508088707924,0.7950137853622437,0.36476337909698486,-0.056836146861314774
0.7285105586051941,0.6524176597595215,3.5684402632796264e-07,0.6828863024711609,0.6189101934432983,-0.016385553404688835,0.6530581116676331,0.5516093373298645,-0.021923853084445,0.6682183742523193,0.4880621135234833,-0.027497483417391777,0.7039190530776978,0.4674277603626251,-0.033954180777072906,0.6614328622817993,0.4702601134777069,-0.008937370963394642,0.63783860206604,0.40114784240722656,-0.019713085144758224,0.6234375238418579,0.3592686951160431,-0.029454786330461502,0.6133551597595215,0.3240787386894226,-0.03794705122709274,0.6968995332717896,0.4530194401741028,-0.013324103318154812,0.6919057965278625,0.36431026458740234,-0.02173730544745922,0.6890286207199097,0.3088441789150238,-0.03273463621735573,0.6880460381507874,0.2638925313949585,-0.041453517973423004,0.7314152121543884,0.45961320400238037,-0.020668333396315575,0.7425355315208435,0.38117536902427673,-0.034471604973077774,0.7486453056335449,0.32966622710227966,-0.05098985508084297,0.7534958124160767,0.2864893972873688,-0.06283669918775558,0.7636687159538269,0.48369717597961426,-0.02940513752400875,0.7872113585472107,0.4322834312915802,-0.04430750384926796,0.8031821250915527,0.3966597318649292,-0.05409104377031326,0.8162490129470825,0.3652029037475586,-0.06124399974942207
0.7469938397407532,0.6628456711769104,3.514127229209407e-07,0.6997662782669067,0.6291394233703613,-0.015871070325374603,0.6714402437210083,0.561917245388031,-0.021059490740299225,0.690008819103241,0.4991707503795624,-0.026609664782881737,0.7242395877838135,0.4873822033405304,-0.03297891467809677,0.6768553853034973,0.47968024015426636,-0.00554581917822361,0.652840793132782,0.41280224919319153,-0.015010619536042213,0.6389248967170715,0.3697373867034912,-0.02441544644534588,0.6298741102218628,0.33328336477279663,-0.03297596797347069,0.7131556272506714,0.4616662263870239,-0.01010939385741949,0.7085605263710022,0.3752877414226532,-0.017356567084789276,0.7062088251113892,0.31987065076828003,-0.027232583612203598,0.705590546131134,0.2759496569633484,-0.03515991196036339,0.7483125925064087,0.4671107530593872,-0.017820842564105988,0.7589602470397949,0.3881946802139282,-0.03037423826754093,0.7637790441513062,0.335936963558197,-0.04517970606684685,0.7674235105514526,0.29195040464401245,-0.055788975208997726,0.7809091210365295,0.48975756764411926,-0.027145111933350563,0.8040132522583008,0.4361085891723633,-0.04046860709786415,0.8198339939117432,0.3992536962032318,-0.04859955981373787,0.8332003355026245,0.36748650670051575,-0.054617881774902344
0.7597351670265198,0.661963164806366,3.329063247292652e-07,0.7137846946716309,0.6308484077453613,-0.01469864696264267,0.6844688653945923,0.5674773454666138,-0.02014017105102539,0.6987012028694153,0.5057257413864136,-0.025906093418598175,0.7306175827980042,0.4861271381378174,-0.032673995941877365,0.6938573122024536,0.4785976707935333,-0.009053494781255722,0.6683258414268494,0.4103279411792755,-0.020335685461759567,0.6531933546066284,0.3688203990459442,-0.03063492476940155,0.6428344249725342,0.3333306610584259,-0.039482321590185165,0.7299955487251282,0.4619775414466858,-0.014626779593527317,0.7250896692276001,0.37481242418289185,-0.023571979254484177,0.7217255234718323,0.3197307288646698,-0.03485443443059921,0.7199823260307312,0.27392828464508057,-0.04378349706530571,0.7646492719650269,0.46921974420547485,-0.022972578182816505,0.7767523527145386,0.39097028970718384,-0.03738859295845032,0.7840317487716675,0.3390747904777527,-0.05377788469195366,0.7894991636276245,0.29438096284866333,-0.0655052661895752,0.7961786985397339,0.49412575364112854,-0.032545771449804306,0.8201135396957397,0.44105952978134155,-0.04801110923290253,0.8364036679267883,0.4046347737312317,-0.05767729878425598,0.8495926856994629,0.3714444935321808,-0.06468295305967331
0.7731869220733643,0.6599504947662354,3.1746412787470035e-07,0.7270845770835876,0.6294624209403992,-0.013285241089761257,0.698451042175293,0.5687914490699768,-0.0183049775660038,0.7055583000183105,0.5069790482521057,-0.023982340469956398,0.7316219210624695,0.48340192437171936,-0.030393751338124275,0.7103819847106934,0.47467929124832153,-0.00530677754431963,0.6841825246810913,0.40910667181015015,-0.01599901355803013,0.6691345572471619,0.3678458631038666,-0.026203803718090057,0.6595597267150879,0.3326483964920044,-0.03482968360185623,0.746080756187439,0.4586505889892578,-0.011530631221830845,0.7398498058319092,0.3723680377006531,-0.019627727568149567,0.7362675070762634,0.31733566522598267,-0.030725274235010147,0.7345494627952576,0.27205002307891846,-0.0393962636590004,0.780976414680481,0.4658532738685608,-0.02054392546415329,0.7921807169914246,0.387611985206604,-0.0346277616918087,0.7994572520256042,0.3358694911003113,-0.05021984875202179,0.8050298094749451,0.2921673357486725,-0.06123680621385574,0.812835693359375,0.4915170669555664,-0.030657900497317314,0.8369824886322021,0.44030439853668213,-0.045709509402513504,0.8531845808029175,0.40402331948280334,-0.05451212078332901,0.8659681081771851,0.3711645007133484,-0.06067897751927376
0.7905296087265015,0.7109746932983398,3.1067523309502576e-07,0.7425363659858704,0.6761512756347656,-0.0138282161206007,0.7162911891937256,0.6110010147094727,-0.018939664587378502,0.733942449092865,0.5548794269561768,-0.024725282564759254,0.7657155394554138,0.5417127013206482,-0.0316690132021904,0.731325089931488,0.5203285217285156,-0.0067560020834207535,0.7070745825767517,0.4533994197845459,-0.017782924696803093,0.6920700669288635,0.41188323497772217,-0.028028767555952072,0.6808285117149353,0.3773588538169861,-0.0368153341114521,0.7676410675048828,0.507124125957489,-0.0130940405651927,0.7646263837814331,0.4213966429233551,-0.022491753101348877,0.7619990110397339,0.3672455847263336,-0.03393193706870079,0.760252833366394,0.32476991415023804,-0.04256357252597809,0.8012557625770569,0.5182235240936279,-0.022287879139184952,0.813740611076355,0.443198561668396,-0.037040095776319504,0.8199574947357178,0.3924301266670227,-0.05318017676472664,0.8242419362068176,0.3491664528846741,-0.06443087011575699,0.8314773440361023,0.546690046787262,-0.03272901475429535,0.8569374084472656,0.4948452413082123,-0.04824381321668625,0.8734899163246155,0.459328830242157,-0.0573887974023819,0.8865265846252441,0.42762506008148193,-0.06379126012325287
0.8001750111579895,0.750994086265564,3.261326639858453e-07,0.752678632736206,0.7147642374038696,-0.014140842482447624,0.7252577543258667,0.6486731767654419,-0.019691461697220802,0.7430351376533508,0.5915494561195374,-0.025705667212605476,0.7760984897613525,0.5843979716300964,-0.03287700563669205,0.7419251799583435,0.5568668246269226,-0.008209070190787315,0.7181370258331299,0.4879416823387146,-0.018658164888620377,0.7038615942001343,0.44537678360939026,-0.028515512123703957,0.6935828328132629,0.4092140197753906,-0.03735257685184479,0.7788349986076355,0.5451339483261108,-0.014198493212461472,0.7768293619155884,0.45876821875572205,-0.022811006754636765,0.7758514285087585,0.4047761559486389,-0.033826399594545364,0.7757062911987305,0.361203670501709,-0.042477790266275406,0.8130753040313721,0.557130753993988,-0.022903751581907272,0.8266375064849854,0.48271864652633667,-0.03648483008146286,0.8338348865509033,0.43237537145614624,-0.052436456084251404,0.8390306830406189,0.38868311047554016,-0.06392396241426468,0.8441820740699768,0.5859514474868774,-0.03291821479797363,0.869767963886261,0.535253643989563,-0.04692094400525093,0.8866928815841675,0.5005448460578918,-0.055713411420583725,0.9003347754478455,0.46922123432159424,-0.06222548335790634
0.7778920531272888,0.7947149872779846,3.3855715741992753e-07,0.7347939610481262,0.7550468444824219,-0.013211454264819622,0.7103370428085327,0.6888658404350281,-0.018098674714565277,0.7304584980010986,0.6342633962631226,-0.024100739508867264,0.7639068961143494,0.6260297298431396,-0.031048817560076714,0.7259403467178345,0.6010350584983826,-0.004353237804025412,0.7058542966842651,0.5314804911613464,-0.013699771836400032,0.6938904523849487,0.48809438943862915,-0.022855287417769432,0.6850090622901917,0.45179325342178345,-0.031230831518769264,0.7616751194000244,0.5891193151473999,-0.010994413867592812,0.7601332068443298,0.5026816725730896,-0.01854928769171238,0.7599214315414429,0.44782528281211853,-0.028777193278074265,0.7601129412651062,0.40474772453308105,-0.03693189471960068,0.7956486344337463,0.600955069065094,-0.020624056458473206,0.811643123626709,0.523899495601654,-0.033531900495290756,0.8218476176261902,0.4759523570537567,-0.048373665660619736,0.8288195729255676,0.43525081872940063,-0.05890963599085808,0.8264578580856323,0.6301390528678894,-0.031677279621362686,0.8546736836433411,0.579398512840271,-0.045772213488817215,0.8739005923271179,0.5453957319259644,-0.054414086043834686,0.889594316482544,0.5156764388084412,-0.060556963086128235
0.7439667582511902,0.8104069828987122,3.849142160561314e-07,0.6994771361351013,0.7759172916412354,-0.015299208462238312,0.6733323931694031,0.7141276597976685,-0.022909313440322876,0.6860859394073486,0.6539412140846252,-0.030909830704331398,0.7170194387435913,0.6446964740753174,-0.03952190652489662,0.6837282776832581,0.619274914264679,-0.009041871875524521,0.665009617805481,0.5478737354278564,-0.019151942804455757,0.6543344259262085,0.5044935941696167,-0.028602520003914833,0.6471107602119446,0.4659034311771393,-0.03746964782476425,0.7213056087493896,0.6073502898216248,-0.014995205216109753,0.7213975191116333,0.5209896564483643,-0.023203227669000626,0.7221139669418335,0.465855211019516,-0.03366044908761978,0.7226032614707947,0.4179787039756775,-0.04235094040632248,0.7570962309837341,0.618502676486969,-0.023693645372986794,0.7731946706771851,0.5403252840042114,-0.03743983060121536,0.7852296233177185,0.49062424898147583,-0.05236213654279709,0.7939927577972412,0.44728532433509827,-0.06309109181165695,0.7894017696380615,0.6467783451080322,-0.033785898238420486,0.8165349364280701,0.5941795110702515,-0.04879756644368172,0.8357363343238831,0.5582850575447083,-0.057794030755758286,0.8516378402709961,0.525719940662384,-0.06429017335176468
0.7252652645111084,0.8042466640472412,3.928914509288006e-07,0.6804394125938416,0.7730620503425598,-0.016037847846746445,0.6533858180046082,0.709248960018158,-0.02216588519513607,0.6673327088356018,0.6487893462181091,-0.028400195762515068,0.6998848915100098,0.6368979215621948,-0.035090863704681396,0.6632565855979919,0.6139129400253296,-0.007704596966505051,0.6419343948364258,0.545153796672821,-0.01768842339515686,0.6297325491905212,0.5020313262939453,-0.026850856840610504,0.6214812397956848,0.4651319980621338,-0.0351705364882946,0.7011129856109619,0.6006028652191162,-0.012680166400969028,0.7007080912590027,0.5154754519462585,-0.021242570132017136,0.7017654180526733,0.46014708280563354,-0.03186123073101044,0.7041213512420654,0.41458016633987427,-0.040108904242515564,0.7366675138473511,0.6117152571678162,-0.02068403549492359,0.7517015337944031,0.5378724336624146,-0.035506077110767365,0.7625796794891357,0.4880872368812561,-0.05179417133331299,0.7715562582015991,0.4450831413269043,-0.06296912580728531,0.7683817744255066,0.640276312828064,-0.030020900070667267,0.7946859002113342,0.5921241641044617,-0.04607122391462326,0.8134870529174805,0.5582433938980103,-0.05592856928706169,0.8294683694839478,0.5266269445419312,-0.06268984079360962
0.6956843137741089,0.7982480525970459,3.663866152692208e-07,0.6504465341567993,0.7676775455474854,-0.014808756299316883,0.6215786337852478,0.7044528722763062,-0.02002691850066185,0.639450192451477,0.6460524201393127,-0.02557436376810074,0.6739636063575745,0.6330018639564514,-0.032091978937387466,0.6334658861160278,0.611933708190918,-0.008338507264852524,0.6102051138877869,0.5446285009384155,-0.01777178794145584,0.5974157452583313,0.5014745593070984,-0.02663981169462204,0.5895094275474548,0.4634794294834137,-0.035126373171806335,0.6692082285881042,0.5963538289070129,-0.013719549402594566,0.6656842827796936,0.5102235674858093,-0.021896101534366608,0.6652349233627319,0.4549441933631897,-0.03226818889379501,0.667192280292511,0.40917035937309265,-0.04054608941078186,0.7032402157783508,0.6060595512390137,-0.02189638838171959,0.7175115942955017,0.528613805770874,-0.035914089530706406,0.7276426553726196,0.47975170612335205,-0.0522802472114563,0.7367817163467407,0.437918096780777,-0.06388591974973679,0.734367311000824,0.6340120434761047,-0.03137090057134628,0.7607600092887878,0.58426833152771,-0.04728991165757179,0.7787720561027527,0.5492186546325684,-0.05793299153447151,0.7945854067802429,0.5166751146316528,-0.0654694214463234
0.6676811575889587,0.7940516471862793,3.563766597380891e-07,0.6222522258758545,0.7611370086669922,-0.015191970393061638,0.5944472551345825,0.6949400901794434,-0.020373890176415443,0.6164247989654541,0.6402013897895813,-0.025793706998229027,0.6525689363479614,0.6273993253707886,-0.0324183851480484,0.6097433567047119,0.6074962615966797,-0.01004200242459774,0.5872891545295715,0.5388056039810181,-0.02046857960522175,0.5748693943023682,0.4951934218406677,-0.030231673270463943,0.5669976472854614,0.4566829204559326,-0.03928222879767418,0.6458869576454163,0.5927762389183044,-0.015299838967621326,0.6436701416969299,0.5067775845527649,-0.02356598526239395,0.6435979604721069,0.45124679803848267,-0.03447164222598076,0.6450411677360535,0.40524595975875854,-0.04338850453495979,0.6794639825820923,0.6027536988258362,-0.02339480258524418,0.6940142512321472,0.526176393032074,-0.03701014816761017,0.7047266364097595,0.4752841889858246,-0.053748197853565216,0.7137448787689209,0.43163859844207764,-0.06593269109725952,0.7097587585449219,0.6304389238357544,-0.032848894596099854,0.7363471388816833,0.5788065195083618,-0.0482763946056366,0.7548407316207886,0.5436971187591553,-0.058717984706163406,0.770342230796814,0.5117902755737305,-0.06640999019145966
0.6421570181846619,0.7980963587760925,3.565285737749946e-07,0.5974668860435486,0.7647793889045715,-0.01377773005515337,0.5717357397079468,0.6994943618774414,-0.018866589292883873,0.5932692289352417,0.6474283337593079,-0.02462144009768963,0.6264699697494507,0.6348787546157837,-0.03170612081885338,0.5861440896987915,0.6107655167579651,-0.009223238565027714,0.56272292137146,0.5415979623794556,-0.019921327009797096,0.5499065518379211,0.497988224029541,-0.029436593875288963,0.5413743257522583,0.46055102348327637,-0.037881918251514435,0.6225998997688293,0.5974517464637756,-0.015406313352286816,0.6213968992233276,0.5101085305213928,-0.02463907189667225,0.621193528175354,0.4541761875152588,-0.0360434427857399,0.6220556497573853,0.4090777337551117,-0.04487469419836998,0.6561281681060791,0.6088963150978088,-0.024259792640805244,0.671960711479187,0.5310282111167908,-0.03900855407118797,0.6834694147109985,0.4802235960960388,-0.055862728506326675,0.6923912167549133,0.4369831681251526,-0.06766050308942795,0.6857092380523682,0.637790858745575,-0.03422985225915909,0.7130778431892395,0.5849496722221375,-0.05029261112213135,0.7316994667053223,0.5494962930679321,-0.060467254370450974,0.7469499707221985,0.5175844430923462,-0.06767652183771133
0.6154581904411316,0.7922929525375366,3.425312229410338e-07,0.5692778825759888,0.7616466283798218,-0.013624528422951698,0.5385291576385498,0.6963792443275452,-0.0178520530462265,0.5577660202980042,0.644049882888794,-0.022608337923884392,0.591360330581665,0.6308813691139221,-0.02855166420340538,0.5521085858345032,0.6043692827224731,-0.007877287454903126,0.5274061560630798,0.5381589531898499,-0.01766372285783291,0.5136364102363586,0.4962896704673767,-0.026941480115056038,0.5039169788360596,0.46037665009498596,-0.03554766997694969,0.5871242880821228,0.5888850092887878,-0.013787757605314255,0.5823497176170349,0.5038290619850159,-0.021962426602840424,0.5795670747756958,0.4494113028049469,-0.03250964358448982,0.5788421034812927,0.40494871139526367,-0.04087696224451065,0.620135486125946,0.5987938046455383,-0.022465679794549942,0.6329140067100525,0.5217006206512451,-0.036333996802568436,0.6419663429260254,0.4714326858520508,-0.05273227393627167,0.649960458278656,0.4273345470428467,-0.06455519795417786,0.6497122049331665,0.6273308992385864,-0.03237594664096832,0.6761332750320435,0.5768626928329468,-0.04860158637166023,0.694208025932312,0.5420770645141602,-0.05919507518410683,0.7095447778701782,0.5093636512756348,-0.06679479032754898
0.5843914747238159,0.7793304920196533,4.0045748050943075e-07,0.5369142293930054,0.7504067420959473,-0.015352725051343441,0.5064352750778198,0.6887772083282471,-0.02107071876525879,0.526279628276825,0.6325608491897583,-0.02699519880115986,0.5606698989868164,0.6218065619468689,-0.03418460488319397,0.5207335352897644,0.5925819873809814,-0.00983953382819891,0.495888888835907,0.5270417332649231,-0.019144169986248016,0.48198461532592773,0.48391902446746826,-0.028254982084035873,0.4724577069282532,0.44580087065696716,-0.03732624650001526,0.5569137334823608,0.5771480798721313,-0.015602195635437965,0.5521811246871948,0.49074146151542664,-0.023654406890273094,0.5498948693275452,0.43612974882125854,-0.03389282524585724,0.5492582321166992,0.39177370071411133,-0.04240985959768295,0.5909313559532166,0.5876047015190125,-0.024237409234046936,0.6049835085868835,0.5102810263633728,-0.03794550150632858,0.6151670217514038,0.45892974734306335,-0.05381055548787117,0.6239114999771118,0.4143655300140381,-0.06543068587779999,0.621197521686554,0.6164461970329285,-0.03431539237499237,0.64683598279953,0.5640941262245178,-0.050340112298727036,0.6645336747169495,0.5280236005783081,-0.0606396310031414,0.6792932152748108,0.49452054500579834,-0.06820090860128403
0.5619503259658813,0.7752295136451721,3.890131381467654e-07,0.5140601396560669,0.7471597194671631,-0.015907922759652138,0.48312249779701233,0.6835995316505432,-0.021534346044063568,0.5015690922737122,0.6271702647209167,-0.02756756730377674,0.535120964050293,0.6142709851264954,-0.03469222038984299,0.49752920866012573,0.5878780484199524,-0.008108992129564285,0.4722696542739868,0.5209220051765442,-0.01862104795873165,0.45852792263031006,0.47775447368621826,-0.02842959389090538,0.44950735569000244,0.4403549134731293,-0.03733186423778534,0.5339292883872986,0.57176274061203,-0.013556777499616146,0.5301820039749146,0.4840327203273773,-0.02250952646136284,0.5281517505645752,0.4268070459365845,-0.03406950831413269,0.527936577796936,0.37929850816726685,-0.04312259703874588,0.5677260160446167,0.5812039375305176,-0.022112514823675156,0.5809510350227356,0.5053924918174744,-0.03709132969379425,0.5902479887008667,0.4552444815635681,-0.05439963936805725,0.5977365374565125,0.4107857942581177,-0.06647021323442459,0.598514974117279,0.6088370084762573,-0.03208329528570175,0.624633252620697,0.5574528574943542,-0.0482298769056797,0.6430125832557678,0.5223572850227356,-0.05874156579375267,0.6582017540931702,0.4890007972717285,-0.06630140542984009
0.5406884551048279,0.7701085805892944,3.728137585312652e-07,0.49458634853363037,0.7460184097290039,-0.01634826697409153,0.46279963850975037,0.6830575466156006,-0.0219102893024683,0.47518283128738403,0.6233227252960205,-0.027918744832277298,0.5052391290664673,0.6032581329345703,-0.03431772068142891,0.47342514991760254,0.5848703384399414,-0.006648428738117218,0.4466971158981323,0.5172966718673706,-0.016709066927433014,0.432468444108963,0.4741944670677185,-0.025848079472780228,0.42308273911476135,0.43833476305007935,-0.03402424231171608,0.5100460648536682,0.568552553653717,-0.01152798067778349,0.5065385699272156,0.4804198443889618,-0.02018972672522068,0.5061829686164856,0.4231123626232147,-0.031104495748877525,0.5071161389350891,0.37628453969955444,-0.03954872116446495,0.5444763898849487,0.5768043994903564,-0.019747037440538406,0.555632472038269,0.49825912714004517,-0.03418430685997009,0.565204381942749,0.44761306047439575,-0.050554342567920685,0.5728997588157654,0.4035961329936981,-0.06205466017127037,0.5762643218040466,0.6019713282585144,-0.029450764879584312,0.6019086241722107,0.5493685007095337,-0.044807177037000656,0.6204952001571655,0.5144179463386536,-0.054937150329351425,0.6360699534416199,0.4820151627063751,-0.06223798915743828
0.5395143032073975,0.6944426894187927,4.0984645011121756e-07,0.4917054772377014,0.6679458022117615,-0.017033955082297325,0.46066683530807495,0.605985701084137,-0.024152472615242004,0.4752144515514374,0.5456777811050415,-0.031061358749866486,0.5072118043899536,0.5222472548484802,-0.03881313279271126,0.4749405086040497,0.5077933669090271,-0.012215577997267246,0.4503536820411682,0.4407382011413574,-0.02357950247824192,0.43645840883255005,0.39898747205734253,-0.033712320029735565,0.427945077419281,0.36376816034317017,-0.04262913390994072,0.5115938782691956,0.49337178468704224,-0.017179924994707108,0.5081188082695007,0.4050263464450836,-0.027417080476880074,0.5081787705421448,0.34907376766204834,-0.03988521546125412,0.5100281238555908,0.3026242256164551,-0.049502696841955185,0.5462150573730469,0.5034793615341187,-0.02494070865213871,0.5574173927307129,0.425404816865921,-0.04110977053642273,0.5658220648765564,0.37276315689086914,-0.0586569607257843,0.5725437998771667,0.32678109407424927,-0.07106330245733261,0.5779017210006714,0.5306412577629089,-0.0339055135846138,0.6026943922042847,0.4772142469882965,-0.051063843071460724,0.6208221316337585,0.4419574737548828,-0.06167059391736984,0.6356560587882996,0.4092460870742798,-0.06920113414525986
0.5497832298278809,0.6845877170562744,3.4525803016549617e-07,0.5019810199737549,0.6538140177726746,-0.013296417891979218,0.4728664457798004,0.590121865272522,-0.018602583557367325,0.48676517605781555,0.5341789722442627,-0.02442500926554203,0.5159693360328674,0.5202677845954895,-0.031842637807130814,0.4877154231071472,0.4952731430530548,-0.010378499515354633,0.4629199504852295,0.4273163080215454,-0.02148285135626793,0.44871068000793457,0.38424357771873474,-0.03166484460234642,0.43963849544525146,0.3482624888420105,-0.04042883217334747,0.5243836045265198,0.4805094599723816,-0.01680006831884384,0.5220324993133545,0.3923279643058777,-0.025724658742547035,0.5221343040466309,0.336444616317749,-0.0374370738863945,0.5237943530082703,0.29156988859176636,-0.04668755456805229,0.5587165951728821,0.48999640345573425,-0.025567486882209778,0.5729753375053406,0.4114692211151123,-0.0393189899623394,0.5811926126480103,0.357651948928833,-0.05636525899171829,0.5875677466392517,0.3125552833080292,-0.06893175095319748,0.5896113514900208,0.517584502696991,-0.03536228463053703,0.6163143515586853,0.4656496047973633,-0.05016346648335457,0.6341898441314697,0.4300636649131775,-0.05983038991689682,0.6491426229476929,0.3991580903530121,-0.06700733304023743
0.6170562505722046,0.678966760635376,3.4533590564933547e-07,0.56986403465271,0.6441853046417236,-0.015378073789179325,0.5409024357795715,0.5795595049858093,-0.02218877710402012,0.5585630536079407,0.5227054953575134,-0.029457658529281616,0.5905781984329224,0.5114119648933411,-0.03770244121551514,0.5577459931373596,0.4863373637199402,-0.01237370166927576,0.5360258221626282,0.4177621603012085,-0.024872764945030212,0.5223885774612427,0.37448787689208984,-0.03576521947979927,0.5120543241500854,0.3363966941833496,-0.04538498818874359,0.5950771570205688,0.47415781021118164,-0.01885770820081234,0.594965934753418,0.38704052567481995,-0.029183397069573402,0.5967239141464233,0.33057260513305664,-0.0403897650539875,0.5996711850166321,0.2846716046333313,-0.0491403229534626,0.6298083066940308,0.48681628704071045,-0.028099365532398224,0.6460202932357788,0.4089086949825287,-0.04379180073738098,0.6575755476951599,0.3582574725151062,-0.05949835851788521,0.667212188243866,0.31442320346832275,-0.07036653906106949,0.660640299320221,0.5175461173057556,-0.0387798473238945,0.6880829930305481,0.4663761556148529,-0.05605136975646019,0.7079227566719055,0.43112391233444214,-0.0657113566994667,0.7248084545135498,0.3995899558067322,-0.07216547429561615
0.644286572933197,0.6833526492118835,3.391241989447735e-07,0.5990481376647949,0.6514772176742554,-0.014201189391314983,0.5715749859809875,0.5806679725646973,-0.018359284847974777,0.5893332958221436,0.5217344760894775,-0.02269766665995121,0.6210214495658875,0.5126650929450989,-0.028092633932828903,0.5894168019294739,0.4885827600955963,-0.009318740107119083,0.5680901408195496,0.4192134439945221,-0.019188569858670235,0.5557298064231873,0.37619784474372864,-0.028142977505922318,0.5476685166358948,0.3411508798599243,-0.036250632256269455,0.6260836720466614,0.4757481515407562,-0.014993058517575264,0.625857949256897,0.3884090185165405,-0.02384440042078495,0.6278494000434875,0.3321778476238251,-0.0343441516160965,0.6313626766204834,0.2872481942176819,-0.042375676333904266,0.6602861881256104,0.4884617030620575,-0.02326023578643799,0.6766184568405151,0.4117087125778198,-0.03783052787184715,0.6873787641525269,0.36027055978775024,-0.05386746674776077,0.696176290512085,0.31568440794944763,-0.06513462215662003,0.6907021999359131,0.5190670490264893,-0.03267795592546463,0.7180862426757812,0.46865853667259216,-0.04818578064441681,0.736946165561676,0.433963418006897,-0.0576075054705143,0.7525968551635742,0.4022968113422394,-0.06440246850252151
0.6752272248268127,0.6866429448127747,3.259617926687497e-07,0.6307521462440491,0.6520076990127563,-0.014676977880299091,0.6044595241546631,0.5833926200866699,-0.019425902515649796,0.6250516176223755,0.5275216698646545,-0.02449577860534191,0.6590167880058289,0.5155516862869263,-0.03024737909436226,0.6168109178543091,0.49318328499794006,-0.007686442229896784,0.5941999554634094,0.4247828423976898,-0.017630603164434433,0.5813199877738953,0.38097667694091797,-0.026899999007582664,0.5722907185554504,0.3446861207485199,-0.035124607384204865,0.6547448039054871,0.4808730185031891,-0.012976939789950848,0.6544168591499329,0.39497441053390503,-0.020688526332378387,0.6566850543022156,0.33996453881263733,-0.030425650998950005,0.6604822278022766,0.2968612611293793,-0.03812914714217186,0.6897404789924622,0.49374932050704956,-0.021122347563505173,0.7058164477348328,0.4188234210014343,-0.03479813411831856,0.7165282368659973,0.3680350184440613,-0.0500573068857193,0.7255877256393433,0.32395651936531067,-0.06079702451825142,0.719964861869812,0.5242140293121338,-0.03058590553700924,0.7472407817840576,0.4761771261692047,-0.04605388641357422,0.7667301297187805,0.44209349155426025,-0.0551893524825573,0.7834152579307556,0.41143932938575745,-0.06150147691369057
0.69316565990448,0.6966719031333923,3.562184929251089e-07,0.6494165658950806,0.660530149936676,-0.014917079359292984,0.6264530420303345,0.5910233855247498,-0.019312966614961624,0.6474101543426514,0.5349233150482178,-0.023824037984013557,0.6799317598342896,0.5218080282211304,-0.029514160007238388,0.6432777047157288,0.5060495138168335,-0.010014225728809834,0.6223323345184326,0.43383705615997314,-0.02057121880352497,0.6120287775993347,0.387847363948822,-0.030054880306124687,0.6066945791244507,0.34894904494285583,-0.038418617099523544,0.6807163953781128,0.4932258129119873,-0.014696980826556683,0.683545708656311,0.40487128496170044,-0.022442368790507317,0.6871854066848755,0.3494998514652252,-0.03285333886742592,0.6918008923530579,0.3052404522895813,-0.041130971163511276,0.7146129012107849,0.5049843192100525,-0.022024305537343025,0.7344546318054199,0.42918524146080017,-0.034741152077913284,0.7464221119880676,0.3788328170776367,-0.05073762312531471,0.7563499808311462,0.3368012309074402,-0.06245550513267517,0.743765115737915,0.5351119637489319,-0.030691059306263924,0.7740575075149536,0.4894813597202301,-0.04518956318497658,0.7937197685241699,0.45703965425491333,-0.0549217127263546,0.810193657875061,0.42817163467407227,-0.0620042085647583
0.7063667178153992,0.7096676230430603,3.3778988495214435e-07,0.6617124080657959,0.6738083958625793,-0.01490491908043623,0.639745831489563,0.6018629670143127,-0.01860203966498375,0.6615909337997437,0.5454459190368652,-0.022593015804886818,0.6934429407119751,0.5331388711929321,-0.027603792026638985,0.6547335386276245,0.5164847373962402,-0.008073678240180016,0.6325219869613647,0.44482001662254333,-0.018496675416827202,0.6209454536437988,0.3993435502052307,-0.028044739738106728,0.6140420436859131,0.3613389730453491,-0.03640032187104225,0.6923720240592957,0.5024839043617249,-0.01295599713921547,0.6931613087654114,0.41395172476768494,-0.021163377910852432,0.6960946917533875,0.3573143780231476,-0.03210284560918808,0.7003903985023499,0.31251752376556396,-0.040533509105443954,0.7262739539146423,0.5138587951660156,-0.02065681293606758,0.7435809969902039,0.438388466835022,-0.03405630216002464,0.755316972732544,0.3877924084663391,-0.050884682685136795,0.7650883197784424,0.34517931938171387,-0.06295058876276016,0.7557691335678101,0.542803168296814,-0.029700763523578644,0.7846523523330688,0.49631258845329285,-0.044333312660455704,0.8042221069335938,0.46391162276268005,-0.05427099019289017,0.8205461502075195,0.43477922677993774,-0.061522357165813446
0.715343713760376,0.7188120484352112,3.6783654877581284e-07,0.6690525412559509,0.6841127872467041,-0.016021857038140297,0.6436882615089417,0.6137439012527466,-0.02093641273677349,0.6662023663520813,0.5568052530288696,-0.025913767516613007,0.7005427479743958,0.5442951917648315,-0.03215015307068825,0.6605153679847717,0.5273779630661011,-0.01077951304614544,0.6378644108772278,0.45435112714767456,-0.021762678399682045,0.6268599033355713,0.408221960067749,-0.03145591914653778,0.6211285591125488,0.3686788082122803,-0.04005247354507446,0.6981077194213867,0.5139992833137512,-0.015482978895306587,0.6985123753547668,0.4239633083343506,-0.024211356416344643,0.7012404203414917,0.3678549528121948,-0.03533265367150307,0.7058355808258057,0.3228020668029785,-0.04401448741555214,0.7321437001228333,0.5255686044692993,-0.023002851754426956,0.7494429349899292,0.44966772198677063,-0.036911286413669586,0.760425329208374,0.39887696504592896,-0.05390680953860283,0.7697975039482117,0.35587242245674133,-0.06615541130304337,0.7623960971832275,0.5551897883415222,-0.03191488981246948,0.7908133268356323,0.5067844390869141,-0.04719805344939232,0.8097272515296936,0.4735794961452484,-0.0574621856212616,0.8254891037940979,0.4435352087020874,-0.06496107578277588
0.7128878235816956,0.7273375988006592,3.604687606184598e-07,0.6680313348770142,0.6931447386741638,-0.015346629545092583,0.6415001153945923,0.6240613460540771,-0.020448658615350723,0.6620206832885742,0.5660073757171631,-0.025652317330241203,0.6969731450080872,0.5521339774131775,-0.03194338083267212,0.657767653465271,0.5354040861129761,-0.009515678510069847,0.6358190774917603,0.46459996700286865,-0.02039055898785591,0.6240960955619812,0.42099034786224365,-0.030280837789177895,0.6167764663696289,0.38424912095069885,-0.03896406665444374,0.6949091553688049,0.5226508378982544,-0.014814799651503563,0.6942263841629028,0.4340752065181732,-0.023994294926524162,0.6952333450317383,0.3785124719142914,-0.03550640866160393,0.6981641054153442,0.3327344059944153,-0.044429946690797806,0.7288182377815247,0.5351031422615051,-0.02291804738342762,0.7450783848762512,0.45891982316970825,-0.038045484572649,0.7565920948982239,0.4083980917930603,-0.05550604686141014,0.766637921333313,0.36458995938301086,-0.06779341399669647,0.7585593461990356,0.5650687217712402,-0.03221813216805458,0.7852109670639038,0.5155929923057556,-0.04878411069512367,0.8044658899307251,0.48258137702941895,-0.059304699301719666,0.8208146095275879,0.451464980840683,-0.06679096817970276
0.7098373174667358,0.7255374789237976,3.4443874596945534e-07,0.6660537719726562,0.6915379166603088,-0.015702448785305023,0.639809250831604,0.6226991415023804,-0.020899595692753792,0.6604576110839844,0.5649000406265259,-0.026301398873329163,0.6949849724769592,0.5492245554924011,-0.03276905044913292,0.6550499796867371,0.5350074768066406,-0.010338003747165203,0.6326919794082642,0.46269547939300537,-0.021956700831651688,0.6207400560379028,0.41800251603126526,-0.032352015376091,0.6132714748382568,0.37979620695114136,-0.0412738174200058,0.6918099522590637,0.5214312672615051,-0.01517854630947113,0.6911090016365051,0.43259885907173157,-0.023869484663009644,0.6925274133682251,0.37640008330345154,-0.03500983864068985,0.6958742141723633,0.3303128480911255,-0.04386276751756668,0.7255913615226746,0.5328405499458313,-0.02287951484322548,0.7421742081642151,0.4567185044288635,-0.036818727850914,0.7538105249404907,0.4062826335430145,-0.053759634494781494,0.7639724016189575,0.3630634546279907,-0.06601548194885254,0.7555891275405884,0.5623168349266052,-0.03197915479540825,0.7833970189094543,0.5143863558769226,-0.04753187298774719,0.8027018308639526,0.48114851117134094,-0.05790412798523903,0.8193650245666504,0.45030421018600464,-0.06545203179121017
0.694506824016571,0.7265779376029968,3.628751414908038e-07,0.6497889757156372,0.6909833550453186,-0.014669518917798996,0.6230192184448242,0.6212437748908997,-0.019887562841176987,0.644076406955719,0.5637558102607727,-0.025475669652223587,0.679495632648468,0.5529218316078186,-0.03225211799144745,0.6392585635185242,0.5330881476402283,-0.010527059435844421,0.6178586483001709,0.4585954248905182,-0.021403195336461067,0.6061752438545227,0.41200384497642517,-0.0313221774995327,0.599176824092865,0.3720996081829071,-0.04026339203119278,0.6762465238571167,0.5204731822013855,-0.01593448594212532,0.6744261980056763,0.4321414828300476,-0.02437085285782814,0.6758882999420166,0.37507614493370056,-0.035571593791246414,0.6792547702789307,0.3281729817390442,-0.04475724697113037,0.7104406356811523,0.5324753522872925,-0.023962384089827538,0.7272077798843384,0.4541493356227875,-0.037523411214351654,0.7387666702270508,0.40318888425827026,-0.05463632941246033,0.7482119202613831,0.3604239821434021,-0.06724704056978226,0.7412805557250977,0.5625540018081665,-0.03328220546245575,0.7716213464736938,0.5128146409988403,-0.048776060342788696,0.7914918065071106,0.4779681861400604,-0.05967823415994644,0.8084099888801575,0.44616273045539856,-0.06774450093507767
0.6726785898208618,0.7201873064041138,3.8057041251704504e-07,0.6274782419204712,0.6853460073471069,-0.01631999760866165,0.5996695160865784,0.6164717078208923,-0.022604282945394516,0.6199879050254822,0.5566777586936951,-0.028930723667144775,0.6563864350318909,0.5475203990936279,-0.03616774454712868,0.6171776056289673,0.527158796787262,-0.010744141414761543,0.5993731617927551,0.45286837220191956,-0.021167121827602386,0.5907832384109497,0.40592482686042786,-0.03047211654484272,0.5868465304374695,0.36675119400024414,-0.03906119987368584,0.6541765928268433,0.5148454308509827,-0.015694476664066315,0.652862548828125,0.4268704354763031,-0.02467186003923416,0.6542485356330872,0.3696417212486267,-0.03548385202884674,0.6577247381210327,0.32227784395217896,-0.044051896780729294,0.6887636780738831,0.5269630551338196,-0.02349821850657463,0.7051151394844055,0.44836920499801636,-0.03826693072915077,0.7175256013870239,0.39688146114349365,-0.05531742051243782,0.7282350063323975,0.3533417880535126,-0.06744497269392014,0.7200166583061218,0.557458758354187,-0.03266356140375137,0.7486782073974609,0.5076201558113098,-0.049699604511260986,0.7685823440551758,0.47310593724250793,-0.06102938950061798,0.7860645055770874,0.4417359530925751,-0.06901847571134567
0.6451820135116577,0.7117136120796204,4.0319935123989126e-07,0.5981283187866211,0.6797853708267212,-0.01715157739818096,0.5687313079833984,0.6126688718795776,-0.024192333221435547,0.5877662897109985,0.5531647205352783,-0.03107115998864174,0.6229318380355835,0.5441030263900757,-0.03902386873960495,0.5866580009460449,0.5201427340507507,-0.012966304086148739,0.5667127966880798,0.44839534163475037,-0.02417711168527603,0.555662989616394,0.4014405310153961,-0.03452008217573166,0.5492249727249146,0.36040443181991577,-0.044309623539447784,0.6243210434913635,0.5068475008010864,-0.018019186332821846,0.623933732509613,0.41912218928337097,-0.02770683355629444,0.6247021555900574,0.3620280623435974,-0.039181191474199295,0.6269708871841431,0.313397079706192,-0.048644278198480606,0.6585690379142761,0.5186396241188049,-0.025876443833112717,0.6755486130714417,0.4402904212474823,-0.041377127170562744,0.6874286532402039,0.3897317051887512,-0.05847981199622154,0.6975319981575012,0.3462166488170624,-0.07087946683168411,0.6888241767883301,0.548832356929779,-0.03517774119973183,0.718195915222168,0.4987894594669342,-0.05305315554141998,0.7384283542633057,0.4642670154571533,-0.06469942629337311,0.7559735774993896,0.4323098957538605,-0.07307598739862442
0.632384181022644,0.713080883026123,3.825909686838713e-07,0.5846500992774963,0.6814731359481812,-0.017059678211808205,0.5548015832901001,0.6129712462425232,-0.023394271731376648,0.5743774771690369,0.5525278449058533,-0.029521944001317024,0.6094121336936951,0.5425443649291992,-0.03648589923977852,0.5742654800415039,0.5208300352096558,-0.011160868220031261,0.5523967146873474,0.44915610551834106,-0.022236762568354607,0.5402164459228516,0.4041517376899719,-0.032452184706926346,0.532207190990448,0.36644598841667175,-0.041670508682727814,0.6115643382072449,0.5067132115364075,-0.01571219600737095,0.610193133354187,0.41741660237312317,-0.024202462285757065,0.6107579469680786,0.36057764291763306,-0.03455625846982002,0.612975001335144,0.31429529190063477,-0.04293958097696304,0.6459189653396606,0.5179246664047241,-0.023334244266152382,0.661021888256073,0.43960052728652954,-0.03716806322336197,0.6719510555267334,0.38750380277633667,-0.05333844572305679,0.6815730333328247,0.34352943301200867,-0.06513269245624542,0.676719605922699,0.5477128028869629,-0.03254767134785652,0.7046507596969604,0.4981638193130493,-0.048341941088438034,0.7241030335426331,0.4629855751991272,-0.05882285535335541,0.7408768534660339,0.4310513436794281,-0.06647371500730515
0.6191059947013855,0.7134153246879578,3.8733119822609297e-07,0.5711578130722046,0.6852609515190125,-0.018385929986834526,0.5389975905418396,0.6184042096138,-0.024702319875359535,0.556462824344635,0.5576702356338501,-0.030383767560124397,0.5919261574745178,0.541831910610199,-0.03696407377719879,0.5577085018157959,0.5219795107841492,-0.013534675352275372,0.5334563255310059,0.45115184783935547,-0.02458159625530243,0.5206454992294312,0.4051172733306885,-0.03425784409046173,0.5127243995666504,0.36665672063827515,-0.04315747693181038,0.5952977538108826,0.5082374811172485,-0.017440874129533768,0.5937066078186035,0.4193932116031647,-0.026792725548148155,0.5943244695663452,0.36345374584198,-0.03754743933677673,0.5965110659599304,0.31856733560562134,-0.046049829572439194,0.6296848654747009,0.5199244618415833,-0.024372655898332596,0.6436401009559631,0.4425009787082672,-0.03942563757300377,0.6525061726570129,0.38969749212265015,-0.056242670863866806,0.6602734923362732,0.3442915081977844,-0.06835619360208511,0.6602295637130737,0.5499824285507202,-0.03283187374472618,0.6868928074836731,0.4988110363483429,-0.04991788789629936,0.7055342793464661,0.463580846786499,-0.0610397607088089,0.7215718030929565,0.4311293959617615,-0.0690179392695427
0.6189844012260437,0.715992271900177,3.8338203012244776e-07,0.5712398886680603,0.6884634494781494,-0.017972081899642944,0.5389317274093628,0.6204452514648438,-0.023798806592822075,0.5571631193161011,0.5597343444824219,-0.029087023809552193,0.5923991799354553,0.5445946455001831,-0.03538355976343155,0.5573921203613281,0.5250386595726013,-0.012955413199961185,0.5335437655448914,0.4545935392379761,-0.023472299799323082,0.5210791826248169,0.40876173973083496,-0.032753244042396545,0.5135802030563354,0.3699641227722168,-0.04156647250056267,0.5947296619415283,0.5107198357582092,-0.01706748828291893,0.5922951698303223,0.42170262336730957,-0.026141731068491936,0.5928123593330383,0.3659650683403015,-0.03677607700228691,0.5951792597770691,0.3211256265640259,-0.04531282186508179,0.6289201974868774,0.5221432447433472,-0.024187635630369186,0.6428283452987671,0.44451260566711426,-0.039120327681303024,0.651967465877533,0.39211705327033997,-0.05615929141640663,0.6600360870361328,0.34702539443969727,-0.0685754343867302,0.6593701243400574,0.5520471930503845,-0.032800789922475815,0.6859622597694397,0.5010240077972412,-0.04989708960056305,0.7047790288925171,0.4662739336490631,-0.061295077204704285,0.7210116982460022,0.43414175510406494,-0.0696253702044487
0.6208829879760742,0.7192142009735107,3.968848147906101e-07,0.5740060210227966,0.6914585828781128,-0.01874057576060295,0.543420135974884,0.6257007718086243,-0.026023710146546364,0.5655200481414795,0.5701248645782471,-0.03264285996556282,0.6018587350845337,0.55842524766922,-0.040423087775707245,0.557205080986023,0.5288484692573547,-0.015743611380457878,0.531879186630249,0.4592893421649933,-0.027322372421622276,0.5183867812156677,0.4139636158943176,-0.03740309178829193,0.5100018978118896,0.3756742477416992,-0.046694833785295486,0.5942162275314331,0.5144786834716797,-0.019765254110097885,0.5917874574661255,0.4267021417617798,-0.030111828818917274,0.5920130610466003,0.3710794150829315,-0.04170622676610947,0.5936827659606934,0.3261722922325134,-0.050866223871707916,0.6280617117881775,0.5257323384284973,-0.02670964039862156,0.6416235566139221,0.44765862822532654,-0.0423155277967453,0.6502928137779236,0.39572349190711975,-0.06009262800216675,0.6576714515686035,0.35063448548316956,-0.0729396715760231,0.6580868363380432,0.5551885962486267,-0.0351528599858284,0.6845694780349731,0.5036020874977112,-0.05239307880401611,0.7028223276138306,0.46871232986450195,-0.06398613750934601,0.7182405591011047,0.43626490235328674,-0.07249343395233154
0.6240861415863037,0.7299950122833252,3.845340188490809e-07,0.5776204466819763,0.7023214101791382,-0.017098672688007355,0.545018196105957,0.6362144351005554,-0.02357964962720871,0.5667825937271118,0.5797343850135803,-0.02979929931461811,0.6059198379516602,0.5702008008956909,-0.03722693771123886,0.5554828643798828,0.5397661328315735,-0.014036682434380054,0.5302591919898987,0.4698691964149475,-0.02499270811676979,0.5166527032852173,0.42594167590141296,-0.03477811813354492,0.5075341463088989,0.3883623778820038,-0.04400201141834259,0.5912609100341797,0.5238438248634338,-0.01876561902463436,0.584078848361969,0.4356197714805603,-0.02860591560602188,0.5805877447128296,0.37947994470596313,-0.040126752108335495,0.5787889957427979,0.33303511142730713,-0.04927869886159897,0.6254973411560059,0.5335935950279236,-0.026237020269036293,0.6344925761222839,0.4538482427597046,-0.04132935032248497,0.6402989625930786,0.4013200104236603,-0.05932042375206947,0.644891619682312,0.35556477308273315,-0.072354756295681,0.6572583913803101,0.5615375638008118,-0.03511364012956619,0.6827454566955566,0.5081868171691895,-0.05194934085011482,0.7000918984413147,0.4715120494365692,-0.06383202224969864,0.7145675420761108,0.4373939335346222,-0.07263943552970886
0.6267346739768982,0.7338845729827881,3.8151850390022446e-07,0.5813912749290466,0.7056217789649963,-0.016182688996195793,0.5501481294631958,0.6395183801651001,-0.02219301648437977,0.5707584023475647,0.583432137966156,-0.028176629915833473,0.608573853969574,0.5751097202301025,-0.03540756553411484,0.5584828853607178,0.5432782769203186,-0.012408522889018059,0.5321083068847656,0.4734432101249695,-0.023029480129480362,0.517636775970459,0.4290336072444916,-0.03250030055642128,0.508078932762146,0.3919360935688019,-0.04125472903251648,0.5941806435585022,0.5273180603981018,-0.017351804301142693,0.5869776606559753,0.4389447569847107,-0.026892710477113724,0.583085298538208,0.3823409378528595,-0.03818129748106003,0.5810338854789734,0.336811900138855,-0.04696384817361832,0.628422737121582,0.5365999937057495,-0.024979503825306892,0.6371790170669556,0.4556519389152527,-0.03968793526291847,0.6418794393539429,0.4026643633842468,-0.057391755282878876,0.645422637462616,0.3574281632900238,-0.07011286914348602,0.6599998474121094,0.5642117261886597,-0.03392947092652321,0.6857537627220154,0.5117840766906738,-0.050027862191200256,0.702513575553894,0.47503143548965454,-0.06125964969396591,0.7165551781654358,0.44183340668678284,-0.06950791925191879
0.6396834254264832,0.755324125289917,3.9814167962504143e-07,0.5946205258369446,0.7223993539810181,-0.015049115754663944,0.5649123787879944,0.6581506133079529,-0.02210991457104683,0.5880080461502075,0.6076143383979797,-0.02957800216972828,0.626526415348053,0.6026875376701355,-0.038610395044088364,0.5745761394500732,0.5628713369369507,-0.01274145394563675,0.5482866168022156,0.49318748712539673,-0.024228109046816826,0.5334832668304443,0.4504658579826355,-0.03459729999303818,0.5232182741165161,0.4148590564727783,-0.04379735514521599,0.610198974609375,0.5480865240097046,-0.018750891089439392,0.6047061085700989,0.45748257637023926,-0.028452377766370773,0.6017664074897766,0.39977389574050903,-0.04021568223834038,0.6005399823188782,0.3537146747112274,-0.049436770379543304,0.6444981098175049,0.558932900428772,-0.027316898107528687,0.653880774974823,0.47645479440689087,-0.04162010923027992,0.6589927673339844,0.4226943254470825,-0.05935554578900337,0.6632115840911865,0.37731921672821045,-0.0721389427781105,0.6763334274291992,0.5876429080963135,-0.03711290284991264,0.7015674114227295,0.5330297350883484,-0.05243875831365585,0.718230664730072,0.49520957469940186,-0.06293389201164246,0.7322284579277039,0.46157780289649963,-0.07070868462324142
0.6508803963661194,0.8220922350883484,3.905322785158205e-07,0.6032028794288635,0.7927693128585815,-0.020547060295939445,0.572554886341095,0.7271915078163147,-0.02959623374044895,0.5996202230453491,0.6769871711730957,-0.03786075487732887,0.6437634229660034,0.6730691194534302,-0.04704040288925171,0.5802758932113647,0.624111533164978,-0.016274182125926018,0.5555543899536133,0.5510441064834595,-0.02826545014977455,0.5418512225151062,0.5050917267799377,-0.03928622230887413,0.5321509838104248,0.4672485589981079,-0.04936335235834122,0.6189125776290894,0.6090561151504517,-0.01987195760011673,0.6138973832130432,0.5193868279457092,-0.029518375173211098,0.6114763021469116,0.4627934992313385,-0.04135555401444435,0.6102930307388306,0.41736888885498047,-0.05119701102375984,0.6543486714363098,0.6196469664573669,-0.026556415483355522,0.6670509576797485,0.5383368134498596,-0.04095710441470146,0.6716598868370056,0.4844862222671509,-0.058717697858810425,0.6748185157775879,0.43830007314682007,-0.0719643086194992,0.6860651969909668,0.6486614346504211,-0.03513408824801445,0.7131642699241638,0.5958558917045593,-0.05147702619433403,0.7301042675971985,0.5591381788253784,-0.06286249309778214,0.7440481781959534,0.5262311100959778,-0.07141804695129395
0.6555317044258118,0.8265329003334045,4.179741210919019e-07,0.6097858548164368,0.797700822353363,-0.019534416496753693,0.581924319267273,0.7350624203681946,-0.028129052370786667,0.610268235206604,0.6840766668319702,-0.03630325570702553,0.6508284211158752,0.6768141984939575,-0.04578227177262306,0.5881908535957336,0.6274129152297974,-0.014909784309566021,0.562041699886322,0.5557997226715088,-0.02685678005218506,0.5478112697601318,0.5104967355728149,-0.038040630519390106,0.5384325981140137,0.47108304500579834,-0.04816489666700363,0.6259458065032959,0.6113739013671875,-0.019082019105553627,0.6212756037712097,0.5203333497047424,-0.029293930158019066,0.6187493801116943,0.461660772562027,-0.042140789330005646,0.6176676750183105,0.41280102729797363,-0.052449073642492294,0.6604457497596741,0.6219736337661743,-0.026276910677552223,0.6720988750457764,0.5407703518867493,-0.04135429859161377,0.6787962913513184,0.4865459203720093,-0.060233600437641144,0.684005081653595,0.43946802616119385,-0.0739077478647232,0.6917235255241394,0.6506175994873047,-0.03519955649971962,0.7184421420097351,0.5957993865013123,-0.05159743130207062,0.7365310788154602,0.558771014213562,-0.06330138444900513,0.7514155507087708,0.5248255729675293,-0.07198942452669144
0.6568096876144409,0.8280831575393677,4.110885640784545e-07,0.6109248995780945,0.7972931861877441,-0.01865902729332447,0.5831629037857056,0.7321959733963013,-0.026610027998685837,0.6113250255584717,0.6815701723098755,-0.03410301357507706,0.651347815990448,0.6769726276397705,-0.042936794459819794,0.5904440879821777,0.630864679813385,-0.015440377406775951,0.5645390152931213,0.5610358715057373,-0.027132170274853706,0.5501123666763306,0.5167285203933716,-0.03774839639663696,0.540598452091217,0.47863155603408813,-0.04742053896188736,0.6277478933334351,0.6167085766792297,-0.019677333533763885,0.6232621073722839,0.5279720425605774,-0.029598800465464592,0.62177574634552,0.4712514877319336,-0.04163282737135887,0.6219003200531006,0.42466914653778076,-0.0513312965631485,0.6621248722076416,0.6289486885070801,-0.02680360898375511,0.6729653477668762,0.5495494604110718,-0.04156487062573433,0.6790967583656311,0.49681538343429565,-0.05977176874876022,0.6838546991348267,0.4512289762496948,-0.07292710989713669,0.6931264996528625,0.6590057611465454,-0.03554521128535271,0.7182549238204956,0.6041275262832642,-0.05167931318283081,0.7355035543441772,0.5671505928039551,-0.06298772245645523,0.7497050762176514,0.5335253477096558,-0.07135205715894699
0.6587328314781189,0.8271962404251099,4.0404626133749844e-07,0.6125438809394836,0.7976452112197876,-0.018197473138570786,0.5845655202865601,0.7335659861564636,-0.026016732677817345,0.6119375824928284,0.6819972395896912,-0.03348018229007721,0.6515504717826843,0.6763352155685425,-0.042233992367982864,0.5915376543998718,0.6336306929588318,-0.015136722475290298,0.5649294853210449,0.5649159550666809,-0.026852348819375038,0.5500220656394958,0.5212656259536743,-0.03738643229007721,0.5401323437690735,0.48380380868911743,-0.04694964736700058,0.628124475479126,0.6184543371200562,-0.019524477422237396,0.6225449442863464,0.5293426513671875,-0.02946290373802185,0.6203047633171082,0.4726507365703583,-0.04136122018098831,0.6198529601097107,0.4264880418777466,-0.050924330949783325,0.6620792746543884,0.6294892430305481,-0.026750683784484863,0.6729732155799866,0.5507633090019226,-0.04148060828447342,0.6794633865356445,0.49825015664100647,-0.05959330499172211,0.6845213174819946,0.45318469405174255,-0.07267779111862183,0.6929106712341309,0.6584251523017883,-0.035557545721530914,0.7182335257530212,0.6043447852134705,-0.05150923132896423,0.7356377243995667,0.5680815577507019,-0.06272605806589127,0.7499325275421143,0.5352396965026855,-0.07105261832475662
0.655724048614502,0.8457131385803223,3.908746748493286e-07,0.6097202301025391,0.814683198928833,-0.015684345737099648,0.58168625831604,0.7498723864555359,-0.022037765011191368,0.6078732013702393,0.6997089982032776,-0.028609611093997955,0.6477848887443542,0.6949532628059387,-0.036794066429138184,0.58875972032547,0.6557289361953735,-0.0120426956564188,0.5627274513244629,0.5886982083320618,-0.023215321823954582,0.5482285022735596,0.5460397005081177,-0.033668696880340576,0.5381827354431152,0.5098398923873901,-0.043049465864896774,0.6247750520706177,0.639954686164856,-0.017555534839630127,0.6195526719093323,0.5526981949806213,-0.02677200920879841,0.616838812828064,0.4964025020599365,-0.03845728933811188,0.6158390045166016,0.45081931352615356,-0.04771864041686058,0.6587725877761841,0.6500924825668335,-0.02577831596136093,0.6711218357086182,0.5705659985542297,-0.040045224130153656,0.6778736114501953,0.5182483196258545,-0.057709887623786926,0.6833739280700684,0.47350582480430603,-0.07036608457565308,0.6897261142730713,0.6788229942321777,-0.03536399453878403,0.7159445881843567,0.6252061128616333,-0.05128456652164459,0.733710765838623,0.5893819332122803,-0.06177721917629242,0.7484821081161499,0.5577952861785889,-0.06933236122131348
0.674848735332489,0.87889564037323,4.5465307607628347e-07,0.6322614550590515,0.847815752029419,-0.01686536893248558,0.605239987373352,0.7872369289398193,-0.025246012955904007,0.6316631436347961,0.7422019839286804,-0.03359988331794739,0.671378493309021,0.7357121706008911,-0.043558090925216675,0.6096082925796509,0.6890429258346558,-0.016614655032753944,0.5852808952331543,0.6195734739303589,-0.028556566685438156,0.5719143152236938,0.5749588012695312,-0.039027053862810135,0.5631484985351562,0.5358854532241821,-0.04852773994207382,0.644210696220398,0.6754527688026428,-0.02194935828447342,0.639788806438446,0.5883842706680298,-0.03200184926390648,0.6395121812820435,0.5316557884216309,-0.04405432939529419,0.6414477825164795,0.4855130910873413,-0.05378027260303497,0.6772607564926147,0.6873511672019958,-0.029757795855402946,0.6904048919677734,0.6072226762771606,-0.04492492228746414,0.6984047889709473,0.5542840957641602,-0.06385094672441483,0.7055915594100952,0.5100802779197693,-0.07763995975255966,0.7074489593505859,0.7174102067947388,-0.03886478394269943,0.7381177544593811,0.6681278944015503,-0.05656891316175461,0.7584570050239563,0.6338314414024353,-0.06887979805469513,0.775763213634491,0.6042285561561584,-0.0777030661702156
0.6860242486000061,0.876025378704071,4.3162449969713634e-07,0.6411657333374023,0.8448808193206787,-0.016293596476316452,0.6140475273132324,0.7812747359275818,-0.023348677903413773,0.6437200307846069,0.7354317903518677,-0.030471518635749817,0.6836850643157959,0.7298625707626343,-0.039131682366132736,0.6189460754394531,0.6881813406944275,-0.014783254824578762,0.5944876074790955,0.6177374124526978,-0.026002421975135803,0.5808371901512146,0.5728891491889954,-0.03598402068018913,0.5712418556213379,0.534504234790802,-0.04516439512372017,0.6540400981903076,0.6736874580383301,-0.01995704509317875,0.6477283239364624,0.5845062732696533,-0.029353594407439232,0.6464853882789612,0.5275259613990784,-0.04071866720914841,0.6474593877792358,0.4818575382232666,-0.04990934580564499,0.6876276135444641,0.6848427057266235,-0.027668798342347145,0.6996301412582397,0.6041457653045654,-0.04226553812623024,0.7078595757484436,0.5518328547477722,-0.060202233493328094,0.7151129245758057,0.5085339546203613,-0.07325274497270584,0.7183130383491516,0.713638424873352,-0.036712490022182465,0.747480034828186,0.6630557775497437,-0.05352828651666641,0.7675236463546753,0.628630518913269,-0.06480762362480164,0.7843099236488342,0.5991464257240295,-0.07301992923021317
0.706807017326355,0.8429297208786011,4.417859145178227e-07,0.6590198278427124,0.8078579902648926,-0.016167202964425087,0.6297468543052673,0.742744505405426,-0.023638352751731873,0.6533383131027222,0.6892783045768738,-0.031086284667253494,0.693207323551178,0.686797022819519,-0.03964401036500931,0.6342301368713379,0.6566967964172363,-0.013294671662151814,0.6109057664871216,0.590388298034668,-0.02384895272552967,0.5971905589103699,0.547743558883667,-0.03347671777009964,0.5879180431365967,0.5107682347297668,-0.042621415108442307,0.6697754263877869,0.6429963707923889,-0.01862601563334465,0.6639008522033691,0.5582451820373535,-0.027375122532248497,0.6624159216880798,0.5040743947029114,-0.037765443325042725,0.6634376049041748,0.461544007062912,-0.04616846889257431,0.7049629092216492,0.6533079743385315,-0.026601430028676987,0.7155871391296387,0.5752360820770264,-0.04065018519759178,0.7218004465103149,0.522826075553894,-0.057333145290613174,0.7273958921432495,0.4806278944015503,-0.06934193521738052,0.7377985715866089,0.6817548274993896,-0.03597298637032509,0.7646435499191284,0.6312032341957092,-0.052350565791130066,0.7820872068405151,0.5951789617538452,-0.06314463913440704,0.7971476912498474,0.5651900172233582,-0.07079195976257324
0.7176629900932312,0.7226572036743164,5.535480909202306e-07,0.6716959476470947,0.6754522323608398,-0.011363302357494831,0.6481736898422241,0.6027578115463257,-0.013995882123708725,0.6722713708877563,0.5475597381591797,-0.017802374437451363,0.7069946527481079,0.5357747077941895,-0.02253955602645874,0.6482096314430237,0.518730878829956,0.0021983711048960686,0.6237130761146545,0.45376354455947876,-0.004439986776560545,0.6092451810836792,0.40971043705940247,-0.013223576359450817,0.5996352434158325,0.37031060457229614,-0.021748824045062065,0.6833792924880981,0.5019716024398804,-0.003939458169043064,0.6774741411209106,0.42002198100090027,-0.009719006717205048,0.6751476526260376,0.3633562922477722,-0.02116508036851883,0.6747329235076904,0.3174731731414795,-0.029862351715564728,0.7175782918930054,0.5100738406181335,-0.012959894724190235,0.7262496948242188,0.4356486201286316,-0.024300135672092438,0.7309261560440063,0.38461431860923767,-0.04087502881884575,0.7347574234008789,0.3411852717399597,-0.05243988335132599,0.7497997283935547,0.5364513993263245,-0.023120440542697906,0.7731113433837891,0.4844249486923218,-0.03648417070508003,0.7892223000526428,0.44973069429397583,-0.04519442468881607,0.8032770156860352,0.4187743663787842,-0.05090361833572388
0.7123474478721619,0.6855795383453369,3.725964461409603e-07,0.6671949625015259,0.6486859321594238,-0.013483178801834583,0.643428385257721,0.5759804248809814,-0.016357257962226868,0.6682724356651306,0.5168664455413818,-0.02032158151268959,0.7015984654426575,0.5015668869018555,-0.025238055735826492,0.644908607006073,0.49863043427467346,-0.002980247139930725,0.6169387102127075,0.431293249130249,-0.011123349890112877,0.6015623807907104,0.38873082399368286,-0.019000349566340446,0.5919475555419922,0.35236117243766785,-0.026626169681549072,0.6800074577331543,0.4802652597427368,-0.008710231631994247,0.6713757514953613,0.392634779214859,-0.015824319794774055,0.667878270149231,0.33624908328056335,-0.02608356438577175,0.6679378747940063,0.2918941378593445,-0.034121327102184296,0.7146088480949402,0.4877908527851105,-0.017558058723807335,0.7230458855628967,0.4092947542667389,-0.03098287247121334,0.7303682565689087,0.3593218922615051,-0.04824886843562126,0.7378364205360413,0.3173809349536896,-0.060445185750722885,0.7471429109573364,0.5122382640838623,-0.02770604006946087,0.7729402780532837,0.46005332469940186,-0.043013252317905426,0.7918208241462708,0.42413461208343506,-0.05398687720298767,0.80865478515625,0.392137348651886,-0.06194733455777168
0.6991745829582214,0.6721665859222412,3.955248644160747e-07,0.6549500823020935,0.635499119758606,-0.014895291067659855,0.630494236946106,0.5651893615722656,-0.0197091456502676,0.6574788093566895,0.5098803639411926,-0.02521236427128315,0.6940109133720398,0.49669912457466125,-0.03175447881221771,0.6359965205192566,0.4845268726348877,-0.00807687547057867,0.610203206539154,0.4166121482849121,-0.01753763109445572,0.594897449016571,0.37401390075683594,-0.026533469557762146,0.5839823484420776,0.3370599150657654,-0.03498226776719093,0.6713589429855347,0.46763524413108826,-0.013405608013272285,0.6640251278877258,0.38036784529685974,-0.020463163033127785,0.6607029438018799,0.3241264820098877,-0.03018292784690857,0.6597712635993958,0.2788531482219696,-0.03812794014811516,0.7060405015945435,0.4769846498966217,-0.02172170579433441,0.7169204354286194,0.397699773311615,-0.03422335907816887,0.7246742248535156,0.34755176305770874,-0.050375763326883316,0.7316246032714844,0.3057425022125244,-0.06210550665855408,0.7384305000305176,0.5037404298782349,-0.03155461698770523,0.767156183719635,0.45177793502807617,-0.04654417932033539,0.7866076827049255,0.4152023196220398,-0.05700971558690071,0.8034859299659729,0.38276875019073486,-0.06456375122070312
0.6301378607749939,0.687112033367157,3.892900224400364e-07,0.5844982862472534,0.652970552444458,-0.01605018600821495,0.5565563440322876,0.588641881942749,-0.02321946993470192,0.5808980464935303,0.5338577032089233,-0.03067736327648163,0.618547260761261,0.526095986366272,-0.039428941905498505,0.5641632676124573,0.4971308708190918,-0.012750676833093166,0.5395239591598511,0.4289681017398834,-0.025265488773584366,0.5238915085792542,0.3863427937030792,-0.03695841506123543,0.5120157599449158,0.34973984956741333,-0.04687618836760521,0.6000376343727112,0.4813554286956787,-0.017978793010115623,0.5941105484962463,0.39514362812042236,-0.02678097039461136,0.5916573405265808,0.3382420539855957,-0.037410106509923935,0.5909209251403809,0.29099535942077637,-0.04610493779182434,0.6348110437393188,0.49101611971855164,-0.02606576308608055,0.6465421915054321,0.4118967354297638,-0.03913095220923424,0.6530342698097229,0.36050695180892944,-0.054964903742074966,0.6580394506454468,0.3176911473274231,-0.06653352826833725,0.667064368724823,0.5185120105743408,-0.03578650951385498,0.6949365139007568,0.4652431011199951,-0.050697822123765945,0.713624894618988,0.42974787950515747,-0.06035613641142845,0.7295316457748413,0.39975202083587646,-0.06717342883348465
0.6047953367233276,0.691385805606842,3.905603307430283e-07,0.5550404191017151,0.6598078608512878,-0.014313152059912682,0.5243961811065674,0.5928152799606323,-0.01911456696689129,0.5458267331123352,0.5371769666671753,-0.02461346425116062,0.5824127793312073,0.5296632647514343,-0.03158000856637955,0.5329741835594177,0.5032914876937866,-0.007371354848146439,0.5071940422058105,0.4363146126270294,-0.017502114176750183,0.49236860871315,0.3949412405490875,-0.027306081727147102,0.48174500465393066,0.3621172308921814,-0.03583814948797226,0.5694876313209534,0.48473477363586426,-0.013078868389129639,0.5652258396148682,0.3979114294052124,-0.020836172625422478,0.5614822506904602,0.3416265845298767,-0.03184940665960312,0.5590794086456299,0.2969491183757782,-0.040434565395116806,0.6047924757003784,0.49176788330078125,-0.02168930508196354,0.6162591576576233,0.4115345776081085,-0.034631188958883286,0.6215884685516357,0.3586474061012268,-0.052246857434511185,0.6254949569702148,0.31448039412498474,-0.06498279422521591,0.6373720169067383,0.5176292061805725,-0.03159438446164131,0.6645435094833374,0.4660286605358124,-0.046278517693281174,0.6821561455726624,0.4299743175506592,-0.05661910027265549,0.6968190670013428,0.39882397651672363,-0.0641239732503891
0.8518953919410706,0.9509903788566589,3.9560623577017395e-07,0.8060075640678406,0.914823591709137,-0.016936013475060463,0.7780322432518005,0.8465982675552368,-0.024869931861758232,0.8041115999221802,0.7949128150939941,-0.03303566202521324,0.8437267541885376,0.7979632019996643,-0.042391087859869,0.7880926728248596,0.7521716356277466,-0.012036295607686043,0.7638161778450012,0.679067850112915,-0.02276936173439026,0.750322699546814,0.6336308717727661,-0.032918576151132584,0.7413806319236755,0.5941967368125916,-0.04262179136276245,0.8244731426239014,0.7382667660713196,-0.017670108005404472,0.8160656690597534,0.6487274765968323,-0.026685884222388268,0.8129348158836365,0.5908375978469849,-0.038432084023952484,0.8119899034500122,0.5428407788276672,-0.048098374158144,0.8602480292320251,0.749798595905304,-0.02611718885600567,0.8681713342666626,0.6676134467124939,-0.039986323565244675,0.8751686811447144,0.6137933731079102,-0.057870764285326004,0.8808536529541016,0.5683264136314392,-0.07101583480834961,0.8946473598480225,0.7788164019584656,-0.03619316965341568,0.920346200466156,0.7242497205734253,-0.05141801759600639,0.9385766983032227,0.6864417791366577,-0.06243056803941727,0.9540448784828186,0.6538740396499634,-0.07083281874656677
0.8482481241226196,0.9565922021865845,3.9588067579643393e-07,0.8019683361053467,0.9203028082847595,-0.016966549679636955,0.7728560566902161,0.8512369990348816,-0.024671761319041252,0.7985918521881104,0.7995396852493286,-0.032588373869657516,0.8383464217185974,0.8012648224830627,-0.041589416563510895,0.7837222814559937,0.7570549845695496,-0.012565543875098228,0.7594298124313354,0.6835210919380188,-0.0235736146569252,0.7455186247825623,0.638191819190979,-0.03388163074851036,0.735775887966156,0.5985298156738281,-0.04361993074417114,0.8202993869781494,0.742651641368866,-0.018223436549305916,0.8117766380310059,0.6522363424301147,-0.02729344740509987,0.80818110704422,0.5933210849761963,-0.03889070078730583,0.8067359924316406,0.5440674424171448,-0.048454705625772476,0.8562653660774231,0.754230797290802,-0.02668583393096924,0.8649817705154419,0.6727676391601562,-0.04043987765908241,0.8720783591270447,0.6187546253204346,-0.0579407624900341,0.8776652812957764,0.572959303855896,-0.07080315798521042,0.8908449411392212,0.7835736274719238,-0.03681248426437378,0.9170452952384949,0.7279183268547058,-0.051661305129528046,0.9355823993682861,0.6900542974472046,-0.06207912787795067,0.9510823488235474,0.6573593020439148,-0.07009216398000717
0.8380042314529419,0.9561043977737427,3.936972063911526e-07,0.7920377254486084,0.9182019829750061,-0.015941746532917023,0.7641643285751343,0.8497559428215027,-0.023637551814317703,0.7905124425888062,0.799950122833252,-0.03171851485967636,0.8306599259376526,0.8019042015075684,-0.0410408116877079,0.7750067710876465,0.7574248909950256,-0.012224143370985985,0.7505011558532715,0.6842844486236572,-0.02339472621679306,0.7369822859764099,0.6386669874191284,-0.03373710438609123,0.7276184558868408,0.5986676812171936,-0.04345767945051193,0.8114383816719055,0.7435938715934753,-0.018476132303476334,0.8034882545471191,0.6537161469459534,-0.027503017336130142,0.8005519509315491,0.595734715461731,-0.039012372493743896,0.7995823621749878,0.5473445057868958,-0.048470158129930496,0.847321629524231,0.7555006742477417,-0.027393480762839317,0.8559792637825012,0.6735588908195496,-0.04084714874625206,0.8634560108184814,0.61996990442276,-0.057845041155815125,0.869522750377655,0.5743861198425293,-0.07037470489740372,0.8817691206932068,0.7851231694221497,-0.03789035603404045,0.9077429175376892,0.7308100461959839,-0.05253829061985016,0.9260314702987671,0.6925920248031616,-0.06257860362529755,0.9414088726043701,0.6594504714012146,-0.0702323317527771
0.8035813570022583,0.9342649579048157,4.019418895495619e-07,0.7560851573944092,0.8980604410171509,-0.015543133020401001,0.7269072532653809,0.8290629982948303,-0.02278212085366249,0.7485396265983582,0.7744401097297668,-0.030432650819420815,0.7852714657783508,0.7760695219039917,-0.03961995244026184,0.7381902933120728,0.7355306148529053,-0.012784779071807861,0.7140406370162964,0.6623623967170715,-0.023820308968424797,0.7005776166915894,0.6163941621780396,-0.03409910947084427,0.6916062831878662,0.5751538872718811,-0.043935418128967285,0.7743499279022217,0.7211008667945862,-0.019509756937623024,0.7667371034622192,0.6305915117263794,-0.02933274209499359,0.7626993060112,0.572019636631012,-0.041221633553504944,0.7607204914093018,0.523055911064148,-0.0508304201066494,0.8100395798683167,0.7328276634216309,-0.028738895431160927,0.8191797137260437,0.6514295339584351,-0.04301748052239418,0.8261407613754272,0.5973957777023315,-0.06043662875890732,0.83165043592453,0.5510481595993042,-0.07329341769218445,0.8436057567596436,0.762745201587677,-0.03943103551864624,0.8684712648391724,0.7073819637298584,-0.054773736745119095,0.8861131072044373,0.668626606464386,-0.06517857313156128,0.9008785486221313,0.6338599324226379,-0.07317715883255005
0.7894942164421082,0.9355941414833069,3.714337992732908e-07,0.74256432056427,0.8976607322692871,-0.012973926030099392,0.7157500982284546,0.829585611820221,-0.018758444115519524,0.7382924556732178,0.7769594788551331,-0.0257205069065094,0.7736396193504333,0.77679842710495,-0.03437930718064308,0.7259461879730225,0.7368481159210205,-0.008304208517074585,0.701021671295166,0.6652705073356628,-0.018442917615175247,0.6870968341827393,0.6199652552604675,-0.028284789994359016,0.6776717305183411,0.5794581770896912,-0.03772934898734093,0.7619513273239136,0.7221217751502991,-0.015911487862467766,0.7544376850128174,0.6326581835746765,-0.024746906012296677,0.751250684261322,0.5740727186203003,-0.0365719236433506,0.7499228715896606,0.5252867937088013,-0.0462057925760746,0.7975335121154785,0.7325029373168945,-0.025993959978222847,0.8067983388900757,0.6514591574668884,-0.03940505534410477,0.8132457733154297,0.5975968241691589,-0.05687936395406723,0.8179736733436584,0.5513914227485657,-0.06983484327793121,0.8310589790344238,0.760877788066864,-0.0373675599694252,0.8569055199623108,0.7065269947052002,-0.05165180563926697,0.8750547766685486,0.6682136058807373,-0.06166999787092209,0.8900625109672546,0.6344336867332458,-0.06946855038404465
0.7717080116271973,0.942062258720398,3.7496170079975855e-07,0.7261807918548584,0.9063701629638672,-0.013958504423499107,0.6975759863853455,0.8401549458503723,-0.020101238042116165,0.7179962992668152,0.7875644564628601,-0.027128856629133224,0.7537593841552734,0.7852890491485596,-0.035614319145679474,0.7097523212432861,0.7434444427490234,-0.00932059995830059,0.6852468848228455,0.6709342002868652,-0.019826384261250496,0.6710683703422546,0.6249141097068787,-0.029935786500573158,0.6611320972442627,0.5839320421218872,-0.03958559036254883,0.7450054287910461,0.7293928265571594,-0.01639137603342533,0.7370544075965881,0.6392097473144531,-0.02581970952451229,0.7334880232810974,0.5806053876876831,-0.03785315901041031,0.7320836186408997,0.5314642786979675,-0.04758923873305321,0.779702365398407,0.7404507398605347,-0.025991354137659073,0.7881531715393066,0.6593081951141357,-0.04039705544710159,0.7957239747047424,0.6053675413131714,-0.058160651475191116,0.8020686507225037,0.5593505501747131,-0.07117991149425507,0.8123736381530762,0.7693931460380554,-0.036929212510585785,0.8381272554397583,0.7155725955963135,-0.05270982161164284,0.8568935990333557,0.677644670009613,-0.06356742233037949,0.872890293598175,0.6439868211746216,-0.07181288301944733
0.7354816794395447,0.9463352560997009,4.0974549619932077e-07,0.6898075938224792,0.9092193245887756,-0.014731653034687042,0.6623666882514954,0.8449702858924866,-0.022587453946471214,0.6843094229698181,0.7963723540306091,-0.031112371012568474,0.7198082804679871,0.7982287406921387,-0.041205134242773056,0.6745356917381287,0.7485963106155396,-0.013241183944046497,0.6528525948524475,0.6743159294128418,-0.025542519986629486,0.6401821374893188,0.6265603303909302,-0.037204451858997345,0.6313404440879822,0.584589421749115,-0.047881051898002625,0.7111637592315674,0.7365471720695496,-0.0203385129570961,0.7055907249450684,0.6468514204025269,-0.02988602966070175,0.7039352655410767,0.5889605283737183,-0.041233912110328674,0.7032667994499207,0.5409018993377686,-0.05087415874004364,0.7471704483032227,0.7485603094100952,-0.030000241473317146,0.7591671943664551,0.6650344133377075,-0.04364971071481705,0.7660506963729858,0.6124032735824585,-0.059293679893016815,0.771025538444519,0.5687368512153625,-0.07118101418018341,0.7805004715919495,0.7788909673690796,-0.04128612205386162,0.8085376620292664,0.7232782244682312,-0.05704394355416298,0.8274757266044617,0.6861361265182495,-0.06703630089759827,0.8433327078819275,0.6540817022323608,-0.07450692355632782
0.7216275334358215,0.9524245262145996,4.168937834947428e-07,0.6734889149665833,0.9175167679786682,-0.016534900292754173,0.6430768966674805,0.850388765335083,-0.024440255016088486,0.6655967235565186,0.7992168068885803,-0.03258379176259041,0.7040759921073914,0.8023996949195862,-0.042139384895563126,0.6570851802825928,0.7525564432144165,-0.013329011388123035,0.6359806656837463,0.6794110536575317,-0.02505345456302166,0.623809278011322,0.6328659057617188,-0.03641244024038315,0.6150201559066772,0.5911273956298828,-0.047185976058244705,0.6941455602645874,0.7400029301643372,-0.019641630351543427,0.689460277557373,0.6508627533912659,-0.029395917430520058,0.6882396340370178,0.5927802324295044,-0.041658543050289154,0.6883313059806824,0.5428715944290161,-0.05189238488674164,0.7300576567649841,0.7527269721031189,-0.02867325395345688,0.7419602870941162,0.6712226867675781,-0.043342821300029755,0.7510672211647034,0.6173531413078308,-0.061224181205034256,0.7582784295082092,0.5711506605148315,-0.07445138692855835,0.763666570186615,0.7834844589233398,-0.03926893696188927,0.7913897037506104,0.7293750047683716,-0.05553961172699928,0.810647189617157,0.692268431186676,-0.06655973941087723,0.8267541527748108,0.659079372882843,-0.07494787126779556
0.7078811526298523,0.9563088417053223,4.0552043856223463e-07,0.6606801748275757,0.9212037324905396,-0.015546074137091637,0.6316913366317749,0.8531429767608643,-0.022424960508942604,0.6545112133026123,0.8012617230415344,-0.029679851606488228,0.6925073266029358,0.8032592535018921,-0.03837209567427635,0.646701991558075,0.755689263343811,-0.012668631039559841,0.6248612999916077,0.6816718578338623,-0.02431088127195835,0.612217903137207,0.6345743536949158,-0.035492975264787674,0.6033684611320496,0.592690646648407,-0.045916300266981125,0.6835289597511292,0.742889940738678,-0.01897628791630268,0.6789397597312927,0.6516944766044617,-0.028575023636221886,0.6779599785804749,0.5921117067337036,-0.04061201214790344,0.6786736249923706,0.5417689085006714,-0.05048942193388939,0.7192115187644958,0.7555697560310364,-0.027868768200278282,0.7321835160255432,0.672491729259491,-0.0420650914311409,0.7411868572235107,0.6182008981704712,-0.05975843220949173,0.7482942342758179,0.5723899602890015,-0.07283041626214981,0.7527434229850769,0.7866738438606262,-0.03827077895402908,0.7820318937301636,0.73293137550354,-0.05403648689389229,0.8016381859779358,0.6954151391983032,-0.06500577926635742,0.8181866407394409,0.662096381187439,-0.07329361140727997
0.6918767094612122,0.9549905061721802,4.035040319649852e-07,0.6446707844734192,0.9201186895370483,-0.015139867551624775,0.6138614416122437,0.8515772819519043,-0.022438790649175644,0.6345027089118958,0.7999516725540161,-0.030176887288689613,0.6705806851387024,0.8038787245750427,-0.039175670593976974,0.626787543296814,0.7521982192993164,-0.01208792719990015,0.6039779782295227,0.6780810356140137,-0.023042064160108566,0.5910415053367615,0.631157398223877,-0.033599212765693665,0.5823438763618469,0.5897302627563477,-0.04375775158405304,0.6632714867591858,0.740431547164917,-0.018872365355491638,0.6562278866767883,0.6500599384307861,-0.02818978950381279,0.6558027267456055,0.5922574400901794,-0.03955020755529404,0.6579546332359314,0.5440145134925842,-0.04895775392651558,0.6993663311004639,0.7530530691146851,-0.028298741206526756,0.7098419666290283,0.6708175539970398,-0.0424831286072731,0.7189534306526184,0.6160598993301392,-0.05996258929371834,0.7271506190299988,0.5700955986976624,-0.07292152941226959,0.7337472438812256,0.7831004858016968,-0.039199527353048325,0.7611160278320312,0.727872908115387,-0.05473005399107933,0.7806823253631592,0.6894298195838928,-0.06558738648891449,0.7975658774375916,0.6554995179176331,-0.07396800816059113
0.68613600730896,0.9559276700019836,4.011163525774464e-07,0.6377732157707214,0.9213621616363525,-0.015695802867412567,0.6078945398330688,0.8535861968994141,-0.022972239181399345,0.6290414333343506,0.8007414937019348,-0.03062809258699417,0.6644045114517212,0.8017922639846802,-0.039786968380212784,0.6211778521537781,0.7540228366851807,-0.012264644727110863,0.5982922911643982,0.6798840761184692,-0.023688355460762978,0.5848087668418884,0.6328582763671875,-0.0345633365213871,0.5756323933601379,0.5911945700645447,-0.0448196642100811,0.6574335098266602,0.741080641746521,-0.018911520019173622,0.6493909358978271,0.6499511003494263,-0.028945157304406166,0.6469645500183105,0.5908533334732056,-0.041367821395397186,0.6470144391059875,0.5413550138473511,-0.05149009823799133,0.6931806802749634,0.7531107664108276,-0.028179021552205086,0.7040836215019226,0.6705065369606018,-0.043000806123018265,0.7121483683586121,0.6153404712677002,-0.06127225235104561,0.7187225222587585,0.5682562589645386,-0.07474958896636963,0.726943850517273,0.7832962274551392,-0.038893766701221466,0.7543614506721497,0.72819584608078,-0.05463714897632599,0.772802472114563,0.6896989941596985,-0.06564681231975555,0.7881362438201904,0.6549410820007324,-0.07416290789842606
0.6839584708213806,0.9575525522232056,4.0077111407299526e-07,0.6360850930213928,0.9253525733947754,-0.016712039709091187,0.6053529977798462,0.8561636209487915,-0.023677518591284752,0.6253921389579773,0.8017601370811462,-0.030691588297486305,0.6604764461517334,0.8016440272331238,-0.03912251070141792,0.6179364323616028,0.7565488219261169,-0.01303630881011486,0.5950418710708618,0.6823290586471558,-0.024257106706500053,0.5821070671081543,0.635393500328064,-0.03474035859107971,0.5733389258384705,0.5937199592590332,-0.04473840445280075,0.6547288298606873,0.7431800961494446,-0.019068706780672073,0.6471015810966492,0.6515793800354004,-0.029147280380129814,0.6451525092124939,0.592844545841217,-0.04150467365980148,0.6454857587814331,0.5435833930969238,-0.051484983414411545,0.6907082200050354,0.7552383542060852,-0.027788853272795677,0.7011866569519043,0.67329341173172,-0.042970094829797745,0.708916425704956,0.6184589862823486,-0.06147227808833122,0.7151601314544678,0.5710976123809814,-0.07500378787517548,0.7243432998657227,0.7853115200996399,-0.03796709328889847,0.7508798837661743,0.7302272915840149,-0.0541803315281868,0.769199788570404,0.6922822594642639,-0.06549952924251556,0.7844630479812622,0.6575353741645813,-0.07417228817939758
0.6809740662574768,0.9592170119285583,3.932718755095266e-07,0.6332362294197083,0.9261159896850586,-0.015489814803004265,0.6026930809020996,0.8580433130264282,-0.02210824191570282,0.6219936609268188,0.8039679527282715,-0.02913864329457283,0.6569931507110596,0.801853597164154,-0.03756110370159149,0.6148640513420105,0.7586555480957031,-0.01185742486268282,0.5902537703514099,0.6840816140174866,-0.02308216318488121,0.5761275887489319,0.6369629502296448,-0.033551208674907684,0.5659428834915161,0.5950062274932861,-0.04344593733549118,0.651335597038269,0.7442090511322021,-0.01826479099690914,0.6430651545524597,0.6521494388580322,-0.028085622936487198,0.6399030089378357,0.5929521322250366,-0.040143080055713654,0.6388285756111145,0.5435171723365784,-0.049829915165901184,0.6873233914375305,0.7550563216209412,-0.027273694053292274,0.6968973875045776,0.673101007938385,-0.041788797825574875,0.704689085483551,0.6183990240097046,-0.059617433696985245,0.7111577391624451,0.5719192028045654,-0.07266824692487717,0.7209902405738831,0.7840644717216492,-0.0377487987279892,0.747595489025116,0.7293421626091003,-0.053373727947473526,0.7660394310951233,0.6911740303039551,-0.06428547948598862,0.7817517518997192,0.656920313835144,-0.07258061319589615
0.6693155765533447,0.9619176387786865,3.810295368111838e-07,0.6211617588996887,0.929063081741333,-0.015495982021093369,0.5894611477851868,0.8640193343162537,-0.023423202335834503,0.6076081395149231,0.8105424046516418,-0.03183799609541893,0.6434099674224854,0.8086221814155579,-0.041542958468198776,0.6027697920799255,0.7629325985908508,-0.012849383056163788,0.5779232978820801,0.6885318756103516,-0.02504662424325943,0.5631401538848877,0.6408054232597351,-0.03643765673041344,0.5524131059646606,0.5978610515594482,-0.04710589721798897,0.637798011302948,0.7498459815979004,-0.019879210740327835,0.6284940838813782,0.6588093638420105,-0.03021402843296528,0.6247243881225586,0.6000902652740479,-0.042015980929136276,0.6228220462799072,0.5508933663368225,-0.05169954523444176,0.673008382320404,0.7617002129554749,-0.029551642015576363,0.682761013507843,0.6778493523597717,-0.04415857791900635,0.6907375454902649,0.6227827668190002,-0.06042494997382164,0.6973372101783752,0.5760072469711304,-0.07245707511901855,0.706620991230011,0.7914167046546936,-0.04084891453385353,0.7326750159263611,0.7342173457145691,-0.056569792330265045,0.7513954043388367,0.6947677135467529,-0.06661496311426163,0.767618715763092,0.6601518988609314,-0.0742136761546135
0.654808521270752,0.9626452326774597,4.321700828313624e-07,0.6055434346199036,0.9315985441207886,-0.01751500926911831,0.5728952288627625,0.8654613494873047,-0.02591014839708805,0.5926952362060547,0.8110416531562805,-0.03436142951250076,0.6295240521430969,0.8099005222320557,-0.04415880888700485,0.5872448086738586,0.7633863687515259,-0.014746662229299545,0.5630859732627869,0.6885059475898743,-0.02683793008327484,0.5496172904968262,0.6410763263702393,-0.03799210116267204,0.5399476289749146,0.5990055799484253,-0.048448000103235245,0.6240959167480469,0.7494050860404968,-0.02091899700462818,0.6164469718933105,0.6565065383911133,-0.03185249865055084,0.6122599840164185,0.5962210893630981,-0.04471336677670479,0.6097924113273621,0.5458145141601562,-0.055001165717840195,0.6604005098342896,0.7609230279922485,-0.029788164421916008,0.6707640886306763,0.6775016784667969,-0.04542626067996025,0.6784180998802185,0.6214064955711365,-0.06385716050863266,0.6848706007003784,0.5740276575088501,-0.07719627022743225,0.6944303512573242,0.7909161448478699,-0.04024220257997513,0.7216131687164307,0.7339641451835632,-0.05684163421392441,0.7401213645935059,0.6945568919181824,-0.0681539997458458,0.7559621334075928,0.6595448851585388,-0.07668260484933853
0.6449189186096191,0.9621102213859558,4.223759049182263e-07,0.5957097411155701,0.9294711351394653,-0.017444390803575516,0.5636076331138611,0.8625300526618958,-0.026048101484775543,0.5836625099182129,0.8092017769813538,-0.034717969596385956,0.6207354068756104,0.8099552989006042,-0.04481664299964905,0.5792027711868286,0.7605708837509155,-0.015331219881772995,0.5544033646583557,0.6852232813835144,-0.028058648109436035,0.540791392326355,0.637162983417511,-0.03970631957054138,0.5314244031906128,0.5942417979240417,-0.050449762493371964,0.6164056658744812,0.7464433312416077,-0.021585162729024887,0.6095701456069946,0.654019296169281,-0.032818038016557693,0.6061740517616272,0.5943159461021423,-0.04568890854716301,0.6041547060012817,0.544025719165802,-0.05600898712873459,0.6525112986564636,0.7582595944404602,-0.030539928004145622,0.664181113243103,0.6750084757804871,-0.046370018273591995,0.6726102232933044,0.6205543875694275,-0.06452105939388275,0.6793028116226196,0.5741655826568604,-0.0776275172829628,0.6860851645469666,0.7888296842575073,-0.04108128324151039,0.7138087749481201,0.7324429750442505,-0.05764588713645935,0.7328951954841614,0.6940107345581055,-0.06862977147102356,0.7490044832229614,0.6598865389823914,-0.07690031826496124
0.6117920875549316,0.9515252113342285,4.0874158457882004e-07,0.5614784359931946,0.9193123579025269,-0.01670113578438759,0.5289609432220459,0.8526755571365356,-0.024219250306487083,0.548341691493988,0.7979074716567993,-0.03202201798558235,0.5845370888710022,0.795343816280365,-0.041167229413986206,0.5443041920661926,0.750150203704834,-0.012043421156704426,0.5195517539978027,0.675614595413208,-0.02347855269908905,0.506226658821106,0.6279042363166809,-0.03422882407903671,0.4975248873233795,0.5854911804199219,-0.04439414665102959,0.5814489722251892,0.7351890206336975,-0.018404604867100716,0.5753383040428162,0.6425384283065796,-0.028930336236953735,0.5719299912452698,0.5833042860031128,-0.04186508432030678,0.5699904561042786,0.5337610244750977,-0.05221390724182129,0.6170910596847534,0.7452765703201294,-0.02756396122276783,0.6303943991661072,0.6630931496620178,-0.04298696666955948,0.639113187789917,0.6074573993682861,-0.061832863837480545,0.6456332206726074,0.5600119829177856,-0.07550958544015884,0.6499388217926025,0.7740890383720398,-0.03823725879192352,0.677665114402771,0.7182958126068115,-0.05434374138712883,0.6961762309074402,0.6797128915786743,-0.06569330394268036,0.711509644985199,0.6451615691184998,-0.07436894625425339
0.5987021327018738,0.9575951099395752,4.186481987744628e-07,0.5483565330505371,0.9246841073036194,-0.017100675031542778,0.5154742002487183,0.859204888343811,-0.02531648986041546,0.5348191857337952,0.8050404787063599,-0.03354504331946373,0.5718818306922913,0.8028674721717834,-0.043117087334394455,0.531690776348114,0.7536656856536865,-0.014044155366718769,0.5077672004699707,0.679286777973175,-0.02642732299864292,0.4948105216026306,0.6322205662727356,-0.03803468123078346,0.48595866560935974,0.5907578468322754,-0.04855560511350632,0.5692374110221863,0.7412996292114258,-0.020303603261709213,0.5645869374275208,0.6491802930831909,-0.031124623492360115,0.5609045624732971,0.589261531829834,-0.044500451534986496,0.5583168864250183,0.5387952327728271,-0.05526266619563103,0.6053433418273926,0.7538359761238098,-0.029248565435409546,0.6193921566009521,0.6731780171394348,-0.044456541538238525,0.6269062757492065,0.618034839630127,-0.0630313903093338,0.632260262966156,0.5709589719772339,-0.07658929377794266,0.6384128928184509,0.784913182258606,-0.03972822427749634,0.6663818359375,0.7294647693634033,-0.05562039464712143,0.6843307614326477,0.6906697154045105,-0.06647814065217972,0.6993180513381958,0.6555972099304199,-0.07470721751451492
0.5705960988998413,0.9639555215835571,4.3312525122018997e-07,0.5196831226348877,0.9343279600143433,-0.018010586500167847,0.4857695400714874,0.8705112338066101,-0.026910223066806793,0.5056391358375549,0.8173365592956543,-0.03583594784140587,0.5423006415367126,0.8138160109519958,-0.04629434272646904,0.5016655921936035,0.7656587362289429,-0.015665382146835327,0.47570446133613586,0.6919466853141785,-0.02871335670351982,0.46227651834487915,0.644641637802124,-0.04074932634830475,0.453174889087677,0.6017754077911377,-0.0516093447804451,0.5391008853912354,0.7507990002632141,-0.021745333448052406,0.532393217086792,0.6568347215652466,-0.03312540799379349,0.5284082889556885,0.596211850643158,-0.04664097726345062,0.5259186029434204,0.5448553562164307,-0.05748368054628372,0.5750222206115723,0.7617088556289673,-0.030578749254345894,0.587622344493866,0.6794756650924683,-0.046259354799985886,0.5956013798713684,0.6240953207015991,-0.06492014974355698,0.601601243019104,0.5772796869277954,-0.07846537977457047,0.6082847714424133,0.7907623052597046,-0.04103987291455269,0.6355453133583069,0.7340186834335327,-0.05730944499373436,0.6538350582122803,0.6949158906936646,-0.06832568347454071,0.6692038178443909,0.6598337292671204,-0.07668295502662659
0.5558236837387085,0.9617507457733154,4.3909730607083475e-07,0.5037083625793457,0.9331551790237427,-0.01846560649573803,0.46861109137535095,0.8696008324623108,-0.027768533676862717,0.4863296449184418,0.8150230646133423,-0.03686927631497383,0.5229259729385376,0.8146906495094299,-0.04744682088494301,0.4849339723587036,0.7629824280738831,-0.016272034496068954,0.4594368040561676,0.6895313858985901,-0.029224783182144165,0.44579994678497314,0.6422258615493774,-0.04118413105607033,0.43672633171081543,0.6001182794570923,-0.05203249305486679,0.5222536325454712,0.7485224604606628,-0.02228962630033493,0.5146317481994629,0.655969500541687,-0.033797044306993484,0.5102704167366028,0.595720112323761,-0.04757799953222275,0.5076809525489807,0.5448560118675232,-0.05862501263618469,0.558305561542511,0.7593939900398254,-0.03099031187593937,0.5699985027313232,0.6767691373825073,-0.04677623137831688,0.5772237777709961,0.6215277314186096,-0.06556662917137146,0.5826761722564697,0.5748143196105957,-0.07927986234426498,0.5915362238883972,0.7892155051231384,-0.041345931589603424,0.618350625038147,0.7336530089378357,-0.05771194398403168,0.6357964277267456,0.6951743960380554,-0.06880927830934525,0.650657594203949,0.6608648896217346,-0.07721643894910812
0.5297781229019165,0.9643868207931519,4.513879616752092e-07,0.47820913791656494,0.9366534948348999,-0.01906491257250309,0.44337931275367737,0.8717289566993713,-0.028686316683888435,0.4609387218952179,0.8159870505332947,-0.0380125530064106,0.49651437997817993,0.8154086470603943,-0.04883696883916855,0.4607855975627899,0.7643315196037292,-0.017350081354379654,0.435567706823349,0.6916404962539673,-0.030203504487872124,0.4220089316368103,0.6439921259880066,-0.04242566227912903,0.41240474581718445,0.6008739471435547,-0.05377478525042534,0.49801093339920044,0.749292254447937,-0.023172102868556976,0.49084600806236267,0.6553250551223755,-0.03454545512795448,0.4871008098125458,0.5943601131439209,-0.04791071638464928,0.4845680892467499,0.5424922108650208,-0.05875871703028679,0.5340577363967896,0.7606052756309509,-0.03168048709630966,0.5449218153953552,0.6781632304191589,-0.04721931740641594,0.5521527528762817,0.6222401857376099,-0.0657893642783165,0.557757556438446,0.5750513672828674,-0.0795184075832367,0.567457914352417,0.7908191084861755,-0.04193349927663803,0.5943103432655334,0.7347042560577393,-0.058431074023246765,0.6133080720901489,0.6960402131080627,-0.06978612393140793,0.6296973824501038,0.6618515849113464,-0.0784713625907898
0.5203941464424133,0.9650204181671143,4.426809994129144e-07,0.4679062068462372,0.936997652053833,-0.020077304914593697,0.43287771940231323,0.8714262247085571,-0.029644859954714775,0.45024773478507996,0.8146374225616455,-0.03859860450029373,0.4879114031791687,0.8107999563217163,-0.049049314111471176,0.45027482509613037,0.7626612186431885,-0.018226414918899536,0.4255519509315491,0.6881833076477051,-0.031682226806879044,0.4122377634048462,0.6394873261451721,-0.044051192700862885,0.4036233127117157,0.5957571864128113,-0.055323705077171326,0.4881874918937683,0.7484025359153748,-0.02353709749877453,0.4814879894256592,0.654161274433136,-0.035671599209308624,0.47749093174934387,0.5929998159408569,-0.05002068355679512,0.4753294885158539,0.540940523147583,-0.061492327600717545,0.524043083190918,0.7598412036895752,-0.03157629445195198,0.536148726940155,0.6763493418693542,-0.048147525638341904,0.5434339642524719,0.6196831464767456,-0.06784507632255554,0.5493271350860596,0.5713457465171814,-0.08224595338106155,0.5565744638442993,0.790877103805542,-0.041332852095365524,0.5840699672698975,0.7356690764427185,-0.058836858719587326,0.6028665900230408,0.6972510814666748,-0.07091867178678513,0.6193674206733704,0.6625899076461792,-0.07999246567487717
0.5109874606132507,0.9664995670318604,4.500677164287481e-07,0.4586120545864105,0.9372653961181641,-0.01885303482413292,0.42333030700683594,0.8741110563278198,-0.028641583397984505,0.44080212712287903,0.8194591403007507,-0.03823482617735863,0.4784493148326874,0.8155750036239624,-0.04920605570077896,0.44048747420310974,0.7654387354850769,-0.016879776492714882,0.4155980944633484,0.6908887624740601,-0.030824173241853714,0.40294647216796875,0.642076313495636,-0.04336845502257347,0.3952786326408386,0.5993180274963379,-0.05428676679730415,0.4782804846763611,0.7510141730308533,-0.022767698392271996,0.4713267683982849,0.6560444235801697,-0.03510962426662445,0.4678594470024109,0.5945276021957397,-0.049114029854536057,0.4665820598602295,0.5429772138595581,-0.05994114652276039,0.5148526430130005,0.7613688111305237,-0.03139060363173485,0.5259857773780823,0.6762356758117676,-0.04812362790107727,0.5328286290168762,0.6201898455619812,-0.0670587345957756,0.5383695960044861,0.5732976198196411,-0.08052001148462296,0.5489590764045715,0.7909454107284546,-0.0416313074529171,0.576765239238739,0.735296905040741,-0.05874663591384888,0.5953754782676697,0.6971535086631775,-0.0698525458574295,0.6114065647125244,0.6636805534362793,-0.07790140062570572
0.5027023553848267,0.9558628797531128,4.438444705101574e-07,0.4502834975719452,0.9259988069534302,-0.018075870350003242,0.4154595732688904,0.8590412139892578,-0.027256017550826073,0.4325692653656006,0.8027191162109375,-0.03623795881867409,0.4675963819026947,0.7998477816581726,-0.04686833173036575,0.43374019861221313,0.7518264055252075,-0.01837749220430851,0.4101208448410034,0.6759252548217773,-0.03197793290019035,0.39782220125198364,0.6267921328544617,-0.04419414699077606,0.3900426924228668,0.5830312967300415,-0.055208493024110794,0.47183388471603394,0.738118052482605,-0.024814801290631294,0.4662049412727356,0.641855001449585,-0.03669550642371178,0.4631021022796631,0.5804106593132019,-0.05024164170026779,0.46158868074417114,0.5293031334877014,-0.061032310128211975,0.5081368684768677,0.7501339316368103,-0.033734843134880066,0.5199533700942993,0.6650936603546143,-0.04979865998029709,0.5279062986373901,0.6092453002929688,-0.06826893985271454,0.5343416929244995,0.563050389289856,-0.08185040950775146,0.5410839915275574,0.7814594507217407,-0.044235605746507645,0.5687857866287231,0.7253421545028687,-0.061279091984033585,0.5881567597389221,0.686979353427887,-0.07253958284854889,0.6048480868339539,0.6536141633987427,-0.08095289766788483
0.49429240822792053,0.9489796161651611,4.456924784790317e-07,0.4411468505859375,0.9199017286300659,-0.018156317993998528,0.40546298027038574,0.8543877601623535,-0.02749522402882576,0.4211532175540924,0.7978435158729553,-0.03670531511306763,0.4567016363143921,0.7946395874023438,-0.04750877991318703,0.42365598678588867,0.7464062571525574,-0.01774142123758793,0.39905044436454773,0.6719865798950195,-0.031846437603235245,0.3863620162010193,0.6235703229904175,-0.04451007395982742,0.378356009721756,0.5802633166313171,-0.055685993283987045,0.46133947372436523,0.7333054542541504,-0.02432137168943882,0.45506322383880615,0.6376529335975647,-0.036691855639219284,0.4516860842704773,0.5759627819061279,-0.0504472553730011,0.4502868354320526,0.5242893695831299,-0.06130079925060272,0.49754688143730164,0.7451769113540649,-0.033519428223371506,0.5086328387260437,0.6602987051010132,-0.05023183673620224,0.5163360238075256,0.6039236783981323,-0.06885602325201035,0.5227277874946594,0.5565837621688843,-0.08234410732984543,0.5312386155128479,0.7763665914535522,-0.04431641474366188,0.5587565898895264,0.7188003659248352,-0.061654120683670044,0.5779157876968384,0.6795557141304016,-0.07280679047107697,0.5944186449050903,0.6446323990821838,-0.08111150562763214
0.4885459542274475,0.9526185393333435,4.5139987037146057e-07,0.4352318346500397,0.9245913028717041,-0.018899327144026756,0.3993106484413147,0.8610406517982483,-0.028358956798911095,0.4154280424118042,0.8048897385597229,-0.037565890699625015,0.452427476644516,0.7973485589027405,-0.04841924086213112,0.4173990488052368,0.7509453296661377,-0.01744762808084488,0.3924705982208252,0.6768209338188171,-0.031092826277017593,0.3791100084781647,0.6284362077713013,-0.0436832420527935,0.3707008361816406,0.5847119092941284,-0.0550847053527832,0.45467740297317505,0.7373741269111633,-0.023608781397342682,0.44891121983528137,0.6421687006950378,-0.036218177527189255,0.4452442526817322,0.5807597637176514,-0.05107669532299042,0.44356173276901245,0.528481125831604,-0.06290550529956818,0.49016326665878296,0.7489475011825562,-0.03242224454879761,0.5020710825920105,0.6629928350448608,-0.049862999469041824,0.5101439356803894,0.6055209636688232,-0.07000412791967392,0.5170678496360779,0.556469738483429,-0.08464185893535614,0.5229767560958862,0.7798101902008057,-0.042752377688884735,0.5513143539428711,0.7218841314315796,-0.06102943792939186,0.5709652900695801,0.6819370985031128,-0.07335707545280457,0.5880104899406433,0.6457996964454651,-0.08257265388965607
0.4704514741897583,0.9486830234527588,4.266400992491981e-07,0.4188730716705322,0.91832035779953,-0.017812911421060562,0.382673442363739,0.8535245060920715,-0.02663062885403633,0.39756810665130615,0.7972358465194702,-0.03556002303957939,0.4350450038909912,0.7910446524620056,-0.04572027549147606,0.401495099067688,0.7420222759246826,-0.014058361761271954,0.3784821331501007,0.6672351956367493,-0.027842389419674873,0.3649696707725525,0.6210528612136841,-0.04068632051348686,0.35549527406692505,0.5808696150779724,-0.05183828994631767,0.43789806962013245,0.7302082180976868,-0.02063019946217537,0.43203139305114746,0.6367918848991394,-0.03321678936481476,0.42796945571899414,0.5753272175788879,-0.047740548849105835,0.42551904916763306,0.5227696895599365,-0.0589892752468586,0.4735507071018219,0.7431748509407043,-0.030057819560170174,0.4852250814437866,0.6600345969200134,-0.047442611306905746,0.49211785197257996,0.6027727723121643,-0.06658441573381424,0.49731019139289856,0.5529127717018127,-0.08014587312936783,0.5068333148956299,0.7751148343086243,-0.04105246812105179,0.5343213677406311,0.7185468673706055,-0.05866191163659096,0.5532593131065369,0.6801279783248901,-0.06977854669094086,0.5694505572319031,0.6452186107635498,-0.07788486033678055
0.45708581805229187,0.9516865015029907,4.483163706936466e-07,0.40409284830093384,0.9208914041519165,-0.017317162826657295,0.3707749843597412,0.8550926446914673,-0.025945182889699936,0.3878873288631439,0.8010042905807495,-0.034739233553409576,0.4244329631328583,0.797273576259613,-0.045196790248155594,0.3897685110569,0.7469093799591064,-0.015168575569987297,0.36582711338996887,0.6723402142524719,-0.028906384482979774,0.3537744879722595,0.6229928135871887,-0.04132210090756416,0.34634077548980713,0.5799318552017212,-0.05214622989296913,0.42752689123153687,0.7342240214347839,-0.022017808631062508,0.4227137565612793,0.6394084692001343,-0.03443339094519615,0.41887804865837097,0.5777730345726013,-0.04885150492191315,0.4162856936454773,0.5266642570495605,-0.05993771553039551,0.4631393849849701,0.7463191151618958,-0.0315047949552536,0.47675490379333496,0.6625635027885437,-0.04877417907118797,0.4835605323314667,0.6050612330436707,-0.06846623122692108,0.4882756173610687,0.5563634037971497,-0.08248884230852127,0.4951516091823578,0.7781680822372437,-0.042403221130371094,0.5256933569908142,0.7234749794006348,-0.060185328125953674,0.5459726452827454,0.685645341873169,-0.07165832817554474,0.5629350543022156,0.6522015929222107,-0.07997256517410278
0.4407244324684143,0.9677395820617676,4.3075391431557364e-07,0.3886094093322754,0.9375694394111633,-0.017454469576478004,0.35319530963897705,0.8706189393997192,-0.02556046098470688,0.37016355991363525,0.8154757022857666,-0.03375961631536484,0.4070858657360077,0.8101248145103455,-0.04352758079767227,0.3719717860221863,0.761210024356842,-0.014754111878573895,0.34650394320487976,0.6847644448280334,-0.028055157512426376,0.33289405703544617,0.6352821588516235,-0.03998352214694023,0.3241869807243347,0.5923773050308228,-0.05058011785149574,0.4103429317474365,0.7469059228897095,-0.021453464403748512,0.40410298109054565,0.6501473188400269,-0.03348074108362198,0.4002273678779602,0.5879104733467102,-0.04745914414525032,0.3981073796749115,0.5362163186073303,-0.05826371908187866,0.4471021890640259,0.7588571310043335,-0.030856987461447716,0.4589892029762268,0.6728092432022095,-0.04777725413441658,0.46626248955726624,0.6152344942092896,-0.06667204201221466,0.4720470905303955,0.566153347492218,-0.08016907423734665,0.4809887707233429,0.7906061410903931,-0.0417330227792263,0.5078591108322144,0.7338991761207581,-0.058920565992593765,0.5259408950805664,0.6957062482833862,-0.06956742703914642,0.5413426756858826,0.6615565419197083,-0.07744114845991135
0.42057105898857117,0.970298707485199,4.357644343144784e-07,0.36953458189964294,0.9393198490142822,-0.017607692629098892,0.33651071786880493,0.8707783222198486,-0.026400860399007797,0.35326236486434937,0.8158190846443176,-0.03543579950928688,0.38828662037849426,0.8141180276870728,-0.0461631715297699,0.3554072678089142,0.7620326280593872,-0.015918809920549393,0.3322388529777527,0.6858046054840088,-0.03033715859055519,0.3182123899459839,0.6377884745597839,-0.04353612661361694,0.3079496920108795,0.5956019759178162,-0.05504137650132179,0.3932672441005707,0.7489417195320129,-0.022881262004375458,0.38827621936798096,0.6531936526298523,-0.035746075212955475,0.38520547747612,0.5901684761047363,-0.050049182027578354,0.38335737586021423,0.5372853875160217,-0.06116298958659172,0.42984846234321594,0.7619526982307434,-0.032566171139478683,0.44235309958457947,0.6760303378105164,-0.049970030784606934,0.4506235420703888,0.6180307865142822,-0.068817637860775,0.4570571780204773,0.568422794342041,-0.08231489360332489,0.4637691378593445,0.7939304113388062,-0.043828483670949936,0.49278736114501953,0.7368021607398987,-0.06140216067433357,0.5124309659004211,0.6984120607376099,-0.07230508327484131,0.5290133357048035,0.6642671823501587,-0.0803847387433052
0.4054544270038605,0.968489408493042,4.337689745170792e-07,0.35502931475639343,0.9371567964553833,-0.018107833340764046,0.32233768701553345,0.8719238042831421,-0.02800040692090988,0.33972451090812683,0.820132851600647,-0.037823837250471115,0.374639093875885,0.8149333596229553,-0.0494164302945137,0.34161877632141113,0.7616391181945801,-0.01861700229346752,0.3182210624217987,0.6849595308303833,-0.033587194979190826,0.3053615987300873,0.6368538737297058,-0.04662030190229416,0.29672789573669434,0.5937634706497192,-0.05794510990381241,0.3806462287902832,0.7488812804222107,-0.025703806430101395,0.37599605321884155,0.6515443921089172,-0.039159055799245834,0.3733101785182953,0.5896464586257935,-0.053909122943878174,0.37174856662750244,0.5373997092247009,-0.06541671603918076,0.41781386733055115,0.7623989582061768,-0.03535598888993263,0.4312509000301361,0.6760402917861938,-0.05310659110546112,0.4396558403968811,0.6187273263931274,-0.07186297327280045,0.4457613229751587,0.569566011428833,-0.08536677062511444,0.4515348970890045,0.794891893863678,-0.046447545289993286,0.4786159098148346,0.7359234094619751,-0.0638076439499855,0.49721574783325195,0.697620689868927,-0.07397626340389252,0.5125476121902466,0.6631207466125488,-0.08167082071304321
0.3636314868927002,0.9703904986381531,4.4470294824350276e-07,0.3127865791320801,0.9425503015518188,-0.01817595772445202,0.278981477022171,0.8771780729293823,-0.027664197608828545,0.2930806577205658,0.825526773929596,-0.03703008592128754,0.32527363300323486,0.8239408135414124,-0.04819174483418465,0.29664960503578186,0.7676757574081421,-0.018242154270410538,0.27390772104263306,0.6924945712089539,-0.032960280776023865,0.2611128091812134,0.6432669758796692,-0.04603426158428192,0.25244802236557007,0.6004253029823303,-0.05737723037600517,0.3354343771934509,0.7542489171028137,-0.02513115480542183,0.3312491178512573,0.6583346128463745,-0.03858013451099396,0.3287433385848999,0.5965428948402405,-0.0533902645111084,0.3272065818309784,0.5444796085357666,-0.06480192393064499,0.37249165773391724,0.7667806148529053,-0.03451455011963844,0.38603901863098145,0.6806201934814453,-0.05225814878940582,0.39435768127441406,0.6236170530319214,-0.07099426537752151,0.40046361088752747,0.574242353439331,-0.0844423919916153,0.40627461671829224,0.79877769947052,-0.045350998640060425,0.43455904722213745,0.7417608499526978,-0.06286396831274033,0.45401597023010254,0.7038564682006836,-0.07318537682294846,0.47021016478538513,0.6690409183502197,-0.0808786079287529
0.3486638069152832,0.9733203649520874,4.3587627374108706e-07,0.29595720767974854,0.9463937878608704,-0.019313232973217964,0.2598479986190796,0.8824759125709534,-0.029840197414159775,0.27381664514541626,0.8282654881477356,-0.03999678045511246,0.30785006284713745,0.8243943452835083,-0.05183672532439232,0.279241144657135,0.7714781165122986,-0.020468581467866898,0.2572484314441681,0.6947907209396362,-0.035479702055454254,0.24270859360694885,0.6470907330513,-0.04854116216301918,0.23057743906974792,0.6058319807052612,-0.05984817445278168,0.3183552920818329,0.7574847340583801,-0.026959078386425972,0.31474947929382324,0.6603947877883911,-0.040465325117111206,0.31161659955978394,0.59891676902771,-0.05526993051171303,0.30852994322776794,0.5472484827041626,-0.06675922125577927,0.3553822934627533,0.7690497636795044,-0.035909101366996765,0.36792829632759094,0.682227611541748,-0.05389571189880371,0.3747714161872864,0.6253702640533447,-0.07277020812034607,0.37909719347953796,0.5762280225753784,-0.0862983763217926,0.38931408524513245,0.7999537587165833,-0.04637093096971512,0.4171336591243744,0.7418824434280396,-0.06457797437906265,0.43660157918930054,0.7040582895278931,-0.07521666586399078,0.45282721519470215,0.6702170372009277,-0.08294112235307693
0.33936116099357605,0.971976637840271,4.545022420643363e-07,0.2874811291694641,0.9439401030540466,-0.020740319043397903,0.25132304430007935,0.879473090171814,-0.032219529151916504,0.26425236463546753,0.8247984051704407,-0.043019335716962814,0.2986575961112976,0.8223771452903748,-0.05539671331644058,0.272300124168396,0.7671210765838623,-0.023019656538963318,0.24991029500961304,0.6875339150428772,-0.03805943578481674,0.23672860860824585,0.6375576853752136,-0.05087849125266075,0.22691580653190613,0.5934534668922424,-0.062262460589408875,0.31156545877456665,0.7538424134254456,-0.028843365609645844,0.30765628814697266,0.655305802822113,-0.042192328721284866,0.306970477104187,0.5935456156730652,-0.0563393197953701,0.30715212225914,0.5414019823074341,-0.06747587770223618,0.34882181882858276,0.7664840817451477,-0.03713152930140495,0.3612331748008728,0.6788538694381714,-0.054800089448690414,0.36963528394699097,0.622637152671814,-0.07320041954517365,0.3763439655303955,0.5741864442825317,-0.08659864962100983,0.3832576274871826,0.7984540462493896,-0.047096136957407,0.4111326336860657,0.7414536476135254,-0.0652490183711052,0.43182608485221863,0.704881489276886,-0.07602187991142273,0.4496932625770569,0.6719186305999756,-0.08393023908138275
0.32550549507141113,0.9599827527999878,4.2974193092959467e-07,0.27418458461761475,0.9333552122116089,-0.019921844825148582,0.23804551362991333,0.8697391152381897,-0.031099515035748482,0.24782468378543854,0.8128343820571899,-0.04178261756896973,0.2800098657608032,0.8083896636962891,-0.053793881088495255,0.2593022882938385,0.7559691667556763,-0.02025873027741909,0.23316580057144165,0.6804898977279663,-0.03512166067957878,0.21946457028388977,0.631531834602356,-0.04801325500011444,0.2106756716966629,0.5880544185638428,-0.059527065604925156,0.298324853181839,0.7418652176856995,-0.026634985581040382,0.2927909195423126,0.647463858127594,-0.04086809605360031,0.2911839187145233,0.585777759552002,-0.055851202458143234,0.29059821367263794,0.5333283543586731,-0.06736388057470322,0.3351350426673889,0.7541769742965698,-0.03557758778333664,0.3492245674133301,0.669879674911499,-0.05424519255757332,0.35813432931900024,0.6130333542823792,-0.07297809422016144,0.3645605146884918,0.5629755258560181,-0.0864115059375763,0.3684746026992798,0.7869013547897339,-0.04606875777244568,0.39719313383102417,0.7333078384399414,-0.06478602439165115,0.41727113723754883,0.6956504583358765,-0.07590924948453903,0.43418532609939575,0.6604762673377991,-0.08405385166406631
0.31514739990234375,0.9479867219924927,4.0249497601507755e-07,0.26440420746803284,0.9207571744918823,-0.016113556921482086,0.2295111119747162,0.8580332398414612,-0.025533409789204597,0.24170583486557007,0.8036572337150574,-0.03520074859261513,0.2722952365875244,0.7943543791770935,-0.04642742872238159,0.24763691425323486,0.7466079592704773,-0.017585456371307373,0.22254757583141327,0.6711869835853577,-0.03199204429984093,0.2091810256242752,0.6221449971199036,-0.04467519000172615,0.19986048340797424,0.5777091979980469,-0.05642984062433243,0.2863503694534302,0.7337852120399475,-0.026182686910033226,0.2798801362514496,0.6397683024406433,-0.04049950838088989,0.2784014642238617,0.5782662630081177,-0.05588480457663536,0.27784785628318787,0.5256085991859436,-0.06805109232664108,0.32408037781715393,0.7478806376457214,-0.03706957772374153,0.33738818764686584,0.6598764061927795,-0.05729631334543228,0.3489731550216675,0.6010785698890686,-0.0771915465593338,0.35800260305404663,0.54912930727005,-0.09153009951114655,0.3591032028198242,0.7815406322479248,-0.04895247891545296,0.38932353258132935,0.7256555557250977,-0.07059717923402786,0.41064631938934326,0.6859804391860962,-0.08338779956102371,0.42824918031692505,0.6481453776359558,-0.09266263246536255
0.28643375635147095,0.9591839909553528,4.4072686478102696e-07,0.23432008922100067,0.9363573789596558,-0.01859886199235916,0.19770444929599762,0.8739919662475586,-0.028448954224586487,0.20688867568969727,0.8169845938682556,-0.0379096120595932,0.2401341199874878,0.8150589466094971,-0.04899822920560837,0.21551524102687836,0.7619243860244751,-0.018922584131360054,0.18914994597434998,0.6883144378662109,-0.032744407653808594,0.17485609650611877,0.6403414607048035,-0.0446622297167778,0.16508805751800537,0.5982848405838013,-0.055548083037137985,0.2545662224292755,0.7459613084793091,-0.02572997845709324,0.2492031455039978,0.6512031555175781,-0.0387490876019001,0.24526281654834747,0.588801383972168,-0.052872247993946075,0.24120815098285675,0.5362859964370728,-0.0639544203877449,0.2913176119327545,0.7579851150512695,-0.03509089723229408,0.3065629303455353,0.6719634532928467,-0.05337885394692421,0.31430783867836,0.6128720045089722,-0.07263190299272537,0.3184157609939575,0.5614820718765259,-0.08644649386405945,0.32414817810058594,0.7911128997802734,-0.04577719047665596,0.3549070358276367,0.7350078821182251,-0.06465499103069305,0.37422624230384827,0.6938396692276001,-0.07647659629583359,0.3890511989593506,0.6551243662834167,-0.08526645600795746
0.27781471610069275,0.965989351272583,4.3501700019987766e-07,0.22800157964229584,0.9420425891876221,-0.017552517354488373,0.19184277951717377,0.8856596946716309,-0.028625205159187317,0.20217472314834595,0.8341025114059448,-0.03954043984413147,0.23642006516456604,0.8257177472114563,-0.05189899355173111,0.20376956462860107,0.7671601176261902,-0.017984678968787193,0.1773453950881958,0.6926277875900269,-0.032359134405851364,0.16306975483894348,0.6447029709815979,-0.04491675645112991,0.15336792171001434,0.603377640247345,-0.05583060905337334,0.2410936802625656,0.7529312968254089,-0.02503829449415207,0.23289863765239716,0.658848762512207,-0.03843941539525986,0.2270820587873459,0.597852885723114,-0.05294739082455635,0.22195684909820557,0.5469580888748169,-0.06414864212274551,0.27684736251831055,0.7642474174499512,-0.0345301516354084,0.28765153884887695,0.6771274209022522,-0.05211750417947769,0.2940138578414917,0.6171241402626038,-0.0706247091293335,0.2974236309528351,0.5658035278320312,-0.08400473743677139,0.3098631501197815,0.7955349683761597,-0.04531333968043327,0.33720824122428894,0.7368893623352051,-0.06293433159589767,0.3545111417770386,0.695049524307251,-0.07361535727977753,0.3680169880390167,0.6564942598342896,-0.08154100924730301
0.2681547701358795,0.9593931436538696,4.37167386735382e-07,0.21572265028953552,0.9401283264160156,-0.019784964621067047,0.17639489471912384,0.8816425800323486,-0.031689319759607315,0.18508213758468628,0.8258966207504272,-0.04277548938989639,0.21911700069904327,0.821868896484375,-0.05555858463048935,0.18822988867759705,0.7630502581596375,-0.021919241175055504,0.16166360676288605,0.6906490325927734,-0.036741953343153,0.14651361107826233,0.6432825326919556,-0.049987465143203735,0.1355239450931549,0.6012700200080872,-0.061892133206129074,0.22547610104084015,0.7462106347084045,-0.028476476669311523,0.21565920114517212,0.6546705365180969,-0.04184309393167496,0.20863965153694153,0.5958065986633301,-0.05613374710083008,0.2019941508769989,0.5462967157363892,-0.06758161634206772,0.26149940490722656,0.7556976079940796,-0.03751677647233009,0.27045005559921265,0.6679223775863647,-0.054875344038009644,0.27414175868034363,0.6082241535186768,-0.07314164936542511,0.27497005462646484,0.5568966269493103,-0.08674545586109161,0.2946963906288147,0.7865265607833862,-0.048116542398929596,0.3187441825866699,0.7267351150512695,-0.06597162038087845,0.33449095487594604,0.684072732925415,-0.07691328972578049,0.34671300649642944,0.645622193813324,-0.08528744429349899
0.2505086362361908,0.958164393901825,4.0905896980802936e-07,0.2001800686120987,0.9362462759017944,-0.0159971434623003,0.1634300798177719,0.8774793148040771,-0.025128599256277084,0.17062680423259735,0.8238934278488159,-0.03441125154495239,0.20109465718269348,0.8201836347579956,-0.045365504920482635,0.1750498265028,0.7589263319969177,-0.014920022338628769,0.1479160487651825,0.686933159828186,-0.027996722608804703,0.13249339163303375,0.6396192908287048,-0.03975154832005501,0.12142212688922882,0.5991316437721252,-0.050310131162405014,0.21272143721580505,0.743748664855957,-0.022589080035686493,0.20459440350532532,0.6506849527359009,-0.034620530903339386,0.19889822602272034,0.5917117595672607,-0.04785960540175438,0.19370341300964355,0.543476939201355,-0.058246541768312454,0.2492465376853943,0.7536519765853882,-0.032809801399707794,0.2602703869342804,0.6665105819702148,-0.04963739216327667,0.2665078639984131,0.6063580513000488,-0.06768273562192917,0.2700269818305969,0.5552120804786682,-0.08082276582717896,0.28276148438453674,0.7836241722106934,-0.044269390404224396,0.30977559089660645,0.7240797877311707,-0.06116064265370369,0.3271348774433136,0.6813702583312988,-0.0716661587357521,0.3406646251678467,0.6418887376785278,-0.07968530058860779
0.2257019579410553,0.96849125623703,3.774497372432961e-07,0.17406457662582397,0.9472362995147705,-0.017080312594771385,0.13481681048870087,0.8915212154388428,-0.02735484205186367,0.1414600908756256,0.8352978825569153,-0.03772871568799019,0.17205634713172913,0.8177924156188965,-0.0494886077940464,0.14380446076393127,0.773990273475647,-0.016937879845499992,0.11008165031671524,0.7052915096282959,-0.0315919890999794,0.09057434648275375,0.659993588924408,-0.04476407542824745,0.07641297578811646,0.6187439560890198,-0.05643133819103241,0.18223226070404053,0.7551354169845581,-0.024968907237052917,0.1701658070087433,0.6606671214103699,-0.0378931500017643,0.16211846470832825,0.6014418601989746,-0.05208005756139755,0.15551435947418213,0.5511664748191833,-0.06333300471305847,0.2202046662569046,0.7634655237197876,-0.03557831421494484,0.22580762207508087,0.6746871471405029,-0.05306115373969078,0.23185312747955322,0.6151615381240845,-0.0705440416932106,0.2358318269252777,0.5634353756904602,-0.08345426619052887,0.25593501329421997,0.7919380068778992,-0.04756497964262962,0.27687960863113403,0.7302767038345337,-0.06494944542646408,0.2917255163192749,0.6880252361297607,-0.07452718168497086,0.3030269742012024,0.6489240527153015,-0.08189059048891068
0.21471571922302246,0.9607181549072266,3.953243208343338e-07,0.1631593257188797,0.9388816952705383,-0.018603337928652763,0.12429992854595184,0.8820468187332153,-0.0295136496424675,0.1336926519870758,0.8275645971298218,-0.040301304310560226,0.16713166236877441,0.8136880397796631,-0.05244546756148338,0.13483837246894836,0.7678191065788269,-0.0184735469520092,0.1007017120718956,0.6987016201019287,-0.03368448466062546,0.08093170821666718,0.6533743143081665,-0.0468900166451931,0.06715461611747742,0.6125268936157227,-0.05835705250501633,0.17308226227760315,0.7496935725212097,-0.025588087737560272,0.16180270910263062,0.6553199291229248,-0.03953239321708679,0.15420697629451752,0.5944262742996216,-0.054393794387578964,0.1482028067111969,0.5425647497177124,-0.06593719124794006,0.2107509970664978,0.758034884929657,-0.035421404987573624,0.21716241538524628,0.67066490650177,-0.05406305938959122,0.22235450148582458,0.6107579469680786,-0.07276247441768646,0.22564733028411865,0.5588438510894775,-0.08598996698856354,0.24632467329502106,0.7856304049491882,-0.046671219170093536,0.26851749420166016,0.7206722497940063,-0.0647047683596611,0.2845434248447418,0.6764131188392639,-0.07510887831449509,0.29682496190071106,0.6356590390205383,-0.08291357010602951
0.19620071351528168,0.9543732404708862,4.0031858361544437e-07,0.14486199617385864,0.9340416193008423,-0.019785383716225624,0.10472892224788666,0.8791975378990173,-0.0317009799182415,0.1086103692650795,0.8191185593605042,-0.04307602345943451,0.13957250118255615,0.8009017705917358,-0.05548854172229767,0.11575330793857574,0.7629113793373108,-0.020709922537207603,0.08230491727590561,0.6940394043922424,-0.03673095628619194,0.06265884637832642,0.6488534212112427,-0.050379883497953415,0.04901641607284546,0.6076444387435913,-0.062160275876522064,0.15430933237075806,0.7438001036643982,-0.027608806267380714,0.1426987648010254,0.649511456489563,-0.04175524786114693,0.1349596232175827,0.5887216925621033,-0.05627116560935974,0.12928134202957153,0.5368576049804688,-0.06766664236783981,0.19257819652557373,0.7519899010658264,-0.03721478581428528,0.19920849800109863,0.6641910672187805,-0.05587095394730568,0.20485210418701172,0.6055544018745422,-0.07351422309875488,0.20880794525146484,0.5550228953361511,-0.0861651748418808,0.2286226600408554,0.7802731990814209,-0.048347100615501404,0.2508348822593689,0.717862606048584,-0.06666946411132812,0.2662239372730255,0.6745431423187256,-0.07680288702249527,0.2781578302383423,0.6348238587379456,-0.0843004584312439
0.1837073266506195,0.9554036855697632,4.2341014250268927e-07,0.13104675710201263,0.9366796016693115,-0.02087358944118023,0.08934003859758377,0.8800244331359863,-0.0326106958091259,0.09497673064470291,0.8213395476341248,-0.043616537004709244,0.12825854122638702,0.8098777532577515,-0.05575517565011978,0.10201479494571686,0.7623692750930786,-0.021604813635349274,0.06866782903671265,0.6934411525726318,-0.03716296702623367,0.04888032376766205,0.647235631942749,-0.05034090578556061,0.03507252037525177,0.6049324870109558,-0.06208035722374916,0.1409623920917511,0.7429296970367432,-0.02776065468788147,0.12915396690368652,0.6496890187263489,-0.04154839366674423,0.121772900223732,0.5887699127197266,-0.05550657585263252,0.11652596294879913,0.5364075899124146,-0.06666965782642365,0.17935533821582794,0.7511857151985168,-0.03678593412041664,0.1877705305814743,0.6643995046615601,-0.05568361654877663,0.19327044486999512,0.6063288450241089,-0.07379905134439468,0.19680431485176086,0.5565780401229858,-0.08669807761907578,0.21573294699192047,0.7796438336372375,-0.04750746116042137,0.24077481031417847,0.7168206572532654,-0.06670651584863663,0.2574245035648346,0.6729809641838074,-0.07802928984165192,0.2702599763870239,0.632785439491272,-0.08636641502380371
0.1675187349319458,0.9541785717010498,4.1848522869258886e-07,0.11517989635467529,0.9358948469161987,-0.020670630037784576,0.07298310846090317,0.8795953989028931,-0.032616693526506424,0.08026599884033203,0.8219748139381409,-0.04373772814869881,0.11413152515888214,0.8091979622840881,-0.05605660006403923,0.0846637487411499,0.7619971036911011,-0.0231087114661932,0.04986178129911423,0.6928726434707642,-0.03965817764401436,0.029551587998867035,0.6452283263206482,-0.05365239828824997,0.01530580222606659,0.6020756363868713,-0.06599201261997223,0.12448997050523758,0.7413383722305298,-0.02985255792737007,0.11174537241458893,0.6485292911529541,-0.04406485706567764,0.10384266078472137,0.5873278379440308,-0.05831022560596466,0.09828714281320572,0.5350303053855896,-0.06960596889257431,0.1639135181903839,0.7492712736129761,-0.03934983164072037,0.1705779731273651,0.6604119539260864,-0.05800935626029968,0.17529821395874023,0.6032164096832275,-0.07524716109037399,0.17881788313388824,0.5540637373924255,-0.08770877867937088,0.20138859748840332,0.7787341475486755,-0.05057675018906593,0.2258509248495102,0.7187745571136475,-0.06983525305986404,0.24104812741279602,0.6754603385925293,-0.08067311346530914,0.25320202112197876,0.6356193423271179,-0.08854629844427109
0.1669691801071167,0.9449896812438965,4.493738003930048e-07,0.11595215648412704,0.927075982093811,-0.022315869107842445,0.0738166943192482,0.8755356669425964,-0.03623899817466736,0.0773976668715477,0.8181018233299255,-0.04888610169291496,0.11029218137264252,0.7998625040054321,-0.06250014901161194,0.08416725695133209,0.7553704380989075,-0.027812398970127106,0.04990040510892868,0.6848201751708984,-0.04614431783556938,0.0290687158703804,0.637627124786377,-0.06049005687236786,0.014516592025756836,0.5955525636672974,-0.07250496000051498,0.12418226897716522,0.7362648844718933,-0.03416179493069649,0.11218370497226715,0.6412267088890076,-0.05039200931787491,0.10495960712432861,0.5798646807670593,-0.06530632078647614,0.10000598430633545,0.5274296998977661,-0.07667559385299683,0.16326551139354706,0.7451295852661133,-0.043176986277103424,0.1703859269618988,0.6573116183280945,-0.06411563605070114,0.17560389637947083,0.6000128984451294,-0.0819087103009224,0.17904412746429443,0.5498865246772766,-0.09416815638542175,0.19991566240787506,0.7746865153312683,-0.053754668682813644,0.22364842891693115,0.7122572660446167,-0.07438217848539352,0.23958919942378998,0.6691470146179199,-0.08512044697999954,0.25191688537597656,0.629387617111206,-0.09249615669250488
0.1717805415391922,0.8514491319656372,4.3742281263803307e-07,0.12021490186452866,0.8323575258255005,-0.017931563779711723,0.08077367395162582,0.7793585658073425,-0.02883348986506462,0.07995321601629257,0.7192775011062622,-0.039387933909893036,0.11110800504684448,0.6982148885726929,-0.050693534314632416,0.09084516763687134,0.6684431433677673,-0.02016996406018734,0.05862513184547424,0.5957072377204895,-0.034368835389614105,0.03882549703121185,0.5492712259292603,-0.04564230516552925,0.024397142231464386,0.5092744827270508,-0.05539434403181076,0.1293405443429947,0.6492893099784851,-0.026775047183036804,0.1185620129108429,0.5545192360877991,-0.03939362242817879,0.11114069819450378,0.4964388608932495,-0.05199373885989189,0.10390445590019226,0.44866761565208435,-0.06161010265350342,0.1678050458431244,0.6540323495864868,-0.035702791064977646,0.17466896772384644,0.5672393441200256,-0.05334782600402832,0.1794453263282776,0.5104842782020569,-0.06938287615776062,0.1810053437948227,0.4634958505630493,-0.08056560903787613,0.2039884626865387,0.6778541207313538,-0.04589700326323509,0.22867892682552338,0.6170596480369568,-0.06402970105409622,0.24481898546218872,0.5749503970146179,-0.07381849735975266,0.25664854049682617,0.5382118225097656,-0.08038152009248734
0.17845842242240906,0.7901736497879028,4.435094069776824e-07,0.12664392590522766,0.7694699764251709,-0.019258512184023857,0.08708678185939789,0.7152063846588135,-0.03124728798866272,0.08592892438173294,0.6541935205459595,-0.042554646730422974,0.11599227786064148,0.6313546299934387,-0.054908622056245804,0.09890074282884598,0.5986823439598083,-0.022686416283249855,0.0665990337729454,0.5284959077835083,-0.03775445744395256,0.04687851667404175,0.4830426871776581,-0.05003954842686653,0.03287981450557709,0.44208812713623047,-0.06086469069123268,0.1367359757423401,0.5801290273666382,-0.02934293821454048,0.125508114695549,0.4854319095611572,-0.043386492878198624,0.11799490451812744,0.42511674761772156,-0.05769967660307884,0.11158042401075363,0.3743777275085449,-0.06872918456792831,0.17412999272346497,0.5881759524345398,-0.03824843093752861,0.18138739466667175,0.49923980236053467,-0.057386767119169235,0.1864834427833557,0.4382207989692688,-0.07554243505001068,0.18890199065208435,0.38603219389915466,-0.088485948741436,0.20840959250926971,0.6171930432319641,-0.04837330803275108,0.2330722212791443,0.5560457706451416,-0.06848926842212677,0.24975982308387756,0.5128257870674133,-0.08005895465612411,0.2626064419746399,0.47377610206604004,-0.08808266371488571
0.19412964582443237,0.7731059789657593,4.0088141872729466e-07,0.14007902145385742,0.7559627294540405,-0.019832413643598557,0.09904061257839203,0.6976696252822876,-0.029417918995022774,0.09844893217086792,0.6318672299385071,-0.038150399923324585,0.12556442618370056,0.6093149185180664,-0.04759019985795021,0.10803303122520447,0.5797898173332214,-0.01701914705336094,0.07656747102737427,0.5104256272315979,-0.02980458177626133,0.05808880925178528,0.4647623896598816,-0.04102466255426407,0.04544197767972946,0.42398661375045776,-0.051385823637247086,0.14691667258739471,0.5601376891136169,-0.022770386189222336,0.1347087174654007,0.46734195947647095,-0.03450792655348778,0.1276778280735016,0.40779024362564087,-0.04812759533524513,0.12287844717502594,0.35774511098861694,-0.05894042178988457,0.18503227829933167,0.5681065917015076,-0.031301386654376984,0.19108456373214722,0.4823252558708191,-0.04897155985236168,0.19601856172084808,0.4230763912200928,-0.06748367100954056,0.19914193451404572,0.3713846504688263,-0.08089938759803772,0.22027665376663208,0.5968829393386841,-0.04122326150536537,0.24304190278053284,0.5375437140464783,-0.06031221151351929,0.2594817876815796,0.4941595196723938,-0.0721769779920578,0.2725442945957184,0.4537046551704407,-0.08073437958955765
0.20820392668247223,0.7778480648994446,3.879486598634685e-07,0.15515278279781342,0.7588287591934204,-0.018816012889146805,0.1141057163476944,0.6997045874595642,-0.028185805305838585,0.11225631833076477,0.6359986662864685,-0.03698817268013954,0.13852185010910034,0.6167879700660706,-0.04685034230351448,0.12316864728927612,0.584054708480835,-0.017265208065509796,0.0916486382484436,0.5145500898361206,-0.0310126431286335,0.07392213493585587,0.4688997268676758,-0.042874451726675034,0.0623912587761879,0.4284731149673462,-0.05340752378106117,0.161599799990654,0.5657680630683899,-0.023830318823456764,0.14885258674621582,0.4722694158554077,-0.036830510944128036,0.14211276173591614,0.4121226668357849,-0.05137224122881889,0.13835209608078003,0.36195242404937744,-0.06266751140356064,0.20007993280887604,0.5735871195793152,-0.033047210425138474,0.20493003726005554,0.48547857999801636,-0.05223991721868515,0.20951375365257263,0.42628443241119385,-0.07185972481966019,0.21310392022132874,0.3754175305366516,-0.08572859317064285,0.2363317757844925,0.6018102765083313,-0.04342928156256676,0.2579759955406189,0.5397597551345825,-0.06374552100896835,0.2740776538848877,0.49712517857551575,-0.07608295232057571,0.2873895466327667,0.4581249952316284,-0.08481337875127792
0.22634801268577576,0.7660719752311707,3.698788759720628e-07,0.1739465296268463,0.7463883757591248,-0.018211374059319496,0.13552053272724152,0.6886194944381714,-0.027665339410305023,0.13172216713428497,0.6246212124824524,-0.03673412650823593,0.15577009320259094,0.605433464050293,-0.04639016464352608,0.14634954929351807,0.5736685395240784,-0.01342425961047411,0.11748089641332626,0.5057560801506042,-0.025720998644828796,0.10066051036119461,0.46165895462036133,-0.036785658448934555,0.08982491493225098,0.4226475954055786,-0.04688118398189545,0.1829344779253006,0.5554054975509644,-0.019720839336514473,0.17090272903442383,0.4653281271457672,-0.03121798299252987,0.16302987933158875,0.4070852994918823,-0.044529423117637634,0.15728157758712769,0.3584240674972534,-0.05506207048892975,0.2191813886165619,0.5620098114013672,-0.028835365548729897,0.22375085949897766,0.47735679149627686,-0.04551602527499199,0.22702226042747498,0.4201231002807617,-0.062653087079525,0.22865261137485504,0.37094593048095703,-0.0752214640378952,0.2529361844062805,0.58845055103302,-0.03937162086367607,0.27381131052970886,0.5308209657669067,-0.05654371529817581,0.2884046137332916,0.48802679777145386,-0.06719166040420532,0.2997833490371704,0.44837528467178345,-0.075154609978199
0.25074389576911926,0.7641207575798035,3.722341830325604e-07,0.19923308491706848,0.7425389885902405,-0.017598165199160576,0.16171488165855408,0.6843910813331604,-0.026428518816828728,0.16264794766902924,0.6224939227104187,-0.03497125208377838,0.18721501529216766,0.6012189388275146,-0.04433747008442879,0.17167896032333374,0.5753502249717712,-0.0139775974676013,0.14279425144195557,0.507114827632904,-0.026479793712496758,0.12623894214630127,0.46304789185523987,-0.03754443675279617,0.11573079228401184,0.42453160881996155,-0.047371719032526016,0.20876742899417877,0.5567933320999146,-0.020403455942869186,0.19672933220863342,0.46538183093070984,-0.03180530667304993,0.18927355110645294,0.4064761996269226,-0.04523291438817978,0.18406452238559723,0.3581550717353821,-0.05570193752646446,0.24558061361312866,0.5640330910682678,-0.029528390616178513,0.2528812289237976,0.4785063862800598,-0.045998454093933105,0.2570185363292694,0.42020073533058167,-0.06338568031787872,0.2591661512851715,0.3707929253578186,-0.07599546015262604,0.2798852026462555,0.5907824635505676,-0.03990054875612259,0.30209168791770935,0.5317457318305969,-0.056771066039800644,0.31646332144737244,0.48852378129959106,-0.06687208265066147,0.3275192081928253,0.4491758942604065,-0.074323870241642
0.2758064866065979,0.7659116983413696,3.8395143064917647e-07,0.22398990392684937,0.7456943392753601,-0.018298663198947906,0.18471890687942505,0.6895866990089417,-0.02807622030377388,0.18286676704883575,0.6277769207954407,-0.037553105503320694,0.20764850080013275,0.6064578890800476,-0.04778292030096054,0.1944255232810974,0.5759902596473694,-0.014954592101275921,0.16526007652282715,0.5069501399993896,-0.02844705618917942,0.1483982652425766,0.4630751609802246,-0.04033534973859787,0.13707314431667328,0.42462438344955444,-0.05066993460059166,0.23184646666049957,0.5574014186859131,-0.02138397842645645,0.219915509223938,0.46509528160095215,-0.03384505584836006,0.21224923431873322,0.4059658348560333,-0.04775954410433769,0.2061084806919098,0.35661065578460693,-0.058544281870126724,0.2690858840942383,0.564064621925354,-0.030635973438620567,0.2740810215473175,0.4785233736038208,-0.04808587580919266,0.27728378772735596,0.4205469489097595,-0.06559842824935913,0.2783206105232239,0.3709027171134949,-0.07812485843896866,0.3038291037082672,0.590055525302887,-0.04121119901537895,0.3242034316062927,0.5282858610153198,-0.05821552127599716,0.3381953835487366,0.48559269309043884,-0.06816638261079788,0.34882593154907227,0.44624313712120056,-0.07555796205997467
0.3039329946041107,0.76766037940979,3.759228945909854e-07,0.25154852867126465,0.7475618720054626,-0.019281569868326187,0.21342062950134277,0.6910935044288635,-0.029407640919089317,0.21465614438056946,0.6321894526481628,-0.038940854370594025,0.239033505320549,0.6119204759597778,-0.04947599023580551,0.22410237789154053,0.5788305997848511,-0.01742514781653881,0.19572371244430542,0.5095447301864624,-0.031564317643642426,0.17862418293952942,0.46523913741111755,-0.043908555060625076,0.16631820797920227,0.42664480209350586,-0.054616138339042664,0.26233261823654175,0.5596476197242737,-0.023519717156887054,0.25250327587127686,0.46740666031837463,-0.0359661728143692,0.2451118379831314,0.4092537462711334,-0.050273265689611435,0.23844365775585175,0.3605113625526428,-0.0615776851773262,0.2993454933166504,0.5661495923995972,-0.03235369548201561,0.30608436465263367,0.48085370659828186,-0.04984042048454285,0.30905210971832275,0.4226893484592438,-0.06778349727392197,0.30936771631240845,0.3727596402168274,-0.0808631032705307,0.3335970342159271,0.592666745185852,-0.042591482400894165,0.35545799136161804,0.532951295375824,-0.06040089204907417,0.3698890805244446,0.4902693033218384,-0.07091634720563889,0.38057512044906616,0.4516986608505249,-0.07870204746723175
0.3127179443836212,0.7703925967216492,3.6409593917596794e-07,0.2611396610736847,0.7505080103874207,-0.017735565081238747,0.22218327224254608,0.6907565593719482,-0.026866264641284943,0.2239689975976944,0.6299917101860046,-0.035720035433769226,0.2507280707359314,0.6132545471191406,-0.04570288956165314,0.23412197828292847,0.5785490870475769,-0.015424118377268314,0.20437294244766235,0.5101560950279236,-0.029065243899822235,0.18676064908504486,0.4660203754901886,-0.04123319685459137,0.17400196194648743,0.4282948970794678,-0.05187122896313667,0.2717704176902771,0.5606162548065186,-0.02212487906217575,0.2614833116531372,0.46809878945350647,-0.03444483503699303,0.25316447019577026,0.4097272753715515,-0.04858582839369774,0.245535209774971,0.36153894662857056,-0.059583909809589386,0.30852842330932617,0.5685819387435913,-0.03147769719362259,0.3150917589664459,0.48245611786842346,-0.04846852272748947,0.318178653717041,0.4236343801021576,-0.06612725555896759,0.31872081756591797,0.37311071157455444,-0.07899657636880875,0.34231477975845337,0.596174955368042,-0.04215843603014946,0.36411458253860474,0.5368731021881104,-0.059251099824905396,0.37840256094932556,0.49370887875556946,-0.06948450207710266,0.389326810836792,0.4539684057235718,-0.0771450325846672
0.33210891485214233,0.7743337154388428,3.277395990153309e-07,0.2798413336277008,0.7498770952224731,-0.014426828362047672,0.24432848393917084,0.6880412101745605,-0.020787032321095467,0.24912157654762268,0.629757285118103,-0.027676701545715332,0.27449917793273926,0.6101834774017334,-0.03576363995671272,0.25691747665405273,0.5751198530197144,-0.010352675803005695,0.2258155792951584,0.5048942565917969,-0.022474931553006172,0.20782992243766785,0.4576765298843384,-0.03351116552948952,0.1950869858264923,0.4164394736289978,-0.04332362860441208,0.2944543659687042,0.5576163530349731,-0.01796182245016098,0.2839514911174774,0.46688756346702576,-0.0290814395993948,0.2754339873790741,0.4079762101173401,-0.04220277816057205,0.2674480378627777,0.3601070046424866,-0.05214536562561989,0.33135196566581726,0.5656381845474243,-0.028079310432076454,0.33672794699668884,0.4810902178287506,-0.04389512538909912,0.33880192041397095,0.42112863063812256,-0.059988800436258316,0.3386591076850891,0.36950138211250305,-0.0714428648352623,0.36485105752944946,0.5939331650733948,-0.03942039608955383,0.38629934191703796,0.5336374640464783,-0.05555121973156929,0.40127086639404297,0.4907369017601013,-0.06422114372253418,0.4129738211631775,0.4528828263282776,-0.07031064480543137
0.3602375388145447,0.7730728983879089,3.8029943993933557e-07,0.3060273826122284,0.7513634562492371,-0.017167141661047935,0.26669472455978394,0.6867720484733582,-0.02443881332874298,0.2702702283859253,0.6227503418922424,-0.03193139657378197,0.2975551187992096,0.6063159704208374,-0.04054684191942215,0.2799946665763855,0.5722246170043945,-0.011340903118252754,0.2489597201347351,0.49992915987968445,-0.02417159080505371,0.23191988468170166,0.45286402106285095,-0.03589056432247162,0.22046805918216705,0.41257423162460327,-0.04632614552974701,0.31926512718200684,0.5537859797477722,-0.018312450498342514,0.30781835317611694,0.458601713180542,-0.030043432489037514,0.3000887632369995,0.3969793915748596,-0.04452246427536011,0.2941877245903015,0.34600844979286194,-0.055766791105270386,0.35735782980918884,0.5618858337402344,-0.028206096962094307,0.36335813999176025,0.4752558171749115,-0.04521307721734047,0.3667113184928894,0.41683435440063477,-0.06382176280021667,0.36833661794662476,0.36674049496650696,-0.07729753851890564,0.39260202646255493,0.5904136896133423,-0.03949124738574028,0.41522353887557983,0.5325905084609985,-0.057049430906772614,0.4305535554885864,0.49078235030174255,-0.0681646540760994,0.4431711733341217,0.4519648551940918,-0.07640182971954346
0.3791247606277466,0.7737513780593872,3.6050965945833013e-07,0.32293665409088135,0.7506511211395264,-0.017728079110383987,0.2823377251625061,0.6882779002189636,-0.02553846500813961,0.2910027503967285,0.6275249719619751,-0.03334739804267883,0.32340601086616516,0.6083405017852783,-0.04250524565577507,0.302276611328125,0.5695628523826599,-0.013309773057699203,0.2739289700984955,0.4959660768508911,-0.0261610709130764,0.2573997974395752,0.4484424591064453,-0.037908174097537994,0.24554100632667542,0.40738198161125183,-0.048567116260528564,0.3428148329257965,0.5517668128013611,-0.01997377909719944,0.3330272436141968,0.4563671946525574,-0.03167600557208061,0.3255673944950104,0.3961183428764343,-0.045386455953121185,0.31938424706459045,0.34694477915763855,-0.05612553283572197,0.3820653259754181,0.5610918998718262,-0.029561031609773636,0.38914307951927185,0.47321027517318726,-0.04661719873547554,0.3924640715122223,0.41378793120384216,-0.06404123455286026,0.3940792381763458,0.3627564609050751,-0.0766453742980957,0.4181786775588989,0.5913846492767334,-0.040583062916994095,0.4404663145542145,0.5311163067817688,-0.05882306396961212,0.456537127494812,0.4897812306880951,-0.0690324530005455,0.46997299790382385,0.45226624608039856,-0.07632394880056381
0.4227044880390167,0.7654445171356201,3.905176981788827e-07,0.36933329701423645,0.7385196685791016,-0.017386209219694138,0.33056390285491943,0.6764439344406128,-0.025427009910345078,0.3418292701244354,0.6189849972724915,-0.03352183848619461,0.3747011125087738,0.5990350842475891,-0.043054383248090744,0.3441418409347534,0.5622003674507141,-0.014771412126719952,0.3148907721042633,0.48628076910972595,-0.028648342937231064,0.298922598361969,0.4369676411151886,-0.04098501428961754,0.28785067796707153,0.3956170082092285,-0.05160903558135033,0.3843289911746979,0.5443089008331299,-0.021683868020772934,0.37441036105155945,0.4461759626865387,-0.03389948606491089,0.3679807186126709,0.38402724266052246,-0.048683393746614456,0.36279821395874023,0.3328736424446106,-0.06024609133601189,0.42273056507110596,0.5528063774108887,-0.031425442546606064,0.4318622350692749,0.4650422930717468,-0.04852772876620293,0.4363982379436493,0.40524211525917053,-0.06802360713481903,0.4383508563041687,0.353546679019928,-0.08230450004339218,0.4582098126411438,0.5819715857505798,-0.04247583448886871,0.48372882604599,0.5213459730148315,-0.05976399406790733,0.4998743236064911,0.4797040820121765,-0.07076232880353928,0.5123960375785828,0.4410700798034668,-0.07910853624343872
0.4430566728115082,0.7642266750335693,3.999116131581104e-07,0.38841012120246887,0.7386699914932251,-0.01829938404262066,0.3500937223434448,0.6756372451782227,-0.02633904106914997,0.3631036579608917,0.6157687306404114,-0.034139424562454224,0.3953307867050171,0.5933945178985596,-0.04343977943062782,0.3629360795021057,0.559823215007782,-0.015543746761977673,0.3335255980491638,0.48549675941467285,-0.029125705361366272,0.3178797960281372,0.43664300441741943,-0.04124930873513222,0.30726268887519836,0.39531856775283813,-0.05181239917874336,0.40374118089675903,0.5408252477645874,-0.02182522416114807,0.3936879336833954,0.4436468482017517,-0.03373776376247406,0.38751983642578125,0.3817678987979889,-0.048191167414188385,0.38264140486717224,0.3308899998664856,-0.05950477346777916,0.4425019323825836,0.5496833324432373,-0.031015586107969284,0.45144644379615784,0.4623714089393616,-0.04863874241709709,0.45606186985969543,0.4022507965564728,-0.06842844188213348,0.45847010612487793,0.35016077756881714,-0.08278749883174896,0.47784334421157837,0.5795003175735474,-0.04149946942925453,0.5035392045974731,0.5193403959274292,-0.060234688222408295,0.5208508372306824,0.4785165786743164,-0.07199566066265106,0.534498393535614,0.4407825767993927,-0.08057479560375214
0.4620368778705597,0.7646641731262207,3.8237607213886804e-07,0.40744608640670776,0.7367650866508484,-0.016178736463189125,0.3691388964653015,0.6696494221687317,-0.02266738936305046,0.3831576704978943,0.6107131838798523,-0.029421979561448097,0.4169975817203522,0.5942727327346802,-0.03786372020840645,0.3830735683441162,0.5593258142471313,-0.01314920000731945,0.35323041677474976,0.4848899841308594,-0.026096412912011147,0.33684292435646057,0.4366392195224762,-0.03777701407670975,0.32549813389778137,0.39552515745162964,-0.04811079800128937,0.42287012934684753,0.5411627292633057,-0.020221233367919922,0.4131265878677368,0.44434061646461487,-0.031889840960502625,0.4064024090766907,0.3825478255748749,-0.04623649641871452,0.4010070860385895,0.3313288688659668,-0.057401131838560104,0.46090084314346313,0.5500231981277466,-0.03005893900990486,0.46978846192359924,0.46362006664276123,-0.04722445830702782,0.4734833240509033,0.40440648794174194,-0.06703145802021027,0.4749104082584381,0.3528783321380615,-0.0813564583659172,0.4956456422805786,0.5789612531661987,-0.041069746017456055,0.5210439562797546,0.5178982615470886,-0.058721475303173065,0.5380191206932068,0.47678056359291077,-0.07010938227176666,0.551188588142395,0.43879449367523193,-0.07866177707910538
0.49004772305488586,0.7603729367256165,4.2262070110155037e-07,0.4368378520011902,0.7338254451751709,-0.018567711114883423,0.39850062131881714,0.6631968021392822,-0.025765085592865944,0.4134407043457031,0.5992984771728516,-0.03255315124988556,0.4504992365837097,0.5853622555732727,-0.04102769121527672,0.41456466913223267,0.5531381964683533,-0.017717394977808,0.3870229721069336,0.4760340452194214,-0.0308118537068367,0.3728353977203369,0.4258074164390564,-0.04234874248504639,0.3633613884449005,0.3806820511817932,-0.053201571106910706,0.4553653597831726,0.5349459052085876,-0.023648498579859734,0.4482104778289795,0.43714672327041626,-0.035779181867837906,0.4445521831512451,0.37468189001083374,-0.050030142068862915,0.44213423132896423,0.32122451066970825,-0.061462122946977615,0.49343442916870117,0.5449438691139221,-0.03220692276954651,0.50447016954422,0.4596179723739624,-0.04995375871658325,0.5109150409698486,0.4008095860481262,-0.07000250369310379,0.5154734253883362,0.34940671920776367,-0.08464380353689194,0.5276105999946594,0.5754923224449158,-0.042123716324567795,0.553964376449585,0.5170406103134155,-0.061204519122838974,0.5729535818099976,0.4771260619163513,-0.07383207231760025,0.5887856483459473,0.4400949478149414,-0.08327548205852509
0.5052186846733093,0.7571291923522949,3.910453756361676e-07,0.4518700838088989,0.7284416556358337,-0.01718326471745968,0.41406679153442383,0.6621129512786865,-0.024473080411553383,0.4280577003955841,0.6011625528335571,-0.03183490037918091,0.4617806673049927,0.581763744354248,-0.04078541323542595,0.4299779534339905,0.549163281917572,-0.01524883508682251,0.39985352754592896,0.47280263900756836,-0.02883702702820301,0.38372913002967834,0.4229644536972046,-0.04087352752685547,0.3731088638305664,0.38013166189193726,-0.05142446234822273,0.4707772433757782,0.5309625267982483,-0.02212548814713955,0.4616284966468811,0.43354111909866333,-0.03414227068424225,0.4555175006389618,0.3712412416934967,-0.04885662719607353,0.4509788155555725,0.3196251094341278,-0.060423169285058975,0.5094403624534607,0.5399536490440369,-0.03171900287270546,0.5202421545982361,0.4538941979408264,-0.04907478764653206,0.5251920223236084,0.3951036036014557,-0.06901565939188004,0.5281974673271179,0.34533238410949707,-0.08350300788879395,0.5441315174102783,0.5696101784706116,-0.04259708896279335,0.5698481798171997,0.5097882747650146,-0.0605991929769516,0.5873923897743225,0.46967750787734985,-0.07218559831380844,0.601476788520813,0.4337312579154968,-0.08079633861780167
0.5593963861465454,0.7580821514129639,4.024077782105451e-07,0.5059633255004883,0.7253401875495911,-0.01716046966612339,0.4713374376296997,0.6535851955413818,-0.024575263261795044,0.4925946891307831,0.5940514802932739,-0.032122764736413956,0.5309115648269653,0.5875582098960876,-0.041666027158498764,0.48755303025245667,0.5467334985733032,-0.016023581847548485,0.458497017621994,0.47010254859924316,-0.02993503399193287,0.44226664304733276,0.4206699728965759,-0.04236099496483803,0.43184319138526917,0.3780806064605713,-0.053198449313640594,0.5280804634094238,0.5290901064872742,-0.02282073348760605,0.5199448466300964,0.4307349920272827,-0.034924961626529694,0.5144708156585693,0.36751824617385864,-0.04918663203716278,0.5110790133476257,0.3158546984195709,-0.06025620922446251,0.5669064521789551,0.5386989116668701,-0.03227512910962105,0.5777759552001953,0.44969040155410767,-0.04895816370844841,0.5829560160636902,0.39011043310165405,-0.0684741884469986,0.5863770246505737,0.34023815393447876,-0.08261304348707199,0.6022711992263794,0.569131076335907,-0.043128155171871185,0.6293541789054871,0.5080352425575256,-0.06003725901246071,0.6473434567451477,0.46692103147506714,-0.07107806205749512,0.6619700193405151,0.4306846559047699,-0.07940395921468735
0.5873389840126038,0.7651553750038147,3.8962022586019884e-07,0.5337024927139282,0.7321813702583313,-0.01796085014939308,0.497979998588562,0.6555230021476746,-0.02459167316555977,0.5193728804588318,0.5937843322753906,-0.0312751941382885,0.5603232383728027,0.5889204144477844,-0.03960704803466797,0.5124772787094116,0.5505034923553467,-0.01402174774557352,0.4828794002532959,0.4724937975406647,-0.026851361617445946,0.46620118618011475,0.4216187000274658,-0.03837231174111366,0.4557616710662842,0.37847256660461426,-0.048820123076438904,0.5535166263580322,0.5324272513389587,-0.01992623321712017,0.5447080731391907,0.4341471791267395,-0.03144222870469093,0.5403439998626709,0.3707162141799927,-0.04489327594637871,0.5385122895240784,0.319449782371521,-0.055332768708467484,0.5929567813873291,0.541888952255249,-0.028781699016690254,0.6018635630607605,0.45341235399246216,-0.04527893289923668,0.6074156165122986,0.393209308385849,-0.06474243849515915,0.6117019057273865,0.3425484001636505,-0.07878412306308746,0.6287878155708313,0.5715944766998291,-0.039139945060014725,0.6546427011489868,0.5113734006881714,-0.05595742538571358,0.6728484630584717,0.47024574875831604,-0.06729128211736679,0.6880823373794556,0.4338175654411316,-0.07588375359773636
0.5950208306312561,0.7631677389144897,4.015978163351974e-07,0.5431826114654541,0.7289541363716125,-0.017758233472704887,0.5064953565597534,0.6580318808555603,-0.025225063785910606,0.5254032611846924,0.5968453884124756,-0.032828327268362045,0.5643057823181152,0.5804671049118042,-0.041909947991371155,0.5220822691917419,0.5496196746826172,-0.015582560561597347,0.49197787046432495,0.47045570611953735,-0.029221324250102043,0.47505712509155273,0.4198704659938812,-0.04099007695913315,0.4637199640274048,0.3754313886165619,-0.0515408031642437,0.5621960163116455,0.5320557355880737,-0.021971775218844414,0.5530819296836853,0.4311886727809906,-0.03409690409898758,0.5484930872917175,0.36701029539108276,-0.04805145040154457,0.5459583401679993,0.31365498900413513,-0.05900776758790016,0.6012507081031799,0.5423968434333801,-0.03120558336377144,0.6102977395057678,0.4535733163356781,-0.04820118844509125,0.6168535947799683,0.3931959271430969,-0.06773838400840759,0.6217333078384399,0.34133675694465637,-0.0819612666964531,0.637555718421936,0.5729270577430725,-0.041891779750585556,0.6632634997367859,0.5116366147994995,-0.059071991592645645,0.680961549282074,0.46911168098449707,-0.07056302577257156,0.6954400539398193,0.43039435148239136,-0.07937772572040558
0.6014770865440369,0.7611083984375,3.9211420244100736e-07,0.549916684627533,0.7267743945121765,-0.017496591433882713,0.5154223442077637,0.6553084254264832,-0.024742500856518745,0.5347774028778076,0.5934737324714661,-0.032205890864133835,0.5725116729736328,0.5785900354385376,-0.041135869920253754,0.5314595103263855,0.5466583371162415,-0.014147062785923481,0.5023019909858704,0.46801015734672546,-0.02741885371506214,0.48560309410095215,0.4177285432815552,-0.039173487573862076,0.4743940234184265,0.3738977015018463,-0.0496630035340786,0.5715737342834473,0.5297635197639465,-0.0205190759152174,0.563168466091156,0.42939555644989014,-0.032183270901441574,0.5590449571609497,0.3652203679084778,-0.04591364786028862,0.5570471882820129,0.31193873286247253,-0.056662704795598984,0.6105832457542419,0.5400272011756897,-0.029766347259283066,0.6185197234153748,0.4511975646018982,-0.04628552868962288,0.6243600845336914,0.3905427157878876,-0.06558961421251297,0.6290230751037598,0.3387894332408905,-0.07965682446956635,0.6467517614364624,0.5699912309646606,-0.0405101552605629,0.6720089316368103,0.5090764760971069,-0.057255446910858154,0.6897152066230774,0.4665580987930298,-0.06860866397619247,0.7045689821243286,0.4282044768333435,-0.07730292528867722
0.6111817359924316,0.7593140602111816,3.9707992982584983e-07,0.5586521625518799,0.7261083126068115,-0.018598394468426704,0.5228517055511475,0.6528787016868591,-0.025706399232149124,0.5443896055221558,0.5882682204246521,-0.03277904540300369,0.5859529376029968,0.5737151503562927,-0.04098827391862869,0.5386208295822144,0.5458417534828186,-0.013614377938210964,0.509566068649292,0.4665091335773468,-0.02585143968462944,0.49271106719970703,0.4161995053291321,-0.0368180014193058,0.4811979830265045,0.37252432107925415,-0.046942975372076035,0.578575074672699,0.5276626944541931,-0.018948029726743698,0.5704647302627563,0.4269212782382965,-0.02970287576317787,0.5665180087089539,0.3632240891456604,-0.04226888343691826,0.5647072792053223,0.3112184703350067,-0.05217772349715233,0.6176602244377136,0.5373930335044861,-0.0273610670119524,0.6260982751846313,0.44819560647010803,-0.04323992133140564,0.6328674554824829,0.38767004013061523,-0.06174089387059212,0.6385265588760376,0.3358139991760254,-0.0751897320151329,0.654190182685852,0.566780686378479,-0.03745651990175247,0.6789682507514954,0.5047286152839661,-0.05375778302550316,0.696877658367157,0.4623837471008301,-0.06469127535820007,0.7122039198875427,0.42399922013282776,-0.07305315136909485
0.6547726392745972,0.7578816413879395,3.8617903896920325e-07,0.6013804078102112,0.726125955581665,-0.019184622913599014,0.5677193403244019,0.6535173654556274,-0.026054782792925835,0.5885710120201111,0.585179328918457,-0.03261176124215126,0.6286977529525757,0.5758691430091858,-0.04028470814228058,0.5809889435768127,0.5407681465148926,-0.01301650982350111,0.552475094795227,0.4612986743450165,-0.024876529350876808,0.5359984636306763,0.40964972972869873,-0.03570692241191864,0.525331974029541,0.36494016647338867,-0.045902568846940994,0.621035099029541,0.523377537727356,-0.018155355006456375,0.6114314794540405,0.42596593499183655,-0.029043205082416534,0.6065016388893127,0.36230698227882385,-0.042157456278800964,0.6045307517051697,0.3099079132080078,-0.0525638572871685,0.6598581671714783,0.5333836674690247,-0.026376040652394295,0.6677172780036926,0.44669559597969055,-0.042946334928274155,0.6720920205116272,0.38761335611343384,-0.06234490126371384,0.6754958629608154,0.33702629804611206,-0.0763331949710846,0.6962541341781616,0.563685953617096,-0.03632623702287674,0.7213215827941895,0.5051155686378479,-0.053792133927345276,0.7383676767349243,0.46379515528678894,-0.06593602150678635,0.7529157996177673,0.426521897315979,-0.07498123496770859
0.6800163388252258,0.7628235816955566,4.0424649228043563e-07,0.6263261437416077,0.7280470132827759,-0.01869768090546131,0.5921357870101929,0.6502916812896729,-0.024680323898792267,0.6159060001373291,0.5827615261077881,-0.030579859390854836,0.6590253710746765,0.5755407810211182,-0.037449974566698074,0.6025687456130981,0.5434028506278992,-0.01000434160232544,0.576359748840332,0.46313416957855225,-0.020308880135416985,0.5611883997917175,0.41225504875183105,-0.03030884824693203,0.551041841506958,0.36849111318588257,-0.04006229341030121,0.6428045034408569,0.5257253646850586,-0.01509789563715458,0.6323667764663696,0.4276551604270935,-0.024258160963654518,0.6292339563369751,0.36475491523742676,-0.03605487942695618,0.6296491622924805,0.31447625160217285,-0.04535199701786041,0.6830538511276245,0.5357062220573425,-0.023443715646862984,0.6903446316719055,0.44703975319862366,-0.03858709707856178,0.6956828236579895,0.3886232376098633,-0.05687803402543068,0.7005820274353027,0.3391355276107788,-0.06996892392635345,0.7217128872871399,0.5652850866317749,-0.03355894610285759,0.7464296221733093,0.5060573220252991,-0.04978018254041672,0.7635561227798462,0.46611350774765015,-0.06046808883547783,0.7782027721405029,0.43133050203323364,-0.0683949738740921
0.7006238698959351,0.7679620385169983,4.2760467522384715e-07,0.6467484831809998,0.7354261875152588,-0.021394435316324234,0.6094984412193298,0.6609374284744263,-0.029556334018707275,0.6298317313194275,0.5901628732681274,-0.03704705461859703,0.6742981672286987,0.5790279507637024,-0.045309651643037796,0.6182591319084167,0.548403799533844,-0.014063183218240738,0.5921332836151123,0.46824923157691956,-0.02604464814066887,0.5763234496116638,0.41811293363571167,-0.03735954686999321,0.5648205876350403,0.3748190402984619,-0.04822884500026703,0.6594313383102417,0.5306305289268494,-0.01870749518275261,0.6491361856460571,0.43221938610076904,-0.028924984857439995,0.6452284455299377,0.36929064989089966,-0.04150734841823578,0.6440355777740479,0.3159593343734741,-0.051841821521520615,0.7002771496772766,0.5409851670265198,-0.026831243187189102,0.7069255113601685,0.4529738426208496,-0.043342527002096176,0.7126517295837402,0.3942374587059021,-0.06271988898515701,0.7174599170684814,0.34260883927345276,-0.07686156034469604,0.7392269968986511,0.5713847875595093,-0.03691326826810837,0.7629109621047974,0.5111919641494751,-0.05527607724070549,0.7808384299278259,0.46974360942840576,-0.06769581139087677,0.7961457371711731,0.4313613772392273,-0.07696312665939331
0.7129097580909729,0.7638065814971924,4.1734551814442966e-07,0.6614355444908142,0.7276882529258728,-0.020355261862277985,0.6296903491020203,0.6522706747055054,-0.028326453641057014,0.6494729518890381,0.5832675099372864,-0.035783801227808,0.6885624527931213,0.5751370787620544,-0.04421157017350197,0.6362507343292236,0.5425435304641724,-0.014194179326295853,0.6110673546791077,0.4611019194126129,-0.026730889454483986,0.5960557460784912,0.4096340537071228,-0.038566529750823975,0.5860076546669006,0.36516404151916504,-0.0495784692466259,0.6786040663719177,0.5255844593048096,-0.018999876454472542,0.6731222867965698,0.42800450325012207,-0.028957998380064964,0.6722375750541687,0.3658999502658844,-0.0411992184817791,0.6735987067222595,0.3138974905014038,-0.051180966198444366,0.7192513346672058,0.5364893674850464,-0.02702527679502964,0.7304143905639648,0.44936659932136536,-0.0423557385802269,0.738296389579773,0.39226233959198,-0.05968514457345009,0.7446349859237671,0.34195810556411743,-0.07247808575630188,0.7570350766181946,0.5672673583030701,-0.03699520602822304,0.781741738319397,0.5083013772964478,-0.053702447563409805,0.7998328804969788,0.47023820877075195,-0.06386309862136841,0.8149361610412598,0.4356633424758911,-0.07143518328666687
0.7402812242507935,0.7553333044052124,4.462015681383491e-07,0.6867839694023132,0.720129132270813,-0.019158631563186646,0.6527659893035889,0.6468130946159363,-0.02702825888991356,0.6713494062423706,0.5832991600036621,-0.034651126712560654,0.7099577188491821,0.5782861709594727,-0.04347940534353256,0.6614779233932495,0.5400699973106384,-0.014560389332473278,0.6329980492591858,0.460494726896286,-0.02706700749695301,0.617827296257019,0.4097464084625244,-0.03812077268958092,0.6084574460983276,0.3672119081020355,-0.04794890806078911,0.7034637928009033,0.5221760272979736,-0.019719095900654793,0.697234570980072,0.4241369962692261,-0.029569044709205627,0.6949306726455688,0.3608940839767456,-0.04175131022930145,0.6946320533752441,0.3095536231994629,-0.05137239396572113,0.7441794276237488,0.5319294333457947,-0.027898641303181648,0.7550090551376343,0.445029079914093,-0.042752187699079514,0.7597770690917969,0.3868195116519928,-0.061360735446214676,0.7630240321159363,0.33790841698646545,-0.07495719939470291,0.7822369337081909,0.5624201893806458,-0.03779424726963043,0.8102230429649353,0.5068573951721191,-0.05366604030132294,0.8280690908432007,0.46753090620040894,-0.06452389806509018,0.8427115678787231,0.4329838454723358,-0.07257796078920364
0.773186206817627,0.7627055644989014,4.289504715870862e-07,0.7182573080062866,0.7314766645431519,-0.018755260854959488,0.6812933683395386,0.6616483926773071,-0.026662014424800873,0.6993170380592346,0.5996916890144348,-0.034791331738233566,0.7368248105049133,0.5901442170143127,-0.04450219124555588,0.6954771876335144,0.5491473078727722,-0.014191417023539543,0.6632571816444397,0.4711124897003174,-0.027191942557692528,0.6452596783638,0.4218519926071167,-0.038716502487659454,0.6333901286125183,0.3803101181983948,-0.048983797430992126,0.7374742031097412,0.5294637680053711,-0.020433874800801277,0.7295173406600952,0.4282340109348297,-0.031875573098659515,0.7257552146911621,0.3632690906524658,-0.04580523073673248,0.7240688800811768,0.3108908534049988,-0.05654215067625046,0.777683675289154,0.5385378003120422,-0.0297926664352417,0.7914358377456665,0.448445200920105,-0.04756590351462364,0.8000156879425049,0.3882862329483032,-0.068801648914814,0.806216835975647,0.3374115824699402,-0.08384786546230316,0.8153194189071655,0.5691587924957275,-0.040587168186903,0.8470094799995422,0.5112088918685913,-0.05964495614171028,0.86832195520401,0.47276175022125244,-0.07238155603408813,0.885582447052002,0.4384959936141968,-0.08155203610658646
0.7805287837982178,0.7672398090362549,4.1620123170105217e-07,0.7253698706626892,0.7369011640548706,-0.019615495577454567,0.687274694442749,0.6650180220603943,-0.027161842212080956,0.7058460116386414,0.6009035110473633,-0.034709230065345764,0.745463490486145,0.592741847038269,-0.04375448450446129,0.7025223970413208,0.5516833662986755,-0.01366664282977581,0.6695739030838013,0.47502779960632324,-0.026147156953811646,0.6511478424072266,0.4265773892402649,-0.03750600293278694,0.6389903426170349,0.38521814346313477,-0.047773681581020355,0.7440925240516663,0.5303420424461365,-0.019219182431697845,0.7341382503509521,0.4304858446121216,-0.03014007769525051,0.728404700756073,0.3658733367919922,-0.043613892048597336,0.7251552939414978,0.31335848569869995,-0.054048143327236176,0.7842503190040588,0.5385327339172363,-0.0280050840228796,0.7967177629470825,0.4499571919441223,-0.04501292482018471,0.8033542633056641,0.3901582360267639,-0.06571882963180542,0.8080361485481262,0.3392547070980072,-0.080474853515625,0.8218385577201843,0.5690723061561584,-0.03846438229084015,0.8522385358810425,0.5115209817886353,-0.05648128315806389,0.8722693920135498,0.47243496775627136,-0.06880912184715271,0.8886051177978516,0.43698379397392273,-0.07785754650831223
0.7898955941200256,0.7632614970207214,4.0385128841080586e-07,0.7362099289894104,0.732587456703186,-0.019884495064616203,0.698510468006134,0.6600351333618164,-0.027535289525985718,0.7195296883583069,0.5947655439376831,-0.034990474581718445,0.7628628611564636,0.5904502868652344,-0.043700892478227615,0.7135013341903687,0.5477625131607056,-0.014444038271903992,0.6819983124732971,0.46947360038757324,-0.026425788179039955,0.6640341877937317,0.42046666145324707,-0.03769182413816452,0.6520041823387146,0.3783881664276123,-0.048233501613140106,0.753099262714386,0.5279053449630737,-0.019253909587860107,0.7401668429374695,0.4298648238182068,-0.029379164800047874,0.7331490516662598,0.3662031888961792,-0.04183770716190338,0.7291987538337708,0.3142544627189636,-0.05175156518816948,0.7928136587142944,0.5372123122215271,-0.0272261630743742,0.8004963994026184,0.4489675760269165,-0.04302947223186493,0.805634081363678,0.3904145061969757,-0.06268495321273804,0.8099926114082336,0.34125393629074097,-0.07692401856184006,0.8313485383987427,0.5678173899650574,-0.037066780030727386,0.860209047794342,0.5100319385528564,-0.054620806127786636,0.8800305128097534,0.47082045674324036,-0.06721470504999161,0.8970313668251038,0.43601810932159424,-0.0765053853392601
0.7957267165184021,0.755146324634552,4.017343542273011e-07,0.7415518164634705,0.7225068211555481,-0.018081853166222572,0.7055886387825012,0.6502297520637512,-0.024563107639551163,0.7273504137992859,0.5857019424438477,-0.03118419647216797,0.7690666913986206,0.5807101726531982,-0.03920140117406845,0.7205970883369446,0.5421000123023987,-0.011719283647835255,0.6900923848152161,0.465014785528183,-0.022672967985272408,0.673509955406189,0.41678979992866516,-0.033124860376119614,0.6627638339996338,0.3757964074611664,-0.04303870350122452,0.7604436874389648,0.5229211449623108,-0.01715797558426857,0.7480214834213257,0.42594367265701294,-0.02663557417690754,0.7410054206848145,0.36358392238616943,-0.039048805832862854,0.7368422746658325,0.31312817335128784,-0.048897579312324524,0.800136923789978,0.531950056552887,-0.02567892335355282,0.8078661561012268,0.4442746937274933,-0.041398849338293076,0.8125702738761902,0.38592395186424255,-0.061767030507326126,0.8164446353912354,0.33739352226257324,-0.07649216055870056,0.8385331034660339,0.5618557333946228,-0.03582140803337097,0.868698239326477,0.5060214996337891,-0.05381477251648903,0.8885997533798218,0.4670857787132263,-0.06721043586730957,0.9055512547492981,0.43262428045272827,-0.07699393481016159
0.8087444305419922,0.7358407974243164,3.994649375727022e-07,0.7548868656158447,0.7040183544158936,-0.017869513481855392,0.7179777026176453,0.6316202878952026,-0.024397829547524452,0.7398871779441833,0.5659645795822144,-0.03096219338476658,0.784618616104126,0.5594498515129089,-0.03864661976695061,0.7334293723106384,0.5247860550880432,-0.012272384949028492,0.704454779624939,0.4487370252609253,-0.022910265251994133,0.6877055764198303,0.4015103876590729,-0.03315845504403114,0.6765972971916199,0.36173516511917114,-0.04298334941267967,0.7728497385978699,0.5057369470596313,-0.01753390207886696,0.7605874538421631,0.41018909215927124,-0.026249773800373077,0.753319263458252,0.3487566113471985,-0.037813037633895874,0.7489436864852905,0.29893606901168823,-0.047138698399066925,0.812463641166687,0.5151833295822144,-0.025807777419686317,0.8197983503341675,0.42884576320648193,-0.04113480821251869,0.8247998952865601,0.3717741072177887,-0.06064780429005623,0.8292524814605713,0.3247465491294861,-0.07470294088125229,0.8505094051361084,0.5460847616195679,-0.0356675423681736,0.880393385887146,0.4886104166507721,-0.0540032684803009,0.9010968208312988,0.4498428702354431,-0.06711900979280472,0.9190148711204529,0.4162170886993408,-0.07644306123256683
0.813899576663971,0.7408822774887085,4.0176030324801104e-07,0.7590964436531067,0.7049357891082764,-0.017883509397506714,0.7237158417701721,0.631416380405426,-0.025313446298241615,0.7447407841682434,0.5718826055526733,-0.03293745592236519,0.784035325050354,0.5730507373809814,-0.04195907339453697,0.7476819753646851,0.5207839012145996,-0.012202645651996136,0.7242670655250549,0.44411373138427734,-0.023761210963129997,0.7109848260879517,0.39523449540138245,-0.035127121955156326,0.7017390727996826,0.35507428646087646,-0.04578418657183647,0.7885671854019165,0.5073394179344177,-0.018678659573197365,0.7814435362815857,0.4109411835670471,-0.028889242559671402,0.7773074507713318,0.34847843647003174,-0.04225596413016319,0.7747142910957336,0.2982097268104553,-0.05287237465381622,0.8285617232322693,0.5211988687515259,-0.028240898624062538,0.8400623798370361,0.4332220256328583,-0.0453348308801651,0.8470592498779297,0.3734097182750702,-0.06670277565717697,0.8523837327957153,0.3237382769584656,-0.08207904547452927,0.8665156960487366,0.5561070442199707,-0.03921972215175629,0.9006061553955078,0.5013746023178101,-0.05861051753163338,0.9236813187599182,0.4630111753940582,-0.07246758043766022,0.9434250593185425,0.4290216565132141,-0.08249848335981369
0.8481217622756958,0.7408835887908936,3.820206302407314e-07,0.7944533824920654,0.7023525238037109,-0.018699271604418755,0.7614815831184387,0.6283308863639832,-0.026623640209436417,0.7878293395042419,0.5710089802742004,-0.034662872552871704,0.8295174837112427,0.5698207020759583,-0.04414571449160576,0.7829090356826782,0.5214361548423767,-0.013621405698359013,0.7566422820091248,0.4428357481956482,-0.026396436616778374,0.7413251399993896,0.39415842294692993,-0.03865828737616539,0.7308697700500488,0.3525436520576477,-0.049816571176052094,0.8235660195350647,0.5063915848731995,-0.019543994218111038,0.8141158223152161,0.4095422327518463,-0.030567234382033348,0.8095869421958923,0.3467438519001007,-0.04454757273197174,0.8078694939613342,0.2951347827911377,-0.05563831701874733,0.8632218837738037,0.5195451974868774,-0.028543250635266304,0.8743959069252014,0.43212032318115234,-0.04470868408679962,0.8817652463912964,0.37368419766426086,-0.06484504044055939,0.8876230716705322,0.32505130767822266,-0.07953552901744843,0.9011387825012207,0.5528818964958191,-0.03926544263958931,0.9316987991333008,0.49640190601348877,-0.056605126708745956,0.9518218040466309,0.45735597610473633,-0.06881334632635117,0.9686838984489441,0.4227854013442993,-0.07796498388051987
0.8686350584030151,0.7541316747665405,3.8582822980970377e-07,0.8151374459266663,0.7167491316795349,-0.019133247435092926,0.7810879349708557,0.6422815918922424,-0.026987237855792046,0.8058396577835083,0.5806531310081482,-0.03464575856924057,0.8476942181587219,0.5776493549346924,-0.04352215304970741,0.8015480041503906,0.5342293381690979,-0.014281537383794785,0.7754753232002258,0.4543757736682892,-0.026643309742212296,0.76006019115448,0.4047282934188843,-0.0381973460316658,0.7492563724517822,0.3627278804779053,-0.04886094480752945,0.842077374458313,0.5194335579872131,-0.01986771635711193,0.8317716121673584,0.42108285427093506,-0.030637040734291077,0.8262091279029846,0.35738247632980347,-0.043836869299411774,0.8231443166732788,0.3051891326904297,-0.05420739948749542,0.8820092678070068,0.5327163934707642,-0.0284988135099411,0.8901947736740112,0.4442806839942932,-0.04481126368045807,0.8955987691879272,0.383783757686615,-0.06461100280284882,0.8998305797576904,0.33291518688201904,-0.07895498722791672,0.9204582571983337,0.5664708614349365,-0.03881249204277992,0.9493918418884277,0.5082394480705261,-0.05634590610861778,0.9689940214157104,0.4679626524448395,-0.06839290261268616,0.9855146408081055,0.43217214941978455,-0.07735481858253479
0.8779827952384949,0.7576682567596436,3.876645848777116e-07,0.8242140412330627,0.7192078232765198,-0.01922713965177536,0.790532112121582,0.6446834802627563,-0.027443697676062584,0.8158527612686157,0.5838971734046936,-0.03559698536992073,0.858154296875,0.5802456140518188,-0.04485185816884041,0.8110707998275757,0.5388623476028442,-0.014493577182292938,0.785295844078064,0.45849353075027466,-0.027548739686608315,0.769841194152832,0.4086613655090332,-0.0395880825817585,0.7591301202774048,0.3658439517021179,-0.05057540163397789,0.8522976040840149,0.5225365161895752,-0.02035202831029892,0.8426729440689087,0.4235495924949646,-0.03163045272231102,0.8376496434211731,0.35905060172080994,-0.04519341513514519,0.8345659971237183,0.3060877323150635,-0.055914755910634995,0.8928731083869934,0.5350469946861267,-0.02930372953414917,0.9025242924690247,0.4478577971458435,-0.04556402936577797,0.9092047810554504,0.3881295919418335,-0.06466212123632431,0.913598358631134,0.3377118408679962,-0.07850613445043564,0.9316809773445129,0.5677172541618347,-0.04003863036632538,0.9607332944869995,0.5079188942909241,-0.05658537149429321,0.9794753789901733,0.466166615486145,-0.06768707185983658,0.9941715002059937,0.42883145809173584,-0.07617312669754028
0.8894990682601929,0.7529445886611938,3.607511587233603e-07,0.8349686861038208,0.7151347994804382,-0.018849149346351624,0.8008281588554382,0.637826681137085,-0.026350900530815125,0.8255890011787415,0.5718417763710022,-0.033801909536123276,0.8680390119552612,0.5660918354988098,-0.04220476746559143,0.8200997710227966,0.5333644151687622,-0.012018959037959576,0.7941974997520447,0.45358002185821533,-0.024562031030654907,0.7786909937858582,0.40404751896858215,-0.03666703775525093,0.768445611000061,0.36212843656539917,-0.047724198549985886,0.861299991607666,0.5164403915405273,-0.017823804169893265,0.8491759300231934,0.4192032814025879,-0.028206609189510345,0.8429590463638306,0.3558958172798157,-0.04119976609945297,0.8390719890594482,0.303857684135437,-0.051602888852357864,0.9022886157035828,0.528428316116333,-0.02690967731177807,0.9107713103294373,0.4394426941871643,-0.043017953634262085,0.9174578189849854,0.379816472530365,-0.06164871156215668,0.9213529825210571,0.3297300636768341,-0.07514843344688416,0.942179799079895,0.561012864112854,-0.03776773810386658,0.9694688320159912,0.4990452229976654,-0.05465776473283768,0.9862900972366333,0.45985355973243713,-0.06529401242733002,0.9979832768440247,0.4259856641292572,-0.07326669245958328
0.8866045475006104,0.7380632758140564,3.6903301747770456e-07,0.8334096670150757,0.6984880566596985,-0.017827169969677925,0.7997178435325623,0.6228289008140564,-0.024785999208688736,0.8244215846061707,0.5567697882652283,-0.03185155615210533,0.8681721091270447,0.5459861159324646,-0.03969340771436691,0.8173099160194397,0.5226313471794128,-0.010746113024652004,0.7913669943809509,0.4427572786808014,-0.022727902978658676,0.7757811546325684,0.3932514190673828,-0.03425617516040802,0.7652279734611511,0.3512547016143799,-0.04499663785099983,0.8584163784980774,0.5051385760307312,-0.01684299111366272,0.8473109602928162,0.40795183181762695,-0.02694237418472767,0.841124951839447,0.3451343774795532,-0.039779335260391235,0.8369088172912598,0.29348987340927124,-0.05012855678796768,0.899509847164154,0.5159714221954346,-0.0261524748057127,0.9077231287956238,0.4282424747943878,-0.04160669073462486,0.9146264791488647,0.3691701591014862,-0.059731677174568176,0.9190399050712585,0.3191988468170166,-0.07303401827812195,0.9394427537918091,0.5461179614067078,-0.03718050196766853,0.9662091732025146,0.48521703481674194,-0.05344001203775406,0.9833400249481201,0.44453930854797363,-0.06391490995883942,0.9960747957229614,0.40882349014282227,-0.07189024984836578
0.878165602684021,0.6239734292030334,3.843682634396828e-07,0.8264862895011902,0.5811743140220642,-0.01799454726278782,0.7969019412994385,0.5043461918830872,-0.025398708879947662,0.824188768863678,0.4392668902873993,-0.032780539244413376,0.8692751526832581,0.4259786903858185,-0.04070211201906204,0.8151335716247559,0.4077797532081604,-0.010564322583377361,0.7939637899398804,0.32766684889793396,-0.02352854609489441,0.7800934314727783,0.2778741121292114,-0.035409558564424515,0.7704085111618042,0.23696136474609375,-0.04593387246131897,0.8573740124702454,0.39423811435699463,-0.01657455787062645,0.8521409630775452,0.29774922132492065,-0.027644697576761246,0.8489553332328796,0.23634453117847443,-0.0404597669839859,0.8469383120536804,0.18542402982711792,-0.05037083104252815,0.8984146118164062,0.40752944350242615,-0.025983626022934914,0.9112616777420044,0.3190600872039795,-0.04270191490650177,0.9207450151443481,0.26068875193595886,-0.05997854471206665,0.92737877368927,0.210177481174469,-0.07220984250307083,0.937781572341919,0.4389303922653198,-0.0370044969022274,0.9672799110412598,0.37989485263824463,-0.054133091121912,0.9854376316070557,0.33858224749565125,-0.06414791941642761,0.9991536140441895,0.3004140853881836,-0.07135927677154541
0.8725679516792297,0.5896806120872498,3.8291463511086477e-07,0.8211324214935303,0.5453586578369141,-0.01800469681620598,0.7929518222808838,0.46448200941085815,-0.024612564593553543,0.8218641877174377,0.39689552783966064,-0.03139818087220192,0.868052065372467,0.3831709325313568,-0.038612138479948044,0.8128687739372253,0.3676735758781433,-0.007887044921517372,0.7906254529953003,0.2862412929534912,-0.020285295322537422,0.7766329646110535,0.2361895591020584,-0.03205256536602974,0.7674013376235962,0.19557343423366547,-0.04221637174487114,0.8551037311553955,0.35373973846435547,-0.01350853405892849,0.8509829640388489,0.25449860095977783,-0.023831859230995178,0.8487570881843567,0.19071178138256073,-0.03663647174835205,0.8478513956069946,0.13890856504440308,-0.04645503684878349,0.895663321018219,0.3668406307697296,-0.02274254895746708,0.9100943207740784,0.27781301736831665,-0.03896072506904602,0.9210036396980286,0.21962928771972656,-0.056673821061849594,0.9288817644119263,0.17062552273273468,-0.06904681771993637,0.9345304369926453,0.3980827331542969,-0.03368653729557991,0.9661499261856079,0.33689168095588684,-0.04982585832476616,0.9862678050994873,0.29728078842163086,-0.05957133322954178,1.0015041828155518,0.2623712122440338,-0.06659279763698578
0.8664326071739197,0.5548974275588989,3.890283437613107e-07,0.8144826889038086,0.509956955909729,-0.0170639306306839,0.7858140468597412,0.42691704630851746,-0.02250225841999054,0.8140925765037537,0.35849738121032715,-0.028370123356580734,0.8587064743041992,0.34606611728668213,-0.03491351008415222,0.8059262037277222,0.33359408378601074,-0.006948897149413824,0.7832497954368591,0.2507047951221466,-0.016880840063095093,0.7698409557342529,0.19846877455711365,-0.02694244496524334,0.761714518070221,0.15404574573040009,-0.03672141954302788,0.8471478819847107,0.3176855444908142,-0.012509831227362156,0.8424150943756104,0.2185678482055664,-0.021415721625089645,0.8407202959060669,0.15342256426811218,-0.033768180757761,0.840816080570221,0.09962737560272217,-0.04370656982064247,0.8871918320655823,0.32863789796829224,-0.021346785128116608,0.9015920758247375,0.23821984231472015,-0.036146990954875946,0.9142687320709229,0.18013621866703033,-0.05406961590051651,0.92438805103302,0.13158519566059113,-0.06707293540239334,0.9255698323249817,0.35808923840522766,-0.031856462359428406,0.9577775001525879,0.2991909682750702,-0.04770377650856972,0.97979736328125,0.25875040888786316,-0.05830869823694229,0.9979865550994873,0.22327350080013275,-0.06621191650629044
0.8574194312095642,0.5503754615783691,3.6982180517952656e-07,0.8051760196685791,0.508895993232727,-0.018620435148477554,0.7756385207176208,0.42778921127319336,-0.02428898587822914,0.8027510046958923,0.3574749827384949,-0.0301822517067194,0.8477872014045715,0.34320878982543945,-0.03672385215759277,0.7959815859794617,0.3310374915599823,-0.0074626002460718155,0.7730591297149658,0.24797546863555908,-0.01778382994234562,0.7590925693511963,0.19610737264156342,-0.028115164488554,0.7502948641777039,0.15186628699302673,-0.038067277520895004,0.8377963304519653,0.31434711813926697,-0.012372915633022785,0.8312965631484985,0.21556885540485382,-0.021359043195843697,0.8280854225158691,0.15151163935661316,-0.03434942662715912,0.8267664909362793,0.09713928401470184,-0.044957876205444336,0.8783754110336304,0.3237861692905426,-0.02077466994524002,0.8903777003288269,0.23504041135311127,-0.03604292497038841,0.8997002243995667,0.17560942471027374,-0.05538973957300186,0.9069190621376038,0.12455001473426819,-0.06959342211484909,0.9172881841659546,0.35153570771217346,-0.03097737953066826,0.948835015296936,0.2923656105995178,-0.0475635901093483,0.9709799885749817,0.25145113468170166,-0.05958160012960434,0.9894338846206665,0.21508097648620605,-0.06865929812192917
0.8453398942947388,0.5437138676643372,3.7335431102292205e-07,0.7946486473083496,0.4990866780281067,-0.016407044604420662,0.7670568823814392,0.41781431436538696,-0.021376749500632286,0.7936981916427612,0.350990355014801,-0.027072735130786896,0.8371478915214539,0.33750927448272705,-0.03372252359986305,0.784960150718689,0.3246316909790039,-0.0061478703282773495,0.7609972357749939,0.24239426851272583,-0.01639377884566784,0.7478827834129333,0.19118942320346832,-0.02636485919356346,0.7402313947677612,0.14768856763839722,-0.03578147664666176,0.8259124159812927,0.3089938163757324,-0.012370491400361061,0.8199830651283264,0.20961785316467285,-0.02159738726913929,0.8167177438735962,0.14597554504871368,-0.03475354239344597,0.8152103424072266,0.09290377795696259,-0.04529012367129326,0.8657589554786682,0.3195667266845703,-0.021870344877243042,0.8801450133323669,0.23101258277893066,-0.03756522759795189,0.8906534910202026,0.17112846672534943,-0.057526376098394394,0.8984186053276062,0.12014305591583252,-0.07195825129747391,0.9033849835395813,0.34850195050239563,-0.03283458575606346,0.9358642101287842,0.2883194386959076,-0.04977986216545105,0.9589215517044067,0.24716633558273315,-0.06181779503822327,0.9781477451324463,0.21060781180858612,-0.07082536816596985
0.8334736227989197,0.5252983570098877,3.925280793737329e-07,0.7816851139068604,0.4803652763366699,-0.01683313585817814,0.7530182600021362,0.3996737599372864,-0.022197548300027847,0.7775752544403076,0.3315029442310333,-0.02826957032084465,0.8209103941917419,0.31643447279930115,-0.0350455678999424,0.7710322141647339,0.3075237572193146,-0.005366628989577293,0.7475740909576416,0.2265399843454361,-0.015563469380140305,0.734474778175354,0.1757798194885254,-0.025686265900731087,0.7269117832183838,0.13276103138923645,-0.03517141193151474,0.8124246001243591,0.29248344898223877,-0.011079973541200161,0.8085218667984009,0.19354727864265442,-0.020293982699513435,0.8059468269348145,0.13028477132320404,-0.033254850655794144,0.8050434589385986,0.07726141810417175,-0.0434933565557003,0.8525157570838928,0.302800714969635,-0.020177530124783516,0.8665005564689636,0.21422526240348816,-0.035227835178375244,0.8768900632858276,0.15549695491790771,-0.05402276664972305,0.8850688934326172,0.10596142709255219,-0.06756836920976639,0.890479326248169,0.33063215017318726,-0.030877534300088882,0.9215226769447327,0.27224454283714294,-0.04670632258057594,0.9436439275741577,0.23168069124221802,-0.05774858593940735,0.9624540209770203,0.19557811319828033,-0.06593954563140869
0.8253331184387207,0.5010687112808228,3.719570429439045e-07,0.7739128470420837,0.45802539587020874,-0.016994304955005646,0.7431401014328003,0.3769467771053314,-0.02209704928100109,0.76589035987854,0.30702728033065796,-0.027778543531894684,0.8103979229927063,0.29268068075180054,-0.03394369035959244,0.7637315392494202,0.2833048105239868,-0.004549808334559202,0.7418571710586548,0.20374035835266113,-0.014494875445961952,0.7291522026062012,0.15443134307861328,-0.024548593908548355,0.721748948097229,0.11229361593723297,-0.03415851667523384,0.8043255805969238,0.26752346754074097,-0.010035460814833641,0.8000754117965698,0.16917359828948975,-0.01879672147333622,0.7985566854476929,0.10691313445568085,-0.031271450221538544,0.7993227243423462,0.05435776710510254,-0.041292037814855576,0.8440991640090942,0.27772819995880127,-0.019024759531021118,0.8575578331947327,0.1908855140209198,-0.034192923456430435,0.8682647347450256,0.1326817274093628,-0.05300840362906456,0.8770502209663391,0.08278542757034302,-0.06661682575941086,0.8820367455482483,0.30587926506996155,-0.029647596180438995,0.9121677875518799,0.24830099940299988,-0.045888375490903854,0.9344100952148438,0.20848943293094635,-0.057325251400470734,0.9534783959388733,0.17267829179763794,-0.06590225547552109
0.8246021270751953,0.4968787431716919,3.701024695601518e-07,0.7728362083435059,0.45443737506866455,-0.016589997336268425,0.7425521612167358,0.37168264389038086,-0.021019315347075462,0.7663913369178772,0.30216407775878906,-0.025876175612211227,0.8106059432029724,0.29076719284057617,-0.03131875768303871,0.7628673911094666,0.27639010548591614,-0.004795014392584562,0.7406639456748962,0.19580018520355225,-0.01409154012799263,0.7280234098434448,0.14602772891521454,-0.02359991893172264,0.7204696536064148,0.10418187081813812,-0.03281623125076294,0.8038102984428406,0.2614603340625763,-0.010232235305011272,0.7985533475875854,0.16348464787006378,-0.018429480493068695,0.7963321208953857,0.10109274089336395,-0.03037562221288681,0.7963550090789795,0.04888591170310974,-0.03992258757352829,0.8435450196266174,0.27277910709381104,-0.019074931740760803,0.857180655002594,0.18512962758541107,-0.03379248455166817,0.867597222328186,0.12618803977966309,-0.05288368836045265,0.8760952353477478,0.07590733468532562,-0.06671573966741562,0.8810749650001526,0.30259960889816284,-0.029489761218428612,0.9121736884117126,0.24555650353431702,-0.0457979291677475,0.9340533018112183,0.20487800240516663,-0.057755112648010254,0.9528610706329346,0.1677372306585312,-0.06667827814817429
0.8246450424194336,0.4905824065208435,3.845457001716568e-07,0.7726746797561646,0.44777339696884155,-0.01858717016875744,0.741885244846344,0.36690136790275574,-0.024494348093867302,0.765994131565094,0.295808345079422,-0.030652085319161415,0.8115538954734802,0.28239262104034424,-0.037160724401474,0.762525737285614,0.27168822288513184,-0.005914877634495497,0.7406343221664429,0.1906631588935852,-0.01607782021164894,0.7278672456741333,0.14080047607421875,-0.026214126497507095,0.7206137776374817,0.09850946068763733,-0.03594275936484337,0.8039395809173584,0.25566065311431885,-0.010691214352846146,0.798832356929779,0.15790174901485443,-0.019669173285365105,0.796881377696991,0.09521567821502686,-0.03223906829953194,0.797408401966095,0.042445093393325806,-0.042366258800029755,0.8441724181175232,0.2657969295978546,-0.019124608486890793,0.8575323820114136,0.17846274375915527,-0.03433714807033539,0.8681462407112122,0.12014825642108917,-0.053325869143009186,0.8766686320304871,0.07027772068977356,-0.06711716949939728,0.8825173377990723,0.2941949665546417,-0.029353847727179527,0.9130485653877258,0.23811987042427063,-0.045656718313694,0.9348107576370239,0.19802385568618774,-0.057559940963983536,0.9534131288528442,0.1616930365562439,-0.0665225014090538
0.8172283172607422,0.4938053786754608,3.728937940650212e-07,0.7676199674606323,0.4496003985404968,-0.016404105350375175,0.7386360764503479,0.36909690499305725,-0.021718842908740044,0.7614333033561707,0.2996481955051422,-0.02767716720700264,0.8045809864997864,0.28451207280158997,-0.03424209728837013,0.757045328617096,0.2730324864387512,-0.0060059381648898125,0.7354957461357117,0.1911480724811554,-0.01648150384426117,0.7229263782501221,0.14098328351974487,-0.026601849123835564,0.7153776288032532,0.0991029292345047,-0.035960983484983444,0.7977911829948425,0.25952857732772827,-0.012096969410777092,0.7943026423454285,0.15992818772792816,-0.02155788615345955,0.7924527525901794,0.09605228900909424,-0.034655213356018066,0.7924478650093079,0.0433388352394104,-0.045060381293296814,0.8374634385108948,0.27126675844192505,-0.02148173563182354,0.8519461750984192,0.18349888920783997,-0.03742995858192444,0.8619488477706909,0.12432411313056946,-0.05722089111804962,0.8697341680526733,0.07454723119735718,-0.07137728482484818,0.8750465512275696,0.3008899986743927,-0.03230063244700432,0.9075279235839844,0.24142581224441528,-0.049467310309410095,0.93052738904953,0.20035338401794434,-0.06175016611814499,0.9497972726821899,0.16414542496204376,-0.07077644765377045
0.7895798087120056,0.49981483817100525,3.8748643760300183e-07,0.738583505153656,0.45640599727630615,-0.01667473465204239,0.7110671997070312,0.37780308723449707,-0.021823745220899582,0.735617995262146,0.3108443319797516,-0.02774464339017868,0.7779467701911926,0.30158835649490356,-0.034461766481399536,0.7303548455238342,0.28484946489334106,-0.004628615919500589,0.7101591229438782,0.2046283483505249,-0.013967860490083694,0.6983137130737305,0.15501201152801514,-0.023525668308138847,0.6914566159248352,0.11188022792339325,-0.032838501036167145,0.770976185798645,0.27047574520111084,-0.010163809172809124,0.7687348127365112,0.17371836304664612,-0.018724782392382622,0.768397331237793,0.11113955080509186,-0.031010013073682785,0.7696701288223267,0.05829624831676483,-0.040915366262197495,0.8100661039352417,0.2808937132358551,-0.019087182357907295,0.8256158828735352,0.19600588083267212,-0.03363000601530075,0.8369563221931458,0.139435276389122,-0.052155472338199615,0.8458436131477356,0.0912102460861206,-0.06547625362873077,0.8467276096343994,0.3086782991886139,-0.029706129804253578,0.8788750171661377,0.2525275647640228,-0.04508999362587929,0.9009615778923035,0.2124917358160019,-0.0563744455575943,0.9197074770927429,0.17692652344703674,-0.06486654281616211
0.7702480554580688,0.5004262924194336,3.7021226262368145e-07,0.7200990915298462,0.45866572856903076,-0.015600766986608505,0.6932647228240967,0.3793420195579529,-0.02002229169011116,0.7173908948898315,0.31188762187957764,-0.025198083370923996,0.7595021724700928,0.30049166083335876,-0.031283434480428696,0.7144477963447571,0.2864946722984314,-0.0043096765875816345,0.6932024955749512,0.2083386480808258,-0.012775302864611149,0.6814603805541992,0.15915414690971375,-0.021496782079339027,0.6751798391342163,0.11728072166442871,-0.030273567885160446,0.7538715600967407,0.27239862084388733,-0.010420797392725945,0.7499130368232727,0.17647741734981537,-0.018071064725518227,0.7477327585220337,0.11439573764801025,-0.029694760218262672,0.74751216173172,0.06346286833286285,-0.03921743482351303,0.7919521331787109,0.2832663059234619,-0.019775670021772385,0.8062605857849121,0.19836387038230896,-0.034167319536209106,0.8157683610916138,0.14076609909534454,-0.05305086076259613,0.8235832452774048,0.0922284871339798,-0.06685890257358551,0.8275371789932251,0.3120633363723755,-0.030591679736971855,0.8599050045013428,0.25659847259521484,-0.046843770891427994,0.8832532167434692,0.21746188402175903,-0.05872129276394844,0.9032366871833801,0.18337953090667725,-0.06758905202150345
0.7382444739341736,0.4925244450569153,3.9684439911980007e-07,0.6892087459564209,0.4482894539833069,-0.01570841111242771,0.6626806855201721,0.37074655294418335,-0.021248148754239082,0.6862088441848755,0.3054239749908447,-0.027481552213430405,0.7266592979431152,0.29645082354545593,-0.0347103625535965,0.6833916902542114,0.2772332429885864,-0.006714059505611658,0.664988100528717,0.1972348988056183,-0.016365008428692818,0.655185878276825,0.14666353166103363,-0.02598884142935276,0.6505661010742188,0.1032847911119461,-0.035455986857414246,0.7237467765808105,0.2643931806087494,-0.013062283396720886,0.7219893932342529,0.1673564612865448,-0.022308658808469772,0.7219398021697998,0.1041259616613388,-0.03520715981721878,0.7242016196250916,0.051049068570137024,-0.04564874246716499,0.7624539136886597,0.27692726254463196,-0.022382821887731552,0.7793201208114624,0.1901647448539734,-0.037950024008750916,0.7909701466560364,0.13219264149665833,-0.05737502872943878,0.8007063865661621,0.08291631937026978,-0.071538545191288,0.7985149025917053,0.30770739912986755,-0.03306150436401367,0.8319589495658875,0.2527303695678711,-0.05038640275597572,0.8553705811500549,0.21260885894298553,-0.06289786845445633,0.875618040561676,0.17626428604125977,-0.07216797769069672
0.7164875268936157,0.49006882309913635,4.0562514413977624e-07,0.6672142744064331,0.44427019357681274,-0.015914645045995712,0.6415985822677612,0.3640149235725403,-0.02083372324705124,0.667405903339386,0.3006543815135956,-0.02664314955472946,0.7086014151573181,0.2934934198856354,-0.03333085775375366,0.6628960967063904,0.27252230048179626,-0.004988898988813162,0.6439483165740967,0.19132253527641296,-0.01439464371651411,0.6333439946174622,0.13982392847537994,-0.02374168671667576,0.6275222301483154,0.09601153433322906,-0.0328638069331646,0.7030498385429382,0.2598850727081299,-0.011136496439576149,0.7022714614868164,0.1630028933286667,-0.01979348622262478,0.701526403427124,0.09909188747406006,-0.03219277039170265,0.7025689482688904,0.04649791121482849,-0.04212217777967453,0.7407495379447937,0.27265477180480957,-0.02053729258477688,0.7582385540008545,0.18846619129180908,-0.03525879234075546,0.7703016996383667,0.13180069625377655,-0.05419168621301651,0.7803375124931335,0.0845823734998703,-0.06781533360481262,0.7750983834266663,0.303194135427475,-0.03153061494231224,0.8087390661239624,0.24968218803405762,-0.0477968230843544,0.8322417736053467,0.21048419177532196,-0.05973910167813301,0.8527172803878784,0.1759428232908249,-0.06855670362710953
0.6962721943855286,0.4805442988872528,4.0105820175995177e-07,0.6448188424110413,0.4369273781776428,-0.01612204685807228,0.6163463592529297,0.3556879460811615,-0.02154107391834259,0.6410808563232422,0.2907031774520874,-0.027675030753016472,0.683070719242096,0.28256332874298096,-0.034854162484407425,0.6381697654724121,0.26036494970321655,-0.006404733285307884,0.6182240843772888,0.18054631352424622,-0.01672816090285778,0.606870710849762,0.13036832213401794,-0.027006182819604874,0.6003487706184387,0.08765286207199097,-0.03681866079568863,0.6788148880004883,0.24808284640312195,-0.013006331399083138,0.6764600276947021,0.15123283863067627,-0.022220198065042496,0.6751508116722107,0.08764351904392242,-0.035145197063684464,0.6759094595909119,0.03409832715988159,-0.0455232672393322,0.7171217203140259,0.2616055905818939,-0.022859809920191765,0.7327518463134766,0.17614731192588806,-0.03843345120549202,0.7431777715682983,0.11809489130973816,-0.057776402682065964,0.7518593668937683,0.06837677955627441,-0.07177101820707321,0.7524259686470032,0.29304903745651245,-0.03420085459947586,0.7838683724403381,0.23734578490257263,-0.05148572474718094,0.8063541650772095,0.19732971489429474,-0.06361519545316696,0.8258767127990723,0.16063079237937927,-0.07257278263568878
0.6790720820426941,0.47027644515037537,4.1073030843108427e-07,0.6285744309425354,0.42985665798187256,-0.017147837206721306,0.5991066694259644,0.3513070046901703,-0.023212376981973648,0.6203302145004272,0.2843092381954193,-0.03004203736782074,0.6602564454078674,0.2727159261703491,-0.037733886390924454,0.619970977306366,0.2498079240322113,-0.0064089419320225716,0.598968505859375,0.1687866449356079,-0.017662862315773964,0.5860493183135986,0.11780080199241638,-0.0286752637475729,0.577612578868866,0.07459388673305511,-0.038766808807849884,0.6599165201187134,0.23568059504032135,-0.012876152992248535,0.6571224331855774,0.1350904256105423,-0.023124918341636658,0.6550654172897339,0.06840240955352783,-0.03704136610031128,0.6550838947296143,0.012244164943695068,-0.04795248806476593,0.6979222297668457,0.24752311408519745,-0.02269703336060047,0.7127768397331238,0.16029106080532074,-0.03950013220310211,0.7232849597930908,0.10065425932407379,-0.05985033139586449,0.7321231961250305,0.04973381757736206,-0.07433939725160599,0.7335444092750549,0.2779728174209595,-0.03409508988261223,0.7661775946617126,0.22182735800743103,-0.05225963518023491,0.7900515198707581,0.1819726824760437,-0.06494683772325516,0.810820460319519,0.14593425393104553,-0.07418735325336456
0.6582348346710205,0.46450042724609375,3.956223793011304e-07,0.6048670411109924,0.42596715688705444,-0.01770484261214733,0.574002742767334,0.3438829779624939,-0.022387508302927017,0.5960332751274109,0.2727793753147125,-0.027435341849923134,0.6363306045532227,0.26107364892959595,-0.03355344384908676,0.5971355438232422,0.24226322770118713,-0.004582860041409731,0.5749835968017578,0.16282811760902405,-0.013956042937934399,0.5622550845146179,0.1110914945602417,-0.023872826248407364,0.5549584627151489,0.06688238680362701,-0.03389450162649155,0.6371475458145142,0.22723542153835297,-0.010397338308393955,0.6327937245368958,0.1309908628463745,-0.01967216096818447,0.6300944089889526,0.06772515177726746,-0.032769329845905304,0.629690945148468,0.013806968927383423,-0.04328521713614464,0.6747614145278931,0.2391180694103241,-0.0198019091039896,0.6896275877952576,0.150470569729805,-0.036328379064798355,0.6997117400169373,0.0908772200345993,-0.05661965534090996,0.70890212059021,0.0382666140794754,-0.07144016772508621,0.7098023891448975,0.2707931697368622,-0.03085392154753208,0.7427995800971985,0.21647769212722778,-0.049983102828264236,0.7665824890136719,0.17630937695503235,-0.06389953941106796,0.7879830002784729,0.1381809264421463,-0.07414643466472626
0.6501452326774597,0.4654008746147156,3.7639466654582066e-07,0.5980114936828613,0.4268488585948944,-0.016199467703700066,0.5669354200363159,0.34547656774520874,-0.020336803048849106,0.5855939388275146,0.27391475439071655,-0.025358788669109344,0.6253344416618347,0.2595239579677582,-0.031018471345305443,0.5881853103637695,0.2407916784286499,-0.0026897708885371685,0.5653780102729797,0.160868301987648,-0.01267138123512268,0.5525027513504028,0.10931997001171112,-0.022727573290467262,0.5450940728187561,0.0664575845003128,-0.03214482218027115,0.6288820505142212,0.22595471143722534,-0.009138946421444416,0.6231924295425415,0.1270173341035843,-0.018463347107172012,0.6198596358299255,0.061343640089035034,-0.03136587142944336,0.6195561289787292,0.006422460079193115,-0.041382502764463425,0.6678697466850281,0.23676350712776184,-0.019169161096215248,0.6803809404373169,0.14872078597545624,-0.03563191741704941,0.689163863658905,0.08895377814769745,-0.05543116480112076,0.6967828273773193,0.037584736943244934,-0.06946486234664917,0.704267680644989,0.2665933072566986,-0.03075629100203514,0.7351618409156799,0.21029898524284363,-0.04866344481706619,0.757588803768158,0.16967378556728363,-0.06137348711490631,0.777532160282135,0.13196435570716858,-0.07061538845300674
0.6411004066467285,0.4658198952674866,3.6916787848895183e-07,0.5896159410476685,0.42747026681900024,-0.016763057559728622,0.5580812692642212,0.3476333022117615,-0.021660683676600456,0.5767817497253418,0.2765527367591858,-0.0271895881742239,0.6162917017936707,0.258998304605484,-0.03350609168410301,0.576471209526062,0.2412758767604828,-0.004810079000890255,0.5526221990585327,0.15999965369701385,-0.015153017826378345,0.5397588610649109,0.10706566274166107,-0.02525278553366661,0.5319026112556458,0.0623740553855896,-0.03484685719013214,0.6177043318748474,0.22688043117523193,-0.011265548877418041,0.6123221516609192,0.1282062530517578,-0.020856140181422234,0.6082178354263306,0.06417539715766907,-0.03399607911705971,0.605984628200531,0.009908467531204224,-0.04443842172622681,0.6566128134727478,0.23840856552124023,-0.021227510645985603,0.670779824256897,0.15058927237987518,-0.03803316876292229,0.6804462671279907,0.08963797986507416,-0.058109164237976074,0.6883022785186768,0.03649698197841644,-0.07252983748912811,0.6922718286514282,0.26902908086776733,-0.03268243372440338,0.724216878414154,0.2110322117805481,-0.05136903002858162,0.7472562789916992,0.1691819429397583,-0.06449029594659805,0.7672167420387268,0.13010527193546295,-0.07408662885427475
0.623154878616333,0.4569283127784729,3.960277581427363e-07,0.5684415698051453,0.4201040267944336,-0.01822858490049839,0.5323817133903503,0.34312671422958374,-0.02461228147149086,0.5501868724822998,0.2707911729812622,-0.031275950372219086,0.5927179455757141,0.25122663378715515,-0.03838775306940079,0.5529768466949463,0.23696213960647583,-0.0071736047975718975,0.5294337868690491,0.15704739093780518,-0.01946110650897026,0.5155190825462341,0.10651974380016327,-0.03078642301261425,0.5063503980636597,0.06433182954788208,-0.04075109213590622,0.5951840877532959,0.21976549923419952,-0.01302637904882431,0.5883691906929016,0.12040425837039948,-0.02338542230427265,0.5838534235954285,0.05565580725669861,-0.03657060116529465,0.5815852284431458,0.0004234015941619873,-0.04687485098838806,0.6358628273010254,0.22825051844120026,-0.02256368100643158,0.6468024849891663,0.14184454083442688,-0.03976983577013016,0.6542433500289917,0.08189104497432709,-0.05917432904243469,0.659819483757019,0.030290603637695312,-0.07281289994716644,0.6746883392333984,0.2555662989616394,-0.033749502152204514,0.7036430835723877,0.19769823551177979,-0.05193712189793587,0.7240753173828125,0.15691682696342468,-0.06399073451757431,0.7413653135299683,0.11944140493869781,-0.07260671257972717
0.5995635390281677,0.4533517360687256,3.5627996908260684e-07,0.5446785092353821,0.41815972328186035,-0.017438814043998718,0.5092224478721619,0.34183329343795776,-0.023253755643963814,0.5263215899467468,0.27024325728416443,-0.02917485497891903,0.5664600133895874,0.25094887614250183,-0.03581441938877106,0.5308573842048645,0.234683558344841,-0.008422808721661568,0.5050778388977051,0.15599319338798523,-0.01953275315463543,0.4907068610191345,0.10416367650032043,-0.03029770590364933,0.4814188480377197,0.06055670976638794,-0.04029650613665581,0.57154381275177,0.21817035973072052,-0.014307891018688679,0.5621649622917175,0.12143853306770325,-0.023624276742339134,0.5550844073295593,0.059258803725242615,-0.036177508533000946,0.5500555634498596,0.0076586902141571045,-0.046330079436302185,0.6107181906700134,0.2268763780593872,-0.023473333567380905,0.6219375729560852,0.1399632692337036,-0.03908052295446396,0.6286939978599548,0.0787290632724762,-0.05779905617237091,0.6336066722869873,0.027788549661636353,-0.0716496929526329,0.6475475430488586,0.25569310784339905,-0.0342932790517807,0.6783562302589417,0.1994675099849701,-0.05168098211288452,0.698622465133667,0.15799754858016968,-0.06379041820764542,0.7154877185821533,0.12098097801208496,-0.07275637984275818
0.5727472305297852,0.451445996761322,3.8909115573915187e-07,0.516601026058197,0.4166083335876465,-0.01672380045056343,0.4806899130344391,0.3379378914833069,-0.021145328879356384,0.4953865110874176,0.2640339732170105,-0.026209689676761627,0.5334498286247253,0.24360884726047516,-0.03182736411690712,0.5013092160224915,0.2349298745393753,-0.004191789776086807,0.47609713673591614,0.1558666229248047,-0.015216927044093609,0.4610603451728821,0.1052841991186142,-0.02588540129363537,0.45128461718559265,0.06252403557300568,-0.03552884981036186,0.5417879819869995,0.21769562363624573,-0.010357743129134178,0.5333960056304932,0.11787126958370209,-0.019500257447361946,0.5273862481117249,0.05270187556743622,-0.03196403384208679,0.5238596796989441,-0.0015000104904174805,-0.04180743172764778,0.5810694098472595,0.2259145826101303,-0.02015363983809948,0.591741144657135,0.1381879448890686,-0.03564644604921341,0.5987544655799866,0.07796312868595123,-0.05387503281235695,0.6041094660758972,0.02772967517375946,-0.06699032336473465,0.6185746788978577,0.25348207354545593,-0.0316927395761013,0.6479759812355042,0.19549596309661865,-0.04803875833749771,0.6673928499221802,0.15333697199821472,-0.05922924727201462,0.6835654973983765,0.11557033658027649,-0.0675622746348381
0.5553455352783203,0.4546435475349426,3.853094483474706e-07,0.4993259310722351,0.41982191801071167,-0.017802715301513672,0.46331921219825745,0.33995944261550903,-0.02217075042426586,0.4760592579841614,0.26352831721305847,-0.026795638725161552,0.5145620703697205,0.24232855439186096,-0.03166075050830841,0.4828839898109436,0.23470525443553925,-0.004194742534309626,0.45800819993019104,0.1570757031440735,-0.014989346265792847,0.44417643547058105,0.10550904273986816,-0.02526378445327282,0.43592020869255066,0.06182089447975159,-0.03461612015962601,0.5238264203071594,0.21738050878047943,-0.009757908061146736,0.5145432949066162,0.11828206479549408,-0.01898621767759323,0.5081163644790649,0.05284522473812103,-0.0310281403362751,0.5047295093536377,-0.0013152360916137695,-0.04033125191926956,0.5637385249137878,0.2256527990102768,-0.01905953697860241,0.5739917159080505,0.13947531580924988,-0.03495442122220993,0.5796291828155518,0.07899528741836548,-0.052939433604478836,0.5838996767997742,0.02767699956893921,-0.0656975582242012,0.6016087532043457,0.2538382411003113,-0.030189065262675285,0.6308087110519409,0.1970694661140442,-0.0469234474003315,0.6503295302391052,0.15545450150966644,-0.058147162199020386,0.6668489575386047,0.11740580201148987,-0.06632135063409805
0.545349657535553,0.47133809328079224,4.1766364233808417e-07,0.4899580478668213,0.43334829807281494,-0.01828455924987793,0.45641958713531494,0.35119545459747314,-0.02389235980808735,0.47193142771720886,0.2749245762825012,-0.02991628833115101,0.5119960904121399,0.2570146918296814,-0.036598555743694305,0.4780053496360779,0.24534493684768677,-0.006670290604233742,0.45612388849258423,0.16465112566947937,-0.019523531198501587,0.4426633417606354,0.11239610612392426,-0.031359970569610596,0.4336310029029846,0.0683184564113617,-0.0416286438703537,0.5193312764167786,0.2299746572971344,-0.013112078420817852,0.5138893723487854,0.12513655424118042,-0.024468915536999702,0.5098585486412048,0.05411243438720703,-0.03849249333143234,0.5082237124443054,-0.004863172769546509,-0.04922741279006004,0.5586112141609192,0.24134309589862823,-0.023230863735079765,0.5723415017127991,0.1532796025276184,-0.041111648082733154,0.5812085866928101,0.0913238525390625,-0.061152130365371704,0.5879817008972168,0.03871765732765198,-0.0752025693655014,0.5950741767883301,0.27263015508651733,-0.03510235995054245,0.6267830729484558,0.21623431146144867,-0.053157493472099304,0.6477817893028259,0.17455291748046875,-0.06536497920751572,0.6653704643249512,0.13630267977714539,-0.07434075325727463
0.530360221862793,0.47835344076156616,3.9311518662543676e-07,0.47501662373542786,0.43983185291290283,-0.016519537195563316,0.4411587715148926,0.36084091663360596,-0.021687543019652367,0.4583195745944977,0.2896476984024048,-0.027477655559778214,0.4986904561519623,0.27330201864242554,-0.03403497859835625,0.46673858165740967,0.25371551513671875,-0.005984565243124962,0.4454694986343384,0.17306093871593475,-0.017218779772520065,0.4322117567062378,0.1212901771068573,-0.0280337855219841,0.4236585199832916,0.07755781710147858,-0.03788447007536888,0.5074802041053772,0.23987910151481628,-0.012419975362718105,0.5030760765075684,0.1398666948080063,-0.022449322044849396,0.499451607465744,0.07425983250141144,-0.035591285675764084,0.4979398250579834,0.019872069358825684,-0.04587802663445473,0.5464544296264648,0.25098371505737305,-0.02219192497432232,0.5609050393104553,0.163524329662323,-0.03823312744498253,0.5690610408782959,0.10329072177410126,-0.05734240636229515,0.575355589389801,0.05288052558898926,-0.07114546746015549,0.5825060606002808,0.28187647461891174,-0.03361545503139496,0.6155457496643066,0.22656677663326263,-0.05068960413336754,0.6369927525520325,0.18497124314308167,-0.06282872706651688,0.6552671790122986,0.14701750874519348,-0.07178754359483719
0.5009055733680725,0.49205952882766724,4.213846409584221e-07,0.4436667263507843,0.45884016156196594,-0.019218504428863525,0.40801170468330383,0.3817826807498932,-0.025802191346883774,0.42458850145339966,0.310425341129303,-0.03246065974235535,0.46305668354034424,0.2973670959472656,-0.04010520130395889,0.43142664432525635,0.27042216062545776,-0.009716127999126911,0.4075988531112671,0.19030511379241943,-0.021708309650421143,0.3933243453502655,0.13929066061973572,-0.03339709714055061,0.3840705156326294,0.09525522589683533,-0.0440058596432209,0.4730680286884308,0.25511065125465393,-0.01523501891642809,0.46871718764305115,0.15365903079509735,-0.025542085990309715,0.46531572937965393,0.08768334984779358,-0.039157312363386154,0.464150071144104,0.03265073895454407,-0.05001290887594223,0.5120571255683899,0.2662774324417114,-0.024204563349485397,0.5267940759658813,0.17726200819015503,-0.040373045951128006,0.5358672142028809,0.11706985533237457,-0.059880949556827545,0.5432167053222656,0.06646381318569183,-0.07406672090291977,0.5474995374679565,0.29756852984428406,-0.035069532692432404,0.5786972045898438,0.2402171939611435,-0.052456025034189224,0.5993913412094116,0.1993400752544403,-0.06462967395782471,0.6170026659965515,0.16220813989639282,-0.07367594540119171
0.48131686449050903,0.4999387860298157,4.030308389246784e-07,0.4252171218395233,0.46790245175361633,-0.01866975612938404,0.3886936604976654,0.3930067718029022,-0.025457022711634636,0.40365612506866455,0.3229089677333832,-0.032349321991205215,0.4416152536869049,0.30553752183914185,-0.04019348323345184,0.4114832878112793,0.28179600834846497,-0.010889987461268902,0.3864336311817169,0.2006138563156128,-0.023694012314081192,0.3728213906288147,0.14902599155902863,-0.03548213467001915,0.3642497956752777,0.10538588464260101,-0.04587753489613533,0.4529961943626404,0.26607534289360046,-0.016818348318338394,0.44687989354133606,0.16344685852527618,-0.028139762580394745,0.443367063999176,0.09816135466098785,-0.04218131676316261,0.4424011707305908,0.04471093416213989,-0.053067225962877274,0.49217453598976135,0.2771735191345215,-0.026039838790893555,0.5067485570907593,0.18747571110725403,-0.04319639131426811,0.5166401863098145,0.1281544417142868,-0.0630805566906929,0.5249898433685303,0.07861348986625671,-0.07735074311494827,0.5280631184577942,0.30858051776885986,-0.036927368491888046,0.5592118501663208,0.2517542243003845,-0.05512426793575287,0.5797922015190125,0.21198436617851257,-0.06748799234628677,0.5974032878875732,0.1756841391324997,-0.07650784403085709
0.4482591450214386,0.5084972977638245,4.3069587718491675e-07,0.39164283871650696,0.47610944509506226,-0.019859962165355682,0.35635873675346375,0.40053361654281616,-0.0272220429033041,0.374434232711792,0.33025211095809937,-0.034610893577337265,0.41248252987861633,0.31438758969306946,-0.0430520623922348,0.3757952153682709,0.29146674275398254,-0.011654958128929138,0.34928131103515625,0.21108679473400116,-0.024304915219545364,0.33453240990638733,0.15929681062698364,-0.0359874963760376,0.3252899646759033,0.11480976641178131,-0.04657041281461716,0.41762861609458923,0.27467384934425354,-0.01728050783276558,0.41030147671699524,0.17281338572502136,-0.028384549543261528,0.40594157576560974,0.10600169003009796,-0.0425841398537159,0.4041762053966522,0.05068790912628174,-0.05384597182273865,0.4575391113758087,0.2854282259941101,-0.026299063116312027,0.4700775146484375,0.1945071667432785,-0.04360620304942131,0.47839078307151794,0.13449764251708984,-0.06406406313180923,0.48530271649360657,0.08385317027568817,-0.07886601984500885,0.4944170415401459,0.3166174590587616,-0.03709068521857262,0.5251473188400269,0.25951874256134033,-0.05619754269719124,0.5461304187774658,0.21898454427719116,-0.06943675130605698,0.5640901327133179,0.182169109582901,-0.07907751202583313
0.43885502219200134,0.5066243410110474,4.154716748416831e-07,0.382325142621994,0.4790307283401489,-0.021398145705461502,0.3444467782974243,0.402488648891449,-0.028597936034202576,0.36152341961860657,0.33089324831962585,-0.035193074494600296,0.4002743363380432,0.3107396364212036,-0.04264385998249054,0.36285558342933655,0.2869882583618164,-0.0129780238494277,0.33611172437667847,0.20678211748600006,-0.025097453966736794,0.32095709443092346,0.15515461564064026,-0.036429263651371,0.31095314025878906,0.11234626173973083,-0.04685242101550102,0.4052455723285675,0.2698206901550293,-0.017765337601304054,0.3977545499801636,0.16838079690933228,-0.028190305456519127,0.39351093769073486,0.10447461903095245,-0.04171328991651535,0.39173954725265503,0.05214230716228485,-0.05257812887430191,0.4447910189628601,0.28078603744506836,-0.026171524077653885,0.4576193392276764,0.1901768147945404,-0.04353932663798332,0.46489807963371277,0.1307225078344345,-0.06433117389678955,0.47086280584335327,0.07980458438396454,-0.07958237081766129,0.48098212480545044,0.3131434917449951,-0.0364176444709301,0.5119006037712097,0.2541806995868683,-0.056474342942237854,0.5337141156196594,0.2143067717552185,-0.07040955126285553,0.5523310303688049,0.17765066027641296,-0.08060988783836365
0.42247024178504944,0.5090815424919128,4.2484177242840815e-07,0.3661419749259949,0.48229867219924927,-0.019634826108813286,0.3273025453090668,0.4071863889694214,-0.02659638784825802,0.3390960097312927,0.3343456983566284,-0.03361883386969566,0.3758598864078522,0.32215893268585205,-0.04160546511411667,0.3439743220806122,0.2935774326324463,-0.011369485408067703,0.3168024718761444,0.21100901067256927,-0.02305247262120247,0.3011676073074341,0.1574310064315796,-0.033708374947309494,0.29110389947891235,0.11126963794231415,-0.043992333114147186,0.3857974112033844,0.27504315972328186,-0.017250264063477516,0.37606215476989746,0.17368142306804657,-0.028046492487192154,0.3708822727203369,0.10692675411701202,-0.04082256183028221,0.3681842088699341,0.051126301288604736,-0.05108689144253731,0.4266946017742157,0.2843324542045593,-0.02658858150243759,0.4377664625644684,0.192034512758255,-0.04363613203167915,0.4450813829898834,0.13142798840999603,-0.06257294118404388,0.4511691927909851,0.07900416851043701,-0.07640146464109421,0.46486666798591614,0.31371450424194336,-0.037824902683496475,0.4938323199748993,0.25448307394981384,-0.0568942166864872,0.5146809816360474,0.21308942139148712,-0.06972493976354599,0.5332332849502563,0.1750524789094925,-0.07914979010820389
0.4105600118637085,0.502101719379425,4.205410562008183e-07,0.35343682765960693,0.4763209819793701,-0.019961295649409294,0.3132592439651489,0.40281715989112854,-0.027471572160720825,0.32512137293815613,0.3331723213195801,-0.03457852452993393,0.36058706045150757,0.31538212299346924,-0.042762819677591324,0.3305666446685791,0.2814992666244507,-0.014515334740281105,0.30249473452568054,0.2004345953464508,-0.027797678485512733,0.28688839077949524,0.1473091095685959,-0.039637573063373566,0.2763538956642151,0.10350814461708069,-0.050089605152606964,0.37401193380355835,0.2639830708503723,-0.02058219723403454,0.36545658111572266,0.16082170605659485,-0.03263208642601967,0.35964131355285645,0.09438765048980713,-0.04722413420677185,0.3559541404247284,0.04050278663635254,-0.05848807096481323,0.41504091024398804,0.2749997079372406,-0.02981562912464142,0.4273280203342438,0.18301133811473846,-0.04855753108859062,0.43426626920700073,0.12129619717597961,-0.06961888074874878,0.4396742582321167,0.06890669465065002,-0.08464925736188889,0.4520675539970398,0.30812349915504456,-0.040581222623586655,0.48314669728279114,0.24824708700180054,-0.06131412088871002,0.5043596029281616,0.2070808708667755,-0.0747779905796051,0.5222905874252319,0.1692681759595871,-0.08430634438991547
0.39260658621788025,0.5012082457542419,4.379284064270905e-07,0.3361772894859314,0.4728012681007385,-0.02075318619608879,0.2964785099029541,0.4004601538181305,-0.029151681810617447,0.3069249987602234,0.3312368392944336,-0.037146005779504776,0.3454921245574951,0.3162919878959656,-0.0460628904402256,0.3184942603111267,0.2792614996433258,-0.014517225325107574,0.29250970482826233,0.19721534848213196,-0.02834472805261612,0.27881044149398804,0.14345364272594452,-0.040467385202646255,0.27046677470207214,0.09887388348579407,-0.05116439238190651,0.36200958490371704,0.26408299803733826,-0.020473886281251907,0.3553619682788849,0.16188253462314606,-0.03281888738274574,0.35148388147354126,0.09532320499420166,-0.04767933115363121,0.3498042821884155,0.040213972330093384,-0.059194352477788925,0.40305832028388977,0.2764996886253357,-0.029786428436636925,0.41716018319129944,0.18469661474227905,-0.048763345927000046,0.42588743567466736,0.12304328382015228,-0.0701264888048172,0.43270087242126465,0.07026374340057373,-0.08531081676483154,0.4406571090221405,0.3109319806098938,-0.04074958711862564,0.47298896312713623,0.25376856327056885,-0.06170858070254326,0.49415910243988037,0.21290570497512817,-0.0758836418390274,0.5120658874511719,0.17439284920692444,-0.08592473715543747
0.3863990306854248,0.5054357051849365,4.2861202587118896e-07,0.3289463222026825,0.4764481484889984,-0.021238498389720917,0.2888660132884979,0.4027825593948364,-0.030331796035170555,0.301168829202652,0.33464038372039795,-0.03871704265475273,0.33782967925071716,0.3177506625652313,-0.048141367733478546,0.3108374774456024,0.28042563796043396,-0.016964035108685493,0.28481465578079224,0.19794625043869019,-0.03171546757221222,0.27060142159461975,0.14477390050888062,-0.04463836923241615,0.2615635395050049,0.10044482350349426,-0.05577853322029114,0.35526737570762634,0.2658017873764038,-0.022941889241337776,0.34851837158203125,0.16197820007801056,-0.03596405312418938,0.3444794714450836,0.0951414555311203,-0.05139527842402458,0.3427184224128723,0.0395662784576416,-0.06336566805839539,0.396653413772583,0.2794169783592224,-0.03216028958559036,0.41020479798316956,0.18840819597244263,-0.0515655055642128,0.4188385009765625,0.12705519795417786,-0.07279922813177109,0.4256613254547119,0.07431305944919586,-0.08786949515342712,0.4339560568332672,0.3142975866794586,-0.04296498000621796,0.4642285108566284,0.2551226019859314,-0.06379089504480362,0.4848771095275879,0.2141287475824356,-0.07708878815174103,0.502179741859436,0.17547348141670227,-0.08651988208293915
0.36541301012039185,0.5068591833114624,4.3868860188922554e-07,0.3100208640098572,0.4774094223976135,-0.020614931359887123,0.2694343030452728,0.4038066267967224,-0.02898714691400528,0.2780267596244812,0.331638365983963,-0.03705397993326187,0.315295547246933,0.30972641706466675,-0.045653000473976135,0.2883274555206299,0.28389137983322144,-0.014035671018064022,0.2607456147670746,0.20185121893882751,-0.027959244325757027,0.24540963768959045,0.14919982850551605,-0.0400039367377758,0.2355375587940216,0.10452200472354889,-0.05056256800889969,0.33089080452919006,0.26810747385025024,-0.01986083574593067,0.3228716254234314,0.1641959846019745,-0.03243334963917732,0.31734466552734375,0.09698846936225891,-0.046943020075559616,0.31455400586128235,0.04154351353645325,-0.05802401527762413,0.3718987703323364,0.27975037693977356,-0.029061203822493553,0.38321003317832947,0.18958193063735962,-0.04786380007863045,0.3910592198371887,0.12742215394973755,-0.06838604807853699,0.39773643016815186,0.07465523481369019,-0.08292413502931595,0.40983161330223083,0.3124579191207886,-0.039982832968235016,0.44067516922950745,0.2540237307548523,-0.060124099254608154,0.4618253707885742,0.2117185890674591,-0.0735091045498848,0.4799554944038391,0.17222149670124054,-0.08306404948234558
0.3595346212387085,0.5107162594795227,4.354057523414667e-07,0.3026287853717804,0.481914758682251,-0.020915774628520012,0.2638694643974304,0.4083472490310669,-0.029377948492765427,0.27329328656196594,0.3343765139579773,-0.037270527333021164,0.3082590103149414,0.31012028455734253,-0.04604090377688408,0.27974584698677063,0.28757163882255554,-0.01508858148008585,0.2507734000682831,0.20580407977104187,-0.028893085196614265,0.23444199562072754,0.1525646150112152,-0.04127906262874603,0.2237236201763153,0.10712766647338867,-0.052133381366729736,0.32276904582977295,0.27164724469184875,-0.020720845088362694,0.3151811957359314,0.16669125854969025,-0.03302133455872536,0.31189003586769104,0.10028886795043945,-0.04802944138646126,0.3111247420310974,0.04522344470024109,-0.05981150642037392,0.36326664686203003,0.2833611071109772,-0.02958039380609989,0.3747440576553345,0.19138847291469574,-0.04844089224934578,0.3815789818763733,0.12920722365379333,-0.06949223577976227,0.38708311319351196,0.0758257508277893,-0.0846562460064888,0.40029749274253845,0.3159123957157135,-0.040042437613010406,0.4296588599681854,0.2539050281047821,-0.06025351583957672,0.45074424147605896,0.21151243150234222,-0.07340847700834274,0.46860018372535706,0.17263460159301758,-0.08292268961668015
0.35391831398010254,0.5132023096084595,4.5506362766900565e-07,0.29705315828323364,0.48440325260162354,-0.0203990675508976,0.25869429111480713,0.40845367312431335,-0.028202475979924202,0.27260255813598633,0.336696594953537,-0.035464685410261154,0.310017466545105,0.317369669675827,-0.043835218995809555,0.27475830912590027,0.28830596804618835,-0.0143356928601861,0.24034002423286438,0.21282346546649933,-0.027620283886790276,0.22026094794273376,0.16339024901390076,-0.03982901573181152,0.2072661817073822,0.12005802989006042,-0.05078818276524544,0.3183826208114624,0.27020367980003357,-0.01996932365000248,0.31721770763397217,0.16751058399677277,-0.03160548955202103,0.31924059987068176,0.10130263864994049,-0.04574961215257645,0.32402122020721436,0.04620075225830078,-0.05686326324939728,0.3579283058643341,0.28260374069213867,-0.02896273508667946,0.37727829813957214,0.19163843989372253,-0.047702573239803314,0.39002180099487305,0.12974682450294495,-0.06825652718544006,0.40117791295051575,0.0755757987499237,-0.08282658457756042,0.3927103281021118,0.3165223002433777,-0.03958474099636078,0.424358993768692,0.257052481174469,-0.0599077045917511,0.44653236865997314,0.21657969057559967,-0.07265442609786987,0.46518704295158386,0.17874367535114288,-0.0816856101155281
0.346075177192688,0.5109999775886536,4.689081833930686e-07,0.29009097814559937,0.4802979826927185,-0.02179151028394699,0.25117018818855286,0.4064069986343384,-0.030674247071146965,0.2635175287723541,0.33272188901901245,-0.03893553838133812,0.30182647705078125,0.31119269132614136,-0.04788532480597496,0.26705214381217957,0.2875632345676422,-0.014036041684448719,0.23717224597930908,0.20944887399673462,-0.0274627897888422,0.2207314670085907,0.1591491848230362,-0.0396273136138916,0.21020926535129547,0.11489979922771454,-0.05050145834684372,0.31115686893463135,0.27008184790611267,-0.019266128540039062,0.3091447055339813,0.16734492778778076,-0.03051796928048134,0.31000176072120667,0.10174000263214111,-0.044618867337703705,0.31305021047592163,0.04575130343437195,-0.05585812032222748,0.3516121506690979,0.2823518216609955,-0.028047537431120872,0.37005528807640076,0.19436119496822357,-0.04626410827040672,0.381651908159256,0.13489145040512085,-0.06657911092042923,0.391193687915802,0.08185456693172455,-0.08108283579349518,0.3874491751194,0.31617268919944763,-0.03866547718644142,0.4185686707496643,0.2604414224624634,-0.05848841369152069,0.43976494669914246,0.2212180346250534,-0.07119683176279068,0.45765358209609985,0.18373045325279236,-0.08025465905666351
0.33233267068862915,0.5157419443130493,4.657750025671703e-07,0.2769550085067749,0.48489248752593994,-0.021539971232414246,0.23840677738189697,0.40899911522865295,-0.029742563143372536,0.24976393580436707,0.33377090096473694,-0.03722262382507324,0.28929901123046875,0.31230124831199646,-0.04509725421667099,0.2568252980709076,0.2894362211227417,-0.013288330286741257,0.22724780440330505,0.2120274007320404,-0.026372170075774193,0.21054372191429138,0.1626916527748108,-0.03810594230890274,0.19970357418060303,0.11961647868156433,-0.0484372153878212,0.3005528748035431,0.2723632752895355,-0.018190503120422363,0.3015356957912445,0.17010831832885742,-0.02905137464404106,0.303165078163147,0.10435929894447327,-0.04210015758872032,0.30691006779670715,0.04907625913619995,-0.052374131977558136,0.3405302166938782,0.28520020842552185,-0.026707502081990242,0.3615696132183075,0.19815108180046082,-0.04493652656674385,0.37511125206947327,0.13929922878742218,-0.06405717134475708,0.38662922382354736,0.08765856921672821,-0.07735992968082428,0.37569403648376465,0.3197985887527466,-0.037116341292858124,0.408587247133255,0.26226532459259033,-0.056742921471595764,0.4318963587284088,0.2231869101524353,-0.06862317025661469,0.45184600353240967,0.18684488534927368,-0.07683130353689194
0.32144078612327576,0.5167949199676514,4.720820072634524e-07,0.2659275531768799,0.4882170557975769,-0.021648548543453217,0.22689718008041382,0.4147254228591919,-0.030111636966466904,0.23671647906303406,0.33947160840034485,-0.03784918040037155,0.27440494298934937,0.3139841556549072,-0.04593756049871445,0.2439792901277542,0.29302260279655457,-0.01358005590736866,0.2137700319290161,0.21487809717655182,-0.026525158435106277,0.1964694857597351,0.16418476402759552,-0.038142889738082886,0.1856364756822586,0.12033665180206299,-0.04852640628814697,0.2879788875579834,0.27583977580070496,-0.018500223755836487,0.2878729999065399,0.17316500842571259,-0.02943546324968338,0.2892257571220398,0.106761634349823,-0.0428832545876503,0.2925485074520111,0.05118006467819214,-0.05358913168311119,0.3282548487186432,0.28774237632751465,-0.027027897536754608,0.34863337874412537,0.19912901520729065,-0.04528229311108589,0.3622159957885742,0.13915039598941803,-0.0646960511803627,0.37350937724113464,0.08703917264938354,-0.07834873348474503,0.363778293132782,0.32126545906066895,-0.03740032762289047,0.3967916965484619,0.262931227684021,-0.057460736483335495,0.41972440481185913,0.22258633375167847,-0.0699026957154274,0.43889135122299194,0.18540531396865845,-0.0785442367196083
0.30746030807495117,0.5108256340026855,4.823168637813069e-07,0.251290500164032,0.4805644750595093,-0.02187000960111618,0.21151955425739288,0.40516483783721924,-0.030830077826976776,0.22144868969917297,0.3312472999095917,-0.03901847079396248,0.25908589363098145,0.305154412984848,-0.047838762402534485,0.23261210322380066,0.2878192961215973,-0.01675865612924099,0.20170460641384125,0.2084992229938507,-0.031317345798015594,0.18463820219039917,0.15617427229881287,-0.04366932809352875,0.17457006871700287,0.11016735434532166,-0.054573241621255875,0.2768578827381134,0.2707565426826477,-0.022226570174098015,0.2766495943069458,0.16783756017684937,-0.034980010241270065,0.27766603231430054,0.10052648186683655,-0.049452293664216995,0.2808378338813782,0.04385623335838318,-0.06079184636473656,0.3169136345386505,0.2832038998603821,-0.031115565448999405,0.33737558126449585,0.19371397793293,-0.050559308379888535,0.3507336974143982,0.13283155858516693,-0.07037919014692307,0.361937940120697,0.08019401133060455,-0.08438444882631302,0.35216885805130005,0.3174130320549011,-0.04176156967878342,0.3852483332157135,0.2607966363430023,-0.06261400133371353,0.4075048565864563,0.21960148215293884,-0.07536178827285767,0.4258841276168823,0.18066705763339996,-0.08433765172958374
0.2870727479457855,0.5086831450462341,4.4929382170266763e-07,0.22962374985218048,0.47909507155418396,-0.02178599126636982,0.18844440579414368,0.40562671422958374,-0.030512366443872452,0.19763657450675964,0.3320018947124481,-0.03854840621352196,0.23475074768066406,0.30456459522247314,-0.04695180431008339,0.20820583403110504,0.28810471296310425,-0.014410249888896942,0.17618486285209656,0.21108970046043396,-0.02859540469944477,0.15720660984516144,0.1608254462480545,-0.04095901548862457,0.1447833776473999,0.11759564280509949,-0.05175451934337616,0.25197166204452515,0.2703285813331604,-0.019644057378172874,0.24973562359809875,0.16992001235485077,-0.031603798270225525,0.2503008544445038,0.10509584844112396,-0.04515821859240532,0.25337478518486023,0.05125436186790466,-0.05572837218642235,0.292554646730423,0.2816929221153259,-0.028587060049176216,0.30987629294395447,0.19274792075157166,-0.04747822880744934,0.3219797611236572,0.13266000151634216,-0.06654398888349533,0.3323734998703003,0.08047553896903992,-0.0799260139465332,0.3289812505245209,0.3144734799861908,-0.03936780244112015,0.35979461669921875,0.2568608522415161,-0.05970684066414833,0.38128456473350525,0.21566011011600494,-0.07190562784671783,0.39919736981391907,0.17709508538246155,-0.08037663251161575
0.27745094895362854,0.4931357502937317,4.3832028495671693e-07,0.22091880440711975,0.46406450867652893,-0.020268134772777557,0.18103623390197754,0.38797295093536377,-0.027461161836981773,0.1899365484714508,0.3132905960083008,-0.03408009558916092,0.22616177797317505,0.28696706891059875,-0.04108217731118202,0.2028285562992096,0.2693675756454468,-0.012934647500514984,0.1724778711795807,0.19077420234680176,-0.025856340304017067,0.1546715945005417,0.14002345502376556,-0.03721332922577858,0.14360596239566803,0.09744353592395782,-0.04727909713983536,0.24682989716529846,0.2529001832008362,-0.018327374011278152,0.24522897601127625,0.15152549743652344,-0.029560968279838562,0.24611243605613708,0.08611291646957397,-0.042852386832237244,0.24951235949993134,0.032915085554122925,-0.05309673398733139,0.2873498201370239,0.2647278606891632,-0.02721354551613331,0.30590400099754333,0.17626896500587463,-0.045403216034173965,0.31857722997665405,0.11640743911266327,-0.06443677097558975,0.32943105697631836,0.06522457301616669,-0.07784173637628555,0.32341936230659485,0.2980058193206787,-0.037792619317770004,0.35613080859184265,0.24207234382629395,-0.05771658569574356,0.37837904691696167,0.20221495628356934,-0.07003137469291687,0.39708033204078674,0.16517968475818634,-0.07854904234409332
0.2705678939819336,0.4918953776359558,4.585898238929076e-07,0.2143266648054123,0.46243447065353394,-0.02207339182496071,0.1735634058713913,0.3868652582168579,-0.030750837177038193,0.18182140588760376,0.3108125329017639,-0.03858879208564758,0.22014717757701874,0.28412503004074097,-0.04670299217104912,0.1961524784564972,0.2681557536125183,-0.015530656091868877,0.164936825633049,0.18783138692378998,-0.03003612533211708,0.14731086790561676,0.1360606849193573,-0.042316172271966934,0.1365033984184265,0.0928342193365097,-0.052664805203676224,0.24037586152553558,0.2524840831756592,-0.02027115970849991,0.24080078303813934,0.1484687179327011,-0.03226820006966591,0.24268129467964172,0.08165325224399567,-0.04557013139128685,0.24675962328910828,0.02720293402671814,-0.05571803078055382,0.28058791160583496,0.2652764320373535,-0.028660612180829048,0.3003753423690796,0.17565923929214478,-0.04715622216463089,0.3126196265220642,0.11452692747116089,-0.0661141499876976,0.3231655955314636,0.06281296908855438,-0.07931958884000778,0.3164384365081787,0.29939961433410645,-0.03894171118736267,0.34951120615005493,0.24213063716888428,-0.05857378989458084,0.3712802529335022,0.2014910876750946,-0.07067157328128815,0.3897724449634552,0.16425536572933197,-0.07902441918849945
0.24167631566524506,0.48759064078330994,4.78210552046221e-07,0.18691730499267578,0.45399779081344604,-0.01895499974489212,0.14886289834976196,0.37915369868278503,-0.026178766041994095,0.15766774117946625,0.3062904179096222,-0.03336210548877716,0.1926373988389969,0.2787366509437561,-0.04090410843491554,0.17330193519592285,0.2609899640083313,-0.010414602234959602,0.14520268142223358,0.18444456160068512,-0.023350536823272705,0.12925076484680176,0.1327304244041443,-0.03519551083445549,0.12010486423969269,0.08726470172405243,-0.045823462307453156,0.21866938471794128,0.24526987969875336,-0.016730671748518944,0.2242773473262787,0.14556849002838135,-0.027370421215891838,0.23083508014678955,0.08033137023448944,-0.04013457149267197,0.23862209916114807,0.02674543857574463,-0.0503360778093338,0.2591961920261383,0.2587457597255707,-0.026709411293268204,0.2817557156085968,0.17072546482086182,-0.044718675315380096,0.29789263010025024,0.11212453246116638,-0.0628630667924881,0.3111468553543091,0.0611996203660965,-0.07556341588497162,0.29367876052856445,0.2938777208328247,-0.03834058716893196,0.32730633020401,0.2364668846130371,-0.058045051991939545,0.3509776294231415,0.1957722008228302,-0.06973506510257721,0.37023454904556274,0.15776069462299347,-0.07776687294244766
0.2335812747478485,0.492830753326416,4.55525764664344e-07,0.1756693571805954,0.4614909887313843,-0.02099969983100891,0.13623662292957306,0.383199006319046,-0.028504900634288788,0.14096510410308838,0.30434393882751465,-0.03539157286286354,0.1759222000837326,0.27769216895103455,-0.04227081686258316,0.1627412885427475,0.2590961158275604,-0.010777942836284637,0.1346965730190277,0.17894694209098816,-0.02373841218650341,0.11892584711313248,0.12737007439136505,-0.03534553200006485,0.10971155017614365,0.08431412279605865,-0.045535486191511154,0.20749501883983612,0.24594835937023163,-0.01598505862057209,0.21025457978248596,0.1428992599248886,-0.027323994785547256,0.21456681191921234,0.07645142078399658,-0.040289368480443954,0.22104786336421967,0.023406505584716797,-0.05035187676548958,0.24762828648090363,0.2606203854084015,-0.0250723697245121,0.26980382204055786,0.17238964140415192,-0.04355289041996002,0.2857056260108948,0.1113383024930954,-0.062000058591365814,0.2994982600212097,0.05972789227962494,-0.07482998073101044,0.2821721136569977,0.2964456379413605,-0.03602970391511917,0.3156842291355133,0.2380962073802948,-0.05562053993344307,0.33905327320098877,0.19671303033828735,-0.06751583516597748,0.3587997555732727,0.1586301028728485,-0.07582645118236542
0.21973857283592224,0.4914798140525818,4.781346092386229e-07,0.1614534705877304,0.4601701498031616,-0.0207370538264513,0.1196051761507988,0.38258984684944153,-0.028883149847388268,0.12612006068229675,0.3073071837425232,-0.03647850453853607,0.16226410865783691,0.28093430399894714,-0.044396549463272095,0.14642676711082458,0.2567591667175293,-0.013440963812172413,0.11680594831705093,0.17643621563911438,-0.027768351137638092,0.0998985692858696,0.12307952344417572,-0.04040294513106346,0.08973444998264313,0.07741378247737885,-0.05150075629353523,0.19172009825706482,0.24259185791015625,-0.019627943634986877,0.19256606698036194,0.13807690143585205,-0.03241351246833801,0.19593647122383118,0.06904889643192291,-0.0466129444539547,0.20167027413845062,0.012375414371490479,-0.05748037248849869,0.23262053728103638,0.25742852687835693,-0.029468810185790062,0.2543315291404724,0.16793546080589294,-0.04957550764083862,0.270713746547699,0.10528603196144104,-0.0690007209777832,0.28446537256240845,0.05131945013999939,-0.08237229287624359,0.2683628499507904,0.29424718022346497,-0.041012588888406754,0.30277037620544434,0.23696687817573547,-0.06233447790145874,0.32657721638679504,0.19579723477363586,-0.07480508089065552,0.34617945551872253,0.156907320022583,-0.0833471342921257
0.20177997648715973,0.49024248123168945,5.325048277882161e-07,0.1421959400177002,0.4599416255950928,-0.023311397060751915,0.09791968762874603,0.38183796405792236,-0.03331242501735687,0.10086923092603683,0.3022036850452423,-0.04242553934454918,0.1392131745815277,0.2733224034309387,-0.051810648292303085,0.1219390407204628,0.2549551725387573,-0.017199857160449028,0.09213835746049881,0.16972209513187408,-0.03350201994180679,0.07680603861808777,0.11316357553005219,-0.04700997471809387,0.06850199401378632,0.06480175256729126,-0.0585448257625103,0.16833563148975372,0.24039101600646973,-0.02292659692466259,0.16962820291519165,0.13149291276931763,-0.03771480172872543,0.17301015555858612,0.058424025774002075,-0.053468991070985794,0.17864961922168732,-0.0027735233306884766,-0.06533371657133102,0.20970797538757324,0.25515279173851013,-0.032362889498472214,0.2309132218360901,0.1630120575428009,-0.054126545786857605,0.24744753539562225,0.09809999167919159,-0.0749150961637497,0.26166465878486633,0.04158201813697815,-0.08904276043176651,0.24565204977989197,0.2922557294368744,-0.04363313689827919,0.28020820021629333,0.23504431545734406,-0.06636115163564682,0.30396440625190735,0.1931983381509781,-0.08008337020874023,0.32442691922187805,0.15350857377052307,-0.08938635140657425
0.1956135779619217,0.4924282431602478,4.874685259892431e-07,0.13744932413101196,0.4618983566761017,-0.022331351414322853,0.09549292922019958,0.3830476403236389,-0.031116945669054985,0.09912114590406418,0.30397963523864746,-0.03900537267327309,0.13580678403377533,0.2744857668876648,-0.0469394288957119,0.12005092203617096,0.25825372338294983,-0.01445562019944191,0.09011653065681458,0.1753688007593155,-0.028836436569690704,0.07465039193630219,0.12106774747371674,-0.04086818918585777,0.06591971218585968,0.07590299844741821,-0.051278457045555115,0.16586607694625854,0.24516138434410095,-0.01975158043205738,0.16870148479938507,0.13946132361888885,-0.03250499442219734,0.1728990525007248,0.07108145952224731,-0.046340033411979675,0.1790686398744583,0.015579938888549805,-0.05682135373353958,0.206661656498909,0.26035863161087036,-0.02884778566658497,0.22803567349910736,0.16909539699554443,-0.04894021525979042,0.2443912923336029,0.10529378056526184,-0.06820645928382874,0.25872477889060974,0.050181761384010315,-0.08144597709178925,0.24185819923877716,0.29730212688446045,-0.03973144292831421,0.27568888664245605,0.239999920129776,-0.0611831434071064,0.29965314269065857,0.19815701246261597,-0.07391204684972763,0.32027333974838257,0.15890201926231384,-0.08254697173833847
0.18188665807247162,0.49352672696113586,4.850239179177152e-07,0.12411463260650635,0.46298760175704956,-0.022968953475356102,0.08209071308374405,0.38424152135849,-0.03230280801653862,0.08860994130373001,0.3078177869319916,-0.04062572866678238,0.1265421360731125,0.2793644070625305,-0.04907909408211708,0.11082354187965393,0.260144978761673,-0.01625705324113369,0.0810459554195404,0.179791659116745,-0.03128053620457649,0.06422628462314606,0.12650741636753082,-0.044071219861507416,0.05426239222288132,0.08122022449970245,-0.05529038980603218,0.157328799366951,0.2470618039369583,-0.02113228105008602,0.16193461418151855,0.14444300532341003,-0.03431672230362892,0.16802488267421722,0.07742393016815186,-0.04836469516158104,0.17573969066143036,0.02241554856300354,-0.05912317335605621,0.19861283898353577,0.2623855769634247,-0.02979000099003315,0.21934542059898376,0.17297320067882538,-0.049960166215896606,0.23560863733291626,0.11082033812999725,-0.06897683441638947,0.24992844462394714,0.05686819553375244,-0.0821169838309288,0.2343861311674118,0.29899144172668457,-0.04031972959637642,0.26789698004722595,0.2437305450439453,-0.06184223294258118,0.2917855381965637,0.2033628672361374,-0.07453848421573639,0.31203824281692505,0.1653011292219162,-0.08318784087896347
0.1792626529932022,0.5082569718360901,4.740553549709148e-07,0.12213024497032166,0.47849199175834656,-0.02238159067928791,0.08029867708683014,0.3985850214958191,-0.031275685876607895,0.08539548516273499,0.3193564713001251,-0.039336130023002625,0.12224141508340836,0.2900457978248596,-0.047382280230522156,0.106460802257061,0.27204465866088867,-0.01574374921619892,0.07734288275241852,0.1885085254907608,-0.03080574795603752,0.06052802503108978,0.1354302316904068,-0.04335063695907593,0.04943230003118515,0.09171010553836823,-0.05399063602089882,0.15298980474472046,0.2593190670013428,-0.020898498594760895,0.15768231451511383,0.15228775143623352,-0.03404131159186363,0.16290295124053955,0.08350226283073425,-0.04795956239104271,0.16933201253414154,0.028181254863739014,-0.0584142729640007,0.19459794461727142,0.27548521757125854,-0.029748303815722466,0.21552929282188416,0.18456783890724182,-0.04951754957437515,0.23161190748214722,0.12249897420406342,-0.06784571707248688,0.24538284540176392,0.06906619668006897,-0.08036193251609802,0.23088040947914124,0.31254270672798157,-0.04046653211116791,0.264112651348114,0.25382623076438904,-0.060750920325517654,0.28743085265159607,0.2124619483947754,-0.07232631742954254,0.30719825625419617,0.1739259660243988,-0.0801970437169075
0.18233215808868408,0.5650385022163391,4.538362645689631e-07,0.12642361223697662,0.5293501615524292,-0.0217595174908638,0.0892253965139389,0.45261988043785095,-0.03201912343502045,0.09385298937559128,0.3794947564601898,-0.04184167832136154,0.12581303715705872,0.35437560081481934,-0.05203034728765488,0.1152910441160202,0.3343418538570404,-0.01643839292228222,0.08665026724338531,0.2511032223701477,-0.03250192105770111,0.0703897476196289,0.19705358147621155,-0.04580644145607948,0.06103953719139099,0.15155471861362457,-0.056810032576322556,0.16072137653827667,0.32270050048828125,-0.02232750505208969,0.16548942029476166,0.21622663736343384,-0.03658967837691307,0.1699053794145584,0.1473911702632904,-0.051200203597545624,0.1761413812637329,0.09259608387947083,-0.06221017986536026,0.2013872116804123,0.3383585214614868,-0.031741686165332794,0.22230641543865204,0.24568289518356323,-0.052615489810705185,0.23782312870025635,0.18393927812576294,-0.07152171432971954,0.25151515007019043,0.13212451338768005,-0.08431552350521088,0.23645837604999542,0.3745702803134918,-0.0428590402007103,0.27025026082992554,0.3134426474571228,-0.06373777985572815,0.2944232225418091,0.2724134027957916,-0.0752791166305542,0.3150826692581177,0.2361835241317749,-0.08307337760925293
0.18275392055511475,0.605914294719696,4.435354412635206e-07,0.1268535554409027,0.5751137137413025,-0.02220321074128151,0.0886106789112091,0.5029735565185547,-0.03247499465942383,0.09092263877391815,0.4308536648750305,-0.04200559854507446,0.11960789561271667,0.4044938385486603,-0.05178568884730339,0.11481623351573944,0.3795730769634247,-0.016464421525597572,0.08478770405054092,0.2982327342033386,-0.03236788883805275,0.06850983947515488,0.24556539952754974,-0.0457426942884922,0.059592120349407196,0.19969892501831055,-0.05698417127132416,0.15960171818733215,0.3664083480834961,-0.022001799196004868,0.16168831288814545,0.2626333236694336,-0.03619789704680443,0.16526365280151367,0.19517244398593903,-0.0510995090007782,0.1709377020597458,0.14004608988761902,-0.0624266117811203,0.19970960915088654,0.38052427768707275,-0.03111468441784382,0.2195349633693695,0.29246580600738525,-0.051656559109687805,0.2351524829864502,0.23193708062171936,-0.07077901065349579,0.24881644546985626,0.1803128570318222,-0.08383604139089584,0.2341991811990738,0.4147530198097229,-0.04201209545135498,0.2661077678203583,0.3563602566719055,-0.06247997656464577,0.2894001007080078,0.3161811828613281,-0.0742591843008995,0.30920952558517456,0.2796715497970581,-0.0823616236448288
0.2172306925058365,0.6328486800193787,3.8007647162885405e-07,0.1643364578485489,0.603100061416626,-0.01601566933095455,0.1274961233139038,0.5326253771781921,-0.02255619689822197,0.13440728187561035,0.467902809381485,-0.02946673333644867,0.1641303449869156,0.44503405690193176,-0.03712114691734314,0.14450114965438843,0.4126782715320587,-0.0099328076466918,0.11353430896997452,0.3381121754646301,-0.02190367504954338,0.09661736339330673,0.2893471121788025,-0.03289690613746643,0.08664236962795258,0.24770168960094452,-0.04257076233625412,0.1877283900976181,0.39759182929992676,-0.017033182084560394,0.18777020275592804,0.2997018098831177,-0.027270421385765076,0.1894109547138214,0.23655135929584503,-0.04008778929710388,0.1925848424434662,0.18489450216293335,-0.05009530857205391,0.22761981189250946,0.41045868396759033,-0.027138592675328255,0.2462635338306427,0.3249860405921936,-0.04361577332019806,0.2591164708137512,0.2637264132499695,-0.061747245490550995,0.26937955617904663,0.21038541197776794,-0.07468963414430618,0.26196596026420593,0.4436229169368744,-0.03851579874753952,0.29306891560554504,0.38570407032966614,-0.0554729625582695,0.3149530291557312,0.34434857964515686,-0.06575307250022888,0.33324480056762695,0.306612104177475,-0.07320751994848251
0.22433124482631683,0.6313278675079346,4.237024029407621e-07,0.17064419388771057,0.6030975580215454,-0.019228458404541016,0.13310471177101135,0.5355926156044006,-0.027863865718245506,0.14125213027000427,0.4682408571243286,-0.0363890677690506,0.17213532328605652,0.44346293807029724,-0.04548776522278786,0.14530730247497559,0.4144921898841858,-0.011898444965481758,0.11166421324014664,0.3423124849796295,-0.025053024291992188,0.09256871789693832,0.29631295800209045,-0.03701566904783249,0.08035324513912201,0.2553218603134155,-0.04747292399406433,0.18601614236831665,0.3968282639980316,-0.018168896436691284,0.18110992014408112,0.2984025478363037,-0.02971068024635315,0.17899474501609802,0.23396506905555725,-0.04356682300567627,0.17916765809059143,0.17984870076179504,-0.054419536143541336,0.2243894636631012,0.40835249423980713,-0.027875054627656937,0.23987701535224915,0.32054993510246277,-0.045889995992183685,0.2498263120651245,0.26038187742233276,-0.06538199633359909,0.25757676362991333,0.20821431279182434,-0.0791516825556755,0.2585533559322357,0.4408860504627228,-0.03917757049202919,0.2874964475631714,0.3803708851337433,-0.058168210089206696,0.3069285452365875,0.337272047996521,-0.07028891891241074,0.3227599561214447,0.2971292734146118,-0.07896029204130173
0.24657507240772247,0.6430981159210205,3.7521823514907737e-07,0.19015948474407196,0.6168978214263916,-0.014191383495926857,0.15260255336761475,0.5502054691314697,-0.02025454118847847,0.15934507548809052,0.4835360050201416,-0.02738981321454048,0.18832215666770935,0.45987576246261597,-0.03554974123835564,0.16215062141418457,0.4322642982006073,-0.00481442641466856,0.13557052612304688,0.3626890182495117,-0.01548034232109785,0.11991909891366959,0.318229615688324,-0.026478368788957596,0.10908856242895126,0.27940255403518677,-0.036613579839468,0.19939389824867249,0.4121449887752533,-0.013105443678796291,0.19234338402748108,0.3155425190925598,-0.023327788338065147,0.185752734541893,0.2515161335468292,-0.037122368812561035,0.18058376014232635,0.19829824566841125,-0.04827670007944107,0.23498806357383728,0.4189474880695343,-0.02449813485145569,0.24587900936603546,0.3302634656429291,-0.04019363597035408,0.25085777044296265,0.26903119683265686,-0.05884329602122307,0.2534446120262146,0.21631741523742676,-0.07259374111890793,0.26686614751815796,0.4465993046760559,-0.0372215174138546,0.2897768020629883,0.3822956681251526,-0.05365441367030144,0.30506110191345215,0.33620768785476685,-0.06458404660224915,0.31755530834198,0.2943662106990814,-0.07299064099788666
0.2509727478027344,0.6507619023323059,3.978334461862687e-07,0.19394242763519287,0.6256309747695923,-0.016002044081687927,0.1540209800004959,0.5564865469932556,-0.02235531248152256,0.16388539969921112,0.4895585775375366,-0.029266875237226486,0.1984260380268097,0.47256141901016235,-0.03741012141108513,0.16220396757125854,0.43857699632644653,-0.008373111486434937,0.13132357597351074,0.3683152496814728,-0.019451016560196877,0.11355183273553848,0.3237600028514862,-0.030279504135251045,0.10136532038450241,0.2848867177963257,-0.04024401679635048,0.19999143481254578,0.4174986481666565,-0.015609938651323318,0.19024550914764404,0.32017797231674194,-0.025681013241410255,0.18301662802696228,0.25604087114334106,-0.038707248866558075,0.17815826833248138,0.20278094708919525,-0.04912285879254341,0.23665115237236023,0.42483165860176086,-0.02597283571958542,0.24682089686393738,0.3358798325061798,-0.04158291965723038,0.25064268708229065,0.27402958273887634,-0.06064484640955925,0.25287044048309326,0.2209300696849823,-0.07448581606149673,0.26980334520339966,0.4539341330528259,-0.03783581405878067,0.292786568403244,0.3895063102245331,-0.05428319424390793,0.30780571699142456,0.3438032269477844,-0.065590038895607,0.3203645944595337,0.30258896946907043,-0.07415115088224411
0.2691045105457306,0.6550995707511902,3.960932417612639e-07,0.21319112181663513,0.6275569796562195,-0.0166997741907835,0.1740523874759674,0.5628235936164856,-0.024173244833946228,0.18807761371135712,0.5032252669334412,-0.031907398253679276,0.22328776121139526,0.4830573797225952,-0.0411175936460495,0.18444228172302246,0.44621631503105164,-0.012613650411367416,0.15127834677696228,0.37309879064559937,-0.025143368169665337,0.1325225830078125,0.327920138835907,-0.036638855934143066,0.12006326019763947,0.2892719507217407,-0.04664967581629753,0.2235695719718933,0.426621675491333,-0.019195757806301117,0.21469104290008545,0.32904690504074097,-0.03025665134191513,0.20924720168113708,0.2669937014579773,-0.04455416649580002,0.20674946904182434,0.21503770351409912,-0.05581633746623993,0.261032372713089,0.43461817502975464,-0.028634512796998024,0.2754463255405426,0.34584179520606995,-0.04546439275145531,0.284176766872406,0.285266637802124,-0.06594766676425934,0.2913356125354767,0.23417896032333374,-0.08062349259853363,0.29488658905029297,0.4637928307056427,-0.03933427482843399,0.3226392865180969,0.4015248119831085,-0.057224467396736145,0.3411402702331543,0.3590780794620514,-0.0693100094795227,0.3568219840526581,0.32086580991744995,-0.07811465114355087
0.2956344187259674,0.6724066734313965,4.3501566437953443e-07,0.239606574177742,0.6418940424919128,-0.018302617594599724,0.20203104615211487,0.5729812383651733,-0.027286380529403687,0.21986444294452667,0.511715292930603,-0.03627004846930504,0.25840744376182556,0.4990675747394562,-0.04709687829017639,0.21225476264953613,0.4610068202018738,-0.017762405797839165,0.1765127182006836,0.3888138234615326,-0.03247160091996193,0.15514104068279266,0.3431014120578766,-0.04563133046030998,0.1395176202058792,0.3036304712295532,-0.05700074881315231,0.25301113724708557,0.4403245151042938,-0.02437564916908741,0.24662458896636963,0.34098517894744873,-0.03679729998111725,0.2424408197402954,0.2770903706550598,-0.05133155360817909,0.2405841052532196,0.2245592176914215,-0.06267155706882477,0.2916996479034424,0.4499911665916443,-0.03370679169893265,0.30815017223358154,0.3595897853374481,-0.051547013223171234,0.31811386346817017,0.29788482189178467,-0.07188761234283447,0.32674822211265564,0.24570338428020477,-0.08633198589086533,0.325742244720459,0.48190605640411377,-0.04444071277976036,0.3549751043319702,0.4217662215232849,-0.06378988176584244,0.37460312247276306,0.3803017735481262,-0.07597260922193527,0.39181607961654663,0.34404265880584717,-0.08456484228372574
0.33308908343315125,0.6823900938034058,4.4942274257664394e-07,0.27764493227005005,0.6493189930915833,-0.018170107156038284,0.24240237474441528,0.5797544121742249,-0.02682972326874733,0.2638648748397827,0.519837498664856,-0.03562000021338463,0.30354729294776917,0.5075765252113342,-0.04637252539396286,0.25429826974868774,0.4659050703048706,-0.01720152236521244,0.21771025657653809,0.39170509576797485,-0.03153961896896362,0.19625937938690186,0.3441566824913025,-0.04451703652739525,0.18176774680614471,0.3019259572029114,-0.05600665509700775,0.29555413126945496,0.4471296966075897,-0.02403237298130989,0.2887894809246063,0.34761643409729004,-0.036614660173654556,0.2857029139995575,0.282956600189209,-0.05173502489924431,0.28504425287246704,0.22876828908920288,-0.06364372372627258,0.33432766795158386,0.45798975229263306,-0.033699795603752136,0.35203781723976135,0.3673580288887024,-0.05250797048211098,0.3629261255264282,0.3057824373245239,-0.07407211512327194,0.371823787689209,0.2530936598777771,-0.08930811285972595,0.36919859051704407,0.49069923162460327,-0.044674985110759735,0.4010270833969116,0.4286037087440491,-0.06478413939476013,0.422640860080719,0.3873305022716522,-0.07778766006231308,0.4406265914440155,0.35040897130966187,-0.0870523527264595
0.3527970016002655,0.6809980869293213,4.1737160927368677e-07,0.2973545789718628,0.6497447490692139,-0.018223583698272705,0.2623942494392395,0.5771849155426025,-0.02630668878555298,0.2842119038105011,0.5172862410545349,-0.03472258150577545,0.32392364740371704,0.5060229301452637,-0.04509768635034561,0.27590352296829224,0.46533581614494324,-0.01555399689823389,0.24158212542533875,0.39053040742874146,-0.030342314392328262,0.22069193422794342,0.3448212146759033,-0.04338298365473747,0.2057451456785202,0.3058997392654419,-0.05448700860142708,0.31592217087745667,0.4449313282966614,-0.022563772276043892,0.3081897795200348,0.3432185649871826,-0.03568832576274872,0.3027442693710327,0.277899831533432,-0.05080147087574005,0.2995285093784332,0.22382676601409912,-0.06226987764239311,0.3535151481628418,0.4549538195133209,-0.03265524283051491,0.3706362247467041,0.3634859025478363,-0.05241846665740013,0.381111204624176,0.30190980434417725,-0.07498634606599808,0.3897218704223633,0.24923256039619446,-0.09069114923477173,0.387218713760376,0.4874979853630066,-0.04403507709503174,0.4218009412288666,0.42783600091934204,-0.06509164720773697,0.44539910554885864,0.386962890625,-0.07905717194080353,0.4650667607784271,0.35022008419036865,-0.0889565721154213
0.3953133523464203,0.6897961497306824,4.2330120209044253e-07,0.3398485779762268,0.6589265465736389,-0.01832265965640545,0.3020930886268616,0.5850569605827332,-0.025111844763159752,0.3241509199142456,0.5232858061790466,-0.03231773525476456,0.3658148944377899,0.512485921382904,-0.041444242000579834,0.31552422046661377,0.47546377778053284,-0.013902651146054268,0.2811873257160187,0.398619145154953,-0.026683975011110306,0.2616390883922577,0.3498687148094177,-0.03821435570716858,0.24814261496067047,0.3082566261291504,-0.04881665110588074,0.35638368129730225,0.4531020522117615,-0.02028421312570572,0.3486962616443634,0.3520415127277374,-0.03192179650068283,0.34359225630760193,0.28697723150253296,-0.046239275485277176,0.3401297330856323,0.23348744213581085,-0.05744781345129013,0.39489638805389404,0.46075281500816345,-0.029858898371458054,0.4104452133178711,0.36953669786453247,-0.04837237671017647,0.41936376690864563,0.3089923560619354,-0.0710536539554596,0.4260318875312805,0.2568659782409668,-0.08719442039728165,0.42981433868408203,0.4910220205783844,-0.040839508175849915,0.46464237570762634,0.4316858649253845,-0.061575811356306076,0.48863229155540466,0.3911646902561188,-0.07648351043462753,0.5086102485656738,0.3545646071434021,-0.08729960024356842
0.4037848114967346,0.6919239163398743,4.3123469595229835e-07,0.3493478000164032,0.6629460453987122,-0.019416358321905136,0.31237995624542236,0.5879377722740173,-0.026505272835493088,0.332693487405777,0.5231340527534485,-0.03350396826863289,0.37124842405319214,0.5067545175552368,-0.04224294051527977,0.32492727041244507,0.47628623247146606,-0.015893349424004555,0.29097339510917664,0.39798521995544434,-0.029156694188714027,0.271996408700943,0.3477618098258972,-0.04081745818257332,0.25885340571403503,0.3048664927482605,-0.051512762904167175,0.3666405975818634,0.4554765522480011,-0.02183699794113636,0.3600660264492035,0.3539692163467407,-0.03414864465594292,0.35518884658813477,0.2888649106025696,-0.048658158630132675,0.35110968351364136,0.23500463366508484,-0.059958331286907196,0.40516865253448486,0.46513307094573975,-0.03097953088581562,0.420517235994339,0.3736308515071869,-0.050455108284950256,0.42928755283355713,0.31228387355804443,-0.07331069558858871,0.43558406829833984,0.2591208517551422,-0.08954928815364838,0.4389735460281372,0.49726173281669617,-0.04147260636091232,0.47336673736572266,0.4381745457649231,-0.06366339325904846,0.49699312448501587,0.39660006761550903,-0.0793168842792511,0.516254186630249,0.35813668370246887,-0.09053801745176315
0.43210139870643616,0.6870214939117432,4.483727309434471e-07,0.3754821717739105,0.6575295329093933,-0.0206765066832304,0.3384128510951996,0.5830610394477844,-0.02895071916282177,0.36159905791282654,0.5191931128501892,-0.036874543875455856,0.40348586440086365,0.510732114315033,-0.0466124527156353,0.3545842468738556,0.47037947177886963,-0.018898148089647293,0.3222608268260956,0.3913968801498413,-0.033214252442121506,0.3022858500480652,0.3416685461997986,-0.0460139699280262,0.28837451338768005,0.29918456077575684,-0.05763019993901253,0.3963528275489807,0.45055311918258667,-0.024253809824585915,0.39076265692710876,0.3489524722099304,-0.03718218952417374,0.3867467939853668,0.2832639515399933,-0.05210130661725998,0.3843572437763214,0.22828805446624756,-0.06392625719308853,0.43509507179260254,0.4609532952308655,-0.032718148082494736,0.4510365426540375,0.36933016777038574,-0.05223790556192398,0.461172491312027,0.30761465430259705,-0.0748303234577179,0.4694838225841522,0.2547343075275421,-0.09095869958400726,0.46994778513908386,0.49304303526878357,-0.042713236063718796,0.5042176842689514,0.4328964054584503,-0.06479410082101822,0.528511643409729,0.3925274610519409,-0.08004431426525116,0.5491258502006531,0.35649245977401733,-0.09092943370342255
0.44256827235221863,0.688191294670105,4.488372269406682e-07,0.38661420345306396,0.6566826105117798,-0.0194720271974802,0.3499121069908142,0.5845426321029663,-0.027991795912384987,0.37115100026130676,0.5225061178207397,-0.036579158157110214,0.412041574716568,0.510441780090332,-0.04714877903461456,0.3655436933040619,0.4713405966758728,-0.01792752929031849,0.33201682567596436,0.39302244782447815,-0.03297201171517372,0.3118896484375,0.3426434099674225,-0.046469394117593765,0.29807984828948975,0.2991235852241516,-0.058490902185440063,0.4064910411834717,0.4508824050426483,-0.02427862584590912,0.4004930555820465,0.3493129312992096,-0.03779920935630798,0.3963589668273926,0.2832289934158325,-0.05367956683039665,0.39363834261894226,0.22773870825767517,-0.06614184379577637,0.44475865364074707,0.46034789085388184,-0.03364555537700653,0.4609540104866028,0.36884763836860657,-0.05350815877318382,0.47083568572998047,0.307194322347641,-0.07667529582977295,0.47868597507476807,0.25426989793777466,-0.09322113543748856,0.4790263772010803,0.4922165870666504,-0.04440171271562576,0.5138441920280457,0.4324008524417877,-0.06647781282663345,0.5379405617713928,0.39138078689575195,-0.0817926824092865,0.5580008029937744,0.35434490442276,-0.09276232868432999
0.4590766429901123,0.6870046257972717,4.224881706704764e-07,0.4031609892845154,0.6560602784156799,-0.01925339177250862,0.36505451798439026,0.5813007354736328,-0.02728170156478882,0.3866080343723297,0.5180598497390747,-0.03517872840166092,0.4288925230503082,0.5088920593261719,-0.04504348337650299,0.38096433877944946,0.46602070331573486,-0.017746254801750183,0.3479898273944855,0.3875502645969391,-0.03217928856611252,0.32804059982299805,0.33785754442214966,-0.04525281861424446,0.3141247034072876,0.29604488611221313,-0.05702105909585953,0.42254185676574707,0.44684654474258423,-0.02407526597380638,0.4160807728767395,0.3449174165725708,-0.0365869365632534,0.4116325378417969,0.2806839644908905,-0.05120740085840225,0.40892982482910156,0.22807544469833374,-0.06281222403049469,0.46150222420692444,0.4576644003391266,-0.03347083181142807,0.47820955514907837,0.36463630199432373,-0.052429813891649246,0.4878849983215332,0.3016728162765503,-0.07457335293292999,0.4958162307739258,0.24802763760089874,-0.09059177339076996,0.49659451842308044,0.49119624495506287,-0.04431089013814926,0.5306169390678406,0.4298193156719208,-0.06561830639839172,0.5535338521003723,0.3881663680076599,-0.08015449345111847,0.5726974010467529,0.35096845030784607,-0.09071402251720428
0.5001236796379089,0.7023834586143494,4.4741440774487273e-07,0.44568517804145813,0.667389988899231,-0.019614212214946747,0.4110802114009857,0.5918912887573242,-0.028965221717953682,0.4348486661911011,0.5314582586288452,-0.03827880322933197,0.47566959261894226,0.5287784337997437,-0.04973793774843216,0.4255311191082001,0.4808942675590515,-0.0204880703240633,0.392858624458313,0.4009252190589905,-0.03623230755329132,0.372706800699234,0.3499026894569397,-0.04981113225221634,0.3591943383216858,0.3057387173175812,-0.06177707388997078,0.46762362122535706,0.46317964792251587,-0.027318261563777924,0.4599924087524414,0.36031240224838257,-0.04162967577576637,0.45582616329193115,0.293428897857666,-0.05723941698670387,0.4539538621902466,0.23811370134353638,-0.06933382898569107,0.5078909993171692,0.47541120648384094,-0.036939263343811035,0.5221077799797058,0.38295307755470276,-0.05732902139425278,0.5303844809532166,0.32036250829696655,-0.0795704647898674,0.5373510718345642,0.2666481137275696,-0.09521530568599701,0.544331967830658,0.5089306235313416,-0.04790418967604637,0.5771501064300537,0.4462122917175293,-0.06951519101858139,0.6004636883735657,0.40381965041160583,-0.08327902108430862,0.6202371716499329,0.3664094805717468,-0.09309286624193192
0.55182284116745,0.7093559503555298,4.3364929069866776e-07,0.49593785405158997,0.6759191751480103,-0.0198558010160923,0.459696888923645,0.5983568429946899,-0.029443908482789993,0.48295629024505615,0.5374407172203064,-0.03884556517004967,0.524873673915863,0.5396385192871094,-0.05031127855181694,0.4744683504104614,0.48486658930778503,-0.02075066976249218,0.4424225389957428,0.40420272946357727,-0.03601144999265671,0.4228937327861786,0.3536010980606079,-0.04921703413128853,0.40961670875549316,0.3096003234386444,-0.06108057498931885,0.5166813731193542,0.4676949381828308,-0.02756035327911377,0.5092052221298218,0.3639878034591675,-0.04155699908733368,0.5041079521179199,0.29593610763549805,-0.056582119315862656,0.5010199546813965,0.23917636275291443,-0.06841924041509628,0.5564277768135071,0.48096922039985657,-0.037172045558691025,0.5721524953842163,0.38734596967697144,-0.056824613362550735,0.5805597305297852,0.3250565528869629,-0.0783500224351883,0.5869187712669373,0.27187418937683105,-0.09370719641447067,0.5921897292137146,0.5158483982086182,-0.0482509545981884,0.6251352429389954,0.453680157661438,-0.0688859298825264,0.647057294845581,0.41013234853744507,-0.08225152641534805,0.6650053858757019,0.37098079919815063,-0.09213411808013916
0.6708307862281799,0.7129213213920593,4.801341333404707e-07,0.6146716475486755,0.6722127795219421,-0.020341770723462105,0.5813681483268738,0.5948535203933716,-0.029938850551843643,0.6075977087020874,0.5340119004249573,-0.03954837843775749,0.6502482891082764,0.5342968702316284,-0.050716470927000046,0.5841494202613831,0.48362094163894653,-0.016366036608815193,0.551576554775238,0.40071654319763184,-0.030953845009207726,0.5329997539520264,0.3489120602607727,-0.04437534511089325,0.5207350254058838,0.30429965257644653,-0.05619934946298599,0.6281276941299438,0.4635225832462311,-0.022469541057944298,0.6200042963027954,0.361250102519989,-0.034330204129219055,0.615949809551239,0.2946500778198242,-0.04845365136861801,0.6144434213638306,0.23936423659324646,-0.059715185314416885,0.6710725426673889,0.47379499673843384,-0.03181866183876991,0.6844048500061035,0.3795504868030548,-0.04881608858704567,0.6918260455131531,0.3173748552799225,-0.06881112605333328,0.6978393197059631,0.26426345109939575,-0.08323056995868683,0.7106477618217468,0.5060263276100159,-0.04300953820347786,0.7400281429290771,0.44362884759902954,-0.06098736822605133,0.7597615122795105,0.4001600742340088,-0.0723346695303917,0.7762629389762878,0.36208343505859375,-0.08067885786294937
0.7421336770057678,0.701520562171936,4.543846330307133e-07,0.6879605650901794,0.6617861390113831,-0.02011723816394806,0.6566080451011658,0.5849428176879883,-0.02859208732843399,0.6859570741653442,0.5224362015724182,-0.037113726139068604,0.7298058867454529,0.5141477584838867,-0.047356780618429184,0.6613652110099792,0.47643977403640747,-0.015775475651025772,0.6286352872848511,0.39267823100090027,-0.02988252229988575,0.6095630526542664,0.34011146426200867,-0.04259898513555527,0.5969812870025635,0.29511573910713196,-0.05381615832448006,0.705146312713623,0.4552628695964813,-0.021632811054587364,0.696027398109436,0.3503410816192627,-0.0341910719871521,0.6914209723472595,0.28244271874427795,-0.04955913871526718,0.6894641518592834,0.226396381855011,-0.061428315937519073,0.7469682097434998,0.46443891525268555,-0.030587321147322655,0.7598609924316406,0.368847131729126,-0.04900887981057167,0.7680012583732605,0.30673566460609436,-0.07089897245168686,0.7740088105201721,0.25324952602386475,-0.08626928925514221,0.7853179574012756,0.4951246678829193,-0.04109885171055794,0.8145889043807983,0.431607186794281,-0.060389041900634766,0.8346049189567566,0.38888102769851685,-0.07289238274097443,0.8509421944618225,0.35118502378463745,-0.08186186850070953
0.7735681533813477,0.7085940837860107,4.3506375391189067e-07,0.7180445194244385,0.665716826915741,-0.019113915041089058,0.6885311007499695,0.5852360129356384,-0.02674274519085884,0.7208853363990784,0.5237169861793518,-0.03486396372318268,0.76487797498703,0.5223598480224609,-0.044596485793590546,0.6947407722473145,0.4809054732322693,-0.011666830629110336,0.6631463766098022,0.3960403800010681,-0.02481134422123432,0.6448914408683777,0.34284502267837524,-0.037366267293691635,0.6330792903900146,0.29679256677627563,-0.048872921615839005,0.7377241849899292,0.45990583300590515,-0.01801292784512043,0.7272839546203613,0.35558927059173584,-0.02958378568291664,0.7233759760856628,0.28779447078704834,-0.044337477535009384,0.722985029220581,0.23243802785873413,-0.055877912789583206,0.7790857553482056,0.46925750374794006,-0.027728626504540443,0.7920345664024353,0.37278491258621216,-0.04489234462380409,0.8025125861167908,0.30995261669158936,-0.06619800627231598,0.8112834692001343,0.25718891620635986,-0.08140267431735992,0.8178749084472656,0.49958139657974243,-0.039187777787446976,0.8479403257369995,0.43793806433677673,-0.05729064345359802,0.8678752183914185,0.39354097843170166,-0.06970008462667465,0.8848385214805603,0.3542787432670593,-0.0789589136838913
0.8016507625579834,0.7536801099777222,3.7336153013711737e-07,0.747702956199646,0.7109059691429138,-0.023120354861021042,0.7189711332321167,0.6272217035293579,-0.03165576234459877,0.751658022403717,0.559709906578064,-0.03946148231625557,0.8002399206161499,0.5549666881561279,-0.04767812788486481,0.7303365468978882,0.5217781662940979,-0.012577119283378124,0.7039228081703186,0.43535324931144714,-0.024620160460472107,0.6884018778800964,0.3824610114097595,-0.036586713045835495,0.677496612071991,0.3377174139022827,-0.04804394394159317,0.7735730409622192,0.5027950406074524,-0.01627851463854313,0.7659333348274231,0.4007481336593628,-0.02596091851592064,0.764234185218811,0.33649224042892456,-0.038300614804029465,0.7640643119812012,0.28378018736839294,-0.048687804490327835,0.8148066401481628,0.5144163966178894,-0.023887483403086662,0.8284676671028137,0.4227892756462097,-0.0386681966483593,0.8381808400154114,0.3633663058280945,-0.056258425116539,0.8459998965263367,0.31269896030426025,-0.06955693662166595,0.8539810180664062,0.5464441180229187,-0.034030355513095856,0.8819249272346497,0.48561015725135803,-0.04970288276672363,0.9002918004989624,0.44535696506500244,-0.059984154999256134,0.9159778356552124,0.4102957844734192,-0.06805956363677979
0.7743685245513916,0.7833014726638794,4.098757244719309e-07,0.7200109362602234,0.7401679158210754,-0.01690685749053955,0.6906951069831848,0.6588937044143677,-0.022586418315768242,0.7233744263648987,0.5964031219482422,-0.029158975929021835,0.7690060138702393,0.5967451333999634,-0.03738381713628769,0.7024221420288086,0.5551024675369263,-0.00817733071744442,0.6736728549003601,0.47008949518203735,-0.018322426825761795,0.6574039459228516,0.4164024889469147,-0.028813382610678673,0.6467097997665405,0.36955738067626953,-0.03928498923778534,0.7442870140075684,0.5359341502189636,-0.014714802615344524,0.7355425357818604,0.4348216652870178,-0.023085789754986763,0.7333623170852661,0.36980897188186646,-0.03523385897278786,0.733604371547699,0.31621891260147095,-0.04537731781601906,0.7846753001213074,0.5468036532402039,-0.024573473259806633,0.7972242832183838,0.4548867642879486,-0.038545798510313034,0.8077201843261719,0.395149827003479,-0.05765476077795029,0.8164945840835571,0.34365326166152954,-0.07193848490715027,0.821967363357544,0.5779989361763,-0.03628860041499138,0.8510076999664307,0.5171905755996704,-0.05214899033308029,0.8719932436943054,0.4758149981498718,-0.0635903924703598,0.8900420665740967,0.4391217827796936,-0.07243373245000839
0.7390927672386169,0.791107177734375,4.593503035721369e-07,0.6849357485771179,0.7505278587341309,-0.019262690097093582,0.6560284495353699,0.6747620105743408,-0.027945462614297867,0.6864436864852905,0.6126357913017273,-0.036880973726511,0.7295605540275574,0.6104230880737305,-0.0473349392414093,0.666400134563446,0.5665774345397949,-0.014763369224965572,0.6386808753013611,0.48281946778297424,-0.0274702999740839,0.6236985325813293,0.4303668141365051,-0.03939244896173477,0.6142891645431519,0.38299840688705444,-0.05052795633673668,0.7098523378372192,0.5472383499145508,-0.021057849749922752,0.7033470869064331,0.4454999566078186,-0.03121800348162651,0.7015727758407593,0.37884703278541565,-0.044200997799634933,0.7017632722854614,0.3222303092479706,-0.05502924695611,0.7515219449996948,0.5588417053222656,-0.03047199174761772,0.766322135925293,0.4674612283706665,-0.04587426781654358,0.7771692872047424,0.4067727327346802,-0.0650024339556694,0.7858866453170776,0.3543849587440491,-0.07915578037500381,0.7895873188972473,0.5912551283836365,-0.04177594929933548,0.8193965554237366,0.5297812223434448,-0.05842117592692375,0.8399718403816223,0.4876578152179718,-0.06943480670452118,0.857288122177124,0.4500594735145569,-0.07782461494207382
0.6937063336372375,0.776766836643219,4.7383488777086313e-07,0.6375623345375061,0.7380447387695312,-0.02166013792157173,0.6031358242034912,0.6564690470695496,-0.030531026422977448,0.6286669969558716,0.5896775722503662,-0.038988009095191956,0.6735479235649109,0.5886841416358948,-0.04860183224081993,0.6152608394622803,0.5460925102233887,-0.015346226282417774,0.5883917808532715,0.46364307403564453,-0.02777020074427128,0.5722761750221252,0.4123923182487488,-0.03950656205415726,0.5611453056335449,0.36667484045028687,-0.05095002055168152,0.6591653227806091,0.5281204581260681,-0.0207135621458292,0.6522592902183533,0.42679163813591003,-0.031417302787303925,0.6500356197357178,0.3614066243171692,-0.044404007494449615,0.6507463455200195,0.3058649003505707,-0.055171795189380646,0.7011947631835938,0.5412589907646179,-0.029565684497356415,0.7152237892150879,0.45019087195396423,-0.0463784784078598,0.7264871597290039,0.3891659379005432,-0.06630711257457733,0.7366006374359131,0.33647066354751587,-0.08093500882387161,0.7394978404045105,0.575210690498352,-0.040444266051054,0.7691687941551208,0.5154587030410767,-0.05896471440792084,0.790045976638794,0.4724206030368805,-0.0715569332242012,0.8081676959991455,0.43247658014297485,-0.08115465193986893
0.6862414479255676,0.7619147300720215,4.7273846348616644e-07,0.6297407746315002,0.7231600880622864,-0.02181154489517212,0.5959925651550293,0.6406298875808716,-0.03025495633482933,0.6228137612342834,0.5728184580802917,-0.038275785744190216,0.6679443717002869,0.5676636099815369,-0.047523923218250275,0.607285737991333,0.5316723585128784,-0.015144397504627705,0.5810186266899109,0.44780129194259644,-0.028175847604870796,0.5646827220916748,0.3956378698348999,-0.040292609483003616,0.5530583262443542,0.350440114736557,-0.05176372081041336,0.6518983244895935,0.5130829811096191,-0.020656559616327286,0.6457024216651917,0.40979069471359253,-0.03194912523031235,0.6426250338554382,0.34298384189605713,-0.04567869007587433,0.6418637633323669,0.2868129014968872,-0.056815821677446365,0.6943750977516174,0.5255867838859558,-0.029756182804703712,0.7090104222297668,0.432564377784729,-0.04751516506075859,0.7195092439651489,0.3711225986480713,-0.06824351847171783,0.728276789188385,0.31773972511291504,-0.08330418169498444,0.7330407500267029,0.5593393445014954,-0.04081883653998375,0.7635554075241089,0.49871861934661865,-0.0605439692735672,0.7849087119102478,0.4561467170715332,-0.07368765771389008,0.8028678297996521,0.41642117500305176,-0.08347129076719284
0.6763151288032532,0.7184271216392517,4.912580493510177e-07,0.6187281012535095,0.678432285785675,-0.021646663546562195,0.5837284922599792,0.5922925472259521,-0.02968408167362213,0.6105587482452393,0.5236281752586365,-0.03752264007925987,0.657778799533844,0.5220841765403748,-0.04672784358263016,0.5980257391929626,0.4894983768463135,-0.014652369543910027,0.5712161064147949,0.4061558246612549,-0.02776581607758999,0.5546389818191528,0.3534373939037323,-0.03992816060781479,0.5428231954574585,0.30740809440612793,-0.05152348801493645,0.6426944136619568,0.46960458159446716,-0.020280927419662476,0.6369455456733704,0.3661538064479828,-0.03193746879696846,0.6331580281257629,0.29896974563598633,-0.04555225372314453,0.631589949131012,0.24256280064582825,-0.056336332112550735,0.6855339407920837,0.481589674949646,-0.02954782173037529,0.6999298334121704,0.38949689269065857,-0.047350842505693436,0.7105751037597656,0.3283851146697998,-0.06782349199056625,0.7198644280433655,0.2759054899215698,-0.08242066949605942,0.7244914174079895,0.5142861008644104,-0.040842942893505096,0.7547733187675476,0.45483407378196716,-0.06021694466471672,0.7756111025810242,0.41218042373657227,-0.07309700548648834,0.7937370538711548,0.37242957949638367,-0.08256921917200089
0.6731095910072327,0.6936632394790649,4.4937928578292485e-07,0.6170263886451721,0.6553659439086914,-0.021827641874551773,0.5811865329742432,0.5685938596725464,-0.028868259862065315,0.6078099608421326,0.49588271975517273,-0.035485874861478806,0.6543634533882141,0.4823433756828308,-0.043060172349214554,0.5973297953605652,0.46504369378089905,-0.01412558276206255,0.5678074359893799,0.3797071576118469,-0.027326900511980057,0.5514570474624634,0.3256567120552063,-0.03902681916952133,0.5415053963661194,0.27865731716156006,-0.05000888183712959,0.6416143178939819,0.44484859704971313,-0.0189046710729599,0.6335602402687073,0.33891579508781433,-0.030482439324259758,0.6308059692382812,0.2714400589466095,-0.04384082555770874,0.6315381526947021,0.21469074487686157,-0.054439909756183624,0.6836243271827698,0.4558607339859009,-0.02743629738688469,0.6975807547569275,0.3644102215766907,-0.0454469732940197,0.7088034749031067,0.3030123710632324,-0.06590645015239716,0.7189509868621826,0.2501816749572754,-0.08054197579622269,0.7219832539558411,0.4871968626976013,-0.03797629103064537,0.7512186765670776,0.42799368500709534,-0.05749883875250816,0.7715070247650146,0.38544994592666626,-0.07081451267004013,0.789275586605072,0.3454056680202484,-0.08067764341831207
0.6262997984886169,0.6745250821113586,5.000492819817737e-07,0.5701209902763367,0.6313221454620361,-0.019295595586299896,0.5350264310836792,0.5479263067245483,-0.025991789996623993,0.5613856315612793,0.47723889350891113,-0.03259412944316864,0.606147289276123,0.4683898091316223,-0.04005183279514313,0.5511284470558167,0.4471786916255951,-0.011726347729563713,0.5252701640129089,0.3621429204940796,-0.022978581488132477,0.5085543990135193,0.3082519471645355,-0.03335080295801163,0.4971413016319275,0.26081719994544983,-0.04370798170566559,0.5943197011947632,0.42944490909576416,-0.01741635985672474,0.5903470516204834,0.32545191049575806,-0.027348648756742477,0.5882481336593628,0.259164035320282,-0.03911177068948746,0.5881944894790649,0.20383504033088684,-0.04886438325047493,0.6356456875801086,0.44052213430404663,-0.02668403647840023,0.6528717875480652,0.346550315618515,-0.04312070459127426,0.6625663042068481,0.28455236554145813,-0.06222299858927727,0.6706194877624512,0.23118364810943604,-0.07617749273777008,0.6733570694923401,0.47256380319595337,-0.03786235675215721,0.7062904834747314,0.41294580698013306,-0.05716599524021149,0.7265732288360596,0.3703296184539795,-0.07083522528409958,0.7441532611846924,0.330608606338501,-0.08075868338346481
0.5959835052490234,0.6842105984687805,4.384894509712467e-07,0.5385898351669312,0.6448792815208435,-0.01934165507555008,0.5038146376609802,0.5627946853637695,-0.025808637961745262,0.5295949578285217,0.4935923218727112,-0.0325373075902462,0.5731688141822815,0.48348143696784973,-0.04083019495010376,0.5236413478851318,0.4574315845966339,-0.01188719179481268,0.49472954869270325,0.37358713150024414,-0.024768643081188202,0.47844505310058594,0.3192836046218872,-0.036735232919454575,0.46799570322036743,0.2717664837837219,-0.048014480620622635,0.5674412846565247,0.43922901153564453,-0.01800188049674034,0.5621197819709778,0.336173951625824,-0.02920272760093212,0.5593545436859131,0.26784271001815796,-0.043134186416864395,0.559309184551239,0.21044030785560608,-0.05431981012225151,0.6084465384483337,0.4511440098285675,-0.027706535533070564,0.6255636215209961,0.3586587905883789,-0.04543543979525566,0.6359946131706238,0.2963871955871582,-0.06639203429222107,0.6449888944625854,0.2425088733434677,-0.08150745183229446,0.6455904245376587,0.48496463894844055,-0.039181698113679886,0.6781128644943237,0.42498305439949036,-0.05912500247359276,0.6994131207466125,0.38190531730651855,-0.07285866886377335,0.7176852226257324,0.3415314555168152,-0.0829332023859024
0.5906810760498047,0.7000102996826172,4.1197148448191e-07,0.5337392091751099,0.6630292534828186,-0.019668621942400932,0.4977733790874481,0.5813258290290833,-0.026223748922348022,0.5222450494766235,0.5106911659240723,-0.03274284675717354,0.5652430653572083,0.49719569087028503,-0.040644992142915726,0.5177061557769775,0.4720580279827118,-0.013095845468342304,0.4879782795906067,0.38710108399391174,-0.025798607617616653,0.47083383798599243,0.3339783549308777,-0.03751497343182564,0.45926958322525024,0.2883380055427551,-0.0485098697245121,0.5618993043899536,0.4526626467704773,-0.018874377012252808,0.5553016066551208,0.34740573167800903,-0.029676632955670357,0.5523536205291748,0.27943775057792664,-0.04324991628527641,0.5518149137496948,0.22307175397872925,-0.05424371734261513,0.6031278967857361,0.463489294052124,-0.02817552164196968,0.6193755269050598,0.3707277178764343,-0.04533141478896141,0.6295067071914673,0.30790215730667114,-0.06622184813022614,0.6379165053367615,0.25381654500961304,-0.08157344907522202,0.6402074694633484,0.49659502506256104,-0.03923738747835159,0.6718573570251465,0.43608903884887695,-0.058458562940359116,0.6933159828186035,0.39359644055366516,-0.07190613448619843,0.7115597724914551,0.3544790744781494,-0.08201988786458969
0.5887519717216492,0.712938129901886,4.195130998141394e-07,0.5317895412445068,0.674541711807251,-0.019759152084589005,0.4963776171207428,0.590911865234375,-0.02600204199552536,0.5206652283668518,0.5209255218505859,-0.032216910272836685,0.5646109580993652,0.5136165618896484,-0.03983966261148453,0.5159329175949097,0.4828883409500122,-0.01230755914002657,0.4863930642604828,0.39743772149086,-0.024813951924443245,0.46897822618484497,0.3437095284461975,-0.03635810315608978,0.45721542835235596,0.2975754141807556,-0.04718851298093796,0.5605910420417786,0.46325796842575073,-0.017903529107570648,0.5538530945777893,0.3581213355064392,-0.028422445058822632,0.5507477521896362,0.2900319993495941,-0.04162819683551788,0.550157904624939,0.2333865463733673,-0.05218329653143883,0.6023430228233337,0.4740658700466156,-0.027068031951785088,0.6176076531410217,0.38192176818847656,-0.04358368366956711,0.6274443864822388,0.3187480568885803,-0.06413615494966507,0.6358819007873535,0.26418930292129517,-0.07915432006120682,0.6396047472953796,0.5069634914398193,-0.03810359910130501,0.6702268123626709,0.4473714232444763,-0.0561956986784935,0.6915766000747681,0.4052741825580597,-0.06898412853479385,0.7100404500961304,0.366654634475708,-0.07864145934581757
0.5803605914115906,0.7160701751708984,4.251461689364078e-07,0.524163544178009,0.6795899271965027,-0.01999741978943348,0.48995012044906616,0.5987978577613831,-0.027008486911654472,0.5151046514511108,0.5296627879142761,-0.03375665470957756,0.5571547150611877,0.5191315412521362,-0.04196742922067642,0.5082824230194092,0.4866376519203186,-0.013783382251858711,0.480710506439209,0.40197914838790894,-0.026347046718001366,0.46440649032592773,0.34826788306236267,-0.03790641203522682,0.45340803265571594,0.30290794372558594,-0.048812951892614365,0.5519328117370605,0.4696323275566101,-0.01944144442677498,0.5456764698028564,0.36538782715797424,-0.030637068673968315,0.5428112149238586,0.29887914657592773,-0.04453229904174805,0.5419481992721558,0.24431109428405762,-0.05568827688694,0.5923833250999451,0.48250800371170044,-0.028480252251029015,0.6088029146194458,0.3901597261428833,-0.04638851061463356,0.6183348298072815,0.32731372117996216,-0.06765541434288025,0.6259204149246216,0.27254998683929443,-0.08319860696792603,0.6286342144012451,0.5175219178199768,-0.03916032984852791,0.661467432975769,0.45819640159606934,-0.05915142968297005,0.682938814163208,0.41549378633499146,-0.072875015437603,0.7007139921188354,0.3758971393108368,-0.08306597173213959
0.5743427872657776,0.7321183085441589,4.0621475250190997e-07,0.5192520022392273,0.6942195296287537,-0.019600840285420418,0.4857915937900543,0.6160051822662354,-0.027869122102856636,0.514616072177887,0.555741548538208,-0.036219287663698196,0.5585741400718689,0.5474969148635864,-0.04621747136116028,0.50602126121521,0.5015936493873596,-0.013780343346297741,0.48054438829421997,0.4191475808620453,-0.028025034815073013,0.4653334319591522,0.3686801493167877,-0.041328638792037964,0.4542197287082672,0.3265607953071594,-0.05302693322300911,0.5491237640380859,0.48671451210975647,-0.02015618607401848,0.5440957546234131,0.38384389877319336,-0.03297911584377289,0.5405949354171753,0.31726935505867004,-0.048379719257354736,0.5389532446861267,0.2625510096549988,-0.0604168176651001,0.5889106392860413,0.5010575652122498,-0.029952658340334892,0.6035857200622559,0.40852126479148865,-0.048238497227430344,0.6116625666618347,0.3469124734401703,-0.06939953565597534,0.6185503602027893,0.29375362396240234,-0.08465444296598434,0.6246029138565063,0.5356520414352417,-0.041451260447502136,0.6549083590507507,0.47435683012008667,-0.060595255345106125,0.675398051738739,0.4315913915634155,-0.07332704961299896,0.692972719669342,0.39239317178726196,-0.08284388482570648
0.5783746838569641,0.7958528399467468,4.500733439272153e-07,0.5227997899055481,0.7578414678573608,-0.021695345640182495,0.4862295091152191,0.684328556060791,-0.032120104879140854,0.5128389000892639,0.6257888674736023,-0.04208968207240105,0.5597862005233765,0.6109221577644348,-0.053570013493299484,0.50705885887146,0.5646620392799377,-0.018957171589136124,0.48066964745521545,0.48176634311676025,-0.0345657579600811,0.4659572243690491,0.4293200671672821,-0.04844464734196663,0.4561997056007385,0.38469231128692627,-0.06048843637108803,0.5504864454269409,0.5506883263587952,-0.024893714115023613,0.5462730526924133,0.4464436173439026,-0.03838265314698219,0.5436423420906067,0.37930846214294434,-0.05422969162464142,0.5425512790679932,0.32383760809898376,-0.06681737303733826,0.590391218662262,0.565645158290863,-0.03419973701238632,0.6051861047744751,0.472601056098938,-0.053003694862127304,0.6126703023910522,0.40921998023986816,-0.07501549273729324,0.6184503436088562,0.3547198176383972,-0.0910692885518074,0.6261134147644043,0.6016570329666138,-0.0452558770775795,0.6578718423843384,0.5391857028007507,-0.06510602682828903,0.6787896752357483,0.4955248236656189,-0.0785527154803276,0.6959286332130432,0.4558221399784088,-0.08863535523414612
0.5782092809677124,0.8047182559967041,4.5182255803410953e-07,0.5216182470321655,0.7763736844062805,-0.025657711550593376,0.4751040041446686,0.7134279012680054,-0.04020116850733757,0.4755808711051941,0.6495226621627808,-0.05333034694194794,0.5134255290031433,0.6379398107528687,-0.06718678027391434,0.5078858137130737,0.5764985680580139,-0.023505924269557,0.4812507629394531,0.4938282072544098,-0.0411258302628994,0.4663979411125183,0.4415515065193176,-0.056655153632164,0.4573538601398468,0.3965532183647156,-0.0700223445892334,0.5528188943862915,0.5618475079536438,-0.0287766195833683,0.5473983287811279,0.45656514167785645,-0.04401812702417374,0.5444728136062622,0.39065220952033997,-0.06003156304359436,0.5424964427947998,0.3338858485221863,-0.07265384495258331,0.5946090221405029,0.575802743434906,-0.03766612708568573,0.6079903244972229,0.4818415641784668,-0.05846776068210602,0.6169279217720032,0.41808420419692993,-0.07898098975419998,0.6239088177680969,0.3630034327507019,-0.09362627565860748,0.6318121552467346,0.6114593744277954,-0.04856618493795395,0.6604909300804138,0.5489524006843567,-0.06947051733732224,0.6816428303718567,0.505958616733551,-0.08206264674663544,0.6992267966270447,0.46550697088241577,-0.09122573584318161
0.5894572734832764,0.844314694404602,4.883021347268368e-07,0.5309846997261047,0.8219082355499268,-0.02685553953051567,0.4828129708766937,0.763270914554596,-0.04191037639975548,0.49048715829849243,0.7125744223594666,-0.05508968606591225,0.534145712852478,0.7196797728538513,-0.06949540227651596,0.5150864124298096,0.6200727820396423,-0.025422414764761925,0.4896898567676544,0.5380300879478455,-0.04094139114022255,0.475136399269104,0.48607349395751953,-0.054969463497400284,0.4658082127571106,0.4401845932006836,-0.06788068264722824,0.559212327003479,0.6033140420913696,-0.029535675421357155,0.5527154803276062,0.500305712223053,-0.04288060963153839,0.5499444603919983,0.4355337619781494,-0.057439614087343216,0.5490643978118896,0.3800066411495209,-0.06952355802059174,0.5997505784034729,0.6156377792358398,-0.03720342740416527,0.6128663420677185,0.5243819952011108,-0.05592701956629753,0.6203697323799133,0.4627031087875366,-0.07572249323129654,0.6262972950935364,0.4098697602748871,-0.09014824777841568,0.6360251307487488,0.6496827006340027,-0.04711970314383507,0.6630404591560364,0.5872161984443665,-0.06631985306739807,0.6834392547607422,0.545330822467804,-0.0782618373632431,0.7002333998680115,0.5063281059265137,-0.08722952753305435
0.5891194343566895,0.8449414372444153,4.877829269389622e-07,0.5318936705589294,0.8221209049224854,-0.02768838405609131,0.4851418733596802,0.7620606422424316,-0.042992714792490005,0.49462488293647766,0.7085782289505005,-0.05617016553878784,0.5385146141052246,0.7145369052886963,-0.07043067365884781,0.5154409408569336,0.621417760848999,-0.02652083896100521,0.4902539849281311,0.5398939847946167,-0.04203646630048752,0.47644421458244324,0.4881092607975006,-0.055952418595552444,0.46819356083869934,0.44200873374938965,-0.06897379457950592,0.5590772032737732,0.6051475405693054,-0.030295083299279213,0.5519548654556274,0.5036983489990234,-0.04382774606347084,0.5497369170188904,0.439659059047699,-0.058685120195150375,0.5495671033859253,0.384142130613327,-0.07121128588914871,0.5990551710128784,0.618152379989624,-0.03763382509350777,0.6121969819068909,0.5283557176589966,-0.056831080466508865,0.6203818321228027,0.46806374192237854,-0.07745757699012756,0.6268901824951172,0.41607415676116943,-0.0926177129149437,0.6349496245384216,0.6530182361602783,-0.047237642109394073,0.6621534824371338,0.5922760963439941,-0.06739131361246109,0.6828262209892273,0.550761878490448,-0.0805567279458046,0.6997541189193726,0.5118637084960938,-0.09049641340970993
0.5938534140586853,0.8625774383544922,4.3593422560661566e-07,0.5380776524543762,0.8405608534812927,-0.02431746944785118,0.4924067556858063,0.7865500450134277,-0.038206085562705994,0.4998014569282532,0.7358261346817017,-0.05078810453414917,0.5416045188903809,0.7367198467254639,-0.0644054189324379,0.5202425718307495,0.6459974646568298,-0.021142873913049698,0.4948917031288147,0.5677141547203064,-0.03574196249246597,0.4805491864681244,0.5175847411155701,-0.04957007244229317,0.4709053039550781,0.4736665189266205,-0.062172845005989075,0.5623340606689453,0.6293865442276001,-0.025790125131607056,0.5541329979896545,0.5306652188301086,-0.038131456822156906,0.5497644543647766,0.46958041191101074,-0.052323319017887115,0.5471031665802002,0.41780757904052734,-0.06420732289552689,0.6015090942382812,0.6398298144340515,-0.03388301283121109,0.6127724051475525,0.5510085225105286,-0.051336634904146194,0.6187525987625122,0.492004930973053,-0.0701124295592308,0.6228983402252197,0.44232475757598877,-0.08399517089128494,0.637044370174408,0.6712172031402588,-0.04412471503019333,0.6628761291503906,0.6104027032852173,-0.062133751809597015,0.6821377873420715,0.5693154335021973,-0.07339164614677429,0.6978155970573425,0.5319558382034302,-0.08188889920711517
0.5973674058914185,0.8764756917953491,4.61297020137863e-07,0.541960597038269,0.8561588525772095,-0.025553317740559578,0.49669015407562256,0.8063184022903442,-0.04123388230800629,0.5029189586639404,0.7594351768493652,-0.05534855276346207,0.5423378348350525,0.7616637945175171,-0.07062862068414688,0.5234187245368958,0.6624898910522461,-0.024168897420167923,0.4994305968284607,0.5842113494873047,-0.0400482714176178,0.4862552881240845,0.5340250134468079,-0.05482843145728111,0.4773280918598175,0.4889526963233948,-0.06823470443487167,0.566133439540863,0.6457326412200928,-0.028922950848937035,0.5583000779151917,0.5492535829544067,-0.04279807582497597,0.5542404651641846,0.4886366128921509,-0.058112453669309616,0.5513432621955872,0.43608972430229187,-0.070840023458004,0.6057878136634827,0.6563474535942078,-0.03710360452532768,0.6167883276939392,0.5689563751220703,-0.055831339210271835,0.6229127049446106,0.5096344351768494,-0.07520206272602081,0.6266975402832031,0.4586346447467804,-0.08950649946928024,0.6415661573410034,0.6878041625022888,-0.04742377996444702,0.6668394804000854,0.627049446105957,-0.06638143211603165,0.6854493618011475,0.5862054228782654,-0.07802478969097137,0.7001671195030212,0.5480092763900757,-0.08684859424829483
0.6048507690429688,0.8901237845420837,4.748445405766688e-07,0.5496076941490173,0.8694511651992798,-0.025575941428542137,0.5040907859802246,0.8213530778884888,-0.04121052101254463,0.5103476643562317,0.7762622833251953,-0.05536656826734543,0.5499648451805115,0.7757070064544678,-0.07053633034229279,0.5297448039054871,0.6767237186431885,-0.02371344156563282,0.5061454772949219,0.5980887413024902,-0.03968584164977074,0.4935486316680908,0.5474476218223572,-0.05440817400813103,0.4849509000778198,0.502610981464386,-0.06758026778697968,0.5724523663520813,0.6600714921951294,-0.028292575851082802,0.5654446482658386,0.563142716884613,-0.042240988463163376,0.5623344779014587,0.5027411580085754,-0.057406485080718994,0.5602728128433228,0.45044440031051636,-0.06979704648256302,0.6122509837150574,0.6707988381385803,-0.03635760024189949,0.623401939868927,0.5836717486381531,-0.055131666362285614,0.6302202939987183,0.5248270034790039,-0.07404494285583496,0.6347847580909729,0.474030077457428,-0.08785160630941391,0.6487995982170105,0.7020508050918579,-0.046579089015722275,0.6747757196426392,0.6416407823562622,-0.06526322662830353,0.693702220916748,0.6016112565994263,-0.07624942064285278,0.7088356018066406,0.563834011554718,-0.0844259113073349
0.6091848015785217,0.9066256284713745,4.72632052606059e-07,0.5562117099761963,0.887736439704895,-0.024906694889068604,0.5094966888427734,0.8425121903419495,-0.040496889501810074,0.5135005712509155,0.7995582222938538,-0.05465369671583176,0.5536399483680725,0.7983148694038391,-0.06978127360343933,0.5365132093429565,0.6958670616149902,-0.02406778372824192,0.5122520923614502,0.616395890712738,-0.03978230431675911,0.49902892112731934,0.566076934337616,-0.053966227918863297,0.4904504418373108,0.5218082666397095,-0.06655807793140411,0.5784919857978821,0.6793242692947388,-0.028577696532011032,0.5699143409729004,0.5819802284240723,-0.04199871048331261,0.5669762492179871,0.5218590497970581,-0.05630159750580788,0.5664103627204895,0.470651239156723,-0.06805754452943802,0.6180289387702942,0.6897303462028503,-0.03645055741071701,0.6285775303840637,0.6018226742744446,-0.05450185388326645,0.6354031562805176,0.5439549088478088,-0.07250082492828369,0.6408572196960449,0.4953640401363373,-0.08565016835927963,0.6543129682540894,0.7204360961914062,-0.04643489420413971,0.679481565952301,0.6594128608703613,-0.064275823533535,0.6980417966842651,0.6196985244750977,-0.07469391822814941,0.7131977677345276,0.5828205347061157,-0.08246353268623352
0.6225879192352295,0.91651451587677,4.7133366365414986e-07,0.5679060816764832,0.8957018852233887,-0.025254130363464355,0.5212835073471069,0.8454331159591675,-0.04017406702041626,0.5280055999755859,0.8023694157600403,-0.05351824685931206,0.5698058009147644,0.806654691696167,-0.06791754066944122,0.5487403273582458,0.7037255764007568,-0.024606576189398766,0.526596188545227,0.6252920627593994,-0.039948660880327225,0.5138615965843201,0.574608325958252,-0.053834181278944016,0.5054680705070496,0.5290464162826538,-0.0666278600692749,0.5901048183441162,0.6890826225280762,-0.028938662260770798,0.5818219184875488,0.5942714214324951,-0.04216516762971878,0.5807125568389893,0.5347381830215454,-0.0556952990591526,0.5821887254714966,0.48296117782592773,-0.06710174679756165,0.6297168731689453,0.701248288154602,-0.0367313027381897,0.6403067111968994,0.6161047220230103,-0.05500059947371483,0.6488314270973206,0.5582547187805176,-0.07311634719371796,0.6557400822639465,0.5081228017807007,-0.08633241802453995,0.6667563319206238,0.7329726219177246,-0.0467238649725914,0.6915085315704346,0.6715917587280273,-0.06537623703479767,0.7108837366104126,0.6322124600410461,-0.07641972601413727,0.7267547845840454,0.5953092575073242,-0.08467289060354233
0.6515424251556396,0.912386417388916,4.6147269472385233e-07,0.5953213572502136,0.8889775276184082,-0.023710066452622414,0.5506138801574707,0.8402197957038879,-0.038880493491888046,0.5567855834960938,0.7988142967224121,-0.052854638546705246,0.5949761867523193,0.8021911978721619,-0.06789751350879669,0.5763217806816101,0.6999015212059021,-0.024068638682365417,0.5550965666770935,0.6199007034301758,-0.04051414504647255,0.5411336421966553,0.5706714391708374,-0.05547289922833443,0.5297256708145142,0.5266919732093811,-0.06853533536195755,0.6181741952896118,0.6861076354980469,-0.029502306133508682,0.6118923425674438,0.5901389718055725,-0.04288385435938835,0.6094129085540771,0.5301464796066284,-0.05702996999025345,0.608337938785553,0.4775061011314392,-0.06875830143690109,0.6578897833824158,0.6979885697364807,-0.038199253380298615,0.6672617197036743,0.611655056476593,-0.05566785857081413,0.6748168468475342,0.5526400208473206,-0.07283070683479309,0.680603563785553,0.5013519525527954,-0.08543464541435242,0.6946764588356018,0.7293234467506409,-0.04904618486762047,0.7178639769554138,0.6674370169639587,-0.06662773340940475,0.7362502813339233,0.6271920204162598,-0.0759628564119339,0.7515400052070618,0.5901612639427185,-0.08281166106462479
0.7092267870903015,0.8922944068908691,4.96379414016701e-07,0.6526899933815002,0.8690805435180664,-0.024818427860736847,0.6077720522880554,0.8181872963905334,-0.04000697284936905,0.6169396042823792,0.7730478048324585,-0.05369415879249573,0.6574782133102417,0.7747682332992554,-0.06838488578796387,0.6328016519546509,0.6784598231315613,-0.025301001965999603,0.609577476978302,0.5977776646614075,-0.041152823716402054,0.5972669124603271,0.5466980338096619,-0.055332548916339874,0.5890858173370361,0.5012093782424927,-0.0680050402879715,0.6759893298149109,0.6633492708206177,-0.030040785670280457,0.6689898371696472,0.5675560235977173,-0.043791238218545914,0.667462944984436,0.5065560936927795,-0.058464668691158295,0.6677774786949158,0.4533555209636688,-0.07045060396194458,0.7167777419090271,0.6747710704803467,-0.03797605633735657,0.7261322140693665,0.5884385704994202,-0.05594925209879875,0.7343795895576477,0.5297815799713135,-0.07400799542665482,0.7407697439193726,0.47913551330566406,-0.08712881058454514,0.7546333074569702,0.7056770324707031,-0.048069022595882416,0.7779580950737,0.6433070302009583,-0.06594162434339523,0.7962717413902283,0.6037907600402832,-0.07605721056461334,0.8115529417991638,0.5676273703575134,-0.08348850160837173
0.7447925806045532,0.873130738735199,4.759763783113158e-07,0.6886823177337646,0.8455996513366699,-0.024313021451234818,0.6478425860404968,0.7910078763961792,-0.039306025952100754,0.6629883050918579,0.7467197179794312,-0.053111638873815536,0.7031563520431519,0.7449343204498291,-0.06783649325370789,0.6734939813613892,0.6545604467391968,-0.022955836728215218,0.6503463983535767,0.574012815952301,-0.03931296989321709,0.6365782022476196,0.5245215892791748,-0.054154954850673676,0.626347005367279,0.4829944968223572,-0.0667133629322052,0.716817319393158,0.6389606595039368,-0.027911696583032608,0.7119486331939697,0.5400680899620056,-0.041424475610256195,0.7104064226150513,0.47787123918533325,-0.05620116740465164,0.7099745869636536,0.42514029145240784,-0.06803826242685318,0.7574703097343445,0.6515128016471863,-0.036237332969903946,0.7707816362380981,0.5620063543319702,-0.05421200022101402,0.7803062796592712,0.5044909119606018,-0.07219396531581879,0.7868334650993347,0.4562656581401825,-0.08513860404491425,0.7950475215911865,0.6844204664230347,-0.04664970934391022,0.8225219249725342,0.6230761408805847,-0.06438302248716354,0.8416290879249573,0.584294855594635,-0.07375656813383102,0.8568095564842224,0.5491827130317688,-0.08051622658967972
0.779014527797699,0.8502712249755859,4.647011735414708e-07,0.7241183519363403,0.8209860920906067,-0.024792509153485298,0.6835159063339233,0.7637303471565247,-0.039162274450063705,0.7025084495544434,0.7140190601348877,-0.052418094128370285,0.7455368638038635,0.7116144299507141,-0.06666268408298492,0.7071677446365356,0.6278186440467834,-0.022352566942572594,0.6792699098587036,0.5476050972938538,-0.038834474980831146,0.6628642082214355,0.49743086099624634,-0.05380649492144585,0.6520047187805176,0.4546224772930145,-0.0665404424071312,0.7505178451538086,0.6104922890663147,-0.026961082592606544,0.7441610097885132,0.5112677812576294,-0.04060310870409012,0.7429623007774353,0.4481341242790222,-0.055281784385442734,0.743536114692688,0.39532291889190674,-0.06694001704454422,0.7909491062164307,0.6220729351043701,-0.03514426201581955,0.8027874231338501,0.5332469344139099,-0.053162265568971634,0.8119810819625854,0.4748312532901764,-0.07147620618343353,0.8181971907615662,0.42565280199050903,-0.08451098203659058,0.8288812041282654,0.6542864441871643,-0.045581549406051636,0.8556598424911499,0.5917713642120361,-0.06299890577793121,0.8743994832038879,0.5520732402801514,-0.07266199588775635,0.8888872861862183,0.5163965225219727,-0.07966920733451843
0.7969962954521179,0.8277877569198608,4.5964154082867026e-07,0.7424148917198181,0.7974657416343689,-0.02402409538626671,0.701066792011261,0.7333328723907471,-0.036863695830106735,0.724113404750824,0.6828461289405823,-0.0488218255341053,0.7696977853775024,0.688102126121521,-0.06218867748975754,0.7266671061515808,0.6020781397819519,-0.019877981394529343,0.6977537870407104,0.5235615968704224,-0.035669706761837006,0.6809959411621094,0.4749744236469269,-0.05090068653225899,0.6700708866119385,0.4331449270248413,-0.06425020098686218,0.7694230079650879,0.5836219191551208,-0.02438676543533802,0.7629114389419556,0.4832620620727539,-0.037559933960437775,0.761678159236908,0.41849905252456665,-0.05288289487361908,0.7633477449417114,0.3636264204978943,-0.06524821370840073,0.8094869256019592,0.5952600240707397,-0.03249087557196617,0.8195933699607849,0.5057489275932312,-0.04994833841919899,0.8280858397483826,0.44777315855026245,-0.06950584799051285,0.8354301452636719,0.39844241738319397,-0.08364619314670563,0.8475377559661865,0.6278185248374939,-0.0428759828209877,0.8729333877563477,0.566318154335022,-0.06015068665146828,0.8913613557815552,0.5253190994262695,-0.07118978351354599,0.9072037935256958,0.4871898293495178,-0.0795377865433693
0.7931063771247864,0.8262303471565247,4.3639479940793535e-07,0.7381269931793213,0.7949413657188416,-0.02376672811806202,0.6982690095901489,0.7290721535682678,-0.03641946613788605,0.7207148671150208,0.6787616014480591,-0.048338230699300766,0.7643687129020691,0.6860008835792542,-0.061551425606012344,0.725443959236145,0.5964072346687317,-0.017948506399989128,0.6978262066841125,0.5173977613449097,-0.03304658085107803,0.6808920502662659,0.4693197011947632,-0.048046212643384933,0.6689549684524536,0.4282456934452057,-0.06119260936975479,0.768524169921875,0.5795692801475525,-0.022629251703619957,0.7627068161964417,0.4794054627418518,-0.03506268188357353,0.7610689401626587,0.41520532965660095,-0.0501406267285347,0.7616980671882629,0.36087262630462646,-0.062397558242082596,0.8084264993667603,0.5919448733329773,-0.031000539660453796,0.8194822669029236,0.5025522708892822,-0.04769137501716614,0.8280200958251953,0.4448360800743103,-0.06686050444841385,0.8349818587303162,0.39548933506011963,-0.08079715073108673,0.8459673523902893,0.6242768168449402,-0.041739437729120255,0.8715394139289856,0.5622925162315369,-0.05801760032773018,0.8899365067481995,0.5211656093597412,-0.06847327202558517,0.9056023955345154,0.4831770062446594,-0.07653021812438965
0.6895881295204163,0.8254300951957703,5.336608523975883e-07,0.6309050917625427,0.7972986698150635,-0.026224257424473763,0.5855025053024292,0.7354435324668884,-0.040623586624860764,0.6021478176116943,0.681973934173584,-0.0531693734228611,0.6441365480422974,0.6873248219490051,-0.06655632704496384,0.6109492182731628,0.5993579626083374,-0.02458421140909195,0.5864372253417969,0.5195345282554626,-0.03864550217986107,0.5704039931297302,0.4700133800506592,-0.052080485969781876,0.5583961606025696,0.42485976219177246,-0.06474456191062927,0.6547918319702148,0.5832721590995789,-0.02841358818113804,0.6488825678825378,0.48183882236480713,-0.03998958691954613,0.6469821929931641,0.41927921772003174,-0.052905499935150146,0.6463874578475952,0.3639121651649475,-0.06415450572967529,0.6964412331581116,0.5962362289428711,-0.03584836795926094,0.7090503573417664,0.5053806304931641,-0.05238277465105057,0.7165763974189758,0.4470747411251068,-0.07049047201871872,0.7216682434082031,0.3964379131793976,-0.08396237343549728,0.7364487648010254,0.629582405090332,-0.04582135006785393,0.7633956074714661,0.564772367477417,-0.06358840316534042,0.7827231884002686,0.5247761011123657,-0.07510120421648026,0.798309326171875,0.48823392391204834,-0.08378639072179794
0.6494889855384827,0.8217036128044128,4.772158490595757e-07,0.5922497510910034,0.7972891926765442,-0.028329623863101006,0.544589638710022,0.7351342439651489,-0.04337451606988907,0.5558205246925354,0.6767756342887878,-0.0567057803273201,0.6015775799751282,0.6792160868644714,-0.07053922116756439,0.5755249261856079,0.5975911021232605,-0.023048926144838333,0.5464737415313721,0.5192201137542725,-0.03891102597117424,0.5298483967781067,0.4689772129058838,-0.053369827568531036,0.5192508101463318,0.42466211318969727,-0.06644472479820251,0.6177434325218201,0.5787863731384277,-0.025821352377533913,0.6123902797698975,0.48098137974739075,-0.0394502729177475,0.610572099685669,0.4187467396259308,-0.05337273329496384,0.6107298731803894,0.36504608392715454,-0.0645826980471611,0.6579742431640625,0.5888848900794983,-0.032672617584466934,0.6707272529602051,0.5000653862953186,-0.051692262291908264,0.6784866452217102,0.44174355268478394,-0.07045124471187592,0.6850172877311707,0.39162060618400574,-0.0836435928940773,0.6955065131187439,0.6213588714599609,-0.042202193289995193,0.723798930644989,0.5608272552490234,-0.06138491630554199,0.7436436414718628,0.5191331505775452,-0.07336363941431046,0.7605724334716797,0.48085200786590576,-0.08204842358827591
0.6106969118118286,0.8213709592819214,4.727301075035939e-07,0.5500598549842834,0.7938403487205505,-0.026590486988425255,0.5030518770217896,0.729928195476532,-0.04037864878773689,0.5161222219467163,0.6738125681877136,-0.052627187222242355,0.5627015233039856,0.6781808137893677,-0.06585793197154999,0.5385960340499878,0.5972737073898315,-0.021732673048973083,0.5123800039291382,0.5173214673995972,-0.0371607206761837,0.49731242656707764,0.4661758542060852,-0.05151613801717758,0.4876798093318939,0.4224768877029419,-0.06438549607992172,0.5820556879043579,0.5799895524978638,-0.02512400783598423,0.5773608088493347,0.48152223229408264,-0.03825332969427109,0.574873149394989,0.41864368319511414,-0.052831701934337616,0.5738525986671448,0.3652501106262207,-0.0645957812666893,0.6223946809768677,0.5905587673187256,-0.032376501709222794,0.6369408965110779,0.5014107823371887,-0.05124819278717041,0.6456422209739685,0.4418880343437195,-0.0713728815317154,0.652794361114502,0.3922673761844635,-0.08559023588895798,0.6591278314590454,0.6232418417930603,-0.041991304606199265,0.6889634728431702,0.5645027756690979,-0.06185321509838104,0.7099823951721191,0.524295449256897,-0.07467808574438095,0.727974534034729,0.48861145973205566,-0.08381494134664536
0.5769110321998596,0.8217067122459412,4.7590381768713996e-07,0.519059419631958,0.7974879145622253,-0.02561650052666664,0.47205784916877747,0.7393094897270203,-0.04015076905488968,0.4795404374599457,0.6835265159606934,-0.05310725048184395,0.5203368067741394,0.6815617084503174,-0.06704801321029663,0.5021665096282959,0.6022013425827026,-0.024902669712901115,0.4754035770893097,0.5222443342208862,-0.041564080864191055,0.46020153164863586,0.47124409675598145,-0.05615939572453499,0.4500776529312134,0.42671501636505127,-0.06902533769607544,0.546492338180542,0.5845261812210083,-0.02949252910912037,0.5399658679962158,0.48337888717651367,-0.04410349577665329,0.5360716581344604,0.4194955825805664,-0.05929316207766533,0.5330661535263062,0.36454418301582336,-0.07140809297561646,0.5872628092765808,0.5958042740821838,-0.03750989958643913,0.6011701226234436,0.5076576471328735,-0.057473305612802505,0.6098510026931763,0.44705069065093994,-0.07733120024204254,0.6159443855285645,0.39494186639785767,-0.09144169092178345,0.6236156225204468,0.6292587518692017,-0.04758765920996666,0.6523990035057068,0.5690133571624756,-0.06744276732206345,0.6728331446647644,0.5283347368240356,-0.07927865535020828,0.6891367435455322,0.49053025245666504,-0.08790353685617447
0.5570043921470642,0.8164447546005249,4.831169349017728e-07,0.4970228970050812,0.7944482564926147,-0.02794221229851246,0.4507357180118561,0.7341026663780212,-0.04247775301337242,0.45874255895614624,0.6746041774749756,-0.05498285964131355,0.49919161200523376,0.6755812168121338,-0.06853020936250687,0.48361000418663025,0.599051833152771,-0.024998027831315994,0.45831558108329773,0.5187157392501831,-0.041001833975315094,0.44352325797080994,0.4666854441165924,-0.05537699535489082,0.4336695969104767,0.42086559534072876,-0.06847111135721207,0.5274780988693237,0.5806946754455566,-0.028355026617646217,0.5220003724098206,0.4794628620147705,-0.04278179630637169,0.5184593796730042,0.41496747732162476,-0.058247536420822144,0.5157175660133362,0.35883140563964844,-0.07071048021316528,0.5673713684082031,0.5918540954589844,-0.03536919131875038,0.5834810733795166,0.5041664242744446,-0.0557636134326458,0.5933964252471924,0.44408389925956726,-0.07647191733121872,0.6008213758468628,0.39194202423095703,-0.09117352217435837,0.6029632091522217,0.625045657157898,-0.04460844397544861,0.6331058740615845,0.5663813948631287,-0.065323606133461,0.6548175811767578,0.5265040993690491,-0.07816554605960846,0.672534704208374,0.4889083504676819,-0.08755889534950256
0.5511512160301208,0.7974746823310852,4.5563982098428824e-07,0.4947513937950134,0.772144079208374,-0.02378603257238865,0.45140311121940613,0.7094363570213318,-0.03622801974415779,0.4611491858959198,0.6491947770118713,-0.04744028300046921,0.50098717212677,0.6410661339759827,-0.059822771698236465,0.4791225492954254,0.578923225402832,-0.02278827875852585,0.45297956466674805,0.4982844591140747,-0.038492873311042786,0.4390032887458801,0.4475288987159729,-0.05217510461807251,0.4303671717643738,0.4026721119880676,-0.06441706418991089,0.5225784182548523,0.5625622272491455,-0.02791079506278038,0.5170289874076843,0.46081119775772095,-0.04227278381586075,0.5141831636428833,0.3962359130382538,-0.057875774800777435,0.5122924447059631,0.3403754234313965,-0.07034461945295334,0.5623844265937805,0.5749569535255432,-0.03624122589826584,0.5781289339065552,0.4871848225593567,-0.056109342724084854,0.5885932445526123,0.4265410900115967,-0.07670517265796661,0.5965372920036316,0.37386369705200195,-0.09147372841835022,0.5974209308624268,0.6085799336433411,-0.046347036957740784,0.6271250247955322,0.5490135550498962,-0.06600465625524521,0.6486448645591736,0.5080906748771667,-0.07830526679754257,0.6663358807563782,0.46969062089920044,-0.0875193327665329
0.5573717355728149,0.7780566215515137,4.420399477567116e-07,0.5008469820022583,0.751015305519104,-0.022247564047574997,0.4580879211425781,0.6882712841033936,-0.03314674273133278,0.47060972452163696,0.6288745403289795,-0.04311413690447807,0.5116661190986633,0.6165425777435303,-0.05446362867951393,0.48331940174102783,0.55948406457901,-0.020656174048781395,0.4556847810745239,0.48075056076049805,-0.0355696827173233,0.44186994433403015,0.43115949630737305,-0.04869026690721512,0.4332502484321594,0.38726502656936646,-0.060265637934207916,0.5267167687416077,0.5420225858688354,-0.02592029795050621,0.520006537437439,0.44036978483200073,-0.03892466053366661,0.5166520476341248,0.3772869110107422,-0.05367530882358551,0.5144802927970886,0.323311448097229,-0.06543722748756409,0.5669200420379639,0.5533788800239563,-0.034350018948316574,0.582069993019104,0.4661068320274353,-0.05341559648513794,0.5911520719528198,0.40590837597846985,-0.07393714785575867,0.5977206230163574,0.3535746932029724,-0.0885319635272026,0.6025825142860413,0.5863898396492004,-0.0444469191133976,0.6318206191062927,0.5254682302474976,-0.06402484327554703,0.6530688405036926,0.4852041006088257,-0.07621145248413086,0.6703129410743713,0.44788485765457153,-0.08509784191846848
0.5750381946563721,0.7770068645477295,4.3108980207762215e-07,0.5197211503982544,0.7459283471107483,-0.022302664816379547,0.48055893182754517,0.6798399686813354,-0.03387504816055298,0.4990936517715454,0.6217613816261292,-0.044610049575567245,0.5423135161399841,0.6111719608306885,-0.056821178644895554,0.5048089027404785,0.5530358552932739,-0.021809762343764305,0.47715574502944946,0.4732993245124817,-0.037845954298973083,0.46105068922042847,0.4230884313583374,-0.05188478156924248,0.4502571225166321,0.3799038529396057,-0.06399891525506973,0.5486141443252563,0.5374186038970947,-0.0275820754468441,0.5429170727729797,0.43529224395751953,-0.041516151279211044,0.5387203693389893,0.3705511689186096,-0.05722156539559364,0.5360262393951416,0.3162052631378174,-0.06960927695035934,0.5888612270355225,0.5508649349212646,-0.03644666075706482,0.6028461456298828,0.46019789576530457,-0.05565213784575462,0.611077070236206,0.39889490604400635,-0.07688532024621964,0.6173291206359863,0.3462873101234436,-0.09224400669336319,0.6243588328361511,0.5858169794082642,-0.04700414836406708,0.654672384262085,0.5260483026504517,-0.0666990578174591,0.675621509552002,0.485129714012146,-0.07933785021305084,0.6928833723068237,0.4476098418235779,-0.08869805932044983
0.6010671257972717,0.7836815118789673,4.358678040716768e-07,0.5453203320503235,0.7485425472259521,-0.020888686180114746,0.5087255239486694,0.6740838289260864,-0.0301436185836792,0.5341560244560242,0.6194885969161987,-0.038974579423666,0.5781450271606445,0.6198100447654724,-0.049525536596775055,0.5339536666870117,0.5557247996330261,-0.017749711871147156,0.5063327550888062,0.4752523899078369,-0.03217585012316704,0.49099504947662354,0.42469680309295654,-0.04519288241863251,0.4811941087245941,0.38182687759399414,-0.056669894605875015,0.5777723789215088,0.5400962233543396,-0.023510921746492386,0.5722283124923706,0.43846461176872253,-0.03633921965956688,0.568548321723938,0.37295544147491455,-0.051445722579956055,0.5662626028060913,0.3182368874549866,-0.06320365518331528,0.61781907081604,0.5537500977516174,-0.03251213580369949,0.6332502365112305,0.46481847763061523,-0.05084819719195366,0.6422997713088989,0.4033030867576599,-0.07234815508127213,0.6490674018859863,0.35059258341789246,-0.08764298260211945,0.653197169303894,0.5885778069496155,-0.043190013617277145,0.6852360963821411,0.5293169617652893,-0.06171071529388428,0.7070205211639404,0.4882766604423523,-0.07415511459112167,0.7247311472892761,0.4506889283657074,-0.08343005180358887
0.6311429142951965,0.7914003729820251,4.4455737224780023e-07,0.5755168795585632,0.7566291093826294,-0.020336372777819633,0.5386589765548706,0.6821318864822388,-0.028779255226254463,0.5633635520935059,0.6261624097824097,-0.0371357798576355,0.6070212125778198,0.623140275478363,-0.04699106141924858,0.5596334934234619,0.5612090229988098,-0.01497630774974823,0.5327662229537964,0.47980308532714844,-0.02861032821238041,0.5177551507949829,0.4285135865211487,-0.04098489508032799,0.5077479481697083,0.3854134678840637,-0.0520186647772789,0.6032822132110596,0.5448322296142578,-0.020845746621489525,0.5985619425773621,0.4417375326156616,-0.03276712819933891,0.5962114930152893,0.37559211254119873,-0.04700988903641701,0.5956798791885376,0.32189062237739563,-0.05812421068549156,0.6441182494163513,0.5580157041549683,-0.03012450970709324,0.658739447593689,0.4674525260925293,-0.04740671440958977,0.66727614402771,0.40594059228897095,-0.06811350584030151,0.6740216016769409,0.3536936044692993,-0.08302705734968185,0.6811088919639587,0.5926598310470581,-0.04120837524533272,0.7135244011878967,0.5339534878730774,-0.05907314643263817,0.7349170446395874,0.4928397238254547,-0.07125689834356308,0.7527317404747009,0.45560649037361145,-0.08036855608224869
0.6580396294593811,0.7896429300308228,4.546682248474099e-07,0.6020888686180115,0.756579577922821,-0.023033268749713898,0.5656622648239136,0.6847749352455139,-0.03401431441307068,0.5933773517608643,0.6277389526367188,-0.04415513575077057,0.6396766304969788,0.6233432292938232,-0.05564951151609421,0.5874783992767334,0.559545636177063,-0.01937582716345787,0.5606640577316284,0.4780828654766083,-0.034031257033348083,0.5459257364273071,0.42639631032943726,-0.04712566360831261,0.5373428463935852,0.3829852342605591,-0.05866464972496033,0.6308822631835938,0.5449990034103394,-0.024329768493771553,0.6238406896591187,0.4426211714744568,-0.03712983801960945,0.622840166091919,0.3769885301589966,-0.0515047088265419,0.6256329417228699,0.3237992823123932,-0.06275594234466553,0.672048807144165,0.5601282715797424,-0.0327744334936142,0.6867830753326416,0.46710413694381714,-0.05146018788218498,0.6967772841453552,0.4058128595352173,-0.07228066772222519,0.7060559988021851,0.354508638381958,-0.08700103312730789,0.7101725935935974,0.5961616635322571,-0.0430905781686306,0.7413254976272583,0.5351197719573975,-0.06291329115629196,0.7629604935646057,0.4942379593849182,-0.07550612092018127,0.7814192771911621,0.45790427923202515,-0.08449605852365494
0.6982996463775635,0.7901917099952698,4.76690956929815e-07,0.6422547101974487,0.7566617131233215,-0.02402728982269764,0.6083093881607056,0.6865894794464111,-0.03639843687415123,0.6368250846862793,0.629820704460144,-0.04770999774336815,0.6822275519371033,0.6275904178619385,-0.060263603925704956,0.6256876587867737,0.5573742389678955,-0.021669942885637283,0.6023076176643372,0.47234103083610535,-0.03724601864814758,0.5880702137947083,0.42015910148620605,-0.05098270997405052,0.5781669020652771,0.37599092721939087,-0.06300444155931473,0.6711187958717346,0.5442273020744324,-0.02649959735572338,0.667863130569458,0.4429657459259033,-0.04007690027356148,0.6674166917800903,0.37780702114105225,-0.05515187606215477,0.6688758134841919,0.32361194491386414,-0.06709353625774384,0.7134296894073486,0.5599619150161743,-0.03469667211174965,0.7297830581665039,0.4694490134716034,-0.05387556925415993,0.7400930523872375,0.4092724621295929,-0.0744418278336525,0.7484361529350281,0.3575460910797119,-0.0890793651342392,0.7516774535179138,0.5962594151496887,-0.04481111094355583,0.7828433513641357,0.5361316204071045,-0.06477183848619461,0.8046533465385437,0.4973008334636688,-0.0767073929309845,0.8227764368057251,0.4623693823814392,-0.08527723699808121
0.7288102507591248,0.7777711153030396,4.812052338820649e-07,0.674278199672699,0.7420666813850403,-0.021855782717466354,0.6426858901977539,0.6716817617416382,-0.032308511435985565,0.6727330088615417,0.6140333414077759,-0.042331282049417496,0.715670108795166,0.6093905568122864,-0.05390794947743416,0.6574550271034241,0.550857663154602,-0.01921689510345459,0.6289111375808716,0.4673912525177002,-0.03392894193530083,0.6149020195007324,0.4145374000072479,-0.047044336795806885,0.6070328950881958,0.36916786432266235,-0.058617789298295975,0.7025436758995056,0.5336506366729736,-0.02472955919802189,0.6989493370056152,0.43068361282348633,-0.037456121295690536,0.6988378167152405,0.36450517177581787,-0.05216730758547783,0.7005269527435303,0.30989816784858704,-0.06377724558115005,0.7442396879196167,0.546832263469696,-0.03347553685307503,0.7605819702148438,0.45523005723953247,-0.051558222621679306,0.7714518904685974,0.39520251750946045,-0.07223797589540482,0.7800576090812683,0.3442057967185974,-0.08708391338586807,0.7820886969566345,0.5818237662315369,-0.044051848351955414,0.8147234320640564,0.5221543312072754,-0.06312251091003418,0.8366274833679199,0.48252496123313904,-0.07533921301364899,0.8545857667922974,0.4473108947277069,-0.08420276641845703
0.7531365156173706,0.7764256596565247,4.6104665329949057e-07,0.6975998282432556,0.7371147871017456,-0.019939985126256943,0.6658106446266174,0.6663488149642944,-0.029514214023947716,0.6941584348678589,0.609616756439209,-0.0391504243016243,0.7346481680870056,0.6127615571022034,-0.05050507187843323,0.6834378838539124,0.5470096468925476,-0.015312685631215572,0.6559358835220337,0.463581919670105,-0.028673510998487473,0.6417434215545654,0.41229742765426636,-0.04123631864786148,0.6331963539123535,0.36829960346221924,-0.052618954330682755,0.7275473475456238,0.5317714214324951,-0.021656252443790436,0.7229400277137756,0.42914050817489624,-0.0336960032582283,0.7219974994659424,0.36241069436073303,-0.0483270063996315,0.7228385210037231,0.30718010663986206,-0.05988376587629318,0.768714189529419,0.5462124943733215,-0.03126121312379837,0.7849900722503662,0.4566052556037903,-0.04887843132019043,0.7952726483345032,0.39618879556655884,-0.07000157237052917,0.8032054901123047,0.34402894973754883,-0.08513444662094116,0.8063465356826782,0.5820661187171936,-0.04259040579199791,0.8390134572982788,0.5227262377738953,-0.06095093861222267,0.8608551621437073,0.4830458462238312,-0.07310275733470917,0.8790872693061829,0.4470674395561218,-0.08210757374763489
0.7581180930137634,0.7633131146430969,4.482665474370151e-07,0.7041133046150208,0.7247968316078186,-0.019451366737484932,0.6718155741691589,0.6494379043579102,-0.027971433475613594,0.7021194696426392,0.593497633934021,-0.036689769476652145,0.7457146644592285,0.5939843654632568,-0.04736573249101639,0.6903455257415771,0.5328975915908813,-0.015486721880733967,0.6624762415885925,0.4500728249549866,-0.029235253110527992,0.6480036973953247,0.3978325128555298,-0.04200078919529915,0.639329195022583,0.35204535722732544,-0.053713779896497726,0.7341766357421875,0.5163661241531372,-0.021980933845043182,0.7296168208122253,0.41482973098754883,-0.034765858203172684,0.7288773655891418,0.34903740882873535,-0.05008198693394661,0.730635404586792,0.29419997334480286,-0.06207747012376785,0.7749091982841492,0.5301432609558105,-0.031616102904081345,0.7898160219192505,0.4410412609577179,-0.04995594918727875,0.8015345931053162,0.38139599561691284,-0.071739561855793,0.8112392425537109,0.3302038908004761,-0.08729914575815201,0.8121745586395264,0.5650050044059753,-0.04292171075940132,0.8436670303344727,0.5058730244636536,-0.0622231625020504,0.865391731262207,0.4666418433189392,-0.07536063343286514,0.883556604385376,0.430608868598938,-0.08506783843040466
0.7548650503158569,0.7539384365081787,4.33624080642403e-07,0.7018022537231445,0.7172743678092957,-0.019520903006196022,0.6682345271110535,0.6432540416717529,-0.028226148337125778,0.6972487568855286,0.5863829255104065,-0.03724973276257515,0.7400361895561218,0.5810227394104004,-0.047907523810863495,0.6862560510635376,0.5271369814872742,-0.015096374787390232,0.6594193577766418,0.44394853711128235,-0.02868085727095604,0.6451315879821777,0.3919336199760437,-0.04101400449872017,0.6360401511192322,0.3462441563606262,-0.05242501199245453,0.7294850945472717,0.5103337168693542,-0.021506566554307938,0.7239329218864441,0.40769878029823303,-0.03408604487776756,0.7221032977104187,0.3412308692932129,-0.04872861132025719,0.7230892777442932,0.28563058376312256,-0.060429882258176804,0.7699680924415588,0.5236152410507202,-0.03116908110678196,0.7843416333198547,0.4328957796096802,-0.049301695078611374,0.7959430813789368,0.37351298332214355,-0.07012059539556503,0.8061467409133911,0.32240021228790283,-0.08514027297496796,0.8073733448982239,0.5574834942817688,-0.042562615126371384,0.8386180996894836,0.49733927845954895,-0.06171451136469841,0.8602865934371948,0.45587021112442017,-0.07472783327102661,0.8788432478904724,0.4172951877117157,-0.08453359454870224
0.7519927024841309,0.7486352920532227,4.3881343003704387e-07,0.6989970207214355,0.7112464904785156,-0.01935539022088051,0.6665264368057251,0.637894868850708,-0.027759535238146782,0.6946006417274475,0.5819010734558105,-0.036410581320524216,0.7353937029838562,0.5757697820663452,-0.04675651714205742,0.6831404566764832,0.5213402509689331,-0.014389649964869022,0.6559714078903198,0.43859463930130005,-0.027451958507299423,0.6415755748748779,0.38729017972946167,-0.03952125087380409,0.6324402093887329,0.34234899282455444,-0.050642430782318115,0.7266120910644531,0.5045653581619263,-0.020652463659644127,0.721551775932312,0.40207427740097046,-0.032567426562309265,0.7199692726135254,0.33588236570358276,-0.04728851094841957,0.7208589315414429,0.28058749437332153,-0.059044450521469116,0.7672961950302124,0.5175284147262573,-0.030136067420244217,0.7821388840675354,0.4280574917793274,-0.04755256697535515,0.7933399081230164,0.36855220794677734,-0.06865968555212021,0.8025695085525513,0.3167401850223541,-0.08397701382637024,0.8046169877052307,0.5510739684104919,-0.041291575878858566,0.8353539705276489,0.49153491854667664,-0.05953441187739372,0.8565146327018738,0.45110851526260376,-0.07213097810745239,0.8743923902511597,0.4131740629673004,-0.08171871304512024
0.7425634264945984,0.7422575950622559,4.417122738686885e-07,0.6875011324882507,0.7044504284858704,-0.019484251737594604,0.654555082321167,0.6297498345375061,-0.02847466990351677,0.6840540170669556,0.5735317468643188,-0.03769700601696968,0.72724449634552,0.5715124607086182,-0.0486094169318676,0.6727710962295532,0.5126765966415405,-0.01503259688615799,0.6463975310325623,0.42912590503692627,-0.028963126242160797,0.6313824653625488,0.37875765562057495,-0.04199705645442009,0.6210234761238098,0.33574914932250977,-0.05354577675461769,0.7164227366447449,0.49673351645469666,-0.021616188809275627,0.7117275595664978,0.39542356133461,-0.033609144389629364,0.7093638777732849,0.32927456498146057,-0.04829186946153641,0.7089591026306152,0.27445080876350403,-0.06003859266638756,0.7573680877685547,0.5106227993965149,-0.03147609904408455,0.772545337677002,0.4207494258880615,-0.04838972166180611,0.7829601168632507,0.3614124059677124,-0.06881432235240936,0.7913883328437805,0.3110719621181488,-0.0836605429649353,0.7952091693878174,0.5450453758239746,-0.04314900189638138,0.826164722442627,0.4842325747013092,-0.06073818728327751,0.8470544219017029,0.4421738088130951,-0.07260853052139282,0.8648449182510376,0.40398645401000977,-0.08164120465517044
0.7238771319389343,0.737600564956665,4.610149915151851e-07,0.6699974536895752,0.6994738578796387,-0.019901609048247337,0.6384536027908325,0.6274677515029907,-0.029148584231734276,0.6682476997375488,0.5704579949378967,-0.03866693750023842,0.709570050239563,0.5633178949356079,-0.049829188734292984,0.6524733304977417,0.512453019618988,-0.015261105261743069,0.6265434622764587,0.42915624380111694,-0.028721733018755913,0.6131025552749634,0.37714070081710815,-0.041380442678928375,0.6042836308479309,0.33062100410461426,-0.05299407243728638,0.6959616541862488,0.49471384286880493,-0.021533239632844925,0.690986156463623,0.3924991190433502,-0.0330258384346962,0.6899732351303101,0.3260321617126465,-0.047505591064691544,0.6908292770385742,0.26999667286872864,-0.05935416743159294,0.7371970415115356,0.5077491998672485,-0.031032703816890717,0.7523926496505737,0.4175817668437958,-0.04774496704339981,0.7632569670677185,0.3583996593952179,-0.06784802675247192,0.771952748298645,0.3073239326477051,-0.0825851783156395,0.7757142782211304,0.5408375263214111,-0.04233972728252411,0.8067476749420166,0.4798666834831238,-0.06001703068614006,0.827911913394928,0.4377778172492981,-0.07175600528717041,0.8459341526031494,0.3990240693092346,-0.08068705350160599
0.6740238666534424,0.7441140413284302,4.4305386381893186e-07,0.6179659962654114,0.708318293094635,-0.02055368386209011,0.5832829475402832,0.6330854892730713,-0.029627613723278046,0.6095857620239258,0.5744795799255371,-0.03887135535478592,0.6521306037902832,0.5724183917045593,-0.04945005849003792,0.6081802248954773,0.5143710374832153,-0.0125984912738204,0.5850353837013245,0.4325980544090271,-0.025375843048095703,0.5707775354385376,0.38288718461990356,-0.037950191646814346,0.5604419708251953,0.34050697088241577,-0.04941432550549507,0.6509687900543213,0.4990795850753784,-0.018389882519841194,0.6479521989822388,0.3967878222465515,-0.02962135151028633,0.6459963917732239,0.33058464527130127,-0.043841391801834106,0.6457433104515076,0.2756946086883545,-0.05524849146604538,0.6909200549125671,0.5130125880241394,-0.02780120074748993,0.7081437110900879,0.42220017313957214,-0.04478972777724266,0.7197501063346863,0.3628065288066864,-0.06507479399442673,0.7291194796562195,0.312547504901886,-0.07963249087333679,0.7279385328292847,0.5470448732376099,-0.03913681209087372,0.7606108784675598,0.48642560839653015,-0.056826815009117126,0.7827651500701904,0.4451850652694702,-0.06886161118745804,0.8016566634178162,0.40756088495254517,-0.07795625180006027
0.6475222110748291,0.7323527336120605,4.5008414417679887e-07,0.592181921005249,0.6945139765739441,-0.01992829144001007,0.555865466594696,0.6159041523933411,-0.027929173782467842,0.5825009346008301,0.5571324229240417,-0.035909198224544525,0.6277910470962524,0.5575281977653503,-0.045043714344501495,0.5816338658332825,0.5017895102500916,-0.013100838288664818,0.5596585273742676,0.4195280969142914,-0.024652017280459404,0.5472005605697632,0.36860132217407227,-0.03578464686870575,0.5390450954437256,0.32544249296188354,-0.046436607837677,0.6238356828689575,0.48777124285697937,-0.01882615126669407,0.6215426921844482,0.3861626982688904,-0.029065731912851334,0.6215022802352905,0.32056212425231934,-0.041356172412633896,0.6236680746078491,0.2667762041091919,-0.051384877413511276,0.6638891696929932,0.5031941533088684,-0.028117625042796135,0.6824166178703308,0.41310736536979675,-0.044296130537986755,0.6944471001625061,0.3543682098388672,-0.06349518895149231,0.7048051953315735,0.3044922351837158,-0.07740035653114319,0.700922966003418,0.5394514203071594,-0.0393466018140316,0.7336524724960327,0.4779607653617859,-0.0571274533867836,0.7560645341873169,0.4360649883747101,-0.06926633417606354,0.7756321430206299,0.39748823642730713,-0.07838445156812668
0.6149759888648987,0.7285612225532532,4.2559287294352544e-07,0.5592566728591919,0.6908853650093079,-0.019166961312294006,0.5213714838027954,0.615765392780304,-0.027425222098827362,0.5460419058799744,0.5580329895019531,-0.03594088926911354,0.5914263129234314,0.5575295090675354,-0.045709725469350815,0.5464645028114319,0.5021566152572632,-0.012718732468783855,0.5196074843406677,0.42297056317329407,-0.025103120133280754,0.5041728019714355,0.3738443851470947,-0.037012483924627304,0.4935620427131653,0.3311501145362854,-0.04808269068598747,0.587604284286499,0.48639410734176636,-0.018797025084495544,0.5825358629226685,0.38701310753822327,-0.029465561732649803,0.5805166363716125,0.3220767080783844,-0.04245469346642494,0.5807930827140808,0.26798075437545776,-0.05295557528734207,0.6267542839050293,0.49897265434265137,-0.02837078832089901,0.6418789625167847,0.4113233685493469,-0.04440799355506897,0.6515851020812988,0.3516952395439148,-0.06398394703865051,0.6596948504447937,0.30072179436683655,-0.07815725356340408,0.6633021831512451,0.5320340991020203,-0.03987741097807884,0.6935768127441406,0.4716203510761261,-0.05692720785737038,0.7144598960876465,0.43018853664398193,-0.06881594657897949,0.7325184941291809,0.39310958981513977,-0.07781361788511276
0.5797644853591919,0.7014396786689758,4.1443828990850307e-07,0.5249493718147278,0.6670796871185303,-0.019665658473968506,0.48634621500968933,0.5957651734352112,-0.028613533824682236,0.5052529573440552,0.5349252223968506,-0.037288565188646317,0.547865092754364,0.5272339582443237,-0.04734804481267929,0.5119801163673401,0.48096606135368347,-0.0165948998183012,0.4852824807167053,0.4014906585216522,-0.03047437220811844,0.4694356322288513,0.35253584384918213,-0.042925458401441574,0.4589213728904724,0.3103574216365814,-0.05409371480345726,0.5540881156921387,0.46456360816955566,-0.022698301821947098,0.5488400459289551,0.3630150854587555,-0.03480858355760574,0.5453993082046509,0.2990724444389343,-0.04872701317071915,0.5438320636749268,0.24594613909721375,-0.05980246141552925,0.5935179591178894,0.47684016823768616,-0.03194066509604454,0.6092468500137329,0.38674554228782654,-0.04931655526161194,0.6182423830032349,0.3271358013153076,-0.06892424821853638,0.6250986456871033,0.2757965922355652,-0.083193339407444,0.6290088891983032,0.5110008120536804,-0.04286515340209007,0.6591939330101013,0.45090609788894653,-0.060742348432540894,0.6796226501464844,0.4099283516407013,-0.07241658866405487,0.6967813968658447,0.3723047971725464,-0.08124565333127975
0.5791853070259094,0.6773247718811035,4.027968429909379e-07,0.5241079330444336,0.6447237730026245,-0.01951522007584572,0.4870259165763855,0.5723121166229248,-0.02785450965166092,0.5061057806015015,0.508813202381134,-0.03568640351295471,0.5470610857009888,0.4990679621696472,-0.04480572044849396,0.512000322341919,0.4582463800907135,-0.016313275322318077,0.48534542322158813,0.3788386285305023,-0.02949431538581848,0.4710356593132019,0.3294447660446167,-0.04123026505112648,0.46280986070632935,0.2874120771884918,-0.05197053402662277,0.5546788573265076,0.443151593208313,-0.02221924066543579,0.5482271313667297,0.3437933921813965,-0.033880338072776794,0.545336127281189,0.28155964612960815,-0.047297403216362,0.5446375012397766,0.22980543971061707,-0.058090321719646454,0.5939037799835205,0.4563862979412079,-0.03126749396324158,0.6099751591682434,0.3673524856567383,-0.04888615384697914,0.6198144555091858,0.3087148666381836,-0.06850190460681915,0.6275382041931152,0.2588668465614319,-0.08278838545084,0.6286510229110718,0.4912460148334503,-0.04187396541237831,0.658906102180481,0.4319915473461151,-0.06086518615484238,0.6793425679206848,0.3911748230457306,-0.07342348247766495,0.6961842179298401,0.3536909818649292,-0.08273600041866302
0.606873095035553,0.6581106781959534,3.782776047955849e-07,0.55228191614151,0.625407874584198,-0.019008923321962357,0.516420841217041,0.5490847826004028,-0.025826027616858482,0.537528932094574,0.48540785908699036,-0.032317232340574265,0.5770906805992126,0.47906064987182617,-0.04021530598402023,0.5391691327095032,0.4388257563114166,-0.013603908009827137,0.5129572749137878,0.3611457347869873,-0.025305429473519325,0.49832433462142944,0.3116644024848938,-0.03631483018398285,0.4888496398925781,0.27024394273757935,-0.046635355800390244,0.5815733075141907,0.4224991798400879,-0.019046787172555923,0.5761440396308899,0.32595089077949524,-0.029761850833892822,0.5728636980056763,0.2642322778701782,-0.04303700849413872,0.5707229971885681,0.21331524848937988,-0.05349355936050415,0.6210935711860657,0.4343082308769226,-0.027575917541980743,0.6359607577323914,0.34766504168510437,-0.04446103051304817,0.6441519260406494,0.289460688829422,-0.06404910981655121,0.6498202085494995,0.23976483941078186,-0.07807175070047379,0.6566779613494873,0.4669996500015259,-0.03765684738755226,0.6866911053657532,0.4085649847984314,-0.05595071241259575,0.706854522228241,0.36830785870552063,-0.06809346377849579,0.7232162356376648,0.3319140672683716,-0.0769234374165535
0.6295212507247925,0.6605117321014404,3.7160248211876024e-07,0.5752363204956055,0.6242349147796631,-0.01802617311477661,0.5407629609107971,0.5496706962585449,-0.025558317080140114,0.5633938312530518,0.4896256923675537,-0.03322955220937729,0.6029924154281616,0.4842842221260071,-0.042388711124658585,0.560931384563446,0.4379471242427826,-0.012967510148882866,0.5353368520736694,0.36203330755233765,-0.025957005098462105,0.5202785134315491,0.314144492149353,-0.03837718814611435,0.5100774765014648,0.2741808593273163,-0.049497246742248535,0.602484941482544,0.4225502908229828,-0.01933664083480835,0.5974645614624023,0.3270582854747772,-0.03082086518406868,0.5946789383888245,0.2652888000011444,-0.0447603315114975,0.5937961339950562,0.21446667611598969,-0.05574217438697815,0.6417692303657532,0.4350793957710266,-0.028774768114089966,0.6557060480117798,0.34838712215423584,-0.04586396738886833,0.6647593975067139,0.29091596603393555,-0.06531286984682083,0.671883761882782,0.242142453789711,-0.07922223210334778,0.6776331067085266,0.46808022260665894,-0.039759792387485504,0.7066132426261902,0.4099472165107727,-0.057871393859386444,0.7262716889381409,0.3696799576282501,-0.06948480010032654,0.7427617311477661,0.33370476961135864,-0.07789471745491028
0.6959301829338074,0.6708818078041077,4.2528299104560574e-07,0.6426318883895874,0.6330330967903137,-0.017303116619586945,0.6114298701286316,0.5624971389770508,-0.025302279740571976,0.6354885101318359,0.5054196715354919,-0.03379451483488083,0.6723520159721375,0.4961794912815094,-0.043731145560741425,0.6226253509521484,0.44852378964424133,-0.011157757602632046,0.5962283611297607,0.3718709349632263,-0.023847730830311775,0.5813097953796387,0.3249364197254181,-0.035927921533584595,0.5714457035064697,0.2858431935310364,-0.04641963168978691,0.664709746837616,0.43247920274734497,-0.018072860315442085,0.6598879098892212,0.33468979597091675,-0.0290214866399765,0.6575551629066467,0.2717076539993286,-0.04277549684047699,0.657524049282074,0.22062581777572632,-0.05333232134580612,0.7054681777954102,0.444877028465271,-0.028118321672081947,0.719814121723175,0.35526275634765625,-0.04485657066106796,0.7283962368965149,0.2973778247833252,-0.06409446895122528,0.7355213165283203,0.24845287203788757,-0.07762499153614044,0.7434899210929871,0.4780098795890808,-0.03956412896513939,0.7733333110809326,0.41877201199531555,-0.05706660449504852,0.7931711673736572,0.3794158697128296,-0.06756591796875,0.8095452785491943,0.34444913268089294,-0.07497172802686691
0.7306168079376221,0.6750258803367615,3.9854299416219874e-07,0.678333580493927,0.6328529119491577,-0.017273809760808945,0.650352954864502,0.5601409077644348,-0.02509467862546444,0.6759865283966064,0.5029845833778381,-0.03338677063584328,0.712577760219574,0.49606984853744507,-0.0433744378387928,0.6600995063781738,0.4504992663860321,-0.011754129081964493,0.6335403323173523,0.37128496170043945,-0.025051303207874298,0.616732120513916,0.3226920962333679,-0.037525445222854614,0.6044259667396545,0.2820042371749878,-0.04847514256834984,0.7021796703338623,0.4352855384349823,-0.01885206624865532,0.6962930560112,0.33813875913619995,-0.03068140521645546,0.693444550037384,0.27588537335395813,-0.04528685286641121,0.6924242377281189,0.22451305389404297,-0.0565970242023468,0.7422521710395813,0.448397159576416,-0.0290355384349823,0.7554013133049011,0.3606455326080322,-0.04636124521493912,0.7632165551185608,0.3024529814720154,-0.0662461593747139,0.7689483761787415,0.2515547275543213,-0.08036372810602188,0.7792531251907349,0.48173603415489197,-0.0406198687851429,0.8072096705436707,0.42140257358551025,-0.0584506019949913,0.8262869119644165,0.380440890789032,-0.06939558684825897,0.8418441414833069,0.34282606840133667,-0.07738827913999557
0.7632269263267517,0.6772429347038269,3.8367593901966757e-07,0.7110042572021484,0.6412860751152039,-0.018938114866614342,0.6803314089775085,0.5676878690719604,-0.025645330548286438,0.7087351679801941,0.5085374712944031,-0.03260069340467453,0.7492526173591614,0.5010755658149719,-0.04076528921723366,0.6950482726097107,0.4566124975681305,-0.009730764664709568,0.6682917475700378,0.3773144781589508,-0.020824113860726357,0.6528264880180359,0.3292176127433777,-0.031794656068086624,0.6424903273582458,0.2881358563899994,-0.04216044396162033,0.7364929914474487,0.4399002194404602,-0.015265715308487415,0.7290676236152649,0.34339267015457153,-0.025842640548944473,0.726176917552948,0.28047579526901245,-0.03944186121225357,0.7261714935302734,0.228340283036232,-0.05018487945199013,0.7759450674057007,0.45205917954444885,-0.02436523698270321,0.7887977957725525,0.3649485409259796,-0.041178323328495026,0.7993676662445068,0.30822160840034485,-0.06123656779527664,0.8083236217498779,0.2581220865249634,-0.07546497881412506,0.8128669857978821,0.483857125043869,-0.035185519605875015,0.83991539478302,0.4225185513496399,-0.05300021916627884,0.8589886426925659,0.3821927607059479,-0.06522433459758759,0.8752620220184326,0.34358957409858704,-0.07439234107732773
0.7669955492019653,0.6807037591934204,3.5840423606714467e-07,0.714795708656311,0.6420292854309082,-0.017283564433455467,0.6858659386634827,0.569088876247406,-0.02401793748140335,0.7129688262939453,0.50809645652771,-0.031233545392751694,0.7518640756607056,0.5027016997337341,-0.03978746756911278,0.7024976015090942,0.4597276747226715,-0.009352285414934158,0.6766716241836548,0.37998300790786743,-0.020635180175304413,0.6614513993263245,0.3313747048377991,-0.03215797618031502,0.6514615416526794,0.28989964723587036,-0.04291597381234169,0.7435870170593262,0.44405418634414673,-0.01556701585650444,0.7371089458465576,0.34708672761917114,-0.025843694806098938,0.7344338893890381,0.28458619117736816,-0.03952103108167648,0.7341904044151306,0.2327689230442047,-0.05052622780203819,0.782019853591919,0.4563766121864319,-0.025025861337780952,0.7953158020973206,0.36950087547302246,-0.04102031886577606,0.805888831615448,0.3127620816230774,-0.060467470437288284,0.8147643208503723,0.26356813311576843,-0.07455983757972717,0.8178145885467529,0.48804616928100586,-0.036099713295698166,0.8448595404624939,0.42736291885375977,-0.052885670214891434,0.8639006614685059,0.38672924041748047,-0.06442274153232574,0.880134642124176,0.3484644889831543,-0.07326061278581619
0.7726686596870422,0.6838028430938721,3.797489682710875e-07,0.7194246649742126,0.6481472253799438,-0.01910407841205597,0.6900400519371033,0.5709105134010315,-0.025212783366441727,0.718371570110321,0.5084774494171143,-0.03147216886281967,0.758217990398407,0.5068795680999756,-0.03893914818763733,0.7074223756790161,0.4600864350795746,-0.009049411863088608,0.6815090179443359,0.3813970386981964,-0.019832510501146317,0.6662031412124634,0.3322332203388214,-0.03101879358291626,0.6564480662345886,0.290038526058197,-0.041730500757694244,0.748615562915802,0.4439416825771332,-0.014099689200520515,0.7427905201911926,0.3479921817779541,-0.02416272461414337,0.7405206561088562,0.28506848216056824,-0.0374450720846653,0.7408170700073242,0.23290671408176422,-0.048007864505052567,0.7869502902030945,0.4563102722167969,-0.02274334989488125,0.8010209202766418,0.3705727458000183,-0.03876275569200516,0.8110230565071106,0.3135448694229126,-0.058681026101112366,0.8194327354431152,0.26413220167160034,-0.07295756787061691,0.8227008581161499,0.48793432116508484,-0.033262740820646286,0.8522668480873108,0.4286994934082031,-0.05041209235787392,0.872123122215271,0.38770243525505066,-0.06300723552703857,0.8889816999435425,0.34885501861572266,-0.0725347027182579
0.23520168662071228,0.7954733967781067,5.107389142722241e-07,0.2835661768913269,0.7593393325805664,-0.028145767748355865,0.31280291080474854,0.6925588250160217,-0.03983648493885994,0.276205837726593,0.6407852172851562,-0.04984090104699135,0.23603284358978271,0.614274799823761,-0.059420887380838394,0.31682243943214417,0.5727447271347046,-0.01865244098007679,0.349592387676239,0.4882611036300659,-0.03635077551007271,0.36731281876564026,0.43323594331741333,-0.05297300964593887,0.38017717003822327,0.3845806121826172,-0.06576703488826752,0.2754805088043213,0.5511382818222046,-0.020147323608398438,0.29304423928260803,0.45118167996406555,-0.03363174945116043,0.301003098487854,0.3882073760032654,-0.04993844032287598,0.30560076236724854,0.3354489803314209,-0.06270156800746918,0.2372162640094757,0.5564841032028198,-0.025547094643115997,0.2387285828590393,0.46428361535072327,-0.03965388983488083,0.24188442528247833,0.4023781418800354,-0.05572836473584175,0.2434157431125641,0.34920066595077515,-0.06763876974582672,0.1989598274230957,0.5828269124031067,-0.033952392637729645,0.1929492950439453,0.5135935544967651,-0.0473112128674984,0.1894327849149704,0.4654756784439087,-0.055418528616428375,0.18648989498615265,0.42030370235443115,-0.06154194846749306
0.23782731592655182,0.7918916940689087,4.983576786798949e-07,0.2855229079723358,0.7555233240127563,-0.026942990720272064,0.3146227300167084,0.6863386631011963,-0.03778155893087387,0.2772955298423767,0.6336974501609802,-0.047001808881759644,0.23590399324893951,0.6092770099639893,-0.05582698807120323,0.3172299265861511,0.5659726858139038,-0.016675572842359543,0.348854660987854,0.4823147654533386,-0.033444903790950775,0.3666761517524719,0.42839372158050537,-0.04955185204744339,0.3795059323310852,0.38122856616973877,-0.061929672956466675,0.27574339509010315,0.5455537438392639,-0.01853606477379799,0.2922152280807495,0.44590896368026733,-0.031113523989915848,0.3004024028778076,0.38412991166114807,-0.04658777639269829,0.30492472648620605,0.33324867486953735,-0.05859130620956421,0.2376188188791275,0.55198073387146,-0.02429182268679142,0.23906920850276947,0.4592438042163849,-0.037823066115379333,0.24302048981189728,0.3978726267814636,-0.0531592033803463,0.24500787258148193,0.34520334005355835,-0.06437834352254868,0.19926975667476654,0.5789478421211243,-0.032935354858636856,0.19265344738960266,0.5080640912055969,-0.04596385359764099,0.18909424543380737,0.45943522453308105,-0.05354878678917885,0.1863883137702942,0.41374707221984863,-0.0591413751244545
0.23785652220249176,0.7914654612541199,4.930533918923174e-07,0.2857370376586914,0.7540860772132874,-0.028365639969706535,0.31465792655944824,0.6858435273170471,-0.03974389284849167,0.27804356813430786,0.632510781288147,-0.04920698329806328,0.2371644675731659,0.6047937870025635,-0.05819102004170418,0.31527188420295715,0.5637326240539551,-0.01782722771167755,0.3439946174621582,0.47829797863960266,-0.03501755744218826,0.359757661819458,0.4239284098148346,-0.051256027072668076,0.37113475799560547,0.3760162889957428,-0.0636296197772026,0.2734653949737549,0.5436577796936035,-0.018855199217796326,0.2894541323184967,0.4439084231853485,-0.03154999390244484,0.2966770529747009,0.3824569284915924,-0.04698445275425911,0.30066320300102234,0.3317921757698059,-0.05888083949685097,0.23502907156944275,0.5503612756729126,-0.023872489109635353,0.23690544068813324,0.45887964963912964,-0.0374026857316494,0.24081620573997498,0.39826953411102295,-0.0524882934987545,0.24283219873905182,0.34634003043174744,-0.06358730047941208,0.19650663435459137,0.5785457491874695,-0.031896062195301056,0.19067266583442688,0.510636031627655,-0.04475783556699753,0.18766365945339203,0.46378761529922485,-0.052041906863451004,0.18523839116096497,0.419544517993927,-0.0574161596596241
0.2413221299648285,0.7972643375396729,4.92347908220836e-07,0.28873154520988464,0.7638204097747803,-0.028813837096095085,0.31933149695396423,0.6959759593009949,-0.04063761606812477,0.2820480763912201,0.6448710560798645,-0.0504150316119194,0.23885132372379303,0.6212180852890015,-0.05980291962623596,0.3183854818344116,0.5721123218536377,-0.019033892080187798,0.3484583795070648,0.48712974786758423,-0.03644820302724838,0.3647197484970093,0.43409401178359985,-0.05263775587081909,0.37690770626068115,0.38898491859436035,-0.06477048993110657,0.27563685178756714,0.5512793660163879,-0.01984117552638054,0.29166072607040405,0.4515365958213806,-0.03256399929523468,0.2995607256889343,0.3898451030254364,-0.04811423644423485,0.3039413392543793,0.3390543460845947,-0.05991944670677185,0.23735471069812775,0.5579160451889038,-0.02454053983092308,0.23857451975345612,0.46526065468788147,-0.0377860888838768,0.24248361587524414,0.4050576388835907,-0.05276759713888168,0.24502302706241608,0.3528439402580261,-0.0637386366724968,0.1994653344154358,0.5864481925964355,-0.03225398808717728,0.1926608681678772,0.5180229544639587,-0.04475796967744827,0.19008402526378632,0.47147995233535767,-0.05173316225409508,0.18867553770542145,0.42744308710098267,-0.05678470432758331
0.24526531994342804,0.7990750074386597,5.128066504767048e-07,0.29321935772895813,0.7636821866035461,-0.028874335810542107,0.32478129863739014,0.6974228620529175,-0.04120807349681854,0.28658580780029297,0.6470913290977478,-0.05147922784090042,0.243855819106102,0.624374270439148,-0.06141531839966774,0.321093887090683,0.5740377902984619,-0.020250605419278145,0.35254085063934326,0.48860055208206177,-0.03794853389263153,0.36877137422561646,0.43424108624458313,-0.05394259840250015,0.3805433511734009,0.38821345567703247,-0.06583548337221146,0.2781800925731659,0.5541243553161621,-0.02130945771932602,0.2933531701564789,0.4525803327560425,-0.03464171662926674,0.3006328344345093,0.3896114230155945,-0.050201404839754105,0.3044680655002594,0.3386061489582062,-0.061906516551971436,0.2396915853023529,0.5610628128051758,-0.026182817295193672,0.24011993408203125,0.4671911299228668,-0.040058404207229614,0.2437923699617386,0.4057822525501251,-0.05542111024260521,0.2462099939584732,0.3533521890640259,-0.06658261269330978,0.20134484767913818,0.589568555355072,-0.033988405019044876,0.19281518459320068,0.5205265283584595,-0.04713885113596916,0.18883681297302246,0.4735731780529022,-0.054440516978502274,0.18604856729507446,0.4296659827232361,-0.05961639806628227
0.2547379434108734,0.802222728729248,5.119947559251159e-07,0.3022947609424591,0.7661935091018677,-0.02831161394715309,0.3293018639087677,0.6989453434944153,-0.03996613249182701,0.2931261956691742,0.6503923535346985,-0.049683451652526855,0.2515384554862976,0.6314040422439575,-0.05918029695749283,0.325406551361084,0.5778992772102356,-0.019529756158590317,0.35633471608161926,0.49313580989837646,-0.03706621751189232,0.3726016879081726,0.43886804580688477,-0.05313105881214142,0.3839740753173828,0.39289796352386475,-0.06507331132888794,0.28380605578422546,0.5590882301330566,-0.02086309902369976,0.2989594638347626,0.4579218327999115,-0.033752571791410446,0.30513638257980347,0.3941958546638489,-0.04891279339790344,0.30792075395584106,0.3431157171726227,-0.06038434058427811,0.24616378545761108,0.5668686628341675,-0.026023242622613907,0.24983294308185577,0.47214311361312866,-0.03938164561986923,0.2533802092075348,0.4097216725349426,-0.05454813316464424,0.2552502155303955,0.3569524884223938,-0.06559019535779953,0.20847393572330475,0.5961889624595642,-0.03414701297879219,0.20006373524665833,0.5279101729393005,-0.04724225774407387,0.19592666625976562,0.4800153970718384,-0.0546550415456295,0.19329839944839478,0.4353233575820923,-0.0598684586584568
0.3067987263202667,0.8169954419136047,5.179032314117649e-07,0.357317715883255,0.7845065593719482,-0.027996981516480446,0.39035382866859436,0.7187022566795349,-0.03940362110733986,0.3558706045150757,0.6711962223052979,-0.04917510226368904,0.3135049343109131,0.6564875245094299,-0.05910799279808998,0.38155263662338257,0.5956658720970154,-0.019811376929283142,0.4113682806491852,0.5089907050132751,-0.03748794272542,0.42776066064834595,0.4544461667537689,-0.05355256050825119,0.4399574398994446,0.4076859951019287,-0.0655718445777893,0.3394985795021057,0.5760494470596313,-0.020720381289720535,0.3528001308441162,0.47585785388946533,-0.033652789890766144,0.3584364950656891,0.412691593170166,-0.048996441066265106,0.36125725507736206,0.3627808094024658,-0.06049894914031029,0.30188095569610596,0.5824626684188843,-0.02531639114022255,0.3017936050891876,0.487512469291687,-0.03846348077058792,0.3030030131340027,0.42488059401512146,-0.05425696074962616,0.30337220430374146,0.37235191464424133,-0.06569916009902954,0.2644267678260803,0.610551655292511,-0.0327795147895813,0.25420081615448,0.5435259342193604,-0.04589170962572098,0.24818448722362518,0.49708011746406555,-0.05380067229270935,0.24340197443962097,0.4541313052177429,-0.05922621488571167
0.3261345624923706,0.8175497055053711,5.120443233863625e-07,0.3739989995956421,0.7827039361000061,-0.02812415547668934,0.4047718942165375,0.7186229825019836,-0.04044441878795624,0.37352511286735535,0.6703408360481262,-0.0510898120701313,0.33633726835250854,0.6489672064781189,-0.06178096681833267,0.39648136496543884,0.5933611989021301,-0.021153390407562256,0.4247760474681854,0.5094202756881714,-0.04026801511645317,0.4412083923816681,0.4561461806297302,-0.057503435760736465,0.45360109210014343,0.41034996509552,-0.07016672194004059,0.35339784622192383,0.574708104133606,-0.022821830585598946,0.3654135763645172,0.4734652638435364,-0.03705509006977081,0.3710062801837921,0.41082286834716797,-0.05301295965909958,0.37412160634994507,0.3609442114830017,-0.06500117480754852,0.3142622113227844,0.5827958583831787,-0.028250131756067276,0.3126426637172699,0.48872268199920654,-0.04299977794289589,0.31346607208251953,0.42555317282676697,-0.0592486672103405,0.31423822045326233,0.37187421321868896,-0.07097505778074265,0.2752785384654999,0.6136375665664673,-0.03650546446442604,0.2646287977695465,0.5449486970901489,-0.0508246049284935,0.2583545744419098,0.4980580508708954,-0.05894457921385765,0.25367575883865356,0.45395195484161377,-0.06456146389245987
0.347832053899765,0.8163282871246338,4.797690280611278e-07,0.3949224054813385,0.777930498123169,-0.02689298987388611,0.42554211616516113,0.7116027474403381,-0.03816736489534378,0.39416763186454773,0.6631696820259094,-0.04786280170083046,0.3558387756347656,0.6441053152084351,-0.057366225868463516,0.41676604747772217,0.5895395874977112,-0.017803246155381203,0.4441530406475067,0.5065627694129944,-0.03515317291021347,0.45932039618492126,0.4545400142669678,-0.05155111104249954,0.47042933106422424,0.4097214341163635,-0.06373084336519241,0.37428730726242065,0.5713566541671753,-0.01950884237885475,0.38466960191726685,0.4710041880607605,-0.032039012759923935,0.3896602392196655,0.40912726521492004,-0.04709291458129883,0.39232614636421204,0.3603430986404419,-0.05862830579280853,0.3366612195968628,0.579654335975647,-0.024972854182124138,0.33417242765426636,0.48824310302734375,-0.03789195790886879,0.3342691957950592,0.42737889289855957,-0.053032565861940384,0.33403587341308594,0.37654173374176025,-0.06416307389736176,0.29911869764328003,0.6100755333900452,-0.033321626484394073,0.2872799038887024,0.5420819520950317,-0.04591720178723335,0.2802950143814087,0.4951971173286438,-0.05320718511939049,0.27484115958213806,0.45171695947647095,-0.058398034423589706
0.3735371232032776,0.8100173473358154,4.868900873589155e-07,0.4205029606819153,0.7738063335418701,-0.02681313268840313,0.44908198714256287,0.7103739976882935,-0.03897728770971298,0.4182450473308563,0.6639705300331116,-0.0495540052652359,0.38146042823791504,0.6458086967468262,-0.06034300476312637,0.4388601779937744,0.5906689167022705,-0.022837070748209953,0.4657263159751892,0.5078093409538269,-0.04156176745891571,0.48035112023353577,0.4555164575576782,-0.05797571688890457,0.4910765588283539,0.41071927547454834,-0.07029043883085251,0.39643582701683044,0.5726034641265869,-0.025205381214618683,0.40759244561195374,0.4726429581642151,-0.03917247802019119,0.41240233182907104,0.410234272480011,-0.05452781915664673,0.4149293899536133,0.3601533770561218,-0.06633714586496353,0.3583887219429016,0.5820208787918091,-0.0309827271848917,0.35548415780067444,0.49005264043807983,-0.04519510269165039,0.3551855981349945,0.4274519681930542,-0.06140150502324104,0.3548205494880676,0.3735971748828888,-0.0735897496342659,0.32076942920684814,0.6142809987068176,-0.03941992297768593,0.3082633912563324,0.5498535633087158,-0.05373380705714226,0.30114468932151794,0.5048893094062805,-0.06237636134028435,0.2961403727531433,0.46206149458885193,-0.06868021190166473
0.37736308574676514,0.8117801547050476,4.889727733825566e-07,0.4257335960865021,0.7755354642868042,-0.027354581281542778,0.4558156728744507,0.709172248840332,-0.038901034742593765,0.42451635003089905,0.6617214679718018,-0.04862955957651138,0.3861754238605499,0.6445010900497437,-0.05835529789328575,0.44443994760513306,0.589297890663147,-0.021472135558724403,0.47135865688323975,0.5056604743003845,-0.039179544895887375,0.48572951555252075,0.45299482345581055,-0.05502765253186226,0.4961532950401306,0.4081016778945923,-0.06690077483654022,0.4013172388076782,0.571378767490387,-0.023178810253739357,0.41187259554862976,0.4719979166984558,-0.03612144663929939,0.4171130359172821,0.40928536653518677,-0.05076956748962402,0.4200620651245117,0.35962438583374023,-0.06208241730928421,0.36298832297325134,0.5807515382766724,-0.02847401797771454,0.35978004336357117,0.4881872534751892,-0.04188905656337738,0.36048397421836853,0.42643603682518005,-0.057129330933094025,0.3611762821674347,0.3744949400424957,-0.06846052408218384,0.3251008987426758,0.6122327446937561,-0.03655824065208435,0.3125602900981903,0.5441934466362,-0.04999682679772377,0.30609026551246643,0.49799907207489014,-0.057733070105314255,0.30161476135253906,0.4551607668399811,-0.06329980492591858
0.3974418640136719,0.8080731630325317,4.951364758198906e-07,0.44565409421920776,0.7757854461669922,-0.028566477820277214,0.47943803668022156,0.7107046246528625,-0.040434010326862335,0.4514663517475128,0.6638392210006714,-0.050470560789108276,0.4131256639957428,0.6487523913383484,-0.06066261976957321,0.4677712321281433,0.5873191952705383,-0.022135742008686066,0.4949396252632141,0.503695547580719,-0.03998725488781929,0.5092225074768066,0.44930529594421387,-0.05604385957121849,0.5197622776031494,0.4024313986301422,-0.0684952363371849,0.4252585172653198,0.5692390203475952,-0.023526698350906372,0.4367801249027252,0.4706270694732666,-0.03713886812329292,0.4417850375175476,0.4072909355163574,-0.05283662676811218,0.44463029503822327,0.3552940785884857,-0.06508691608905792,0.3869973421096802,0.5786442756652832,-0.028538215905427933,0.3847377598285675,0.4864541292190552,-0.042891573160886765,0.38484588265419006,0.42398110032081604,-0.060058098286390305,0.3849262297153473,0.3706739544868469,-0.07289868593215942,0.34941786527633667,0.6110740303993225,-0.036409586668014526,0.3378906846046448,0.5472259521484375,-0.05100950226187706,0.33054065704345703,0.5024577975273132,-0.06064964085817337,0.32439595460891724,0.4598756432533264,-0.06782680749893188
0.4033544063568115,0.7973071336746216,4.928813837068446e-07,0.4506795108318329,0.7632759809494019,-0.02826252207159996,0.483961820602417,0.6982723474502563,-0.04065413773059845,0.45634815096855164,0.6503373980522156,-0.051279619336128235,0.42007505893707275,0.6336632966995239,-0.06184045970439911,0.4731734097003937,0.574698269367218,-0.022077200934290886,0.4992661476135254,0.49041539430618286,-0.03998463600873947,0.513009786605835,0.43690913915634155,-0.055808983743190765,0.5226961970329285,0.39125341176986694,-0.06791960448026657,0.43112680315971375,0.557555615901947,-0.023575954139232635,0.4420410394668579,0.4578876495361328,-0.03746159374713898,0.446302592754364,0.394946813583374,-0.0525248758494854,0.44829776883125305,0.34484773874282837,-0.06394679844379425,0.3930313289165497,0.5674316883087158,-0.02873816527426243,0.3899255692958832,0.47379371523857117,-0.04350266605615616,0.3889816999435425,0.41231048107147217,-0.0599101185798645,0.3881855905056,0.3603859841823578,-0.07184460014104843,0.35531798005104065,0.6003333330154419,-0.03673190250992775,0.34354233741760254,0.5363236665725708,-0.051894109696149826,0.3353652060031891,0.49167734384536743,-0.06140929087996483,0.32854506373405457,0.4488055109977722,-0.06810364127159119
0.4060107171535492,0.7818062901496887,4.994415121473139e-07,0.452522873878479,0.7468396425247192,-0.02930987998843193,0.4845932722091675,0.6840805411338806,-0.04295920953154564,0.45802271366119385,0.6365833878517151,-0.05457301810383797,0.42363235354423523,0.6147098541259766,-0.06598438322544098,0.4758724272251129,0.560315728187561,-0.024871977046132088,0.5011663436889648,0.4775637090206146,-0.044098861515522,0.5146990418434143,0.42456740140914917,-0.060948725789785385,0.524314820766449,0.3785001337528229,-0.07374323159456253,0.4334830641746521,0.5422200560569763,-0.026287995278835297,0.44415315985679626,0.4429473876953125,-0.04147699102759361,0.44850268959999084,0.3802364468574524,-0.05738947167992592,0.4509165287017822,0.3288443386554718,-0.06948354095220566,0.39447906613349915,0.5514295101165771,-0.03138337284326553,0.3902609050273895,0.45812198519706726,-0.04725535213947296,0.3891683518886566,0.39783966541290283,-0.06395667046308517,0.38861462473869324,0.34645575284957886,-0.07606673240661621,0.35588642954826355,0.5841204524040222,-0.03933878242969513,0.3448876440525055,0.5185291767120361,-0.05484596639871597,0.33759307861328125,0.47422754764556885,-0.06443589180707932,0.33172962069511414,0.43157362937927246,-0.07132206857204437
0.40460166335105896,0.762963056564331,4.927485406369669e-07,0.45354750752449036,0.7306710481643677,-0.029430409893393517,0.4854303002357483,0.6609348058700562,-0.04034576937556267,0.4575512409210205,0.6115583181381226,-0.04913123697042465,0.41801148653030396,0.5985385775566101,-0.05766914039850235,0.4734541177749634,0.539158821105957,-0.020159823819994926,0.501285195350647,0.45518845319747925,-0.035807885229587555,0.5149902701377869,0.4015980362892151,-0.05033818632364273,0.5238673686981201,0.35563841462135315,-0.06176011264324188,0.43176621198654175,0.5216193795204163,-0.02020910568535328,0.4439135789871216,0.4212407171726227,-0.03142426162958145,0.44826191663742065,0.35851842164993286,-0.045357804745435715,0.4491978585720062,0.3085734248161316,-0.05645881965756416,0.3939823508262634,0.5304571390151978,-0.02409549243748188,0.3911333382129669,0.44108644127845764,-0.03608965501189232,0.3913484215736389,0.3823445439338684,-0.051320578902959824,0.3901538550853729,0.3338559865951538,-0.06288143247365952,0.356374591588974,0.5609998106956482,-0.03112988919019699,0.3455333113670349,0.49608170986175537,-0.04309217259287834,0.33798807859420776,0.4521726369857788,-0.051019515842199326,0.3309534788131714,0.41095346212387085,-0.05724107846617699
0.40376412868499756,0.7557759284973145,4.826420649806096e-07,0.4517923593521118,0.723702073097229,-0.028693361207842827,0.48222261667251587,0.6557034850120544,-0.03972364217042923,0.45685434341430664,0.6061540246009827,-0.0487813875079155,0.41875192523002625,0.5888456702232361,-0.05770675837993622,0.47088873386383057,0.5334373116493225,-0.020966090261936188,0.49924224615097046,0.4500832259654999,-0.03725447133183479,0.5134577751159668,0.39726948738098145,-0.052174922078847885,0.5224506258964539,0.3517082929611206,-0.06361523270606995,0.4292675852775574,0.5156174302101135,-0.02134862169623375,0.4411507248878479,0.41428446769714355,-0.03276750445365906,0.44542163610458374,0.3517512083053589,-0.04650348797440529,0.4461010694503784,0.3019011616706848,-0.057383906096220016,0.39167192578315735,0.5245135426521301,-0.02539459615945816,0.3893734812736511,0.43487411737442017,-0.03708847984671593,0.3896777033805847,0.37577497959136963,-0.051517389714717865,0.3885689973831177,0.32666897773742676,-0.06262607872486115,0.3548244833946228,0.5552141666412354,-0.032546333968639374,0.34354308247566223,0.4911133646965027,-0.04401032254099846,0.3362691104412079,0.4475809931755066,-0.051108669489622116,0.32974570989608765,0.4067216217517853,-0.05672400817275047
0.39924266934394836,0.7495627999305725,4.731870149043971e-07,0.44661083817481995,0.7169857621192932,-0.02824833244085312,0.4778140187263489,0.6508362889289856,-0.03959585726261139,0.4527348577976227,0.6021140813827515,-0.04907383769750595,0.41523489356040955,0.5817116498947144,-0.0584174245595932,0.4668468236923218,0.5275581479072571,-0.02084389701485634,0.49409809708595276,0.4466577470302582,-0.037850670516490936,0.5083139538764954,0.39453232288360596,-0.05329825356602669,0.5180507898330688,0.3489915430545807,-0.06518226116895676,0.42464572191238403,0.5099081993103027,-0.022129414603114128,0.43446850776672363,0.4101908504962921,-0.034526094794273376,0.4392087161540985,0.3483591377735138,-0.0488058365881443,0.4415360987186432,0.2982010245323181,-0.06009587645530701,0.38694190979003906,0.5200480222702026,-0.027165167033672333,0.38330960273742676,0.43113940954208374,-0.04031302407383919,0.38372787833213806,0.3712826371192932,-0.05562610179185867,0.38405942916870117,0.32031747698783875,-0.06725966185331345,0.35066238045692444,0.5524662137031555,-0.0351770780980587,0.33882832527160645,0.48807722330093384,-0.04819611832499504,0.33159610629081726,0.44403281807899475,-0.0562669113278389,0.3256590664386749,0.4019448161125183,-0.06252440810203552
0.36106544733047485,0.7389495968818665,4.829190061172994e-07,0.4084285497665405,0.7065125703811646,-0.031252238899469376,0.4397219717502594,0.6435889601707458,-0.044555846601724625,0.4118097126483917,0.593863844871521,-0.05546776205301285,0.3736882507801056,0.5708786249160767,-0.0660422071814537,0.430267870426178,0.5183278322219849,-0.02278716117143631,0.4569167494773865,0.43790096044540405,-0.04155735298991203,0.4718444347381592,0.38586491346359253,-0.058880146592855453,0.4827606678009033,0.33964741230010986,-0.07182883471250534,0.38852471113204956,0.5009583830833435,-0.022947397083044052,0.39836013317108154,0.40278202295303345,-0.03638424351811409,0.4019465744495392,0.34233182668685913,-0.051819611340761185,0.40379467606544495,0.29281169176101685,-0.06396609544754028,0.35090240836143494,0.5101680159568787,-0.027184436097741127,0.34978386759757996,0.4219384789466858,-0.04098647087812424,0.350808709859848,0.3628445267677307,-0.0560382604598999,0.35139966011047363,0.31367021799087524,-0.06731435656547546,0.3135354220867157,0.5409083962440491,-0.03473558649420738,0.303488165140152,0.47450846433639526,-0.04797990247607231,0.29717540740966797,0.4294114410877228,-0.05557234585285187,0.29130011796951294,0.38743916153907776,-0.06126625835895538
0.35211363434791565,0.7396028637886047,4.893630034530361e-07,0.4004780054092407,0.7076563835144043,-0.031281981617212296,0.4315853416919708,0.6437150239944458,-0.04366995021700859,0.4060741066932678,0.5938372611999512,-0.05362238734960556,0.36676114797592163,0.573864221572876,-0.06318837404251099,0.42039239406585693,0.5163622498512268,-0.021108336746692657,0.4469524323940277,0.43533211946487427,-0.038339726626873016,0.46142756938934326,0.3831910490989685,-0.05465369671583176,0.4715924859046936,0.33694988489151,-0.06703125685453415,0.3792138695716858,0.4988694190979004,-0.02076251059770584,0.3897320628166199,0.40096306800842285,-0.03273801505565643,0.3939119875431061,0.3403591513633728,-0.0472879596054554,0.39577504992485046,0.29142898321151733,-0.05889930576086044,0.3420071601867676,0.5083929896354675,-0.02456570416688919,0.3400252163410187,0.421242892742157,-0.037122368812561035,0.3415919542312622,0.3626357913017273,-0.051641795784235,0.34239038825035095,0.3143686056137085,-0.06258256733417511,0.3053613603115082,0.5396703481674194,-0.03179696947336197,0.2944466769695282,0.47316837310791016,-0.04412352666258812,0.2875429093837738,0.42766422033309937,-0.05142546445131302,0.2813052237033844,0.385769784450531,-0.0569862425327301
0.3481306731700897,0.7401367425918579,4.887864406555309e-07,0.3955131769180298,0.7066125273704529,-0.030475270003080368,0.425232470035553,0.6435381174087524,-0.043040744960308075,0.3982180953025818,0.5952622890472412,-0.05342969298362732,0.3592112064361572,0.5743137001991272,-0.06354130059480667,0.4106864631175995,0.515571653842926,-0.021455198526382446,0.4353877305984497,0.4341180920600891,-0.038983479142189026,0.4477512836456299,0.3824566602706909,-0.05517589673399925,0.4561396837234497,0.33651629090309143,-0.0674462541937828,0.3691675662994385,0.5001660585403442,-0.02191971056163311,0.37776413559913635,0.401763916015625,-0.03438824042677879,0.3815312087535858,0.3415115475654602,-0.0489647202193737,0.3832746148109436,0.2933899462223053,-0.06059357523918152,0.3320474922657013,0.5115590691566467,-0.026468494907021523,0.326105535030365,0.42445802688598633,-0.03945246338844299,0.32636210322380066,0.3667980432510376,-0.053717099130153656,0.3269529640674591,0.31894582509994507,-0.0645025297999382,0.29565614461898804,0.5444440245628357,-0.03435354307293892,0.28356239199638367,0.4780246913433075,-0.04691736027598381,0.277978777885437,0.43295490741729736,-0.054218169301748276,0.2741149365901947,0.39090514183044434,-0.059842608869075775
0.3336082398891449,0.7406875491142273,5.078424010207527e-07,0.38022077083587646,0.7075868248939514,-0.029938265681266785,0.40942811965942383,0.645443320274353,-0.042888663709163666,0.38131192326545715,0.5983758568763733,-0.05356724187731743,0.3426690995693207,0.5804405212402344,-0.0640561431646347,0.39675408601760864,0.5190748572349548,-0.022207260131835938,0.42233139276504517,0.43879711627960205,-0.040707387030124664,0.43628883361816406,0.3857467770576477,-0.05747118219733238,0.446510910987854,0.3392559885978699,-0.06992532312870026,0.35418224334716797,0.502986490726471,-0.023080183193087578,0.36218780279159546,0.40311509370803833,-0.0365264005959034,0.3674689531326294,0.34206679463386536,-0.05109114199876785,0.371311753988266,0.29281339049339294,-0.062342043966054916,0.3169229030609131,0.5143607258796692,-0.027921760454773903,0.31155622005462646,0.42843782901763916,-0.04186457395553589,0.3139435648918152,0.3681720495223999,-0.055886853486299515,0.317126989364624,0.3175947070121765,-0.066169872879982,0.2806808352470398,0.5462201833724976,-0.035999272018671036,0.26912257075309753,0.4793953597545624,-0.0486656054854393,0.2645232677459717,0.43420401215553284,-0.055067941546440125,0.2622082829475403,0.3926219344139099,-0.05986722186207771
0.3159956634044647,0.7392948865890503,4.914546707368572e-07,0.3656202554702759,0.7086694240570068,-0.030497077852487564,0.3980668783187866,0.646289587020874,-0.04207789897918701,0.3723048269748688,0.5974158048629761,-0.051256146281957626,0.3342582583427429,0.5810315012931824,-0.05997169390320778,0.38340842723846436,0.517663300037384,-0.019030330702662468,0.41128015518188477,0.43597477674484253,-0.03436870127916336,0.42472779750823975,0.38378453254699707,-0.04927235096693039,0.43335992097854614,0.3388110399246216,-0.06085309386253357,0.34190770983695984,0.5007891058921814,-0.018191272392868996,0.35214462876319885,0.40206700563430786,-0.028737874701619148,0.35627853870391846,0.34157273173332214,-0.042705681174993515,0.3576618432998657,0.29451847076416016,-0.05378858745098114,0.30468106269836426,0.5099573135375977,-0.02137713134288788,0.3020476698875427,0.42187121510505676,-0.03313002362847328,0.30297258496284485,0.36363527178764343,-0.04878360778093338,0.3032093346118927,0.31638821959495544,-0.060615744441747665,0.2690897285938263,0.5408545732498169,-0.027741126716136932,0.25622424483299255,0.479481965303421,-0.039938200265169144,0.24751770496368408,0.438772976398468,-0.04811631515622139,0.2392907440662384,0.40168848633766174,-0.05423892289400101
0.2947255074977875,0.7299134731292725,5.074394948678673e-07,0.34360066056251526,0.7007659673690796,-0.03153802081942558,0.3774559199810028,0.6397780776023865,-0.043691836297512054,0.350666880607605,0.5921232104301453,-0.053120341151952744,0.313459575176239,0.5744883418083191,-0.06188209354877472,0.3599853217601776,0.5111932754516602,-0.020112717524170876,0.3872925341129303,0.43094146251678467,-0.037137966603040695,0.40473929047584534,0.3811584711074829,-0.053012650460004807,0.41909360885620117,0.3397403359413147,-0.06456589698791504,0.3194001019001007,0.4951215088367462,-0.01828061044216156,0.3300541043281555,0.398603230714798,-0.028944607824087143,0.33633190393447876,0.3394623100757599,-0.04233121499419212,0.34124889969825745,0.2935795485973358,-0.05310215428471565,0.28406843543052673,0.5040810108184814,-0.020826011896133423,0.2817072868347168,0.41875916719436646,-0.03163372352719307,0.2837139368057251,0.36114954948425293,-0.04572947323322296,0.2864845097064972,0.31324857473373413,-0.05668966844677925,0.25078529119491577,0.5345401167869568,-0.02686871774494648,0.2379329800605774,0.47379186749458313,-0.03728131577372551,0.2306496500968933,0.4330814480781555,-0.04422962665557861,0.22476306557655334,0.3946763575077057,-0.04976377263665199
0.280377596616745,0.7229067087173462,5.397503173298901e-07,0.32885780930519104,0.6922993063926697,-0.033534567803144455,0.3594346046447754,0.6321774125099182,-0.04684947431087494,0.32926884293556213,0.5851871371269226,-0.056911733001470566,0.29305657744407654,0.5640666484832764,-0.06616413593292236,0.34652113914489746,0.507622480392456,-0.022957850247621536,0.37540724873542786,0.42646324634552,-0.03989455848932266,0.391020268201828,0.3746422529220581,-0.05534721910953522,0.4017772078514099,0.3308085799217224,-0.06650350987911224,0.30575114488601685,0.4907381534576416,-0.020223114639520645,0.31843483448028564,0.39163726568222046,-0.031461093574762344,0.32404983043670654,0.33048200607299805,-0.045084886252880096,0.3273007869720459,0.28337350487709045,-0.05547473952174187,0.2694278061389923,0.498555064201355,-0.021757544949650764,0.2693632245063782,0.4108840823173523,-0.03328513354063034,0.2723821699619293,0.3539707064628601,-0.04774335399270058,0.2751956880092621,0.30784523487091064,-0.058443501591682434,0.23396319150924683,0.527252733707428,-0.026787037029862404,0.2233489602804184,0.46584829688072205,-0.03792603313922882,0.21700142323970795,0.4249691367149353,-0.044952984899282455,0.21195146441459656,0.3870428204536438,-0.05006275326013565
0.27580809593200684,0.7230879068374634,5.24463018791721e-07,0.324258416891098,0.6911477446556091,-0.03018292412161827,0.354452520608902,0.6290194988250732,-0.042242199182510376,0.3245026767253876,0.5818526744842529,-0.051799990236759186,0.286903977394104,0.5657892823219299,-0.06094207987189293,0.3410314917564392,0.5060737133026123,-0.020635828375816345,0.3702734708786011,0.4256654977798462,-0.03810931742191315,0.3869088888168335,0.3734162449836731,-0.05385011062026024,0.39879110455513,0.3293165862560272,-0.06514665484428406,0.3005748689174652,0.4899752140045166,-0.019717587158083916,0.3134499490261078,0.3920232653617859,-0.03162878379225731,0.3194480538368225,0.33119213581085205,-0.04538068547844887,0.3227803409099579,0.28373226523399353,-0.055723994970321655,0.26461708545684814,0.4985902011394501,-0.0227619968354702,0.2645467221736908,0.41207194328308105,-0.03478781133890152,0.2673954367637634,0.3540247678756714,-0.04851293936371803,0.2697574198246002,0.306551992893219,-0.05847935378551483,0.22924639284610748,0.5278895497322083,-0.029037635773420334,0.21810990571975708,0.46548908948898315,-0.04031313583254814,0.21257147192955017,0.42202019691467285,-0.04669059440493584,0.20867979526519775,0.3813169598579407,-0.05121048539876938
0.2682275176048279,0.7211419343948364,5.101798024043092e-07,0.316995233297348,0.6879585981369019,-0.028718549758195877,0.34503719210624695,0.6226332187652588,-0.0393652468919754,0.31441938877105713,0.5737944841384888,-0.04775626212358475,0.2765969932079315,0.5586331486701965,-0.055713288486003876,0.33394473791122437,0.5010371804237366,-0.01710638217628002,0.362687349319458,0.4203832447528839,-0.03223918005824089,0.379128634929657,0.36815017461776733,-0.0465276762843132,0.39093223214149475,0.32431888580322266,-0.057271454483270645,0.29366540908813477,0.485211580991745,-0.016577810049057007,0.305492103099823,0.38791924715042114,-0.02669462002813816,0.31128600239753723,0.32722634077072144,-0.03944572061300278,0.31428635120391846,0.2810620367527008,-0.049340225756168365,0.2577599585056305,0.4942939579486847,-0.020126227289438248,0.25736913084983826,0.4067455232143402,-0.031108900904655457,0.2601003646850586,0.3476887345314026,-0.045390840619802475,0.2621740996837616,0.30049392580986023,-0.05595557391643524,0.22234131395816803,0.5239885449409485,-0.026799943298101425,0.21033744513988495,0.46067196130752563,-0.03805121034383774,0.20364020764827728,0.41655871272087097,-0.04547085613012314,0.19854030013084412,0.3760942220687866,-0.050898436456918716
0.2607230544090271,0.7214293479919434,5.092176138532523e-07,0.3077336251735687,0.6890562772750854,-0.030369343236088753,0.3355768918991089,0.6238152384757996,-0.04161680117249489,0.3053208887577057,0.5726255178451538,-0.05040654540061951,0.2678467333316803,0.5468862056732178,-0.05840189754962921,0.32616138458251953,0.49844151735305786,-0.017095843330025673,0.3533436357975006,0.41723716259002686,-0.03390760347247124,0.37011465430259705,0.36488181352615356,-0.049571454524993896,0.3827735185623169,0.32155469059944153,-0.06092017516493797,0.28542715311050415,0.4820690453052521,-0.015915701165795326,0.29663845896720886,0.3846723139286041,-0.027499252930283546,0.30287984013557434,0.3250318169593811,-0.0413472019135952,0.3069966435432434,0.2798105478286743,-0.05164298042654991,0.24908363819122314,0.4911693036556244,-0.019148433580994606,0.24845916032791138,0.40312859416007996,-0.0313890241086483,0.25121426582336426,0.34402185678482056,-0.04532793164253235,0.25396159291267395,0.2954556345939636,-0.05535442754626274,0.21340060234069824,0.5205861330032349,-0.02570686861872673,0.20247939229011536,0.45635300874710083,-0.03791951760649681,0.19709928333759308,0.41079631447792053,-0.04518316313624382,0.1941307783126831,0.36774730682373047,-0.050161659717559814
0.2495391070842743,0.7150557637214661,5.191445779928472e-07,0.29801446199417114,0.6819505095481873,-0.02964099682867527,0.325860857963562,0.6169722676277161,-0.040724340826272964,0.2947182059288025,0.5672993063926697,-0.04954544082283974,0.2555811405181885,0.5482943654060364,-0.05775025486946106,0.31557855010032654,0.4954370856285095,-0.01663629151880741,0.3427950143814087,0.41416090726852417,-0.032777246087789536,0.3592861592769623,0.36288827657699585,-0.04798286780714989,0.372447669506073,0.3202606737613678,-0.05920393019914627,0.27500271797180176,0.47940394282341003,-0.015634698793292046,0.2860393822193146,0.38318729400634766,-0.026720231398940086,0.2933112382888794,0.3229755163192749,-0.0403556227684021,0.29871076345443726,0.2763698101043701,-0.05070008710026741,0.23866915702819824,0.48866260051727295,-0.018921302631497383,0.23708567023277283,0.4015529751777649,-0.030883535742759705,0.24031661450862885,0.3423845171928406,-0.04497958719730377,0.2436257153749466,0.2936244010925293,-0.05517962574958801,0.2033529281616211,0.5176072716712952,-0.025438500568270683,0.19290387630462646,0.45481398701667786,-0.03709790110588074,0.18808043003082275,0.41027623414993286,-0.0441826693713665,0.18534043431282043,0.36906003952026367,-0.04925505071878433
0.24503861367702484,0.7137427926063538,5.2049966825507e-07,0.2929615080356598,0.6802899837493896,-0.029787493869662285,0.3205660879611969,0.6169721484184265,-0.04118704795837402,0.2906418442726135,0.5683205723762512,-0.05026836693286896,0.25364014506340027,0.5464295148849487,-0.058737486600875854,0.31036049127578735,0.49452996253967285,-0.018032848834991455,0.3376569449901581,0.41280847787857056,-0.03466412425041199,0.35374709963798523,0.3607732355594635,-0.049912888556718826,0.36640664935112,0.3171312212944031,-0.06108946353197098,0.26992714405059814,0.4784604012966156,-0.016976715996861458,0.2810753583908081,0.38148319721221924,-0.02867957018315792,0.28792545199394226,0.3211522400379181,-0.04235421493649483,0.29303643107414246,0.2747608423233032,-0.05253107473254204,0.2337152659893036,0.4875880777835846,-0.020151957869529724,0.23149269819259644,0.4001500904560089,-0.0324496254324913,0.23460397124290466,0.3409503400325775,-0.04674261063337326,0.23840481042861938,0.2918515205383301,-0.057090360671281815,0.19871939718723297,0.5169768333435059,-0.026529183611273766,0.18728730082511902,0.4554724097251892,-0.03855053707957268,0.18174003064632416,0.41168075799942017,-0.045942388474941254,0.1786159723997116,0.37038910388946533,-0.05117827281355858
0.24125100672245026,0.7114496231079102,5.188932732380636e-07,0.28766772150993347,0.6793334484100342,-0.030502544716000557,0.31583893299102783,0.6161949634552002,-0.04262175038456917,0.286030650138855,0.5675410628318787,-0.05232776328921318,0.2474631369113922,0.5495375990867615,-0.061485808342695236,0.30460670590400696,0.49266642332077026,-0.01918034628033638,0.3325992226600647,0.4114007353782654,-0.03605252131819725,0.3488174378871918,0.3593443036079407,-0.0515456385910511,0.36149656772613525,0.3159058094024658,-0.06298916041851044,0.2639559507369995,0.4771537482738495,-0.01823706366121769,0.2741873562335968,0.38182908296585083,-0.03050393983721733,0.2802852392196655,0.3217816948890686,-0.04478885605931282,0.2848030626773834,0.2750113606452942,-0.05547908693552017,0.22822220623493195,0.48687753081321716,-0.021450676023960114,0.22675958275794983,0.4005184471607208,-0.03431759774684906,0.23014304041862488,0.3405892848968506,-0.04894033819437027,0.233954519033432,0.29092419147491455,-0.05946216732263565,0.19399774074554443,0.5167382955551147,-0.0279094111174345,0.1823069453239441,0.45447516441345215,-0.04053967073559761,0.1764453947544098,0.4094250202178955,-0.04819139465689659,0.17280298471450806,0.36757808923721313,-0.05351642519235611
0.24001489579677582,0.7037195563316345,5.309403832143289e-07,0.2865809202194214,0.6704988479614258,-0.03261455520987511,0.3147837817668915,0.6081523299217224,-0.045210644602775574,0.285483181476593,0.5580102205276489,-0.05486850440502167,0.2477213591337204,0.5329617261886597,-0.06379076093435287,0.3027825951576233,0.48562198877334595,-0.021185733377933502,0.33000895380973816,0.4026252031326294,-0.03820854797959328,0.34518688917160034,0.34932005405426025,-0.05350693315267563,0.3563711941242218,0.3042789697647095,-0.06460028141736984,0.2619860768318176,0.4708137512207031,-0.018813544884324074,0.2726270854473114,0.3747408390045166,-0.030794093385338783,0.27731871604919434,0.31529074907302856,-0.04427250847220421,0.28023380041122437,0.2693871259689331,-0.054063279181718826,0.22591935098171234,0.480715811252594,-0.020695770159363747,0.22592759132385254,0.39369314908981323,-0.033061590045690536,0.22856169939041138,0.33474794030189514,-0.04634633660316467,0.23118425905704498,0.28555405139923096,-0.05581026151776314,0.1910906732082367,0.5107511281967163,-0.02601984702050686,0.18111568689346313,0.45007020235061646,-0.038101643323898315,0.17648476362228394,0.40745794773101807,-0.04457895830273628,0.1738494485616684,0.36801421642303467,-0.04880471155047417
0.24492797255516052,0.6979422569274902,5.138130063642166e-07,0.29267823696136475,0.6614787578582764,-0.030564209446310997,0.32043033838272095,0.5932068228721619,-0.04039086401462555,0.29015153646469116,0.5415025949478149,-0.04765594005584717,0.2514704763889313,0.5235148668289185,-0.054110411554574966,0.30561694502830505,0.47471630573272705,-0.014269959181547165,0.3316541612148285,0.39383020997047424,-0.028174282982945442,0.34602823853492737,0.3415328860282898,-0.042073506861925125,0.3565937578678131,0.2971709966659546,-0.052732840180397034,0.2648741602897644,0.4613048732280731,-0.012202792800962925,0.27367568016052246,0.3670685887336731,-0.021500147879123688,0.277569055557251,0.308005154132843,-0.0339706726372242,0.2798016369342804,0.26212915778160095,-0.04349472373723984,0.22927019000053406,0.47268304228782654,-0.01459007989615202,0.22749647498130798,0.3874695301055908,-0.025326011702418327,0.22923442721366882,0.3293917775154114,-0.03859337791800499,0.2309810221195221,0.2810279428958893,-0.04826195538043976,0.19467636942863464,0.5037021636962891,-0.020414484664797783,0.18271362781524658,0.4435802698135376,-0.031351231038570404,0.17731574177742004,0.4008612632751465,-0.03804297000169754,0.17435148358345032,0.3607855439186096,-0.0428340807557106
0.2761492133140564,0.6816236972808838,5.088444368084311e-07,0.3260640501976013,0.646639347076416,-0.02886715531349182,0.3593361973762512,0.580951988697052,-0.03852769359946251,0.32904523611068726,0.5312692523002625,-0.04611000418663025,0.29019808769226074,0.5156287550926208,-0.05308011174201965,0.33892807364463806,0.46143192052841187,-0.013023555278778076,0.3642417788505554,0.3797391951084137,-0.027648676186800003,0.3786398470401764,0.328046977519989,-0.04153146594762802,0.3899056613445282,0.2851342558860779,-0.0516955591738224,0.29842647910118103,0.4484149217605591,-0.011660360731184483,0.30854853987693787,0.35535696148872375,-0.021500997245311737,0.3115510046482086,0.2959582507610321,-0.034126803278923035,0.31291720271110535,0.2508746385574341,-0.043625425547361374,0.26323068141937256,0.45874860882759094,-0.0146285779774189,0.2632015645503998,0.37134456634521484,-0.025722773745656013,0.26213136315345764,0.3121691346168518,-0.039119768887758255,0.261501282453537,0.2634890675544739,-0.0487743616104126,0.2281518280506134,0.48960548639297485,-0.020803548395633698,0.21583926677703857,0.4290975034236908,-0.03240567818284035,0.20956142246723175,0.3855553865432739,-0.03932037204504013,0.2057722806930542,0.34436118602752686,-0.0439053513109684
0.29356813430786133,0.669791579246521,4.821246193387196e-07,0.34292227029800415,0.6372673511505127,-0.028858784586191177,0.37523603439331055,0.571788489818573,-0.037983909249305725,0.34760409593582153,0.5226981043815613,-0.044717803597450256,0.31185442209243774,0.503416121006012,-0.05103622004389763,0.3551669418811798,0.4501535892486572,-0.014506816864013672,0.37984928488731384,0.3718050420284271,-0.028813498094677925,0.3929142355918884,0.32134848833084106,-0.042749807238578796,0.40215376019477844,0.27883607149124146,-0.05331970751285553,0.3145645558834076,0.4363113343715668,-0.013244140893220901,0.3240230977535248,0.3420115113258362,-0.023253826424479485,0.3280829191207886,0.283449649810791,-0.03649256005883217,0.3298790454864502,0.23762749135494232,-0.046532757580280304,0.27853095531463623,0.44721537828445435,-0.016128957271575928,0.2761407792568207,0.3616136312484741,-0.02752191759645939,0.27669721841812134,0.3040020763874054,-0.04204779863357544,0.27738097310066223,0.2551792860031128,-0.05268016830086708,0.24306431412696838,0.4784657061100006,-0.022105107083916664,0.23145535588264465,0.41839301586151123,-0.03401965647935867,0.22508013248443604,0.3763955533504486,-0.04186864197254181,0.2207833230495453,0.33572152256965637,-0.04749199002981186
0.3103766143321991,0.662129819393158,4.662780952457979e-07,0.3608914911746979,0.6300861239433289,-0.029281126335263252,0.3941996395587921,0.5678391456604004,-0.039163511246442795,0.37072446942329407,0.5163910984992981,-0.046876758337020874,0.33667659759521484,0.4928205609321594,-0.05402013659477234,0.3750104308128357,0.44364243745803833,-0.01409657672047615,0.39973723888397217,0.3650120794773102,-0.02920650690793991,0.4133664071559906,0.31449902057647705,-0.04417802020907402,0.4236835539340973,0.2706332206726074,-0.055640529841184616,0.3355000913143158,0.4289034605026245,-0.01273274514824152,0.3436359763145447,0.3368462026119232,-0.023650942370295525,0.34712815284729004,0.2793017029762268,-0.037972886115312576,0.34881791472435,0.23255307972431183,-0.04882637783885002,0.3001553416252136,0.4383602440357208,-0.015589646995067596,0.297546923160553,0.354028582572937,-0.028108175843954086,0.2972453534603119,0.2960415184497833,-0.04338133707642555,0.2971573770046234,0.24580489099025726,-0.05442750081419945,0.26574382185935974,0.46796733140945435,-0.021560486406087875,0.25359946489334106,0.4095330834388733,-0.03482283279299736,0.24633195996284485,0.3688197731971741,-0.04340461269021034,0.24074530601501465,0.32944178581237793,-0.049274712800979614
0.33419641852378845,0.6636403799057007,4.6403715714404825e-07,0.382550448179245,0.630293071269989,-0.02796592377126217,0.4168667793273926,0.5692157745361328,-0.03775128722190857,0.39134740829467773,0.5182758569717407,-0.04554155096411705,0.35622939467430115,0.49628010392189026,-0.052816230803728104,0.3960748314857483,0.44682177901268005,-0.013306686654686928,0.420767605304718,0.36904653906822205,-0.02822059951722622,0.43377137184143066,0.31903862953186035,-0.04267115890979767,0.44286829233169556,0.2765922546386719,-0.05323199927806854,0.35490256547927856,0.4335247278213501,-0.012647084891796112,0.3638833463191986,0.3397926390171051,-0.02279024012386799,0.3672117292881012,0.2824113667011261,-0.035689178854227066,0.36857861280441284,0.23731254041194916,-0.0453958697617054,0.3184589743614197,0.44399479031562805,-0.01604260876774788,0.3177371323108673,0.36005592346191406,-0.02692769095301628,0.31917691230773926,0.30314862728118896,-0.03949539363384247,0.32050883769989014,0.25577735900878906,-0.048682425171136856,0.281829833984375,0.4745301604270935,-0.02262224443256855,0.2722099721431732,0.41355273127555847,-0.03327447175979614,0.266913503408432,0.37216562032699585,-0.03887995705008507,0.26286691427230835,0.33335545659065247,-0.042678214609622955
0.35164692997932434,0.6687596440315247,4.681351128965616e-07,0.4028126895427704,0.6376762390136719,-0.029513904824852943,0.43762534856796265,0.5780870914459229,-0.039885953068733215,0.41593292355537415,0.5266095399856567,-0.048105623573064804,0.3822746276855469,0.5045880079269409,-0.055461134761571884,0.4180119037628174,0.4520002007484436,-0.0136497113853693,0.4426863193511963,0.3739051818847656,-0.027752235531806946,0.45593535900115967,0.3251829743385315,-0.04183291643857956,0.46471354365348816,0.2836361527442932,-0.05247673764824867,0.3787384331226349,0.43783020973205566,-0.01189702469855547,0.3879764974117279,0.34674352407455444,-0.021416453644633293,0.3908693790435791,0.2889716625213623,-0.03451533988118172,0.3911072909832001,0.244517520070076,-0.044827673584222794,0.34220921993255615,0.4468018710613251,-0.014468624256551266,0.34126409888267517,0.3643411099910736,-0.025487760081887245,0.34144288301467896,0.310650110244751,-0.039540279656648636,0.34065043926239014,0.26698997616767883,-0.049902524799108505,0.30533960461616516,0.4755229949951172,-0.02028714306652546,0.2948695123195648,0.4160342514514923,-0.03227981552481651,0.2862304151058197,0.3766392469406128,-0.040048547089099884,0.2774525582790375,0.34012144804000854,-0.04542334005236626
0.3641395568847656,0.6771613359451294,4.498199075442244e-07,0.4130168855190277,0.6472930312156677,-0.02914590947329998,0.44923701882362366,0.5889847278594971,-0.04099100083112717,0.4295983910560608,0.5378071069717407,-0.05056937038898468,0.3936900198459625,0.5132853984832764,-0.05981723591685295,0.4306958317756653,0.4610448181629181,-0.019186636433005333,0.4568065404891968,0.3843063712120056,-0.035550326108932495,0.4696734547615051,0.33442753553390503,-0.050834137946367264,0.4780118763446808,0.290895938873291,-0.06237701699137688,0.39026618003845215,0.4453878104686737,-0.018696025013923645,0.40003618597984314,0.35335272550582886,-0.030290856957435608,0.40315860509872437,0.2972569465637207,-0.043739624321460724,0.4035363495349884,0.2535952031612396,-0.054204266518354416,0.35283729434013367,0.45459097623825073,-0.02204923704266548,0.3519030511379242,0.3690171539783478,-0.034667450934648514,0.3534073531627655,0.31336647272109985,-0.04808193817734718,0.3539770841598511,0.2669356167316437,-0.05808189511299133,0.31556928157806396,0.4847356677055359,-0.02845151536166668,0.3044177293777466,0.4223494529724121,-0.041579265147447586,0.2970361113548279,0.38103237748146057,-0.048752445727586746,0.2900896668434143,0.34235870838165283,-0.053682539612054825
0.36119478940963745,0.6768953800201416,4.725238795799669e-07,0.4090389609336853,0.6489591002464294,-0.031258441507816315,0.44375357031822205,0.5905700922012329,-0.043370191007852554,0.4241538941860199,0.5403505563735962,-0.05292315036058426,0.3886072635650635,0.5168352723121643,-0.06199955940246582,0.4254974126815796,0.4615371823310852,-0.019299259409308434,0.45179423689842224,0.3839455246925354,-0.034556176513433456,0.4648699164390564,0.3345264494419098,-0.04936184361577034,0.4733755886554718,0.2912735939025879,-0.06087854132056236,0.38649889826774597,0.4471163749694824,-0.017562219873070717,0.3970305621623993,0.3553670346736908,-0.028203381225466728,0.39975202083587646,0.29872140288352966,-0.04219793528318405,0.39991527795791626,0.25462889671325684,-0.05348610877990723,0.35004109144210815,0.4572090208530426,-0.01991676725447178,0.3493061363697052,0.3735620081424713,-0.031456850469112396,0.3503197729587555,0.3174840211868286,-0.046268630772829056,0.35046207904815674,0.27107030153274536,-0.05770789831876755,0.3139304518699646,0.4870966076850891,-0.025582939386367798,0.30401134490966797,0.426361620426178,-0.0377269983291626,0.2963510751724243,0.38542798161506653,-0.04600457102060318,0.28913614153862,0.3473752439022064,-0.05230499058961868
0.35960376262664795,0.6771060228347778,4.590447133523412e-07,0.40820562839508057,0.6489098072052002,-0.030682042241096497,0.4437441825866699,0.5901554822921753,-0.04231082648038864,0.42402026057243347,0.5398172736167908,-0.0515146479010582,0.38833099603652954,0.5158882737159729,-0.06020863726735115,0.4260792136192322,0.4610939621925354,-0.017679914832115173,0.45165812969207764,0.38460320234298706,-0.0324588268995285,0.46441662311553955,0.3356288969516754,-0.047127921134233475,0.47257566452026367,0.29251188039779663,-0.058598000556230545,0.38640549778938293,0.4460386335849762,-0.016040150076150894,0.396594375371933,0.3555362820625305,-0.026192842051386833,0.3993130326271057,0.2991316318511963,-0.03977430611848831,0.399291455745697,0.25489112734794617,-0.050759457051754,0.34952688217163086,0.45566269755363464,-0.018536878749728203,0.34887146949768066,0.3726114332675934,-0.029699821025133133,0.35002943873405457,0.317621648311615,-0.04377978667616844,0.35022830963134766,0.2715035676956177,-0.054649531841278076,0.31310635805130005,0.4852449893951416,-0.02437233366072178,0.30347591638565063,0.4247009754180908,-0.03631602227687836,0.29602307081222534,0.3839626610279083,-0.044188130646944046,0.2889336943626404,0.3457260727882385,-0.05009981617331505
0.3627663850784302,0.6800407767295837,4.667459734264412e-07,0.41081905364990234,0.6535441279411316,-0.031194966286420822,0.4481910467147827,0.5947575569152832,-0.043585240840911865,0.42851129174232483,0.5427895784378052,-0.05331244692206383,0.39098745584487915,0.5206596851348877,-0.06258295476436615,0.42973849177360535,0.4654027223587036,-0.020217973738908768,0.4559338688850403,0.38818392157554626,-0.03618905320763588,0.46918731927871704,0.33864712715148926,-0.05113157257437706,0.4777846336364746,0.29581356048583984,-0.062484726309776306,0.38987743854522705,0.44939160346984863,-0.01873166114091873,0.4006686508655548,0.35682836174964905,-0.029916539788246155,0.40381327271461487,0.300212025642395,-0.04337560757994652,0.40409985184669495,0.25691455602645874,-0.053977854549884796,0.352840781211853,0.4582970142364502,-0.02127084881067276,0.3527098000049591,0.3737562596797943,-0.03324832394719124,0.3539564907550812,0.3179149627685547,-0.04698878526687622,0.3540864586830139,0.2722903788089752,-0.05739131569862366,0.31568261981010437,0.4876099228858948,-0.027106035500764847,0.30567875504493713,0.4251558482646942,-0.03942571207880974,0.29804617166519165,0.38390153646469116,-0.046759847551584244,0.2907344400882721,0.34584152698516846,-0.052087850868701935
0.36074298620224,0.6803696155548096,4.6516834117937833e-07,0.40865352749824524,0.6546388268470764,-0.032092589884996414,0.44605374336242676,0.5975265502929688,-0.04523731768131256,0.42819708585739136,0.546453595161438,-0.05563754960894585,0.3915749788284302,0.5225052237510681,-0.06560879945755005,0.42753395438194275,0.4666306674480438,-0.02223185822367668,0.4534589648246765,0.38987618684768677,-0.03925381228327751,0.4668424427509308,0.3401705026626587,-0.05503948777914047,0.4760710895061493,0.2962157726287842,-0.067057766020298,0.38820990920066833,0.45075008273124695,-0.02072707749903202,0.39884451031684875,0.3594987690448761,-0.032940249890089035,0.4015490710735321,0.30296382308006287,-0.047072235494852066,0.40196096897125244,0.258180171251297,-0.05833294615149498,0.35143914818763733,0.459795743227005,-0.023290596902370453,0.35147202014923096,0.3756091296672821,-0.03606383875012398,0.35283344984054565,0.32011497020721436,-0.04990216717123985,0.3534182608127594,0.2732996940612793,-0.060489434748888016,0.31450986862182617,0.48929327726364136,-0.029263721778988838,0.3048015534877777,0.42712536454200745,-0.04214298725128174,0.2975751757621765,0.3858712613582611,-0.0496976412832737,0.29076042771339417,0.34675124287605286,-0.05531230568885803
0.35894060134887695,0.680440366268158,4.695107520547026e-07,0.40778714418411255,0.6550328731536865,-0.03153155371546745,0.4452539086341858,0.5975172519683838,-0.04387693107128143,0.4277810752391815,0.5453956723213196,-0.05364537611603737,0.390999972820282,0.5227240920066833,-0.062956303358078,0.42671552300453186,0.46517032384872437,-0.019426843151450157,0.45284977555274963,0.3883194327354431,-0.03488343581557274,0.4657837152481079,0.3388158679008484,-0.049628544598817825,0.4742448031902313,0.2956938147544861,-0.06101344898343086,0.38737568259239197,0.45001718401908875,-0.017774073407053947,0.3977746069431305,0.3590860962867737,-0.02866947278380394,0.4004460871219635,0.30239665508270264,-0.04197259619832039,0.4006872773170471,0.2581180930137634,-0.05259926617145538,0.3507484197616577,0.45930927991867065,-0.02027733251452446,0.35083815455436707,0.3754867911338806,-0.03203267231583595,0.352225661277771,0.32017844915390015,-0.04533911868929863,0.35279563069343567,0.27404075860977173,-0.05552804097533226,0.3141458034515381,0.4888436496257782,-0.026216765865683556,0.3045937418937683,0.42771899700164795,-0.03836900740861893,0.2975814938545227,0.38699790835380554,-0.045584823936223984,0.2910473346710205,0.34888511896133423,-0.05091097578406334
0.3627144694328308,0.6814443469047546,4.6307496859299135e-07,0.4117540419101715,0.6543945074081421,-0.03014816902577877,0.4485909044742584,0.5953494906425476,-0.04202309623360634,0.43137797713279724,0.5429530739784241,-0.05149577558040619,0.39501574635505676,0.5224178433418274,-0.06069173663854599,0.42979609966278076,0.4677537679672241,-0.019691817462444305,0.4563264846801758,0.39241862297058105,-0.035930268466472626,0.47057026624679565,0.34360960125923157,-0.05138951539993286,0.48033857345581055,0.3005763292312622,-0.06316149234771729,0.38986465334892273,0.4512046277523041,-0.01882263459265232,0.4004983603954315,0.36036473512649536,-0.030217748135328293,0.4037379026412964,0.30391186475753784,-0.043734725564718246,0.40442129969596863,0.25916922092437744,-0.054456133395433426,0.3525252342224121,0.4598029851913452,-0.021888580173254013,0.35266295075416565,0.3752625584602356,-0.0341353677213192,0.3542207181453705,0.3198620676994324,-0.04762769117951393,0.35491567850112915,0.27382752299308777,-0.05782147869467735,0.31534409523010254,0.4893830120563507,-0.02820788510143757,0.3055732846260071,0.42659130692481995,-0.04069261997938156,0.2983824610710144,0.3850209414958954,-0.047854769974946976,0.2915760278701782,0.3464677333831787,-0.053072988986968994
0.37384387850761414,0.6859605312347412,4.7297479000008025e-07,0.4222714900970459,0.6599173545837402,-0.03018037974834442,0.45865973830223083,0.6015934944152832,-0.04277150332927704,0.44410890340805054,0.5472748279571533,-0.053178537636995316,0.40810197591781616,0.5267024040222168,-0.06354424357414246,0.43941545486450195,0.47304630279541016,-0.02151269093155861,0.4651048481464386,0.39670395851135254,-0.03937413543462753,0.478807657957077,0.3474135398864746,-0.05563146993517876,0.4885234832763672,0.3039025366306305,-0.06800221651792526,0.40027132630348206,0.45640864968299866,-0.021663617342710495,0.41152143478393555,0.36363422870635986,-0.035219449549913406,0.4154534637928009,0.3053821325302124,-0.04984622448682785,0.41673412919044495,0.25850367546081543,-0.0611991323530674,0.36262694001197815,0.46567481756210327,-0.025741340592503548,0.36254388093948364,0.37883323431015015,-0.04052494466304779,0.36314821243286133,0.32225877046585083,-0.05509917438030243,0.3635488748550415,0.2747088074684143,-0.06582135707139969,0.32418519258499146,0.4960927367210388,-0.032943740487098694,0.31392592191696167,0.43382933735847473,-0.0478094145655632,0.30694299936294556,0.3920403718948364,-0.05621681362390518,0.30106279253959656,0.3525235652923584,-0.06222456693649292
0.3748047947883606,0.6895759105682373,4.6621738647445454e-07,0.42531171441078186,0.6640538573265076,-0.030628647655248642,0.4634312093257904,0.6045485734939575,-0.04260723665356636,0.4467633366584778,0.5498688220977783,-0.0521230474114418,0.4102359712123871,0.5295728445053101,-0.06141171231865883,0.44467347860336304,0.4748726785182953,-0.020711403340101242,0.4697858393192291,0.3983142673969269,-0.03715517371892929,0.48298048973083496,0.34915661811828613,-0.052400730550289154,0.49189865589141846,0.3056110441684723,-0.06420499831438065,0.4039737582206726,0.4578239321708679,-0.020419981330633163,0.41417014598846436,0.3641015589237213,-0.03237029165029526,0.41776448488235474,0.30650094151496887,-0.04564571753144264,0.41878756880760193,0.2606186866760254,-0.056145746260881424,0.3656994700431824,0.467019647359848,-0.024172883480787277,0.36524227261543274,0.3803899884223938,-0.03764524310827255,0.3657740354537964,0.3256157636642456,-0.05117444694042206,0.36633363366127014,0.2796231508255005,-0.061274025589227676,0.32698601484298706,0.49758681654930115,-0.031178083270788193,0.31604206562042236,0.43486249446868896,-0.044976383447647095,0.30908703804016113,0.39438456296920776,-0.05252077057957649,0.30345824360847473,0.3556889295578003,-0.05800002068281174
0.37609168887138367,0.6935893297195435,4.6597949676652206e-07,0.42653536796569824,0.6673821210861206,-0.03013378567993641,0.4639339745044708,0.6074708104133606,-0.042129214853048325,0.44681620597839355,0.5521948337554932,-0.05179663002490997,0.40961700677871704,0.5335420370101929,-0.06124229356646538,0.44583916664123535,0.4771462380886078,-0.02067062258720398,0.4718298017978668,0.39947643876075745,-0.03722134232521057,0.48539024591445923,0.3500467538833618,-0.052332665771245956,0.49460023641586304,0.30733251571655273,-0.06382545083761215,0.40478187799453735,0.46042606234550476,-0.020518042147159576,0.4149337410926819,0.3655945658683777,-0.032239772379398346,0.41865095496177673,0.30746370553970337,-0.045017071068286896,0.4196283519268036,0.26299095153808594,-0.055067986249923706,0.3664112687110901,0.4699257016181946,-0.02435975708067417,0.3658706247806549,0.38323378562927246,-0.03704393282532692,0.3667636215686798,0.32724177837371826,-0.04998107627034187,0.367453932762146,0.28154799342155457,-0.059759218245744705,0.327850878238678,0.500978946685791,-0.031470078974962234,0.31671997904777527,0.4385334551334381,-0.04433462768793106,0.3097788095474243,0.397686243057251,-0.05123693495988846,0.303927481174469,0.3596956729888916,-0.05627954751253128
0.38388729095458984,0.733296275138855,4.113676652650611e-07,0.4293510913848877,0.7043887972831726,-0.027639392763376236,0.4666610360145569,0.6451813578605652,-0.04031619429588318,0.45321112871170044,0.5931382179260254,-0.051579270511865616,0.41710129380226135,0.5832614898681641,-0.06284335255622864,0.44930553436279297,0.5182919502258301,-0.019762517884373665,0.4734484553337097,0.4408762454986572,-0.037704288959503174,0.4865887761116028,0.39300233125686646,-0.05435007065534592,0.49539312720298767,0.3515424132347107,-0.06665016710758209,0.41079336404800415,0.5036541819572449,-0.021764112636446953,0.4215107262134552,0.40981078147888184,-0.035731710493564606,0.4251845180988312,0.34993189573287964,-0.05047101899981499,0.425314724445343,0.3035441040992737,-0.061651214957237244,0.37403276562690735,0.5123979449272156,-0.02750285342335701,0.3727813959121704,0.42452874779701233,-0.041702356189489365,0.3728232681751251,0.36676275730133057,-0.055218808352947235,0.3726077973842621,0.3205091953277588,-0.06486142426729202,0.33589038252830505,0.5415290594100952,-0.03632736951112747,0.3242974877357483,0.4733756482601166,-0.049652550369501114,0.3166612386703491,0.4269673824310303,-0.05655711144208908,0.31114286184310913,0.3845193386077881,-0.061451319605112076
0.3885059654712677,0.7574300765991211,4.700508497990086e-07,0.4357258975505829,0.7287954688072205,-0.02910713665187359,0.47214698791503906,0.6712565422058105,-0.04197419062256813,0.4553181529045105,0.6239968538284302,-0.05282330513000488,0.41962429881095886,0.6144328713417053,-0.06374350935220718,0.4512411653995514,0.5434898138046265,-0.0216311477124691,0.47632360458374023,0.4662724733352661,-0.039347317069768906,0.48960909247398376,0.41637277603149414,-0.05567055568099022,0.49869197607040405,0.37279781699180603,-0.06789910048246384,0.41221940517425537,0.527153730392456,-0.02234354428946972,0.4228385388851166,0.4330978989601135,-0.035805296152830124,0.42795249819755554,0.3736571669578552,-0.050275497138500214,0.42993590235710144,0.3267086148262024,-0.06142594665288925,0.37564617395401,0.5356621146202087,-0.026817146688699722,0.3738284111022949,0.4476609230041504,-0.04093952476978302,0.3755154609680176,0.3905438780784607,-0.05533543974161148,0.3768976032733917,0.34391945600509644,-0.06573531031608582,0.3385264575481415,0.5652317404747009,-0.03433573246002197,0.32594528794288635,0.4990423023700714,-0.047890130430459976,0.31889620423316956,0.4537661671638489,-0.055608149617910385,0.3135972023010254,0.4117615222930908,-0.061196986585855484
0.38204872608184814,0.7906488180160522,4.5830768158339197e-07,0.42838895320892334,0.7633334398269653,-0.02747344598174095,0.46487894654273987,0.7066220045089722,-0.039827439934015274,0.4526643753051758,0.6604659557342529,-0.0506066232919693,0.4176443815231323,0.6559596657752991,-0.061615075916051865,0.4437740445137024,0.5803154706954956,-0.021151216700673103,0.470933198928833,0.5040218830108643,-0.03890687972307205,0.4855707585811615,0.4555409252643585,-0.05565466359257698,0.4961826205253601,0.413409024477005,-0.06828656792640686,0.40596139430999756,0.5644027590751648,-0.02289017103612423,0.4167183041572571,0.46961677074432373,-0.036250680685043335,0.4222269654273987,0.40951430797576904,-0.051211509853601456,0.42512673139572144,0.3614966571331024,-0.06288944184780121,0.3705030083656311,0.5731901526451111,-0.028130097314715385,0.36982280015945435,0.48566964268684387,-0.04173779487609863,0.3714940547943115,0.42713409662246704,-0.05659668520092964,0.3733940124511719,0.3785439133644104,-0.067679263651371,0.334929883480072,0.6023972034454346,-0.03629093989729881,0.32162293791770935,0.5386164784431458,-0.049612026661634445,0.31374216079711914,0.49444901943206787,-0.057498618960380554,0.3080805540084839,0.45358985662460327,-0.06338705122470856
0.37394899129867554,0.802928626537323,5.017494686399004e-07,0.42100149393081665,0.7774991393089294,-0.0302305705845356,0.4581634998321533,0.722279965877533,-0.04380843788385391,0.44602465629577637,0.6749334335327148,-0.05535765737295151,0.4102129638195038,0.6683716177940369,-0.06700989603996277,0.43581101298332214,0.5946868062019348,-0.02416280098259449,0.4642341732978821,0.5183232426643372,-0.04381603002548218,0.4810783267021179,0.4710317850112915,-0.061811596155166626,0.4941256642341614,0.43009433150291443,-0.07490124553442001,0.3976860046386719,0.5776298642158508,-0.024697521701455116,0.4093887209892273,0.4808896780014038,-0.038961075246334076,0.4160291254520416,0.4200395941734314,-0.05454475060105324,0.42015981674194336,0.37112006545066833,-0.06649808585643768,0.362448126077652,0.5860511660575867,-0.028938744217157364,0.3604448735713959,0.4998945891857147,-0.042861130088567734,0.36201998591423035,0.44165661931037903,-0.0575866624712944,0.36447271704673767,0.3926384449005127,-0.06852594763040543,0.32715532183647156,0.6153128743171692,-0.03643388673663139,0.3145654797554016,0.5538340210914612,-0.049299050122499466,0.3071192800998688,0.5116109848022461,-0.05661281198263168,0.3022218942642212,0.47212880849838257,-0.06213304400444031
0.36831697821617126,0.8091152906417847,5.164408207747329e-07,0.41406914591789246,0.7856011390686035,-0.031379662454128265,0.4524014890193939,0.7351506948471069,-0.04652370885014534,0.4386979639530182,0.6917287111282349,-0.059542592614889145,0.4046339988708496,0.6823387145996094,-0.07267872244119644,0.4296221137046814,0.6042646169662476,-0.026489784941077232,0.45691365003585815,0.5287966132164001,-0.047081656754016876,0.4734368324279785,0.48045414686203003,-0.06567081809043884,0.4864501655101776,0.43805742263793945,-0.07929295301437378,0.39091455936431885,0.5869344472885132,-0.027080561965703964,0.4024650454521179,0.4918324947357178,-0.042405154556035995,0.4093838930130005,0.43223875761032104,-0.05880047753453255,0.4139898717403412,0.38326168060302734,-0.07158651202917099,0.3549105226993561,0.5949708223342896,-0.03146757930517197,0.35314807295799255,0.5098035931587219,-0.04644370079040527,0.3548416495323181,0.45269250869750977,-0.061968933790922165,0.3572584390640259,0.4034128785133362,-0.07361865043640137,0.3190182149410248,0.6239864230155945,-0.03912026062607765,0.30781280994415283,0.5619624853134155,-0.052976883947849274,0.30090752243995667,0.5205710530281067,-0.06103307753801346,0.2958707809448242,0.481006383895874,-0.06717628985643387
0.3628219664096832,0.8150297403335571,4.993416951037943e-07,0.4073922038078308,0.7923309803009033,-0.031254373490810394,0.44462740421295166,0.7442329525947571,-0.04689284786581993,0.42829984426498413,0.7043455839157104,-0.06041386350989342,0.3961869180202484,0.6892136931419373,-0.07395313680171967,0.42548075318336487,0.6127537488937378,-0.026545150205492973,0.45193079113960266,0.5417503118515015,-0.04774697870016098,0.4690687358379364,0.4961353540420532,-0.06700160354375839,0.4825642704963684,0.45581692457199097,-0.08093104511499405,0.3859884440898895,0.5956048369407654,-0.027541490271687508,0.3962962329387665,0.502508282661438,-0.04382137581706047,0.40303632616996765,0.44367194175720215,-0.06122199818491936,0.4077565670013428,0.39414942264556885,-0.07466893643140793,0.3492067754268646,0.6042488217353821,-0.032365623861551285,0.3461095094680786,0.5201351642608643,-0.04881587252020836,0.3471643328666687,0.4618256986141205,-0.06545373052358627,0.3494512438774109,0.41132134199142456,-0.07754881680011749,0.312286376953125,0.6334214806556702,-0.04030465707182884,0.3004048764705658,0.5687859058380127,-0.05540698766708374,0.29299408197402954,0.5247361660003662,-0.06418231129646301,0.2882124185562134,0.4827479124069214,-0.07067850232124329
0.35245540738105774,0.8262307643890381,5.002081593374896e-07,0.39991363883018494,0.8019318580627441,-0.030004533007740974,0.43734705448150635,0.7532015442848206,-0.04426128417253494,0.42037972807884216,0.7117875218391418,-0.05653907731175423,0.3884511888027191,0.696040689945221,-0.06862817704677582,0.41864538192749023,0.6209458112716675,-0.022488297894597054,0.44594261050224304,0.5471282005310059,-0.04193533957004547,0.4630576968193054,0.5012593269348145,-0.06006385013461113,0.4763091206550598,0.4613761603832245,-0.07306253165006638,0.3802144229412079,0.6037576198577881,-0.022858228534460068,0.3920188248157501,0.5114723443984985,-0.03709377348423004,0.39972591400146484,0.45276951789855957,-0.05338241159915924,0.40491077303886414,0.40460970997810364,-0.06589486449956894,0.3441528081893921,0.6111879348754883,-0.0270758718252182,0.34309378266334534,0.5272384881973267,-0.041443344205617905,0.3461378216743469,0.470716267824173,-0.05697076395153999,0.3494122624397278,0.4229055643081665,-0.06822480261325836,0.30783939361572266,0.6390761137008667,-0.03439312428236008,0.2973628342151642,0.5756840109825134,-0.048050977289676666,0.2906982898712158,0.5322556495666504,-0.05601527914404869,0.28554069995880127,0.49170032143592834,-0.061643823981285095
0.34341299533843994,0.8371199369430542,5.035764729655057e-07,0.38975054025650024,0.8148467540740967,-0.03002755530178547,0.42857012152671814,0.7676668167114258,-0.04452128708362579,0.41274020075798035,0.7238835096359253,-0.05699765682220459,0.3779352605342865,0.7114408612251282,-0.06938403844833374,0.41047149896621704,0.635636568069458,-0.023249808698892593,0.4404360353946686,0.5624257922172546,-0.04263926297426224,0.45843246579170227,0.5160106420516968,-0.06050784885883331,0.4725097119808197,0.47514429688453674,-0.07334849238395691,0.37294963002204895,0.6155756115913391,-0.02354859746992588,0.3879794478416443,0.5227761268615723,-0.037424296140670776,0.39650577306747437,0.4645178020000458,-0.05257085710763931,0.4023165702819824,0.41759708523750305,-0.06405124068260193,0.33755382895469666,0.6208453178405762,-0.027605820447206497,0.3390020728111267,0.5352595448493958,-0.041358981281518936,0.3427705764770508,0.4784836769104004,-0.055514145642519,0.34668421745300293,0.4309045672416687,-0.06579010933637619,0.3017422556877136,0.6475690007209778,-0.034843746572732925,0.29274821281433105,0.5849589705467224,-0.04775325953960419,0.2865673005580902,0.542653501033783,-0.05461059510707855,0.28173744678497314,0.5036604404449463,-0.05936292186379433
0.3329398036003113,0.842410683631897,5.198260737415694e-07,0.3787246346473694,0.8194662928581238,-0.03081410378217697,0.41577577590942383,0.7702902555465698,-0.04566334933042526,0.39562463760375977,0.7276501059532166,-0.058046404272317886,0.3590778112411499,0.7148720622062683,-0.07055462896823883,0.39794930815696716,0.6416431665420532,-0.026602553203701973,0.42679843306541443,0.5677735805511475,-0.04596954956650734,0.44352734088897705,0.5189520120620728,-0.06307825446128845,0.45672687888145447,0.4762685298919678,-0.07566078007221222,0.35911351442337036,0.623060941696167,-0.02698313631117344,0.37128034234046936,0.5296397805213928,-0.0415886752307415,0.379068523645401,0.4710817337036133,-0.05689724162220955,0.38470518589019775,0.42362773418426514,-0.06869377940893173,0.3232939839363098,0.6301794052124023,-0.03094112128019333,0.3237327039241791,0.5438849925994873,-0.04598725587129593,0.3285177946090698,0.4878961741924286,-0.06068263575434685,0.3336423337459564,0.44123375415802,-0.07125434279441833,0.28697532415390015,0.6578244566917419,-0.03795831650495529,0.27631375193595886,0.5930951833724976,-0.05225371569395065,0.2715391516685486,0.5483580827713013,-0.0601448193192482,0.26903054118156433,0.5061813592910767,-0.06573434919118881
0.32557567954063416,0.834831953048706,5.421707101049833e-07,0.37176379561424255,0.8129787445068359,-0.03276454284787178,0.40969568490982056,0.7688125967979431,-0.049315303564071655,0.39107927680015564,0.728151261806488,-0.06303311139345169,0.35792046785354614,0.7087575197219849,-0.07657663524150848,0.39173731207847595,0.6358932852745056,-0.028557943180203438,0.41964682936668396,0.5625582933425903,-0.04945964366197586,0.4368690848350525,0.5147892236709595,-0.06782425940036774,0.4511116147041321,0.47266602516174316,-0.08089399337768555,0.3526526093482971,0.616813063621521,-0.02803453989326954,0.3652515113353729,0.5237379670143127,-0.04351501539349556,0.372951477766037,0.46559938788414,-0.0596020333468914,0.37899458408355713,0.4184029698371887,-0.07177258282899857,0.31633391976356506,0.6235297918319702,-0.03127233311533928,0.3169201910495758,0.5374775528907776,-0.0467953234910965,0.32129815220832825,0.4830455482006073,-0.061430927366018295,0.32645943760871887,0.4375280737876892,-0.07179383933544159,0.27951234579086304,0.6510174870491028,-0.0377093143761158,0.27046945691108704,0.5866941213607788,-0.05179712921380997,0.26664337515830994,0.5435816645622253,-0.05920562148094177,0.26500993967056274,0.5026488900184631,-0.06430057436227798
0.31779423356056213,0.8341422080993652,5.341026962923934e-07,0.3654836416244507,0.8133172988891602,-0.032817721366882324,0.4048742949962616,0.7656809091567993,-0.04873175546526909,0.3888345956802368,0.7210742831230164,-0.061884261667728424,0.353214830160141,0.7107957601547241,-0.07499027252197266,0.3879048824310303,0.6328529119491577,-0.027180271223187447,0.4164358973503113,0.5588170289993286,-0.04658656194806099,0.43270060420036316,0.5103505849838257,-0.06420563161373138,0.4452824890613556,0.4674709439277649,-0.07727601379156113,0.3488207161426544,0.6152755618095398,-0.026590043678879738,0.36063408851623535,0.522573709487915,-0.041569069027900696,0.36798739433288574,0.46371984481811523,-0.05728359892964363,0.3732702136039734,0.4159563183784485,-0.06938759237527847,0.3122784495353699,0.6223828196525574,-0.02981560118496418,0.3123474717140198,0.5377110242843628,-0.04493430256843567,0.31724587082862854,0.4818394184112549,-0.05968471243977547,0.32241711020469666,0.43552717566490173,-0.07019338011741638,0.27514219284057617,0.6489725112915039,-0.03638346865773201,0.2657192051410675,0.5832611322402954,-0.05026696249842644,0.2609271705150604,0.5382722616195679,-0.05800553038716316,0.257963091135025,0.4960935711860657,-0.06354089081287384
0.309856653213501,0.834857702255249,5.26224766872474e-07,0.3580811023712158,0.8126877546310425,-0.031993988901376724,0.3975411057472229,0.7685045599937439,-0.04771263524889946,0.37935858964920044,0.7265059351921082,-0.06092825531959534,0.34555765986442566,0.7098492980003357,-0.0739530473947525,0.381294310092926,0.635608434677124,-0.025345895439386368,0.410862535238266,0.5620440244674683,-0.04438542574644089,0.4277043044567108,0.5144314169883728,-0.06169074773788452,0.4412471652030945,0.4719535708427429,-0.07444791495800018,0.342399001121521,0.6172476410865784,-0.024764131754636765,0.35460230708122253,0.524858295917511,-0.03917136415839195,0.3623642921447754,0.4666089415550232,-0.055076390504837036,0.3687227964401245,0.4185400605201721,-0.06755415350198746,0.3062380850315094,0.6234570145606995,-0.027981536462903023,0.3062730133533478,0.5398355722427368,-0.042335085570812225,0.3106219172477722,0.4845661520957947,-0.05743630602955818,0.3156854808330536,0.4377298057079315,-0.06852617859840393,0.2699945867061615,0.649559736251831,-0.03443627059459686,0.26201021671295166,0.5858659148216248,-0.047636162489652634,0.2577628493309021,0.5425467491149902,-0.05534367635846138,0.25514769554138184,0.5014301538467407,-0.061024002730846405
0.284706175327301,0.8178667426109314,5.805387672808138e-07,0.3319476246833801,0.7947213649749756,-0.031031159684062004,0.36949142813682556,0.7465336918830872,-0.04504060000181198,0.34915685653686523,0.7068947553634644,-0.05665282905101776,0.31315475702285767,0.6921985745429993,-0.06792964786291122,0.3521701395511627,0.6184499859809875,-0.022736981511116028,0.38185712695121765,0.5430924892425537,-0.04107944294810295,0.3997141718864441,0.4949716627597809,-0.05722104385495186,0.41434410214424133,0.4546911418437958,-0.06872450560331345,0.3133183717727661,0.599959135055542,-0.021905915811657906,0.3274122476577759,0.5075932741165161,-0.035436294972896576,0.3359180688858032,0.44795024394989014,-0.050373923033475876,0.3429943025112152,0.40006327629089355,-0.06157584488391876,0.27849864959716797,0.6053484082221985,-0.025042757391929626,0.28069618344306946,0.5193730592727661,-0.03833198919892311,0.2848852276802063,0.4621109962463379,-0.05338979884982109,0.29027676582336426,0.4139162302017212,-0.06407155096530914,0.2446066439151764,0.6308855414390564,-0.031322065740823746,0.23444996774196625,0.5688961744308472,-0.04397648200392723,0.22917227447032928,0.5268980264663696,-0.05156708508729935,0.2262214571237564,0.4868982434272766,-0.05668617784976959
0.27431562542915344,0.8024927377700806,5.561982447943592e-07,0.3216073215007782,0.7803335189819336,-0.03378208354115486,0.3595174551010132,0.7314809560775757,-0.049223944544792175,0.3411779999732971,0.6895067095756531,-0.061932798475027084,0.3051476776599884,0.6738312244415283,-0.0745532289147377,0.3409554362297058,0.6026897430419922,-0.025875482708215714,0.3720761835575104,0.528570830821991,-0.04530758038163185,0.3910945653915405,0.4810311794281006,-0.06316893547773361,0.40641841292381287,0.43975499272346497,-0.07633329927921295,0.3033789098262787,0.583041787147522,-0.02444624714553356,0.316721647977829,0.489181786775589,-0.03870099037885666,0.32318490743637085,0.42927271127700806,-0.05564751476049423,0.3278101682662964,0.3804449439048767,-0.06884285062551498,0.2683158814907074,0.5887914896011353,-0.026980826631188393,0.2705608606338501,0.5007966160774231,-0.04140707850456238,0.27448204159736633,0.44376474618911743,-0.05817757174372673,0.2789890170097351,0.39601147174835205,-0.07056832313537598,0.23291322588920593,0.6158738136291504,-0.03284827619791031,0.2243252992630005,0.5542005896568298,-0.04660511761903763,0.21931445598602295,0.512068510055542,-0.055521752685308456,0.21619105339050293,0.47232943773269653,-0.06214325875043869
0.27351969480514526,0.7963162064552307,5.511101335287094e-07,0.3208654820919037,0.7745328545570374,-0.034085698425769806,0.3599873483181,0.726002037525177,-0.049932487308979034,0.33774712681770325,0.6837282776832581,-0.06284765899181366,0.2992592751979828,0.6682413816452026,-0.07567793875932693,0.3407381772994995,0.597218930721283,-0.02672821655869484,0.3705736994743347,0.522959291934967,-0.04630627483129501,0.3887404203414917,0.4750819206237793,-0.06415804475545883,0.4038037955760956,0.4336426258087158,-0.07727847993373871,0.30196714401245117,0.5774044394493103,-0.02502250485122204,0.31405603885650635,0.484561026096344,-0.03920884430408478,0.3196951150894165,0.4253595471382141,-0.055927325040102005,0.3239766061306,0.37694478034973145,-0.06895545870065689,0.2664446234703064,0.5829084515571594,-0.0272170789539814,0.26809167861938477,0.4964015781879425,-0.041417594999074936,0.27165645360946655,0.4401813745498657,-0.0574101023375988,0.2757358253002167,0.3927432894706726,-0.06929744780063629,0.23081150650978088,0.6095427870750427,-0.03276904672384262,0.22236569225788116,0.5483132004737854,-0.0461101271212101,0.21773938834667206,0.5065814852714539,-0.05425211042165756,0.21468283236026764,0.46679115295410156,-0.06030545383691788
0.2783569097518921,0.7908066511154175,5.40275550520164e-07,0.32813841104507446,0.7644279599189758,-0.028525056317448616,0.36583971977233887,0.7063623666763306,-0.0401698537170887,0.3422946035861969,0.6603853106498718,-0.0499563030898571,0.3027998208999634,0.6551594734191895,-0.060155052691698074,0.34555745124816895,0.5844660401344299,-0.01923060230910778,0.3744218647480011,0.5088999271392822,-0.03641270846128464,0.39157354831695557,0.4596176743507385,-0.05242297425866127,0.405003160238266,0.4178921580314636,-0.064494788646698,0.30699416995048523,0.5670893788337708,-0.01992463506758213,0.3199041187763214,0.4736543893814087,-0.03303671255707741,0.32674089074134827,0.41286662220954895,-0.04850519075989723,0.33111417293548584,0.3641316890716553,-0.06015816703438759,0.27222293615341187,0.5748113393783569,-0.024337168782949448,0.2729305922985077,0.486460417509079,-0.03835394233465195,0.2750352621078491,0.4266722798347473,-0.05460720136761665,0.27730152010917664,0.3768438398838043,-0.06611248850822449,0.2373628318309784,0.60313880443573,-0.03165244683623314,0.22727623581886292,0.5403018593788147,-0.045342784374952316,0.22184430062770844,0.4956910014152527,-0.054084036499261856,0.21830159425735474,0.453418493270874,-0.06027458235621452
0.29615047574043274,0.7805772423744202,5.264352580525156e-07,0.3455244302749634,0.7574031352996826,-0.030323892831802368,0.3860663175582886,0.7046693563461304,-0.04343559592962265,0.3715696334838867,0.6594560742378235,-0.054369229823350906,0.3355580270290375,0.6531960964202881,-0.06562452763319016,0.3613956570625305,0.5771743059158325,-0.023055681958794594,0.38845619559288025,0.5006114840507507,-0.04104810580611229,0.4047912061214447,0.452108770608902,-0.057424332946538925,0.41790688037872314,0.4105769693851471,-0.0699470117688179,0.3221682906150818,0.5597547292709351,-0.023021873086690903,0.3317468762397766,0.4643046259880066,-0.03702598437666893,0.3379276990890503,0.4044089913368225,-0.052537400275468826,0.34215885400772095,0.3580440878868103,-0.06441567093133926,0.2867536246776581,0.5675910115242004,-0.026727929711341858,0.2839388847351074,0.4781187176704407,-0.041730236262083054,0.2858908474445343,0.42032819986343384,-0.05850467458367348,0.2887710928916931,0.3731238842010498,-0.07059159874916077,0.25239884853363037,0.5960878133773804,-0.03342333436012268,0.2397558093070984,0.5350893139839172,-0.04849519580602646,0.2317793071269989,0.49269187450408936,-0.05861116945743561,0.22576701641082764,0.4524937868118286,-0.06591232120990753
0.3310219943523407,0.7730433940887451,4.943776730215177e-07,0.3786616921424866,0.7478336691856384,-0.02644847147166729,0.4168033003807068,0.6957932114601135,-0.03892550617456436,0.4036151170730591,0.6492071151733398,-0.04990525543689728,0.36895808577537537,0.6362849473953247,-0.061484627425670624,0.39560168981552124,0.5667299032211304,-0.022528059780597687,0.42380672693252563,0.4904494285583496,-0.040989331901073456,0.43994608521461487,0.44209152460098267,-0.057529792189598083,0.45248836278915405,0.3994376063346863,-0.06978415697813034,0.35553932189941406,0.5492698550224304,-0.0245643500238657,0.36663976311683655,0.45527172088623047,-0.038227882236242294,0.3721727728843689,0.39701688289642334,-0.05271298438310623,0.375316858291626,0.3509790301322937,-0.06394705176353455,0.3185845911502838,0.5576006770133972,-0.029874075204133987,0.316217303276062,0.4698348641395569,-0.043905109167099,0.31678465008735657,0.41103029251098633,-0.057962849736213684,0.3178878426551819,0.36180299520492554,-0.0683635026216507,0.28167277574539185,0.5873540639877319,-0.03792351111769676,0.2697722613811493,0.5228111147880554,-0.05144277960062027,0.2636851966381073,0.47866928577423096,-0.05854131281375885,0.2595112919807434,0.43688255548477173,-0.06364301592111588
0.35024479031562805,0.7748191952705383,4.994629421162244e-07,0.39861443638801575,0.7482719421386719,-0.030127521604299545,0.438184529542923,0.6904569864273071,-0.04297453165054321,0.42408204078674316,0.6439461708068848,-0.053652074187994,0.3888479769229889,0.639056921005249,-0.06488177925348282,0.4190624952316284,0.564820408821106,-0.024045046418905258,0.4455338418483734,0.48461514711380005,-0.04198680445551872,0.4590686559677124,0.43315941095352173,-0.058817170560359955,0.4685414135456085,0.38709306716918945,-0.07184095680713654,0.37865903973579407,0.5481228232383728,-0.024146396666765213,0.3899928331375122,0.45506757497787476,-0.03789114952087402,0.39400142431259155,0.3962172269821167,-0.05338689684867859,0.39535415172576904,0.3491101861000061,-0.06557517498731613,0.34135955572128296,0.5562620162963867,-0.02781902253627777,0.34045886993408203,0.46820229291915894,-0.04198656603693962,0.3410017788410187,0.4109395444393158,-0.05760829150676727,0.34092381596565247,0.3634040057659149,-0.06919977068901062,0.3033474385738373,0.5854858160018921,-0.03458509221673012,0.2923542857170105,0.5213419795036316,-0.04871882498264313,0.2846325635910034,0.47712424397468567,-0.05735759064555168,0.2777721881866455,0.4354633688926697,-0.06372500211000443
0.3723500669002533,0.7731682658195496,5.134831440045673e-07,0.42101138830184937,0.7452506422996521,-0.027153052389621735,0.4612617492675781,0.689034640789032,-0.039487745612859726,0.4427301287651062,0.6462843418121338,-0.050164610147476196,0.40654459595680237,0.644401490688324,-0.061506304889917374,0.4393981993198395,0.5679054856300354,-0.023486273363232613,0.46919941902160645,0.4911367893218994,-0.04122527688741684,0.48528361320495605,0.4431576430797577,-0.05672589689493179,0.4971720576286316,0.4021219313144684,-0.06836740672588348,0.39843201637268066,0.5509967803955078,-0.025438569486141205,0.40989401936531067,0.45538008213043213,-0.03887047991156578,0.4154402017593384,0.39555084705352783,-0.05322016030550003,0.41782453656196594,0.34864741563796997,-0.06430812925100327,0.36076807975769043,0.5592928528785706,-0.030620818957686424,0.35951924324035645,0.4696909487247467,-0.04489508643746376,0.36096271872520447,0.411600798368454,-0.06027909740805626,0.36218103766441345,0.36286163330078125,-0.07155095040798187,0.32281795144081116,0.588930606842041,-0.03840646147727966,0.31108641624450684,0.5253883600234985,-0.052383195608854294,0.30450189113616943,0.48310863971710205,-0.06035403534770012,0.29891759157180786,0.4428543448448181,-0.06615874916315079
0.38320112228393555,0.7745794057846069,4.919467073705164e-07,0.4322456419467926,0.7483339905738831,-0.027867432683706284,0.4720613360404968,0.69207364320755,-0.04031462222337723,0.45645180344581604,0.6481554508209229,-0.051039718091487885,0.42393195629119873,0.6456575989723206,-0.062075164169073105,0.4542217552661896,0.5658290982246399,-0.022543003782629967,0.48212766647338867,0.4897959530353546,-0.03968467935919762,0.496822714805603,0.4411356747150421,-0.055075835436582565,0.5075422525405884,0.3990015983581543,-0.06704805791378021,0.41338402032852173,0.5473613142967224,-0.024484865367412567,0.4245416820049286,0.45274126529693604,-0.03788217902183533,0.43004781007766724,0.3925939202308655,-0.052049316465854645,0.4330761432647705,0.34393370151519775,-0.06307759135961533,0.3753409683704376,0.5553584098815918,-0.029904251918196678,0.3731578290462494,0.464224636554718,-0.04416856914758682,0.37423887848854065,0.40658140182495117,-0.05938797816634178,0.376120388507843,0.35833409428596497,-0.07051632553339005,0.33749622106552124,0.5857236981391907,-0.038175132125616074,0.3246242105960846,0.5202814340591431,-0.05202699080109596,0.31816157698631287,0.47600996494293213,-0.06043199449777603,0.3139660358428955,0.4335886836051941,-0.06669870018959045
0.3856337368488312,0.7727016806602478,5.058226975052094e-07,0.43484795093536377,0.7480275630950928,-0.028913626447319984,0.47562384605407715,0.6902874708175659,-0.04142509028315544,0.45998337864875793,0.6444446444511414,-0.051994528621435165,0.42483970522880554,0.6420234441757202,-0.06297607719898224,0.4576161503791809,0.5631946921348572,-0.023081164807081223,0.48580387234687805,0.4850066304206848,-0.039912544190883636,0.5007420182228088,0.43520185351371765,-0.05524037033319473,0.5118333101272583,0.39209288358688354,-0.06721328943967819,0.41668063402175903,0.5448270440101624,-0.024146785959601402,0.42853933572769165,0.4501517117023468,-0.037221718579530716,0.43423351645469666,0.38923341035842896,-0.051636289805173874,0.4372316300868988,0.34021544456481934,-0.06298641860485077,0.37851279973983765,0.5523625016212463,-0.028737666085362434,0.3763662874698639,0.4616304039955139,-0.04257680103182793,0.37762677669525146,0.40301772952079773,-0.05810524895787239,0.3795555531978607,0.35435494780540466,-0.06959296017885208,0.34016865491867065,0.5817977786064148,-0.03630298376083374,0.3271552324295044,0.515705943107605,-0.049784693866968155,0.32068440318107605,0.47016817331314087,-0.05840091407299042,0.3165741264820099,0.4265645146369934,-0.06496717035770416
0.3889966905117035,0.767091691493988,5.090749368719116e-07,0.43763113021850586,0.7420443892478943,-0.030039029195904732,0.47629472613334656,0.6871429085731506,-0.043838948011398315,0.46188783645629883,0.6410391926765442,-0.05548916757106781,0.4312038719654083,0.6302262544631958,-0.06737367063760757,0.46040743589401245,0.5604732632637024,-0.02685404196381569,0.4891182780265808,0.4810965955257416,-0.045321688055992126,0.5040996074676514,0.43018075823783875,-0.0611598938703537,0.5149033665657043,0.3861391842365265,-0.07312951982021332,0.4194142818450928,0.5422149300575256,-0.027472475543618202,0.43112796545028687,0.4464084208011627,-0.042301107197999954,0.4366114139556885,0.38529446721076965,-0.05716318637132645,0.4393146336078644,0.3358116149902344,-0.06844686716794968,0.3810817003250122,0.5496518611907959,-0.03151101991534233,0.37838807702064514,0.4588194191455841,-0.04675807058811188,0.3791182041168213,0.3999720811843872,-0.062174681574106216,0.38061094284057617,0.35113081336021423,-0.07322648167610168,0.34329721331596375,0.5785552859306335,-0.0385129451751709,0.33079224824905396,0.512165904045105,-0.05324165150523186,0.32419776916503906,0.4671870470046997,-0.06201528012752533,0.31973743438720703,0.424814909696579,-0.06822577118873596
0.3908146917819977,0.7572664618492126,5.051568336966739e-07,0.4379771053791046,0.7320119142532349,-0.030772460624575615,0.4754161834716797,0.681590735912323,-0.04615147039294243,0.46333780884742737,0.636199951171875,-0.05927977338433266,0.43422237038612366,0.6175045967102051,-0.07251559942960739,0.46229398250579834,0.5519441962242126,-0.0288088321685791,0.49120351672172546,0.47353595495224,-0.04856620728969574,0.505182147026062,0.42225465178489685,-0.06529765576124191,0.5149762034416199,0.3776939809322357,-0.07766462862491608,0.42138874530792236,0.5332877039909363,-0.029219843447208405,0.4332938492298126,0.4372541904449463,-0.044886428862810135,0.4383166432380676,0.3774213194847107,-0.05999498814344406,0.4411551356315613,0.3289383053779602,-0.07145889103412628,0.38285642862319946,0.5403217673301697,-0.03305257484316826,0.38065212965011597,0.4514246881008148,-0.04854779317975044,0.3812750279903412,0.39433157444000244,-0.06333287805318832,0.3828960657119751,0.3470715284347534,-0.07407346367835999,0.34515276551246643,0.5688154697418213,-0.039933569729328156,0.3339046835899353,0.5039284825325012,-0.05434306710958481,0.32777175307273865,0.4600803256034851,-0.06247005611658096,0.3239232897758484,0.4188484251499176,-0.06826778501272202
0.3917160928249359,0.7486786246299744,5.016309501115757e-07,0.4395048916339874,0.7251507043838501,-0.030993502587080002,0.4783278703689575,0.6734169125556946,-0.04592309147119522,0.46658462285995483,0.6262757778167725,-0.05837612599134445,0.43603822588920593,0.6089567542076111,-0.0708356648683548,0.46370139718055725,0.5449472069740295,-0.028566714376211166,0.4923971891403198,0.46709224581718445,-0.04756409302353859,0.5066860914230347,0.4167998433113098,-0.06358497589826584,0.5168973207473755,0.3730763792991638,-0.07555822283029556,0.4225470721721649,0.5262389779090881,-0.02854362688958645,0.4341972768306732,0.43169453740119934,-0.04341477155685425,0.43934687972068787,0.37272512912750244,-0.057603869587183,0.44236886501312256,0.3251555562019348,-0.06842786818742752,0.38415205478668213,0.5331158638000488,-0.031992197036743164,0.3827260136604309,0.44401243329048157,-0.04700695723295212,0.38390177488327026,0.3867192566394806,-0.06139934062957764,0.3858930766582489,0.3389250636100769,-0.07191015779972076,0.34695082902908325,0.5617238283157349,-0.03851041570305824,0.33629557490348816,0.49770522117614746,-0.052731744945049286,0.330097496509552,0.45520150661468506,-0.060784101486206055,0.3257250487804413,0.4149935841560364,-0.06654874235391617
0.38899412751197815,0.7328309416770935,5.004966965316271e-07,0.43609896302223206,0.7059996128082275,-0.02746039442718029,0.4743399918079376,0.6469519138336182,-0.03988844156265259,0.4627792239189148,0.5960239768028259,-0.05056800693273544,0.4273297190666199,0.5871396064758301,-0.06124912202358246,0.4562798738479614,0.5214591026306152,-0.021801350638270378,0.48353156447410583,0.44605177640914917,-0.03888152167201042,0.4980939030647278,0.398471474647522,-0.05409632623195648,0.508112907409668,0.35765886306762695,-0.06559785455465317,0.415705144405365,0.5050638914108276,-0.023545902222394943,0.42611443996429443,0.4110827147960663,-0.03667205199599266,0.4306494891643524,0.35176318883895874,-0.04981454089283943,0.432792991399765,0.3049267530441284,-0.05985986813902855,0.37853097915649414,0.5144928693771362,-0.028807900846004486,0.37501421570777893,0.4264562427997589,-0.04208329692482948,0.3756754696369171,0.36944615840911865,-0.0552150160074234,0.3771800994873047,0.3226662874221802,-0.06477294862270355,0.34187066555023193,0.5451644062995911,-0.037069931626319885,0.3301505148410797,0.47974124550819397,-0.04926208779215813,0.32407838106155396,0.4357109069824219,-0.05591140687465668,0.3204501271247864,0.3944161534309387,-0.06085711717605591
0.3790879249572754,0.7279075980186462,4.820673211725079e-07,0.42680612206459045,0.7014107704162598,-0.028746459633111954,0.46492552757263184,0.642786979675293,-0.04171683266758919,0.4510904550552368,0.5925820469856262,-0.05292125418782234,0.4148428440093994,0.5844738483428955,-0.06444797664880753,0.44517189264297485,0.5160534977912903,-0.02410896122455597,0.4706490635871887,0.4388355314731598,-0.04249047115445137,0.48454827070236206,0.3893487751483917,-0.05873289331793785,0.49463599920272827,0.345686137676239,-0.07112444937229156,0.40475237369537354,0.5000589489936829,-0.025804949924349785,0.41409364342689514,0.40441158413887024,-0.04000447317957878,0.41785919666290283,0.3448111414909363,-0.05432857573032379,0.41956472396850586,0.2975134253501892,-0.06549901515245438,0.36782845854759216,0.5098471641540527,-0.031046418473124504,0.3627179265022278,0.421392023563385,-0.04521551728248596,0.36212003231048584,0.3639602065086365,-0.05920044705271721,0.3626514971256256,0.316781222820282,-0.06956484168767929,0.3315771520137787,0.5410449504852295,-0.03942016884684563,0.3177597224712372,0.47482481598854065,-0.05237056314945221,0.31056642532348633,0.43131765723228455,-0.05977632850408554,0.30573201179504395,0.39090627431869507,-0.06549575179815292
0.36415839195251465,0.7270632982254028,5.010170411878789e-07,0.4141545593738556,0.7033745050430298,-0.03223370388150215,0.4538092613220215,0.6455820202827454,-0.04659506306052208,0.4400775134563446,0.5940387845039368,-0.058406755328178406,0.4033709764480591,0.5886702537536621,-0.07045399397611618,0.43184900283813477,0.5166181325912476,-0.027060620486736298,0.45852911472320557,0.4400993287563324,-0.04653279110789299,0.4733976721763611,0.3896077275276184,-0.06407076120376587,0.4839973747730255,0.34475910663604736,-0.07744430005550385,0.39063116908073425,0.5001170039176941,-0.026888201013207436,0.40008506178855896,0.40477657318115234,-0.04161510989069939,0.4038620591163635,0.34546393156051636,-0.056492313742637634,0.40541428327560425,0.2979678511619568,-0.06825581938028336,0.3532787263393402,0.5092868804931641,-0.030520139262080193,0.35013747215270996,0.4233660399913788,-0.04493746533989906,0.35034143924713135,0.36565423011779785,-0.059025511145591736,0.3507847189903259,0.3173829913139343,-0.06978443264961243,0.3166710138320923,0.5394138097763062,-0.03762419894337654,0.3059709668159485,0.4756838381290436,-0.05055131018161774,0.299761563539505,0.43319982290267944,-0.057846780866384506,0.29484426975250244,0.39305466413497925,-0.06377087533473969
0.35579490661621094,0.7283485531806946,5.023656513003516e-07,0.4061136841773987,0.7047472596168518,-0.031072570011019707,0.4454805850982666,0.6462186574935913,-0.04452379420399666,0.428982675075531,0.5960758328437805,-0.05526435002684593,0.3913738429546356,0.5923472046852112,-0.06613320112228394,0.42451876401901245,0.5193113088607788,-0.026604030281305313,0.4527670741081238,0.44171467423439026,-0.04448188468813896,0.46703627705574036,0.39088743925094604,-0.0603870265185833,0.4766695499420166,0.3466772735118866,-0.07249586284160614,0.3835003674030304,0.5024256706237793,-0.026178918778896332,0.3945438861846924,0.40676742792129517,-0.03966308757662773,0.39966773986816406,0.3465103805065155,-0.05342457816004753,0.4020102620124817,0.2993311882019043,-0.06418036669492722,0.3465333878993988,0.5107764005661011,-0.029303187504410744,0.3434920012950897,0.4231888949871063,-0.04286154732108116,0.34464797377586365,0.365092396736145,-0.0569164901971817,0.34566500782966614,0.31861039996147156,-0.06729321926832199,0.31048136949539185,0.5398561358451843,-0.03566711023449898,0.2981216609477997,0.4739667475223541,-0.04855925962328911,0.29032212495803833,0.42971962690353394,-0.05613582208752632,0.2834721505641937,0.3896252512931824,-0.06180300563573837
0.3309110403060913,0.7345967888832092,5.052241931480239e-07,0.3797268569469452,0.7097822427749634,-0.02849566750228405,0.41618454456329346,0.6535643339157104,-0.041274577379226685,0.40222615003585815,0.6067880988121033,-0.051935359835624695,0.36498165130615234,0.5955977439880371,-0.06243347376585007,0.3969722092151642,0.5248174071311951,-0.02270463854074478,0.4245961904525757,0.44806939363479614,-0.04088710620999336,0.4408215880393982,0.3987143039703369,-0.057267311960458755,0.4528963565826416,0.35665273666381836,-0.06917276233434677,0.3562981188297272,0.5075998902320862,-0.02345919981598854,0.36747121810913086,0.4100950360298157,-0.03610334172844887,0.3730680048465729,0.3512606918811798,-0.049407027661800385,0.3763238191604614,0.3071352541446686,-0.05992269515991211,0.3188914954662323,0.5160657167434692,-0.027876824140548706,0.315666526556015,0.4289068877696991,-0.04036208242177963,0.3161790072917938,0.37336966395378113,-0.05285093933343887,0.31715691089630127,0.3286537528038025,-0.062363624572753906,0.2820383906364441,0.5458557605743408,-0.03541823476552963,0.2711121737957001,0.47987473011016846,-0.04673134163022041,0.26598018407821655,0.4382909834384918,-0.05213690176606178,0.26284700632095337,0.40021273493766785,-0.05640774965286255
0.32122623920440674,0.736382007598877,5.175541559765406e-07,0.37010395526885986,0.7097346186637878,-0.03123602271080017,0.4070362150669098,0.654833197593689,-0.045312270522117615,0.38698673248291016,0.6108981966972351,-0.05668949708342552,0.35007891058921814,0.5999488234519958,-0.06799537688493729,0.38757333159446716,0.5287930369377136,-0.025125274434685707,0.4149646461009979,0.45336663722991943,-0.043725207448005676,0.4303245544433594,0.4040731191635132,-0.06027881056070328,0.4415576457977295,0.36120492219924927,-0.07245908677577972,0.346926212310791,0.5117895603179932,-0.02463814616203308,0.35748040676116943,0.41568201780319214,-0.03819628804922104,0.3635072112083435,0.35717910528182983,-0.052473098039627075,0.3673977255821228,0.3104821741580963,-0.06353317946195602,0.3101663589477539,0.5201614499092102,-0.027953892946243286,0.30759868025779724,0.43510663509368896,-0.04166217893362045,0.3090200424194336,0.38004830479621887,-0.05585531145334244,0.3105713129043579,0.3340265154838562,-0.06631457805633545,0.2741698622703552,0.5489681363105774,-0.03446162864565849,0.2648090422153473,0.4857674837112427,-0.04674522578716278,0.25896817445755005,0.44498589634895325,-0.05359644815325737,0.25418317317962646,0.40643036365509033,-0.058853838592767715
0.30758506059646606,0.738506555557251,5.148460786585929e-07,0.35708481073379517,0.7127022743225098,-0.031646523624658585,0.39363202452659607,0.6565462350845337,-0.04519738256931305,0.37602856755256653,0.6100492477416992,-0.056048277765512466,0.3394639194011688,0.601000189781189,-0.06654966622591019,0.37622976303100586,0.5283804535865784,-0.024161165580153465,0.4048040807247162,0.45109331607818604,-0.04155757650732994,0.42113012075424194,0.40183722972869873,-0.05719011276960373,0.4336552321910858,0.3606249690055847,-0.06879696249961853,0.3358483910560608,0.511940598487854,-0.022805774584412575,0.3458990454673767,0.4170733690261841,-0.035238128155469894,0.3516443371772766,0.35819917917251587,-0.04869471490383148,0.3554786145687103,0.31284913420677185,-0.059101253747940063,0.30001094937324524,0.5203003287315369,-0.025308536365628242,0.2984049320220947,0.434644877910614,-0.037546489387750626,0.30024999380111694,0.37837716937065125,-0.051328111439943314,0.30213436484336853,0.3323596119880676,-0.06159251555800438,0.2663211226463318,0.5495002865791321,-0.03115270286798477,0.25497663021087646,0.48875197768211365,-0.04269695281982422,0.24808509647846222,0.4484286904335022,-0.04966644570231438,0.24217697978019714,0.4112740457057953,-0.054833196103572845
0.30129876732826233,0.7371325492858887,5.065028290118789e-07,0.3495938777923584,0.7120718955993652,-0.032575249671936035,0.3873097896575928,0.6568695306777954,-0.04689595103263855,0.3678414821624756,0.611347496509552,-0.0583949089050293,0.3317214548587799,0.5984828472137451,-0.0697203204035759,0.367850661277771,0.5306909084320068,-0.02715989388525486,0.3963358402252197,0.45402124524116516,-0.046118929982185364,0.4129699766635895,0.40390878915786743,-0.0625782310962677,0.4257117807865143,0.36018747091293335,-0.07475868612527847,0.32826247811317444,0.5130167603492737,-0.02592327632009983,0.33892911672592163,0.41853147745132446,-0.039833590388298035,0.34409016370773315,0.3589898943901062,-0.05421270430088043,0.3472868800163269,0.31109851598739624,-0.06527628749608994,0.2930734157562256,0.520470380783081,-0.028502993285655975,0.29204243421554565,0.4350864291191101,-0.04216153547167778,0.2937808930873871,0.37795889377593994,-0.05685487017035484,0.29569876194000244,0.33001095056533813,-0.06775767356157303,0.25960099697113037,0.5491899847984314,-0.034424811601638794,0.24801772832870483,0.48874756693840027,-0.046941038221120834,0.2405197024345398,0.44934678077697754,-0.054426319897174835,0.23392453789710999,0.4126889705657959,-0.060019601136446
0.2965969443321228,0.734713077545166,5.09928725023201e-07,0.34439054131507874,0.7121047973632812,-0.032846275717020035,0.3816271722316742,0.6582194566726685,-0.047490403056144714,0.36193951964378357,0.613456666469574,-0.059259213507175446,0.3252412676811218,0.6020287275314331,-0.07089289277791977,0.36476704478263855,0.5295747518539429,-0.02753029204905033,0.39283043146133423,0.4532524347305298,-0.04634573310613632,0.4088898301124573,0.40343165397644043,-0.06275158375501633,0.4210572838783264,0.36047157645225525,-0.07491396367549896,0.32454580068588257,0.5120493769645691,-0.026224160566926003,0.33493879437446594,0.4176270067691803,-0.039781827479600906,0.3399924039840698,0.359274297952652,-0.05403042212128639,0.34283655881881714,0.31292667984962463,-0.06509333103895187,0.28877902030944824,0.5197303891181946,-0.02872372791171074,0.28745314478874207,0.43563610315322876,-0.04210655763745308,0.28927192091941833,0.3805551826953888,-0.056450337171554565,0.2909688353538513,0.33473411202430725,-0.06714458763599396,0.25452834367752075,0.5485791563987732,-0.034613318741321564,0.24264118075370789,0.4884510040283203,-0.04716731607913971,0.23545736074447632,0.4487006962299347,-0.0546855628490448,0.22941821813583374,0.41094985604286194,-0.060322199016809464
0.28422510623931885,0.7314931154251099,5.207928097661352e-07,0.33235132694244385,0.7042886018753052,-0.031150933355093002,0.36840876936912537,0.6508961915969849,-0.04521509259939194,0.3426690697669983,0.6098054051399231,-0.05675222724676132,0.3047707974910736,0.5962318181991577,-0.06825501471757889,0.3507556617259979,0.5269089341163635,-0.025253266096115112,0.37877681851387024,0.45069509744644165,-0.04387277737259865,0.39444202184677124,0.4013088345527649,-0.060050465166568756,0.4065954089164734,0.3583962917327881,-0.07191210240125656,0.3108137547969818,0.5092418193817139,-0.02462783269584179,0.3226204514503479,0.41605156660079956,-0.038218215107917786,0.32929155230522156,0.35704299807548523,-0.05281231552362442,0.33410242199897766,0.3096051812171936,-0.06412887573242188,0.2747655510902405,0.5166907906532288,-0.027806250378489494,0.2737972140312195,0.4310164749622345,-0.04147465154528618,0.27656495571136475,0.3760940432548523,-0.05642553046345711,0.2798418700695038,0.3300207555294037,-0.06741567701101303,0.23973679542541504,0.5450175404548645,-0.034115783870220184,0.22902071475982666,0.4830923080444336,-0.047130387276411057,0.22287696599960327,0.44201987981796265,-0.055075839161872864,0.2179497480392456,0.40301424264907837,-0.060889486223459244
0.2726181447505951,0.7270151972770691,5.2479339274214e-07,0.3207267224788666,0.699349045753479,-0.03154120594263077,0.35488635301589966,0.6438291668891907,-0.04520484060049057,0.3283856213092804,0.60169517993927,-0.05610979348421097,0.29113125801086426,0.5848328471183777,-0.06659463047981262,0.34106481075286865,0.5194737911224365,-0.02394208125770092,0.3686980605125427,0.44201841950416565,-0.04178442806005478,0.3850626051425934,0.3918907344341278,-0.05759153515100479,0.39817148447036743,0.3488110303878784,-0.06919719278812408,0.3007444739341736,0.5017978549003601,-0.022738948464393616,0.3112407922744751,0.4074917733669281,-0.03529328852891922,0.31687605381011963,0.3487657904624939,-0.0491747111082077,0.3215228021144867,0.3024812340736389,-0.05989604815840721,0.26466643810272217,0.5094007849693298,-0.025523019954562187,0.2643113136291504,0.4233054518699646,-0.038272056728601456,0.2672339379787445,0.3678781986236572,-0.052570246160030365,0.27085080742836,0.3221547603607178,-0.06312023103237152,0.2298201322555542,0.538244366645813,-0.03155124932527542,0.21932707726955414,0.47650814056396484,-0.04376161843538284,0.212726429104805,0.4348442256450653,-0.051106151193380356,0.20760975778102875,0.39513838291168213,-0.05646001175045967
0.27423062920570374,0.7134220004081726,4.909394419883029e-07,0.32269051671028137,0.6831699013710022,-0.028412165120244026,0.3574097752571106,0.6205191016197205,-0.03887986019253731,0.3310917615890503,0.5754448175430298,-0.047337330877780914,0.2918455898761749,0.566195011138916,-0.05597996711730957,0.3381139636039734,0.4995851218700409,-0.017887605354189873,0.36338740587234497,0.42056405544281006,-0.03386099264025688,0.3781438171863556,0.3694123327732086,-0.04887013882398605,0.3890756070613861,0.32594507932662964,-0.06030195578932762,0.29715168476104736,0.48412948846817017,-0.018086828291416168,0.3059457540512085,0.39020365476608276,-0.029964271932840347,0.3092113733291626,0.33101174235343933,-0.04440547525882721,0.310325562953949,0.28449344635009766,-0.055432409048080444,0.26074379682540894,0.49389976263046265,-0.02205032855272293,0.26008978486061096,0.4064551293849945,-0.03509589657187462,0.2597917318344116,0.34634649753570557,-0.050628889352083206,0.2593192160129547,0.2959495782852173,-0.06190270557999611,0.2247532606124878,0.524754524230957,-0.02895422838628292,0.2127503752708435,0.46200165152549744,-0.04224128648638725,0.20478324592113495,0.41747960448265076,-0.05051613599061966,0.1983465552330017,0.3750952482223511,-0.05639805272221565
0.2807210385799408,0.7110211849212646,4.946739977640391e-07,0.32973676919937134,0.6810345649719238,-0.02913668192923069,0.36383056640625,0.6195858716964722,-0.040396660566329956,0.341253399848938,0.5721430778503418,-0.049542877823114395,0.30301183462142944,0.5620545744895935,-0.05862043425440788,0.34557822346687317,0.4962695837020874,-0.01876189187169075,0.3719453811645508,0.41870078444480896,-0.03467732295393944,0.3864765167236328,0.368821918964386,-0.04977281391620636,0.3969329297542572,0.32576459646224976,-0.06131090968847275,0.30526208877563477,0.48012828826904297,-0.018675686791539192,0.31529271602630615,0.3859916925430298,-0.030075130984187126,0.31926053762435913,0.32685014605522156,-0.04411076381802559,0.3204673230648041,0.2799915373325348,-0.05500410869717598,0.26888465881347656,0.4897247552871704,-0.022403253242373466,0.2670237421989441,0.4055533707141876,-0.034842029213905334,0.2672601640224457,0.34776487946510315,-0.049833960831165314,0.2673097848892212,0.29989564418792725,-0.06086855009198189,0.23320509493350983,0.5207228660583496,-0.02922676131129265,0.2200515866279602,0.46034514904022217,-0.04155053570866585,0.21173158288002014,0.41761335730552673,-0.04927574843168259,0.20483481884002686,0.37744325399398804,-0.054982416331768036
0.2915189564228058,0.7035599946975708,4.947918341713375e-07,0.33983296155929565,0.6764897108078003,-0.03077973611652851,0.37637409567832947,0.6178522706031799,-0.04356272146105766,0.3530319333076477,0.571340799331665,-0.05392751470208168,0.3143041431903839,0.5593844056129456,-0.06435394287109375,0.3566047251224518,0.4938312768936157,-0.022800007835030556,0.38275453448295593,0.41402769088745117,-0.04070547968149185,0.3978947103023529,0.36273306608200073,-0.056801944971084595,0.4090902805328369,0.31926631927490234,-0.06873717159032822,0.3165767192840576,0.47743555903434753,-0.021993469446897507,0.3262863755226135,0.3809863328933716,-0.03508226200938225,0.3299493193626404,0.32078102231025696,-0.05025946721434593,0.3308577239513397,0.274019330739975,-0.06177176907658577,0.2806750237941742,0.4860614240169525,-0.024907942861318588,0.278540700674057,0.39946693181991577,-0.03835882246494293,0.2791423499584198,0.3402233123779297,-0.05423560366034508,0.27928125858306885,0.29179513454437256,-0.06590249389410019,0.24570325016975403,0.5156350135803223,-0.030934838578104973,0.23340970277786255,0.4557931125164032,-0.04400089010596275,0.22507652640342712,0.41382867097854614,-0.052400387823581696,0.21760475635528564,0.37488681077957153,-0.0585382841527462
0.30829471349716187,0.6963422298431396,4.741339694191993e-07,0.35800454020500183,0.66876220703125,-0.027889911085367203,0.39471563696861267,0.6064314842224121,-0.03818560019135475,0.37353307008743286,0.556935727596283,-0.046753618866205215,0.3363110423088074,0.5511075258255005,-0.055431075394153595,0.37455686926841736,0.48018258810043335,-0.016579603776335716,0.40072810649871826,0.4018520712852478,-0.032459307461977005,0.4159752428531647,0.3510649800300598,-0.047472160309553146,0.42715489864349365,0.3078397512435913,-0.05919954180717468,0.3349305987358093,0.4652485251426697,-0.017310762777924538,0.3435153067111969,0.3700093626976013,-0.02942369319498539,0.34741708636283875,0.3111507296562195,-0.043641842901706696,0.3487319052219391,0.2646293044090271,-0.05441176891326904,0.2995314598083496,0.4755556583404541,-0.021892385557293892,0.29680135846138,0.3883015513420105,-0.03566058352589607,0.29648226499557495,0.32871949672698975,-0.05142756551504135,0.2956937253475189,0.27831435203552246,-0.06273296475410461,0.26501891016960144,0.5066110491752625,-0.02941279672086239,0.2524920403957367,0.4460391402244568,-0.04328005015850067,0.2436729520559311,0.40484943985939026,-0.05194661021232605,0.23517641425132751,0.3658422827720642,-0.05812365561723709
0.3192262053489685,0.6964370012283325,4.992647859580757e-07,0.3691547214984894,0.6673660278320312,-0.02945725992321968,0.4074765145778656,0.6044496893882751,-0.04021695256233215,0.38578155636787415,0.5520468354225159,-0.048747021704912186,0.34579965472221375,0.5468960404396057,-0.057174455374479294,0.3860146999359131,0.4792827069759369,-0.017398938536643982,0.41295555233955383,0.40141069889068604,-0.03256714344024658,0.4271082282066345,0.3511272072792053,-0.04735282063484192,0.43687084317207336,0.3075850307941437,-0.058875180780887604,0.3444354832172394,0.4631524980068207,-0.0169515423476696,0.3543797731399536,0.3693349361419678,-0.028063761070370674,0.35762280225753784,0.3095405399799347,-0.04164125770330429,0.3577798306941986,0.26151520013809204,-0.05207603797316551,0.3072284162044525,0.4724637567996979,-0.0203082412481308,0.30525943636894226,0.3876246511936188,-0.03249179571866989,0.30541613698005676,0.3305009603500366,-0.04657088592648506,0.3046051561832428,0.2830745577812195,-0.056863654404878616,0.27074506878852844,0.5031725168228149,-0.026876596733927727,0.2608470320701599,0.443576455116272,-0.03849439695477486,0.2537813186645508,0.40389445424079895,-0.04506569355726242,0.24657174944877625,0.3671720623970032,-0.049904242157936096
0.33620893955230713,0.700913667678833,4.968985081177379e-07,0.3836694061756134,0.6712127923965454,-0.028541231527924538,0.418163001537323,0.6140869855880737,-0.041713230311870575,0.3998858332633972,0.5668438673019409,-0.053166598081588745,0.36340224742889404,0.5532260537147522,-0.06487128883600235,0.39724278450012207,0.4861365258693695,-0.02269800938665867,0.42194849252700806,0.4055209457874298,-0.041985176503658295,0.4362550377845764,0.3539698123931885,-0.05903857946395874,0.4469868540763855,0.30931276082992554,-0.0714806541800499,0.3558226227760315,0.4712687134742737,-0.023985615000128746,0.36408278346061707,0.374488890171051,-0.038645923137664795,0.3671535849571228,0.3137337565422058,-0.05367792025208473,0.3679366111755371,0.26589763164520264,-0.06484793871641159,0.3183656930923462,0.48145952820777893,-0.02881084755063057,0.31586331129074097,0.3925674259662628,-0.04349646717309952,0.31649717688560486,0.33319342136383057,-0.0572449192404747,0.31720009446144104,0.2838079333305359,-0.06716056168079376,0.2816479802131653,0.5125362277030945,-0.03665780648589134,0.271042138338089,0.4493103623390198,-0.050424136221408844,0.2649635672569275,0.40599262714385986,-0.057117119431495667,0.26026710867881775,0.36564797163009644,-0.061716899275779724
0.36274880170822144,0.7083634734153748,4.709618224296719e-07,0.4124225378036499,0.679532527923584,-0.027991212904453278,0.45274779200553894,0.6189436912536621,-0.03986410051584244,0.4359419345855713,0.5693804025650024,-0.04985291138291359,0.39794686436653137,0.5649401545524597,-0.060289062559604645,0.4324966073036194,0.4948748052120209,-0.020745813846588135,0.459264874458313,0.41808295249938965,-0.03792403265833855,0.4734618663787842,0.36834120750427246,-0.054017044603824615,0.4826377034187317,0.3254079818725586,-0.06627458333969116,0.3899540305137634,0.4778391122817993,-0.022123539820313454,0.39873191714286804,0.38186579942703247,-0.03498455137014389,0.4009733498096466,0.32317569851875305,-0.04934423789381981,0.3997265100479126,0.27715516090393066,-0.060311246663331985,0.3512446880340576,0.4866887629032135,-0.026939740404486656,0.3493979573249817,0.3983902633190155,-0.04044552892446518,0.34915369749069214,0.338871031999588,-0.0547577440738678,0.34793156385421753,0.2891066074371338,-0.06526381522417068,0.3126601576805115,0.5171806812286377,-0.03468999266624451,0.3011411428451538,0.45272839069366455,-0.04767891392111778,0.2933726906776428,0.4090837240219116,-0.05444316565990448,0.28610774874687195,0.36800751090049744,-0.059338830411434174
0.38208499550819397,0.7088116407394409,4.545216540918773e-07,0.4320179224014282,0.6813007593154907,-0.0258901659399271,0.47380900382995605,0.6182207465171814,-0.036053989082574844,0.45815515518188477,0.565525233745575,-0.044990845024585724,0.41871076822280884,0.5624810457229614,-0.05454425513744354,0.4517036974430084,0.49216198921203613,-0.017058279365301132,0.4750871956348419,0.4142014682292938,-0.03280123695731163,0.4883267283439636,0.36495643854141235,-0.04795973747968674,0.497482031583786,0.3220924139022827,-0.05983809381723404,0.41043996810913086,0.4767424166202545,-0.01960165798664093,0.4198443293571472,0.38165563344955444,-0.0313066728413105,0.4232924282550812,0.322050541639328,-0.04517844319343567,0.42331403493881226,0.27545279264450073,-0.056083548814058304,0.3725215196609497,0.48685380816459656,-0.02566596120595932,0.36993643641471863,0.39865022897720337,-0.038659434765577316,0.3687277138233185,0.3387939929962158,-0.05338253453373909,0.3671944737434387,0.289567768573761,-0.06438545882701874,0.3337287902832031,0.5182383060455322,-0.034569937735795975,0.3201829493045807,0.4543859660625458,-0.04748803749680519,0.31119000911712646,0.41098955273628235,-0.05502307787537575,0.303518682718277,0.3701590299606323,-0.06077798083424568
0.4056608974933624,0.7108332514762878,4.9161769766215e-07,0.4545656442642212,0.685463011264801,-0.027121340855956078,0.4945441782474518,0.6298322677612305,-0.03954114019870758,0.486556738615036,0.5821546912193298,-0.050532370805740356,0.45471900701522827,0.5762242674827576,-0.06193369999527931,0.47492510080337524,0.5031253099441528,-0.02099451795220375,0.5045710206031799,0.4268358647823334,-0.03792114183306694,0.5196826457977295,0.37818729877471924,-0.05323220416903496,0.5294660329818726,0.3368832767009735,-0.0649288073182106,0.43479400873184204,0.4854876399040222,-0.023077119141817093,0.44626882672309875,0.38950201869010925,-0.03629947826266289,0.4507679045200348,0.3299649953842163,-0.04987378418445587,0.4512447416782379,0.28504616022109985,-0.060139380395412445,0.396664559841156,0.49327144026756287,-0.028634069487452507,0.39670705795288086,0.40200209617614746,-0.0426856204867363,0.39770424365997314,0.34224244952201843,-0.056848276406526566,0.39785581827163696,0.29258447885513306,-0.06715886294841766,0.3586515784263611,0.5224928855895996,-0.03699951991438866,0.34810587763786316,0.4578375220298767,-0.0508086271584034,0.3408409357070923,0.41414088010787964,-0.05825503543019295,0.3348810076713562,0.3728358745574951,-0.06357930600643158
0.42825815081596375,0.6989233493804932,4.878164077126712e-07,0.47881752252578735,0.6750226020812988,-0.030107878148555756,0.523932695388794,0.61790531873703,-0.04305305704474449,0.5143032073974609,0.5649873614311218,-0.05364789441227913,0.47855621576309204,0.5562373399734497,-0.06438270211219788,0.4999915659427643,0.4933936595916748,-0.024439487606287003,0.5289089679718018,0.4185686409473419,-0.041850678622722626,0.5433838367462158,0.3699606657028198,-0.056859198957681656,0.5532017350196838,0.3282190263271332,-0.0683460533618927,0.459137886762619,0.47616472840309143,-0.02496458776295185,0.4706202745437622,0.3817303776741028,-0.039006419479846954,0.4750021696090698,0.3219412863254547,-0.0523587241768837,0.47677722573280334,0.27475911378860474,-0.062472764402627945,0.42153307795524597,0.48391085863113403,-0.02913093753159046,0.42240405082702637,0.3944202661514282,-0.043996021151542664,0.4238070845603943,0.33666521310806274,-0.05826292932033539,0.42566341161727905,0.2890802025794983,-0.06854147464036942,0.38399118185043335,0.5125450491905212,-0.03636275976896286,0.3719711899757385,0.4496150612831116,-0.05052001029253006,0.3638671636581421,0.4083053767681122,-0.05857010558247566,0.3579752445220947,0.3691713213920593,-0.06439615041017532
0.4335978627204895,0.697046160697937,4.639964288344345e-07,0.4842262268066406,0.673572838306427,-0.029028598219156265,0.5282648205757141,0.6134733557701111,-0.04014560207724571,0.5192438364028931,0.5574593544006348,-0.04905565083026886,0.48268190026283264,0.5452587008476257,-0.05792934447526932,0.5082027316093445,0.48735669255256653,-0.019434794783592224,0.5381016135215759,0.4131556749343872,-0.03505256026983261,0.5530809164047241,0.365243136882782,-0.0494178831577301,0.5630041360855103,0.32380229234695435,-0.060559239238500595,0.46803906559944153,0.4692429304122925,-0.019611943513154984,0.48000526428222656,0.37650683522224426,-0.03131237253546715,0.4840354323387146,0.31834685802459717,-0.04383283853530884,0.48501330614089966,0.27286988496780396,-0.0535833016037941,0.4303465485572815,0.47640806436538696,-0.02359754592180252,0.43205463886260986,0.3899284601211548,-0.03637891635298729,0.4330284297466278,0.3339257836341858,-0.0498228594660759,0.4336159825325012,0.2875843048095703,-0.05989557504653931,0.39204245805740356,0.5044330954551697,-0.030717577785253525,0.38189777731895447,0.44412335753440857,-0.04341468587517738,0.374388724565506,0.4047437012195587,-0.05063889920711517,0.3680349588394165,0.36715084314346313,-0.05600457638502121
0.43466001749038696,0.6873736381530762,4.680135816670372e-07,0.4836735725402832,0.6644070744514465,-0.029298413544893265,0.526535153388977,0.6080333590507507,-0.041528161615133286,0.5194594264030457,0.5526050925254822,-0.05160904303193092,0.4857545793056488,0.5353053212165833,-0.061489421874284744,0.5100449323654175,0.47915148735046387,-0.021162550896406174,0.5397472381591797,0.40607044100761414,-0.03803354129195213,0.5555771589279175,0.3588515520095825,-0.05306665971875191,0.566839337348938,0.3181499242782593,-0.06446502357721329,0.4703362286090851,0.46083614230155945,-0.02156192436814308,0.48311880230903625,0.3693498969078064,-0.03418012708425522,0.4879397749900818,0.3119444251060486,-0.0466519370675087,0.4905814230442047,0.26708853244781494,-0.056225866079330444,0.4325304329395294,0.4683288633823395,-0.025843273848295212,0.43522730469703674,0.3816637098789215,-0.03926198184490204,0.4367294907569885,0.3257024884223938,-0.05228924751281738,0.43890702724456787,0.27925655245780945,-0.06196283549070358,0.3942543864250183,0.4970889389514923,-0.03333016857504845,0.38374876976013184,0.4372410476207733,-0.04673178866505623,0.37592360377311707,0.39784950017929077,-0.054206348955631256,0.3700491786003113,0.36043494939804077,-0.059552352875471115
0.42390498518943787,0.6825504899024963,4.646853710710275e-07,0.47382864356040955,0.6590467691421509,-0.028550274670124054,0.5158995985984802,0.6017891764640808,-0.04082782566547394,0.5091276168823242,0.5455772876739502,-0.051069680601358414,0.47459328174591064,0.5293866395950317,-0.061187997460365295,0.49965760111808777,0.4719962477684021,-0.020597603172063828,0.5289198160171509,0.3995305299758911,-0.037197571247816086,0.54471355676651,0.35285502672195435,-0.052512120455503464,0.5557816028594971,0.3119885325431824,-0.0643518790602684,0.46021831035614014,0.45325136184692383,-0.021538617089390755,0.4736279547214508,0.362070232629776,-0.03410326689481735,0.47934845089912415,0.3040075898170471,-0.0473078116774559,0.48209428787231445,0.2571163475513458,-0.057624995708465576,0.4226449131965637,0.460584431886673,-0.026225408539175987,0.424331933259964,0.3747067451477051,-0.03974170982837677,0.4260629415512085,0.3189137578010559,-0.05342143401503563,0.4281701147556305,0.2716652452945709,-0.06362460553646088,0.384563148021698,0.48941850662231445,-0.03398026153445244,0.37355220317840576,0.42810916900634766,-0.047148846089839935,0.36676573753356934,0.3873840570449829,-0.05465058609843254,0.36229586601257324,0.34856969118118286,-0.0602450892329216
0.376047283411026,0.6580109596252441,4.7567459660058375e-07,0.42764410376548767,0.6345386505126953,-0.027166539803147316,0.46833014488220215,0.5763740539550781,-0.03707088157534599,0.45329320430755615,0.5251772403717041,-0.04531235992908478,0.4178939461708069,0.5075249075889587,-0.05331187695264816,0.4556031823158264,0.4496011734008789,-0.015376805327832699,0.4856085777282715,0.3766052722930908,-0.03040960617363453,0.5032036900520325,0.3294059932231903,-0.044735684990882874,0.5170371532440186,0.28906890749931335,-0.05586039647459984,0.4161238372325897,0.43032222986221313,-0.01567329280078411,0.4302347004413605,0.34151533246040344,-0.026545746251940727,0.4370524287223816,0.2842199504375458,-0.03951755166053772,0.44184762239456177,0.23874013125896454,-0.049878768622875214,0.3794785737991333,0.43631547689437866,-0.019885525107383728,0.38467127084732056,0.3505593538284302,-0.031447820365428925,0.3890186548233032,0.2951529026031494,-0.04488425701856613,0.39333635568618774,0.24835895001888275,-0.05511610582470894,0.342965304851532,0.463541179895401,-0.027150385081768036,0.33472374081611633,0.4034525752067566,-0.039000868797302246,0.33008164167404175,0.3626515865325928,-0.046395193785429,0.32688117027282715,0.3239666819572449,-0.05190490186214447
0.36058685183525085,0.6502952575683594,4.814900194105576e-07,0.41313230991363525,0.6257032155990601,-0.027691645547747612,0.45155271887779236,0.569711446762085,-0.038883041590452194,0.43511125445365906,0.5186417698860168,-0.048282235860824585,0.39953354001045227,0.5012086629867554,-0.0576336495578289,0.434215784072876,0.4442095458507538,-0.018533922731876373,0.46479639410972595,0.3698749542236328,-0.03556033968925476,0.4828522801399231,0.3221060335636139,-0.05098869279026985,0.4969387650489807,0.2818145453929901,-0.062413718551397324,0.39548012614250183,0.4257725477218628,-0.01886426843702793,0.4095349609851837,0.33469775319099426,-0.03088119439780712,0.4156694710254669,0.2771741449832916,-0.04428594559431076,0.41954994201660156,0.2321070283651352,-0.05486910045146942,0.3593200743198395,0.43211129307746887,-0.02299884520471096,0.36406347155570984,0.3468160331249237,-0.03507915884256363,0.36805444955825806,0.29090356826782227,-0.04819053038954735,0.37152084708213806,0.244444340467453,-0.05821514502167702,0.32298436760902405,0.45967158675193787,-0.030200237408280373,0.31619489192962646,0.3985479176044464,-0.041937220841646194,0.3122870624065399,0.3575226068496704,-0.04866351559758186,0.30902916193008423,0.3195944130420685,-0.05369563028216362
0.3468450605869293,0.644647479057312,4.852688562095864e-07,0.39782607555389404,0.6214562058448792,-0.02785734087228775,0.43439823389053345,0.5658472776412964,-0.03911948576569557,0.4206867814064026,0.513770341873169,-0.04853150248527527,0.3857591152191162,0.4961739182472229,-0.05784808099269867,0.4212305247783661,0.4393795132637024,-0.019195543602108955,0.45143502950668335,0.36452716588974,-0.03576692193746567,0.4692133367061615,0.31637299060821533,-0.0511779710650444,0.4830171465873718,0.27490752935409546,-0.06277799606323242,0.3829333782196045,0.4219944179058075,-0.01919126696884632,0.39569348096847534,0.3323647677898407,-0.03110620379447937,0.4019922912120819,0.27428048849105835,-0.044716961681842804,0.4064374566078186,0.22687005996704102,-0.05551397055387497,0.3469967544078827,0.42869600653648376,-0.02283867821097374,0.35089218616485596,0.34513652324676514,-0.03470269590616226,0.35538890957832336,0.28946834802627563,-0.0477742962539196,0.3592851161956787,0.24267643690109253,-0.05774771049618721,0.3111950755119324,0.4549807608127594,-0.029577983543276787,0.3044968545436859,0.3945504128932953,-0.04128442704677582,0.3005484342575073,0.353804349899292,-0.047929227352142334,0.29727426171302795,0.3161788582801819,-0.05283879488706589
0.3397049903869629,0.6427823901176453,4.873508601122012e-07,0.39034751057624817,0.6183511018753052,-0.029391570016741753,0.42908692359924316,0.563073992729187,-0.041281890124082565,0.41406115889549255,0.5111257433891296,-0.050931382924318314,0.37837693095207214,0.49352821707725525,-0.06018848344683647,0.4124196767807007,0.4348239302635193,-0.01895986497402191,0.44293850660324097,0.3599797487258911,-0.03541937470436096,0.46000173687934875,0.3115345239639282,-0.05091202259063721,0.47265055775642395,0.2696489095687866,-0.0624835304915905,0.37418949604034424,0.4172193109989166,-0.017936890944838524,0.38741904497146606,0.3275608420372009,-0.029381681233644485,0.3923519253730774,0.2700200378894806,-0.042682990431785583,0.3948286175727844,0.22422385215759277,-0.05310557410120964,0.3387661874294281,0.4237391948699951,-0.020785996690392494,0.34285542368888855,0.34043365716934204,-0.03217380866408348,0.3458120822906494,0.28539663553237915,-0.044920504093170166,0.34738150238990784,0.2401062697172165,-0.05454935505986214,0.30387815833091736,0.45077237486839294,-0.026898451149463654,0.2979072630405426,0.39109206199645996,-0.03791998326778412,0.29274827241897583,0.3507217764854431,-0.044114258140325546,0.2870550751686096,0.313914954662323,-0.04858250916004181
0.32820406556129456,0.6414774656295776,4.7627634103264427e-07,0.37954309582710266,0.6147933602333069,-0.027187637984752655,0.41755688190460205,0.5579687356948853,-0.038303688168525696,0.4029673635959625,0.5071108341217041,-0.04786202311515808,0.3676128387451172,0.4896615445613861,-0.057430755347013474,0.39985722303390503,0.4316853880882263,-0.01754433661699295,0.42970702052116394,0.35817813873291016,-0.03479530289769173,0.44827035069465637,0.31081849336624146,-0.05079459398984909,0.462871789932251,0.2706735134124756,-0.06282711774110794,0.3612332344055176,0.4147132933139801,-0.018615294247865677,0.37436237931251526,0.32562553882598877,-0.03134681656956673,0.3804473280906677,0.267546683549881,-0.045784030109643936,0.38454169034957886,0.22029320895671844,-0.0572049506008625,0.32489892840385437,0.4227723479270935,-0.023542223498225212,0.32905113697052,0.33827465772628784,-0.03677890822291374,0.3326936960220337,0.2817930281162262,-0.05112054571509361,0.3362542390823364,0.2337333858013153,-0.06196949630975723,0.2883859872817993,0.4514080286026001,-0.03143327683210373,0.2799709141254425,0.39142733812332153,-0.044598668813705444,0.2749477028846741,0.3501838445663452,-0.05247579514980316,0.2710856795310974,0.3112955689430237,-0.05831461027264595
0.2867424488067627,0.6349546909332275,4.716623891454219e-07,0.33887308835983276,0.6118027567863464,-0.029656391590833664,0.37848183512687683,0.5514537692070007,-0.04038313031196594,0.364328533411026,0.49641579389572144,-0.04883565008640289,0.3268260657787323,0.4885498285293579,-0.05729258432984352,0.3589553236961365,0.4265039563179016,-0.019533684477210045,0.388725608587265,0.3523496091365814,-0.034912291914224625,0.4049149453639984,0.3027549982070923,-0.04965445026755333,0.4171714782714844,0.26024800539016724,-0.06147804111242294,0.32002705335617065,0.40885981917381287,-0.018903300166130066,0.33124804496765137,0.31883400678634644,-0.030370226129889488,0.33655425906181335,0.2607385516166687,-0.04383329674601555,0.3398861885070801,0.21359406411647797,-0.05468812584877014,0.28450798988342285,0.4159752130508423,-0.022074062377214432,0.28565385937690735,0.3322468101978302,-0.03419987112283707,0.2880212366580963,0.27641087770462036,-0.04833868145942688,0.29025644063949585,0.22947371006011963,-0.05917905643582344,0.24940608441829681,0.44356343150138855,-0.028517257422208786,0.23860371112823486,0.38403719663619995,-0.04077562317252159,0.23230881989002228,0.3437434136867523,-0.048737697303295135,0.22701036930084229,0.30621764063835144,-0.054892972111701965
0.27458181977272034,0.6407285928726196,4.996191478312539e-07,0.32669299840927124,0.6166059970855713,-0.029965760186314583,0.3661789298057556,0.5544962286949158,-0.04060697555541992,0.3514150381088257,0.5007165670394897,-0.04873687028884888,0.3125137686729431,0.4963310658931732,-0.056545015424489975,0.3455577790737152,0.4294028878211975,-0.018303632736206055,0.3753518760204315,0.3547572195529938,-0.032725777477025986,0.3908163607120514,0.30581265687942505,-0.047009244561195374,0.4010854661464691,0.26414018869400024,-0.05829257518053055,0.30639010667800903,0.41183480620384216,-0.01683497056365013,0.3190157413482666,0.32126379013061523,-0.02677721530199051,0.32388702034950256,0.2628762423992157,-0.03918895125389099,0.32538533210754395,0.21737021207809448,-0.049142707139253616,0.27041059732437134,0.41894930601119995,-0.019259147346019745,0.271646648645401,0.33513957262039185,-0.029259776696562767,0.2742549479007721,0.27934062480926514,-0.04245065152645111,0.2754738926887512,0.2337198108434677,-0.05269733816385269,0.23504756391048431,0.4465467929840088,-0.025096753612160683,0.22615408897399902,0.3873941898345947,-0.03473932668566704,0.2200482189655304,0.34749293327331543,-0.04126459360122681,0.21399231255054474,0.3112282454967499,-0.04653983563184738
0.2669358551502228,0.6418089866638184,4.702315834492765e-07,0.31874775886535645,0.6177413463592529,-0.02951602078974247,0.35765987634658813,0.5564100742340088,-0.04055136442184448,0.3431946337223053,0.5018398761749268,-0.04923692345619202,0.305085688829422,0.49273955821990967,-0.057777080684900284,0.33888790011405945,0.43051454424858093,-0.020184122025966644,0.3687001168727875,0.3560600280761719,-0.03579529747366905,0.38410788774490356,0.30656713247299194,-0.05047367140650749,0.3946883976459503,0.26452213525772095,-0.062049563974142075,0.29982826113700867,0.4133882522583008,-0.01974138803780079,0.31138986349105835,0.32145896553993225,-0.03110610879957676,0.31597352027893066,0.26275312900543213,-0.04409848153591156,0.3176310062408447,0.2167830467224121,-0.054439205676317215,0.2640429437160492,0.42201662063598633,-0.023088805377483368,0.26470357179641724,0.33669373393058777,-0.03513207286596298,0.26657599210739136,0.2802327871322632,-0.04908961430191994,0.2676779329776764,0.2333785444498062,-0.05973683297634125,0.22855836153030396,0.45140790939331055,-0.029633264988660812,0.21821030974388123,0.3917664587497711,-0.04162941500544548,0.21205991506576538,0.35141316056251526,-0.049297988414764404,0.20675837993621826,0.31425023078918457,-0.05521832033991814
0.2600279748439789,0.643183171749115,4.7380248702211247e-07,0.31232407689094543,0.6184729337692261,-0.02838929556310177,0.3507083058357239,0.5535866022109985,-0.037885770201683044,0.3346506655216217,0.4981343448162079,-0.04529208689928055,0.2943185567855835,0.49654439091682434,-0.05268033593893051,0.3314436376094818,0.43244045972824097,-0.016470665112137794,0.3618135452270508,0.35889849066734314,-0.030410051345825195,0.3779650032520294,0.3097591996192932,-0.04428253322839737,0.389119952917099,0.2679196000099182,-0.055613063275814056,0.2922550439834595,0.41530221700668335,-0.01638817973434925,0.3040997385978699,0.3232176899909973,-0.02650459297001362,0.30924537777900696,0.2638758420944214,-0.03911615535616875,0.3112523555755615,0.21729712188243866,-0.04940071702003479,0.2565411925315857,0.4236726760864258,-0.02017625980079174,0.257489413022995,0.3392545282840729,-0.03126106783747673,0.2601488530635834,0.28254789113998413,-0.045341987162828445,0.2620760500431061,0.23605714738368988,-0.05621134489774704,0.22066724300384521,0.45244866609573364,-0.027166670188307762,0.20985627174377441,0.39283546805381775,-0.03805118054151535,0.20353242754936218,0.35215991735458374,-0.045456305146217346,0.19852322340011597,0.3151043653488159,-0.05155554786324501
0.23666957020759583,0.6434646844863892,4.7673475478404725e-07,0.2865540683269501,0.6155583262443542,-0.028271488845348358,0.3223533630371094,0.555318295955658,-0.038981955498456955,0.30168724060058594,0.5071141123771667,-0.047691524028778076,0.26390743255615234,0.49712279438972473,-0.056334998458623886,0.3028649091720581,0.43413296341896057,-0.01780753955245018,0.33104726672172546,0.36014318466186523,-0.033157795667648315,0.34669697284698486,0.31162744760513306,-0.04776555672287941,0.35832178592681885,0.2697303593158722,-0.059084754437208176,0.26364749670028687,0.41876575350761414,-0.017645101994276047,0.27420032024383545,0.32934141159057617,-0.028419679030776024,0.27921000123023987,0.2713692784309387,-0.04152912274003029,0.282213419675827,0.22520333528518677,-0.05208728462457657,0.22842533886432648,0.42828813195228577,-0.02136494219303131,0.22829566895961761,0.3450775742530823,-0.032975129783153534,0.23034363985061646,0.28909265995025635,-0.047098271548748016,0.23236018419265747,0.24248850345611572,-0.057862844318151474,0.19399146735668182,0.45793139934539795,-0.028159357607364655,0.1825992465019226,0.3985673487186432,-0.03980674594640732,0.17604146897792816,0.3583061397075653,-0.04730604961514473,0.17091912031173706,0.3211696147918701,-0.05309858173131943
0.2705000936985016,0.7930186986923218,6.543850190610101e-07,0.3230012357234955,0.7722834348678589,-0.035559482872486115,0.370006263256073,0.740195095539093,-0.057335756719112396,0.41499078273773193,0.7255688905715942,-0.0770764872431755,0.4558376371860504,0.7258883118629456,-0.09644458442926407,0.33552005887031555,0.597427248954773,-0.028946973383426666,0.3635817766189575,0.5236275792121887,-0.049468062818050385,0.37884557247161865,0.4764072299003601,-0.0681847631931305,0.39143475890159607,0.4356482923030853,-0.08188681304454803,0.2976709008216858,0.5799261331558228,-0.027461398392915726,0.30923184752464294,0.4869634807109833,-0.04342888295650482,0.31424152851104736,0.427616685628891,-0.05920673534274101,0.3176666498184204,0.3804933428764343,-0.0709419697523117,0.26164349913597107,0.5864248275756836,-0.03012583963572979,0.2630813717842102,0.5012313723564148,-0.04520902410149574,0.26502183079719543,0.4463039040565491,-0.058864034712314606,0.26772260665893555,0.3990039825439453,-0.0683189108967781,0.2251093089580536,0.6131624579429626,-0.03644769266247749,0.2124198079109192,0.5539854764938354,-0.04996583238244057,0.2054121196269989,0.5127710700035095,-0.056084588170051575,0.20136907696723938,0.4731413424015045,-0.05972825363278389
0.31754836440086365,0.8101507425308228,5.530404223463847e-07,0.3659414052963257,0.792617917060852,-0.03208094835281372,0.41025257110595703,0.7503989934921265,-0.048186514526605606,0.3991798162460327,0.712343156337738,-0.06207985430955887,0.36385005712509155,0.7037746906280518,-0.07614950835704803,0.39319685101509094,0.6119053959846497,-0.02648683823645115,0.42267996072769165,0.538578987121582,-0.04634448140859604,0.4410547912120819,0.49155423045158386,-0.06431400775909424,0.45572108030319214,0.4502618908882141,-0.07761353999376297,0.3530760407447815,0.5917854309082031,-0.027020040899515152,0.366248220205307,0.49849122762680054,-0.04168307036161423,0.3742597699165344,0.4405648112297058,-0.05742233991622925,0.3800700902938843,0.3931375741958618,-0.06980495899915695,0.31473785638809204,0.5974159240722656,-0.03145032748579979,0.31609272956848145,0.5106542706489563,-0.04588265344500542,0.31998777389526367,0.4549229145050049,-0.0607861652970314,0.32452717423439026,0.4073002338409424,-0.07181820273399353,0.27490195631980896,0.6234486699104309,-0.03924229368567467,0.2657175362110138,0.556866466999054,-0.05240429565310478,0.26015231013298035,0.5128872990608215,-0.05981011316180229,0.25671708583831787,0.4705353379249573,-0.06543971598148346
0.3222922682762146,0.8126436471939087,5.35274921276141e-07,0.3699186146259308,0.7944831252098083,-0.030187925323843956,0.41293299198150635,0.7494760751724243,-0.04518981650471687,0.4010319113731384,0.7108525037765503,-0.05818847566843033,0.3642222583293915,0.7036461234092712,-0.0716526135802269,0.39544689655303955,0.6138676404953003,-0.026162872090935707,0.42495420575141907,0.5398172736167908,-0.04580845683813095,0.44343024492263794,0.49197399616241455,-0.06340588629245758,0.4579015076160431,0.4503325819969177,-0.07644803076982498,0.3553686738014221,0.5941094160079956,-0.02746550552546978,0.36891797184944153,0.49951881170272827,-0.04198557883501053,0.37774473428726196,0.4415682554244995,-0.057305287569761276,0.3837237060070038,0.3949395418167114,-0.06935413181781769,0.3171761929988861,0.6000967621803284,-0.032417647540569305,0.3190518021583557,0.5122942328453064,-0.0468810573220253,0.3242618441581726,0.4561266303062439,-0.06172977015376091,0.3293096423149109,0.40887948870658875,-0.07272686809301376,0.2776039242744446,0.6263513565063477,-0.04050269350409508,0.26802918314933777,0.5592513680458069,-0.05400881916284561,0.26269930601119995,0.5144356489181519,-0.06165194511413574,0.2592388689517975,0.4712485671043396,-0.06744581460952759
0.3322848379611969,0.8110917210578918,5.58364376956888e-07,0.37854862213134766,0.795212984085083,-0.03352946788072586,0.4227216839790344,0.7576082348823547,-0.052010178565979004,0.41912248730659485,0.7205062508583069,-0.06824417412281036,0.3862542510032654,0.7116252779960632,-0.08452426642179489,0.4054201543331146,0.6137373447418213,-0.029743755236268044,0.4351578950881958,0.540707528591156,-0.050901830196380615,0.45304131507873535,0.4937865138053894,-0.06971857696771622,0.4669826328754425,0.45251691341400146,-0.08364582061767578,0.36580023169517517,0.5936352014541626,-0.03032173216342926,0.3792054057121277,0.49933457374572754,-0.04645872861146927,0.3870651125907898,0.4411471486091614,-0.06252691894769669,0.3920886814594269,0.39403992891311646,-0.0749247744679451,0.32789507508277893,0.6001768708229065,-0.03478596359491348,0.3297708332538605,0.5126262307167053,-0.050442956387996674,0.33373692631721497,0.4565730094909668,-0.06550850719213486,0.3383258581161499,0.4081488847732544,-0.07665960490703583,0.2891234755516052,0.627845823764801,-0.04268820211291313,0.2786791920661926,0.5645308494567871,-0.05701073259115219,0.27234166860580444,0.5227457284927368,-0.0649486854672432,0.26902878284454346,0.48208484053611755,-0.07089219242334366
0.33388379216194153,0.8144556283950806,5.311767381499521e-07,0.3813486397266388,0.7996464967727661,-0.032666753977537155,0.42683687806129456,0.762948215007782,-0.050917524844408035,0.42690515518188477,0.7256096601486206,-0.06704527884721756,0.3958123028278351,0.716096818447113,-0.08314292132854462,0.40858733654022217,0.6171704530715942,-0.02973935566842556,0.43773961067199707,0.5426939725875854,-0.05097483471035957,0.4554659128189087,0.49505773186683655,-0.06969425827264786,0.4690625071525574,0.45358970761299133,-0.08350533992052078,0.36922234296798706,0.5967348217964172,-0.030564801767468452,0.38174325227737427,0.5017259120941162,-0.04653321951627731,0.3881527781486511,0.44339874386787415,-0.062366463243961334,0.3919328451156616,0.39671915769577026,-0.07461671531200409,0.3315277695655823,0.6023313403129578,-0.035129740834236145,0.33246317505836487,0.5137277841567993,-0.05019254982471466,0.3353291451931,0.45666882395744324,-0.0648874044418335,0.3388894498348236,0.408496618270874,-0.07591447979211807,0.2933584153652191,0.629833459854126,-0.04310920834541321,0.2825808525085449,0.5654245018959045,-0.05688057467341423,0.2756989300251007,0.5226045846939087,-0.06461365520954132,0.27179965376853943,0.48174911737442017,-0.07042205333709717
0.3367510139942169,0.8187439441680908,5.406042191680172e-07,0.38394296169281006,0.8033186793327332,-0.03381567448377609,0.4306465685367584,0.7682913541793823,-0.05337309092283249,0.4339669346809387,0.7314600944519043,-0.07079759985208511,0.404512882232666,0.7213940620422363,-0.08821883797645569,0.4114295244216919,0.6219766736030579,-0.031798575073480606,0.4409021735191345,0.5484945178031921,-0.05450339615345001,0.4585336446762085,0.5002751350402832,-0.07469850033521652,0.4718737304210663,0.457078754901886,-0.08951585739850998,0.37195390462875366,0.6018655300140381,-0.03261808305978775,0.38437286019325256,0.5070747137069702,-0.050159160047769547,0.3901345133781433,0.4478799104690552,-0.06726950407028198,0.3932534456253052,0.3997981548309326,-0.08034153282642365,0.3340189456939697,0.6076147556304932,-0.03716336563229561,0.334544837474823,0.5190821290016174,-0.053340766578912735,0.3366098999977112,0.4621076285839081,-0.0683589056134224,0.339616984128952,0.4141773581504822,-0.07943303883075714,0.2960515022277832,0.6345134377479553,-0.045241087675094604,0.28511255979537964,0.5694589018821716,-0.059602294117212296,0.27796146273612976,0.5260030031204224,-0.06748934835195541,0.27415406703948975,0.4847281873226166,-0.07330689579248428
0.3387164771556854,0.8209380507469177,5.515557859325781e-07,0.38515469431877136,0.8068024516105652,-0.03475802019238472,0.43169716000556946,0.7736177444458008,-0.05497988685965538,0.4370466470718384,0.7372537851333618,-0.07292080670595169,0.4091847538948059,0.7277367115020752,-0.09075381606817245,0.4138660132884979,0.625545859336853,-0.0325496643781662,0.44375598430633545,0.5527697205543518,-0.05505123734474182,0.46127671003341675,0.5049401521682739,-0.07514016330242157,0.47443366050720215,0.46195030212402344,-0.09003196656703949,0.3745253384113312,0.6057465076446533,-0.03302239626646042,0.38754311203956604,0.5125009417533875,-0.050775330513715744,0.39415159821510315,0.45353013277053833,-0.06815283745527267,0.39790967106819153,0.4050426483154297,-0.08149875700473785,0.3364642858505249,0.6115296483039856,-0.03728504478931427,0.3372894823551178,0.523413896560669,-0.05380427837371826,0.3398291766643524,0.4665532410144806,-0.06938499212265015,0.34315595030784607,0.41850367188453674,-0.08079895377159119,0.2985630929470062,0.6381551027297974,-0.04514823481440544,0.2878592014312744,0.5725108981132507,-0.06003879755735397,0.28033247590065,0.5288099050521851,-0.06859564781188965,0.27591466903686523,0.4873157739639282,-0.07485141605138779
0.3394869863986969,0.8239051103591919,5.693411253560043e-07,0.3871782720088959,0.8102942705154419,-0.036221716552972794,0.4347214996814728,0.7770279049873352,-0.05646134912967682,0.4371885061264038,0.7410473823547363,-0.07401809096336365,0.4077589809894562,0.7310399413108826,-0.09129538387060165,0.4140494763851166,0.6276546716690063,-0.03271003067493439,0.4439595937728882,0.5547084808349609,-0.054393261671066284,0.46110406517982483,0.5059722661972046,-0.07365383952856064,0.4741859436035156,0.4628713130950928,-0.08802241086959839,0.3741084039211273,0.6082872152328491,-0.03189403563737869,0.3870496153831482,0.5156981348991394,-0.0486854612827301,0.3941137194633484,0.45771998167037964,-0.06525175273418427,0.3987482786178589,0.4109126925468445,-0.07814853638410568,0.3363550007343292,0.6143770217895508,-0.035017166286706924,0.3363529443740845,0.5272622108459473,-0.05055825412273407,0.3389008045196533,0.47094079852104187,-0.0655575543642044,0.3426249921321869,0.4233475923538208,-0.07676319032907486,0.29898402094841003,0.6412195563316345,-0.04190985485911369,0.2883864939212799,0.5765612721443176,-0.05589691549539566,0.28156572580337524,0.5336599946022034,-0.06414146721363068,0.27801448106765747,0.49289435148239136,-0.0703282356262207
0.3483535349369049,0.8416677117347717,5.393704896050622e-07,0.3960230350494385,0.8273917436599731,-0.03276180103421211,0.4390382468700409,0.7966002225875854,-0.05248894542455673,0.4479288160800934,0.7625265717506409,-0.07033539563417435,0.4245815575122833,0.7479888796806335,-0.08810058981180191,0.42191073298454285,0.6455523371696472,-0.03276984393596649,0.45222267508506775,0.5720928907394409,-0.0556638166308403,0.46988680958747864,0.5239089727401733,-0.07528756558895111,0.48254433274269104,0.48131686449050903,-0.08947806060314178,0.38273265957832336,0.6271053552627563,-0.034020084887742996,0.395673543214798,0.5339480042457581,-0.05249204859137535,0.40330323576927185,0.47581085562705994,-0.06922150403261185,0.4078211486339569,0.4286397695541382,-0.08182329684495926,0.34424853324890137,0.6339408159255981,-0.03888491913676262,0.3450349271297455,0.5457106232643127,-0.05576224997639656,0.3473927676677704,0.4883314371109009,-0.07046935707330704,0.350816011428833,0.4390464425086975,-0.08116757869720459,0.30660828948020935,0.6609104871749878,-0.047092705965042114,0.2960963547229767,0.5963361263275146,-0.062325429171323776,0.2893677353858948,0.5528036952018738,-0.070484459400177,0.28604286909103394,0.5115745663642883,-0.07620459794998169
0.34142154455184937,0.861187219619751,5.256937924968952e-07,0.3901873826980591,0.8483354449272156,-0.03159777820110321,0.433750718832016,0.8167828321456909,-0.0503397211432457,0.4464799761772156,0.7805072069168091,-0.06737750768661499,0.42464858293533325,0.76962810754776,-0.08402331173419952,0.41600432991981506,0.6664124131202698,-0.029071787372231483,0.44688600301742554,0.5951249003410339,-0.0508495569229126,0.46499964594841003,0.5472655296325684,-0.0700146034359932,0.47846466302871704,0.5056378841400146,-0.08400879800319672,0.3773130178451538,0.6471645832061768,-0.030614366754889488,0.39049845933914185,0.555094838142395,-0.04805881530046463,0.3982461988925934,0.4976286292076111,-0.0640915259718895,0.4033086895942688,0.4507279396057129,-0.07631909847259521,0.33946290612220764,0.6529210209846497,-0.035870179533958435,0.34079599380493164,0.5670647025108337,-0.05257979407906532,0.3425075113773346,0.5109426975250244,-0.06685799360275269,0.3451702296733856,0.4628084897994995,-0.07713903486728668,0.3025716245174408,0.6793557405471802,-0.04442783445119858,0.291185587644577,0.6149637699127197,-0.059577085077762604,0.284026563167572,0.5717294216156006,-0.0671280026435852,0.28065112233161926,0.5306584239006042,-0.07236267626285553
0.3372156023979187,0.8687331676483154,5.113670908940549e-07,0.3862884044647217,0.8554103374481201,-0.029985204339027405,0.4312300980091095,0.8230781555175781,-0.047989215701818466,0.4432719051837921,0.7875841856002808,-0.06464920192956924,0.417239785194397,0.7784268856048584,-0.08126311749219894,0.41145187616348267,0.673430860042572,-0.027874330058693886,0.44050654768943787,0.6019958853721619,-0.04947441443800926,0.4587012827396393,0.5547443628311157,-0.06879974156618118,0.4727655053138733,0.5128623247146606,-0.08322778344154358,0.37213850021362305,0.6545963883399963,-0.030564649030566216,0.3841470181941986,0.5626438856124878,-0.04797330126166344,0.39258939027786255,0.5060664415359497,-0.06440592557191849,0.3985041379928589,0.45982253551483154,-0.077145054936409,0.33420324325561523,0.6614488363265991,-0.03683473914861679,0.3346920311450958,0.5746368169784546,-0.05352283641695976,0.3368764817714691,0.5171470642089844,-0.06831333786249161,0.34033769369125366,0.46744388341903687,-0.07912823557853699,0.29763463139533997,0.6885989308357239,-0.04629291221499443,0.28536075353622437,0.6223772168159485,-0.06159388646483421,0.27773404121398926,0.5767568349838257,-0.06990304589271545,0.2741858959197998,0.5330352783203125,-0.07591203600168228
0.33376023173332214,0.8749953508377075,5.218529963713081e-07,0.3817799687385559,0.8615717887878418,-0.03047548606991768,0.4263749122619629,0.829563319683075,-0.048780545592308044,0.4375213384628296,0.7940144538879395,-0.0655357837677002,0.4121949076652527,0.7838071584701538,-0.08223369717597961,0.40634363889694214,0.6811237335205078,-0.028650393709540367,0.43599241971969604,0.6109639406204224,-0.05050443112850189,0.45472896099090576,0.5632240772247314,-0.06996043771505356,0.4690261781215668,0.5211050510406494,-0.0844101682305336,0.36743199825286865,0.661723256111145,-0.03110564313828945,0.37915921211242676,0.5703912973403931,-0.04855895787477493,0.3865930438041687,0.5129265785217285,-0.06491585820913315,0.3916224539279938,0.46540382504463196,-0.0775575339794159,0.3297228515148163,0.6680608987808228,-0.03713192045688629,0.3303983807563782,0.5813536047935486,-0.05383272096514702,0.33226385712623596,0.5235211849212646,-0.06835943460464478,0.33566752076148987,0.4730983078479767,-0.07898125797510147,0.29276561737060547,0.6949732303619385,-0.04636930674314499,0.27944621443748474,0.6296207904815674,-0.06170455738902092,0.2721339762210846,0.5838621258735657,-0.06985032558441162,0.26963597536087036,0.5394377112388611,-0.07571207731962204
0.30954480171203613,0.8985485434532166,5.446695467981044e-07,0.35789576172828674,0.8816880583763123,-0.03187761455774307,0.40355345606803894,0.846636950969696,-0.050911467522382736,0.40173110365867615,0.8114066123962402,-0.06799823045730591,0.3719726502895355,0.8068036437034607,-0.08492498844861984,0.3857969641685486,0.7044444680213928,-0.02937925234436989,0.4172709286212921,0.6318848133087158,-0.05176841840147972,0.4366627633571625,0.5856958031654358,-0.07157150655984879,0.45273178815841675,0.545276403427124,-0.08592738956212997,0.3462356626987457,0.6854742765426636,-0.031013205647468567,0.36071816086769104,0.5915997624397278,-0.04854215681552887,0.3697940707206726,0.5323165059089661,-0.06528887897729874,0.37742432951927185,0.48318034410476685,-0.0779971033334732,0.30863475799560547,0.6916572451591492,-0.03638260439038277,0.310941219329834,0.6029951572418213,-0.05351460725069046,0.3146088421344757,0.5452344417572021,-0.06873241066932678,0.3193070590496063,0.4951550364494324,-0.079422228038311,0.27137258648872375,0.719318687915802,-0.045005977153778076,0.26145702600479126,0.6525094509124756,-0.06077558174729347,0.25496870279312134,0.6074205636978149,-0.06860176473855972,0.2513333559036255,0.5634022355079651,-0.07382210344076157
0.2985728681087494,0.9091935753822327,5.526129029931326e-07,0.34595078229904175,0.8950756788253784,-0.034388914704322815,0.3932568430900574,0.8608980178833008,-0.05359756946563721,0.3907354474067688,0.8233309984207153,-0.07014600932598114,0.35920006036758423,0.8117287755012512,-0.08653109520673752,0.37476852536201477,0.7157931327819824,-0.03289363905787468,0.406901091337204,0.6415075063705444,-0.05505857616662979,0.42598867416381836,0.5929968953132629,-0.07409809529781342,0.4411684274673462,0.5508304238319397,-0.08778458833694458,0.3352099359035492,0.6940378546714783,-0.032637983560562134,0.3495643138885498,0.5978783369064331,-0.04955504089593887,0.3579106330871582,0.5384742021560669,-0.06590815633535385,0.363839715719223,0.4909824728965759,-0.07817071676254272,0.2979479432106018,0.6980041861534119,-0.036007851362228394,0.29918432235717773,0.6088982820510864,-0.051746223121881485,0.30284976959228516,0.5513784885406494,-0.06692333519458771,0.3076780438423157,0.5031408071517944,-0.07786542922258377,0.26157861948013306,0.7232652306556702,-0.04283224418759346,0.250562459230423,0.6574909090995789,-0.05693478882312775,0.24352362751960754,0.6144983768463135,-0.0648140087723732,0.23943772912025452,0.573875904083252,-0.07034682482481003
0.29561343789100647,0.9129469394683838,5.509348284249427e-07,0.34254804253578186,0.8979867696762085,-0.03390536084771156,0.38844582438468933,0.8616746068000793,-0.052419088780879974,0.3826961815357208,0.8252695798873901,-0.06847351044416428,0.3500787317752838,0.8162881731987,-0.0843626856803894,0.37036675214767456,0.7175813317298889,-0.030369974672794342,0.4017869830131531,0.6446653604507446,-0.051601458340883255,0.42129069566726685,0.5982363224029541,-0.07045251876115799,0.4373810589313507,0.5575454831123352,-0.08417601883411407,0.33050206303596497,0.6961236000061035,-0.030300933867692947,0.3435823917388916,0.6004302501678467,-0.04598375782370567,0.351301908493042,0.5416485667228699,-0.06226431205868721,0.3570142686367035,0.49302586913108826,-0.07477444410324097,0.2931055724620819,0.7007038593292236,-0.03396439924836159,0.29381313920021057,0.612239420413971,-0.04879416525363922,0.29753220081329346,0.555564820766449,-0.06401865929365158,0.30234968662261963,0.5072788000106812,-0.07516330480575562,0.25644806027412415,0.726860523223877,-0.04112502932548523,0.24514678120613098,0.661138653755188,-0.05428966507315636,0.2382926046848297,0.6187338829040527,-0.06180065497756004,0.23427212238311768,0.5779921412467957,-0.06732841581106186
0.28619056940078735,0.9235292077064514,5.48813147815963e-07,0.33325010538101196,0.9060141444206238,-0.03183494508266449,0.37837138772010803,0.8670878410339355,-0.04891756549477577,0.37212613224983215,0.8310661315917969,-0.06401295214891434,0.34142789244651794,0.8242861032485962,-0.0790708139538765,0.3595726191997528,0.727083683013916,-0.027952609583735466,0.39129558205604553,0.6533829569816589,-0.04892386868596077,0.41162294149398804,0.6057973504066467,-0.06757157295942307,0.4284444749355316,0.5638754367828369,-0.0811997652053833,0.3208599090576172,0.7062196731567383,-0.028877435252070427,0.3346950113773346,0.6106117963790894,-0.0447489470243454,0.34342607855796814,0.5511131882667542,-0.06128298118710518,0.3496696650981903,0.5020971894264221,-0.0738769993185997,0.2843449115753174,0.7109419703483582,-0.033466119319200516,0.28452828526496887,0.6226702928543091,-0.048649080097675323,0.28835242986679077,0.5649236440658569,-0.06463231891393661,0.29335665702819824,0.5154955983161926,-0.07614104449748993,0.24836114048957825,0.7367629408836365,-0.04135342314839363,0.235990971326828,0.6702917218208313,-0.05497472360730171,0.22877047955989838,0.6268025636672974,-0.06320124119520187,0.22447314858436584,0.5851733684539795,-0.06917198747396469
0.2845239043235779,0.921137809753418,5.616578278022644e-07,0.3307126760482788,0.9052654504776001,-0.03298157453536987,0.37588992714881897,0.8710192441940308,-0.05153124779462814,0.3741632401943207,0.8389432430267334,-0.06799475103616714,0.34584522247314453,0.8295053839683533,-0.08439464867115021,0.3565424382686615,0.7287042140960693,-0.030751926824450493,0.3888143301010132,0.6553769707679749,-0.05274771898984909,0.4096326529979706,0.6082049608230591,-0.07199402153491974,0.42730650305747986,0.5664211511611938,-0.08594915270805359,0.31775322556495667,0.7078548669815063,-0.03129414841532707,0.33158189058303833,0.6118389964103699,-0.04790879786014557,0.34018146991729736,0.5524938702583313,-0.06495501846075058,0.3468482494354248,0.5033525228500366,-0.07814072072505951,0.28112906217575073,0.7126022577285767,-0.03549334406852722,0.28116050362586975,0.624800980091095,-0.050902970135211945,0.2846694588661194,0.5674460530281067,-0.06717080622911453,0.28974685072898865,0.5180814266204834,-0.07915457338094711,0.24562788009643555,0.7382633090019226,-0.043091148138046265,0.23390689492225647,0.6728047132492065,-0.05680090934038162,0.2263706475496292,0.6295635104179382,-0.06536155939102173,0.22174863517284393,0.5879034996032715,-0.07180275022983551
0.2659766674041748,0.9280494451522827,5.511337235475366e-07,0.3139060437679291,0.9146038293838501,-0.031273677945137024,0.35882338881492615,0.8821434378623962,-0.04921812564134598,0.36157533526420593,0.8504570126533508,-0.06519831717014313,0.3364443778991699,0.8399888277053833,-0.08059865981340408,0.34014248847961426,0.7367605566978455,-0.027667181566357613,0.3725341558456421,0.6636605262756348,-0.049069833010435104,0.39307793974876404,0.6173428297042847,-0.06757469475269318,0.409966379404068,0.5780341625213623,-0.08045580238103867,0.30121779441833496,0.7154689431190491,-0.02828129753470421,0.316215842962265,0.621328592300415,-0.0436786524951458,0.32559749484062195,0.5623498558998108,-0.05851023271679878,0.3328613042831421,0.5147916078567505,-0.06976821273565292,0.26423487067222595,0.7190988063812256,-0.03266781568527222,0.2672080397605896,0.6310055255889893,-0.04704699292778969,0.27062299847602844,0.5746071934700012,-0.060361992567777634,0.27504533529281616,0.5259186029434204,-0.0699823647737503,0.22831876575946808,0.7446037530899048,-0.040376514196395874,0.2182527631521225,0.6798354387283325,-0.052961934357881546,0.21248620748519897,0.637555718421936,-0.05885465443134308,0.2100609391927719,0.5967707633972168,-0.06287950277328491
0.2328573763370514,0.9156466722488403,5.670083851327945e-07,0.28112176060676575,0.8985322117805481,-0.03276137635111809,0.32427141070365906,0.8595070838928223,-0.04922713711857796,0.3169442117214203,0.8233948945999146,-0.06329471617937088,0.2866583466529846,0.8084114789962769,-0.0770537480711937,0.3044258654117584,0.7203574776649475,-0.027239425107836723,0.3350944221019745,0.6462320685386658,-0.047309670597314835,0.35399800539016724,0.5970830321311951,-0.0650915578007698,0.36944717168807983,0.5551961064338684,-0.07808209955692291,0.2649768590927124,0.7000327706336975,-0.02667374350130558,0.27701643109321594,0.6071825623512268,-0.04217514395713806,0.28433021903038025,0.5480656623840332,-0.05875290185213089,0.2903960049152374,0.500277042388916,-0.07135897129774094,0.22834421694278717,0.7050479054450989,-0.029839372262358665,0.22896124422550201,0.6177103519439697,-0.04464756324887276,0.23218485713005066,0.5606663823127747,-0.06042664870619774,0.23692069947719574,0.5125450491905212,-0.07182643562555313,0.19308409094810486,0.7313472032546997,-0.0362909771502018,0.183351069688797,0.6676896810531616,-0.0498337559401989,0.17811602354049683,0.625203549861908,-0.05797659605741501,0.17588567733764648,0.585056722164154,-0.06371184438467026
0.23058611154556274,0.9092347621917725,5.576581543209613e-07,0.27749449014663696,0.8908970952033997,-0.03205964341759682,0.3200962543487549,0.8498767614364624,-0.04839465394616127,0.3089853823184967,0.8141181468963623,-0.0626012459397316,0.2765289545059204,0.8036115765571594,-0.07678966969251633,0.29973918199539185,0.7128970623016357,-0.026782073080539703,0.3291100859642029,0.6401140093803406,-0.04736950993537903,0.3481777310371399,0.5922672748565674,-0.06570564210414886,0.3637671172618866,0.551395833492279,-0.07917050272226334,0.25998347997665405,0.6927739381790161,-0.027220211923122406,0.271183580160141,0.6006314158439636,-0.04315294697880745,0.27821463346481323,0.5412988066673279,-0.060126159340143204,0.28389838337898254,0.4932171106338501,-0.07308578491210938,0.22314073145389557,0.6986591815948486,-0.031467098742723465,0.22263941168785095,0.6109542846679688,-0.04720061644911766,0.2260027527809143,0.5535188913345337,-0.06358363479375839,0.2314326912164688,0.5051114559173584,-0.07539309561252594,0.18724370002746582,0.7259985208511353,-0.03890586644411087,0.17569749057292938,0.6628554463386536,-0.053147654980421066,0.17068998515605927,0.6200029850006104,-0.06172725185751915,0.16964206099510193,0.5790529847145081,-0.06797301024198532
0.21679921448230743,0.8869582414627075,5.917755743212183e-07,0.2642056345939636,0.8663709163665771,-0.03519533947110176,0.3054863214492798,0.8188253045082092,-0.05194537714123726,0.288684606552124,0.7811930179595947,-0.06553362309932709,0.2522267699241638,0.7676641345024109,-0.07901566475629807,0.2815935015678406,0.6850917339324951,-0.028691627085208893,0.3113205134868622,0.611292839050293,-0.04967157542705536,0.33028894662857056,0.5623946189880371,-0.06879953294992447,0.34630972146987915,0.5201677083969116,-0.08250590413808823,0.24222946166992188,0.6653741002082825,-0.026674743741750717,0.25557741522789,0.57114577293396,-0.04212134703993797,0.263989120721817,0.5117618441581726,-0.059493742883205414,0.2710793614387512,0.46392184495925903,-0.0727294310927391,0.20593944191932678,0.6711604595184326,-0.028706703335046768,0.20616403222084045,0.5834382176399231,-0.043679483234882355,0.21075257658958435,0.5266091823577881,-0.06013108789920807,0.21653896570205688,0.47923019528388977,-0.07197041809558868,0.17031458020210266,0.6978817582130432,-0.034206293523311615,0.16194488108158112,0.6327247023582458,-0.04724409803748131,0.15718838572502136,0.5891529321670532,-0.05535256490111351,0.1545821726322174,0.5476818084716797,-0.06140755116939545
0.21258719265460968,0.8800169229507446,6.040842777110811e-07,0.26054972410202026,0.8559903502464294,-0.035720858722925186,0.30011019110679626,0.8077612519264221,-0.052251722663640976,0.2823546826839447,0.7704123854637146,-0.06557464599609375,0.2458328753709793,0.7570664882659912,-0.07852905243635178,0.27762532234191895,0.6749789714813232,-0.026478325948119164,0.30864739418029785,0.6016285419464111,-0.04634982720017433,0.32753250002861023,0.5524082183837891,-0.06482155621051788,0.34309956431388855,0.5103425979614258,-0.07813055068254471,0.23868927359580994,0.6553680896759033,-0.023768730461597443,0.25221601128578186,0.5633381605148315,-0.03835156187415123,0.26079416275024414,0.5030885934829712,-0.055159132927656174,0.268054336309433,0.45429182052612305,-0.06803532689809799,0.20246243476867676,0.6613684892654419,-0.025384942069649696,0.20317575335502625,0.5742863416671753,-0.0396023727953434,0.2077813446521759,0.5177626609802246,-0.055748920887708664,0.213926300406456,0.4700694680213928,-0.06735190004110336,0.16680413484573364,0.6881638765335083,-0.030589427798986435,0.1572279930114746,0.623816728591919,-0.043160486966371536,0.15206649899482727,0.580013632774353,-0.05125545710325241,0.14964038133621216,0.5382732152938843,-0.05722196027636528
0.21251057088375092,0.8706933259963989,5.720737590309e-07,0.2609092891216278,0.8481772541999817,-0.03453376144170761,0.30158957839012146,0.796744704246521,-0.04948186129331589,0.281995564699173,0.7551202774047852,-0.06141377240419388,0.24253429472446442,0.745052695274353,-0.07329089939594269,0.2777855098247528,0.6670150756835938,-0.02373598888516426,0.30795231461524963,0.5933066010475159,-0.04207942634820938,0.32579219341278076,0.5452084541320801,-0.05972905084490776,0.3400575816631317,0.5032117366790771,-0.07282005995512009,0.23876045644283295,0.6476441621780396,-0.021281687542796135,0.25241169333457947,0.5542118549346924,-0.03437772020697594,0.26032572984695435,0.4952227771282196,-0.050711739808321,0.26593783497810364,0.4481150805950165,-0.06336180120706558,0.2028627097606659,0.6536756157875061,-0.023025672882795334,0.20371562242507935,0.5667146444320679,-0.03626032918691635,0.20874525606632233,0.5099694132804871,-0.0522708036005497,0.21415311098098755,0.46267759799957275,-0.06404683738946915,0.16716428101062775,0.6805785298347473,-0.02827618084847927,0.15884873270988464,0.6181080937385559,-0.04016998037695885,0.15441182255744934,0.5761803388595581,-0.047839052975177765,0.1519741714000702,0.5366920232772827,-0.05374210327863693
0.2128099650144577,0.8685914278030396,5.829210181218514e-07,0.26079174876213074,0.8453155755996704,-0.03430408239364624,0.30168336629867554,0.7958417534828186,-0.04963319003582001,0.28229597210884094,0.7561014294624329,-0.06202680990099907,0.2428010106086731,0.7443667650222778,-0.07424522936344147,0.27745941281318665,0.6636106371879578,-0.02376664988696575,0.30783790349960327,0.5885341167449951,-0.04199529439210892,0.3255607485771179,0.5398588180541992,-0.059295300394296646,0.33960020542144775,0.4978570342063904,-0.07202985882759094,0.2383463978767395,0.6445443034172058,-0.021345214918255806,0.2521390914916992,0.5510338544845581,-0.034336578100919724,0.26037079095840454,0.49191856384277344,-0.050495754927396774,0.2661340534687042,0.44505801796913147,-0.06290221959352493,0.2025507092475891,0.6507659554481506,-0.02307477593421936,0.2032385766506195,0.5641114711761475,-0.03616304695606232,0.2081277221441269,0.5079537034034729,-0.05215511843562126,0.21344192326068878,0.460921049118042,-0.06383167952299118,0.16727721691131592,0.6776753067970276,-0.028255432844161987,0.15867388248443604,0.6155543923377991,-0.04023546725511551,0.15373370051383972,0.5738189816474915,-0.04798181727528572,0.15079046785831451,0.5343300700187683,-0.0537487231194973
0.2163573056459427,0.85984206199646,5.714541657653172e-07,0.2655094265937805,0.8342430591583252,-0.03262675553560257,0.30525609850883484,0.7825601100921631,-0.046630263328552246,0.2849799394607544,0.7441461682319641,-0.05804545059800148,0.24727711081504822,0.7341418266296387,-0.0693422332406044,0.27953198552131653,0.653145968914032,-0.021215692162513733,0.30890554189682007,0.5781713128089905,-0.03858412429690361,0.3259682059288025,0.5290074348449707,-0.05525979399681091,0.3393251895904541,0.4865792393684387,-0.06769532710313797,0.24002552032470703,0.6352160573005676,-0.01946447603404522,0.25244608521461487,0.5412125587463379,-0.03182917833328247,0.2596220374107361,0.48261064291000366,-0.04727530851960182,0.26457449793815613,0.4365403652191162,-0.05915246531367302,0.20415127277374268,0.6423377990722656,-0.021854648366570473,0.20396192371845245,0.5551480054855347,-0.03463179990649223,0.2083069533109665,0.4989511966705322,-0.050095006823539734,0.21311895549297333,0.45195043087005615,-0.061366356909275055,0.16880954802036285,0.6702618598937988,-0.027606729418039322,0.15968623757362366,0.608779788017273,-0.03936991095542908,0.15465475618839264,0.5672343969345093,-0.04683254659175873,0.15155434608459473,0.5277151465415955,-0.05240326374769211
0.24408987164497375,0.8413498401641846,5.464476657834894e-07,0.2939627170562744,0.8156717419624329,-0.028973234817385674,0.3367308974266052,0.7690032124519348,-0.042965732514858246,0.3216605484485626,0.7302447557449341,-0.05527647212147713,0.2869998812675476,0.7222806215286255,-0.06794603914022446,0.3121158182621002,0.638114869594574,-0.02127384953200817,0.3424121141433716,0.5627046227455139,-0.03926534205675125,0.359089195728302,0.5147073864936829,-0.055981192737817764,0.3721625804901123,0.473377525806427,-0.06839777529239655,0.27201205492019653,0.6208453178405762,-0.022113662213087082,0.2841145694255829,0.5263417363166809,-0.03554479032754898,0.29045185446739197,0.46729201078414917,-0.051167890429496765,0.29459497332572937,0.42080020904541016,-0.06317345798015594,0.23528845608234406,0.628480851650238,-0.02656647004187107,0.23488134145736694,0.541348934173584,-0.04028946906328201,0.2379949539899826,0.4841710329055786,-0.055849529802799225,0.24176771938800812,0.43673595786094666,-0.06721355020999908,0.19832131266593933,0.6569617390632629,-0.03397708758711815,0.1880418062210083,0.59477299451828,-0.04704592376947403,0.18208390474319458,0.552006185054779,-0.05476796254515648,0.17820242047309875,0.5114102959632874,-0.06031085550785065
0.27988529205322266,0.8487011194229126,5.461746468427009e-07,0.32925742864608765,0.8302770853042603,-0.0322745107114315,0.3743435740470886,0.7894911170005798,-0.048605117946863174,0.37477588653564453,0.7480705380439758,-0.06281407922506332,0.34199634194374084,0.7423570156097412,-0.0771847665309906,0.3480686545372009,0.6536888480186462,-0.026949942111968994,0.37761104106903076,0.5819932818412781,-0.046680476516485214,0.3951137065887451,0.5354090929031372,-0.06476443260908127,0.4088028073310852,0.4934386610984802,-0.07820044457912445,0.30912384390830994,0.6351547241210938,-0.026770688593387604,0.3211663067340851,0.5433056950569153,-0.04164301976561546,0.32837975025177,0.4855368137359619,-0.056653425097465515,0.332795649766922,0.4387483596801758,-0.06825973838567734,0.2726517617702484,0.6414739489555359,-0.03031192533671856,0.2716040015220642,0.5561573505401611,-0.04455608129501343,0.2742070257663727,0.5029198527336121,-0.05818440765142441,0.2774755656719208,0.4578533470630646,-0.06813091784715652,0.2366359531879425,0.6678418517112732,-0.03733992576599121,0.2257283478975296,0.6055190563201904,-0.050118107348680496,0.21866263449192047,0.5650086998939514,-0.05700965225696564,0.2136196494102478,0.5267601013183594,-0.062129486352205276
0.29137688875198364,0.8503901362419128,5.528844440050307e-07,0.3398999273777008,0.8317676186561584,-0.03213272988796234,0.38276296854019165,0.7917368412017822,-0.0486331582069397,0.38390788435935974,0.7512161731719971,-0.06313741207122803,0.3547101318836212,0.7447127103805542,-0.07782480120658875,0.3591397702693939,0.656585693359375,-0.027621300891041756,0.38792386651039124,0.5847160816192627,-0.04798100143671036,0.40605634450912476,0.5383378267288208,-0.0663730651140213,0.4207313060760498,0.4967826008796692,-0.07999691367149353,0.3207228481769562,0.6373452544212341,-0.02800549566745758,0.3320922553539276,0.5442488789558411,-0.04387468844652176,0.3395158648490906,0.4862945079803467,-0.05946538224816322,0.344386488199234,0.43894827365875244,-0.07119444757699966,0.28436365723609924,0.6435259580612183,-0.032117146998643875,0.28393030166625977,0.5576134920120239,-0.047779880464076996,0.28704726696014404,0.5027791857719421,-0.062403786927461624,0.29115962982177734,0.45620954036712646,-0.07268943637609482,0.24844758212566376,0.6698971390724182,-0.03957618027925491,0.23560234904289246,0.6076107025146484,-0.053802721202373505,0.22827087342739105,0.566274881362915,-0.06150290369987488,0.22382548451423645,0.526997447013855,-0.06692110747098923
0.31586629152297974,0.8507455587387085,5.644846510222123e-07,0.36402472853660583,0.8330205678939819,-0.0328524149954319,0.40798622369766235,0.7983301877975464,-0.051847029477357864,0.41567760705947876,0.7605998516082764,-0.06896891444921494,0.39065369963645935,0.7503985166549683,-0.08625466376543045,0.38923418521881104,0.6597782373428345,-0.03131861984729767,0.41762983798980713,0.5875177383422852,-0.0536821112036705,0.4352906346321106,0.5399652719497681,-0.07344310730695724,0.4491852819919586,0.49662041664123535,-0.08801133185625076,0.349000483751297,0.641071617603302,-0.03257713094353676,0.36020129919052124,0.549117386341095,-0.05057603120803833,0.36653774976730347,0.49104276299476624,-0.0675160139799118,0.3703805208206177,0.4417739510536194,-0.08041674643754959,0.30987486243247986,0.6478071212768555,-0.03747367113828659,0.30928412079811096,0.5627081394195557,-0.05462584272027016,0.31122836470603943,0.5078321695327759,-0.06918512284755707,0.3139585554599762,0.4601396918296814,-0.0795615166425705,0.27092161774635315,0.6740816831588745,-0.04580545425415039,0.26100271940231323,0.6092490553855896,-0.06099449470639229,0.2545250654220581,0.5663247108459473,-0.06852863729000092,0.2502431273460388,0.5255517959594727,-0.07386168092489243
0.3217889666557312,0.8508689403533936,5.647646617035207e-07,0.3715968728065491,0.8331694006919861,-0.031150395050644875,0.4159442186355591,0.797013521194458,-0.04854927211999893,0.421625018119812,0.7564195394515991,-0.06414736062288284,0.394223690032959,0.7467532157897949,-0.0799897164106369,0.39413124322891235,0.6592805981636047,-0.0297100730240345,0.423135906457901,0.5862032771110535,-0.050975389778614044,0.44138455390930176,0.5383642911911011,-0.06965136528015137,0.4557916820049286,0.49437785148620605,-0.08359263837337494,0.3544228672981262,0.6403717994689941,-0.03158904239535332,0.367143452167511,0.548366129398346,-0.048508815467357635,0.3743705749511719,0.49006956815719604,-0.06454348564147949,0.3789345324039459,0.44081759452819824,-0.07695943117141724,0.3157542943954468,0.646873414516449,-0.03698962181806564,0.31475043296813965,0.5618414282798767,-0.053276196122169495,0.31690865755081177,0.5052865743637085,-0.0676715150475502,0.3202245235443115,0.4566464126110077,-0.07812117040157318,0.2765216827392578,0.6729900240898132,-0.04568268731236458,0.26480284333229065,0.6066092252731323,-0.0603589229285717,0.2584242820739746,0.561631441116333,-0.06799376010894775,0.2551611661911011,0.5191452503204346,-0.07357994467020035
0.34326112270355225,0.8412735462188721,5.758884640272299e-07,0.39306774735450745,0.8261038064956665,-0.03114398568868637,0.4360553026199341,0.7898661494255066,-0.04884372651576996,0.4492994248867035,0.7515854835510254,-0.06500434130430222,0.42800766229629517,0.7406445145606995,-0.08133263140916824,0.4205052852630615,0.6487176418304443,-0.029461447149515152,0.4526751637458801,0.5743667483329773,-0.050488024950027466,0.4709535241127014,0.5263566970825195,-0.06895332038402557,0.4846780002117157,0.4835289716720581,-0.08255099505186081,0.38067737221717834,0.6299193501472473,-0.03079698048532009,0.3958927392959595,0.537209689617157,-0.047442324459552765,0.40402448177337646,0.4795929193496704,-0.06337245553731918,0.4085859954357147,0.43265998363494873,-0.07554095983505249,0.34153586626052856,0.6359767913818359,-0.035660259425640106,0.34371814131736755,0.5493221282958984,-0.05141327157616615,0.34618645906448364,0.49166762828826904,-0.065878726541996,0.3489537239074707,0.4416724741458893,-0.07642851024866104,0.30288803577423096,0.6620824337005615,-0.04382289573550224,0.2931467294692993,0.5972503423690796,-0.058706533163785934,0.28639668226242065,0.5533369779586792,-0.06651624292135239,0.2820865511894226,0.5111960172653198,-0.07194984704256058
0.35006189346313477,0.8373576402664185,5.502512294697226e-07,0.3989977240562439,0.8215048909187317,-0.029926277697086334,0.44117674231529236,0.78373783826828,-0.046755239367485046,0.4514825642108917,0.744526743888855,-0.06207101419568062,0.42957428097724915,0.7338991165161133,-0.0774734616279602,0.42411667108535767,0.6429353356361389,-0.029724733904004097,0.4559938907623291,0.5685006380081177,-0.050705987960100174,0.4746688902378082,0.5203292965888977,-0.06887335330247879,0.4881380498409271,0.4772719740867615,-0.0824262797832489,0.38484323024749756,0.6250518560409546,-0.032010991126298904,0.3983898162841797,0.5320606231689453,-0.04895501211285591,0.4061044454574585,0.47274643182754517,-0.06517931073904037,0.4105433523654938,0.42348718643188477,-0.07772031426429749,0.3462672531604767,0.6322320699691772,-0.03754643350839615,0.3471079170703888,0.5440335273742676,-0.053763702511787415,0.3496881425380707,0.4865487515926361,-0.06875964999198914,0.35312551259994507,0.4373515844345093,-0.07975172251462936,0.30795297026634216,0.6591081023216248,-0.0461873859167099,0.29644179344177246,0.5941178798675537,-0.061704348772764206,0.2894641160964966,0.5502639412879944,-0.07034464180469513,0.28573185205459595,0.5091932415962219,-0.07645459473133087
0.359176367521286,0.8219996690750122,5.576678177021677e-07,0.4092361629009247,0.8067898154258728,-0.03337279334664345,0.4532028138637543,0.7708666324615479,-0.05216488242149353,0.46286308765411377,0.7300035953521729,-0.06869257241487503,0.44021445512771606,0.7129823565483093,-0.08527777343988419,0.43499597907066345,0.629571259021759,-0.03482550010085106,0.4648286700248718,0.5547405481338501,-0.0576050728559494,0.48245882987976074,0.505918562412262,-0.07673614472150803,0.49571844935417175,0.4618675708770752,-0.09077616035938263,0.39527565240859985,0.6100110411643982,-0.03602053225040436,0.40846121311187744,0.516128659248352,-0.054532505571842194,0.41474828124046326,0.4560830593109131,-0.07132907211780548,0.41817933320999146,0.4066537618637085,-0.08410774171352386,0.355805367231369,0.6165740489959717,-0.0406702384352684,0.3572305738925934,0.5286976099014282,-0.05859418585896492,0.36002033948898315,0.47097525000572205,-0.07384755462408066,0.3641895353794098,0.4219878613948822,-0.0848405510187149,0.3158641457557678,0.6433800458908081,-0.0486321896314621,0.30407750606536865,0.578005850315094,-0.0655614361166954,0.2974672019481659,0.5341761708259583,-0.07452906668186188,0.294558584690094,0.49282413721084595,-0.08075834065675735
0.3715519309043884,0.7903658151626587,5.44053875728423e-07,0.4220165014266968,0.7697328329086304,-0.03110264614224434,0.46568620204925537,0.7274271249771118,-0.04771483317017555,0.47044074535369873,0.6853411793708801,-0.06253328919410706,0.44681671261787415,0.6721762418746948,-0.07736524194478989,0.448288232088089,0.588230311870575,-0.028006192296743393,0.47777724266052246,0.512451171875,-0.049062132835388184,0.49496233463287354,0.4636029601097107,-0.06756432354450226,0.5081729292869568,0.420948326587677,-0.08108127862215042,0.40850985050201416,0.569063663482666,-0.02966928668320179,0.4212898313999176,0.47435981035232544,-0.04616980999708176,0.4279681146144867,0.4133366346359253,-0.06218394637107849,0.4322036802768707,0.36451196670532227,-0.07421597838401794,0.36937928199768066,0.5761165022850037,-0.03498131409287453,0.37031465768814087,0.484781950712204,-0.05123152583837509,0.37195253372192383,0.42594295740127563,-0.06592395156621933,0.37542974948883057,0.3771824836730957,-0.07634160667657852,0.33001041412353516,0.6045628190040588,-0.04352841526269913,0.3164205551147461,0.5383352041244507,-0.058983683586120605,0.3095799684524536,0.4937399923801422,-0.06704173982143402,0.3069171905517578,0.4522660970687866,-0.07244283705949783
0.38038337230682373,0.7707295417785645,5.338358164408419e-07,0.4300941228866577,0.7489924430847168,-0.029221799224615097,0.47400516271591187,0.7061780691146851,-0.045101895928382874,0.48098573088645935,0.665505588054657,-0.05944760516285896,0.45988425612449646,0.6507048606872559,-0.0737617164850235,0.4575325548648834,0.5676032900810242,-0.0259733684360981,0.4889531135559082,0.49300724267959595,-0.046229612082242966,0.5067663788795471,0.4443599581718445,-0.06414197385311127,0.520415186882019,0.40153396129608154,-0.07723060250282288,0.41741228103637695,0.5473005175590515,-0.027813561260700226,0.43081799149513245,0.4527606666088104,-0.04365646466612816,0.4383348226547241,0.39329198002815247,-0.05909152328968048,0.4431327283382416,0.34506839513778687,-0.07071654498577118,0.3783411681652069,0.5531408190727234,-0.033150605857372284,0.3785131871700287,0.46410486102104187,-0.04860488325357437,0.38079434633255005,0.40619421005249023,-0.06293615698814392,0.3842396140098572,0.357906699180603,-0.07313204556703568,0.3401235342025757,0.5801907181739807,-0.04158322885632515,0.3284657299518585,0.513602614402771,-0.055793460458517075,0.3220430612564087,0.46868568658828735,-0.0633367970585823,0.3187353014945984,0.426697313785553,-0.06847388297319412
0.3806275427341461,0.7508907318115234,5.493610046869435e-07,0.4311153292655945,0.7288095355033875,-0.03189639374613762,0.4772240221500397,0.6813808083534241,-0.04800068587064743,0.4788556694984436,0.6331321597099304,-0.06166750192642212,0.4527239203453064,0.6160433888435364,-0.07475258409976959,0.46079492568969727,0.5439453125,-0.025461550801992416,0.4918240010738373,0.4705931544303894,-0.04540384188294411,0.5095049142837524,0.4225793182849884,-0.06317999958992004,0.5231747627258301,0.3806016445159912,-0.07616771757602692,0.42013096809387207,0.523830771446228,-0.025411492213606834,0.4342746436595917,0.43241629004478455,-0.04105469211935997,0.4417186975479126,0.37292277812957764,-0.056161053478717804,0.4474520683288574,0.32457736134529114,-0.06756699830293655,0.3809860944747925,0.5292360186576843,-0.029323389753699303,0.38352352380752563,0.44153594970703125,-0.04464998096227646,0.38738584518432617,0.3842453956604004,-0.05878144130110741,0.39273497462272644,0.3365090787410736,-0.06879687309265137,0.34186094999313354,0.5561062097549438,-0.036608196794986725,0.3316745460033417,0.4911285638809204,-0.05091605708003044,0.3254580497741699,0.4461665749549866,-0.058871086686849594,0.3228297531604767,0.40316152572631836,-0.06424374133348465
0.3761034607887268,0.7435591220855713,5.205717457101855e-07,0.42769765853881836,0.7217730283737183,-0.030649444088339806,0.47340697050094604,0.6696306467056274,-0.04483765363693237,0.47137534618377686,0.6192934513092041,-0.056796979159116745,0.44386711716651917,0.607262134552002,-0.06836051493883133,0.45538821816444397,0.5369003415107727,-0.023489519953727722,0.4858953356742859,0.4635266959667206,-0.04234148934483528,0.5040764212608337,0.41517946124076843,-0.059217408299446106,0.5178266167640686,0.37366607785224915,-0.07182308286428452,0.4152612090110779,0.516707181930542,-0.023855455219745636,0.42903006076812744,0.42355310916900635,-0.03869566321372986,0.43580925464630127,0.3637644648551941,-0.05308355763554573,0.44038668274879456,0.31612277030944824,-0.06404858082532883,0.377228707075119,0.5219663977622986,-0.02812710776925087,0.37977975606918335,0.4336238503456116,-0.04307011514902115,0.382842481136322,0.37605857849121094,-0.05706710368394852,0.3865063190460205,0.32903236150741577,-0.0670551285147667,0.3387078642845154,0.5487208366394043,-0.03569073975086212,0.32863032817840576,0.48351961374282837,-0.049640726298093796,0.32262957096099854,0.43802934885025024,-0.05762764438986778,0.3194676637649536,0.39477866888046265,-0.06327001005411148
0.36843860149383545,0.7396305203437805,5.018555953029136e-07,0.42027658224105835,0.7184199690818787,-0.028704414144158363,0.46680232882499695,0.6612996459007263,-0.040772244334220886,0.4608137905597687,0.6089062094688416,-0.051054488867521286,0.4267483949661255,0.6034624576568604,-0.06141914799809456,0.44941872358322144,0.5314807891845703,-0.02103339321911335,0.4810597896575928,0.4567370116710663,-0.0374712310731411,0.49832865595817566,0.4082927107810974,-0.05246986448764801,0.5101913809776306,0.3664018511772156,-0.06412860751152039,0.4079991281032562,0.5105422735214233,-0.02247454784810543,0.42295384407043457,0.4150747060775757,-0.03494575619697571,0.4305626451969147,0.355150431394577,-0.04800984635949135,0.4344349801540375,0.307298481464386,-0.05823609232902527,0.36859336495399475,0.5157960653305054,-0.027626173570752144,0.37057191133499146,0.4262887239456177,-0.040664367377758026,0.37421903014183044,0.3690457344055176,-0.05440152436494827,0.37802445888519287,0.3218269348144531,-0.06462066620588303,0.3281294107437134,0.5427331924438477,-0.03596222400665283,0.31649404764175415,0.47557610273361206,-0.04837328940629959,0.30952754616737366,0.4317074716091156,-0.05557255074381828,0.3052528500556946,0.3900381028652191,-0.06111744046211243
0.35551556944847107,0.7433732748031616,5.068739028502023e-07,0.407499760389328,0.722596287727356,-0.03001963347196579,0.4519852101802826,0.658405601978302,-0.04113972932100296,0.4397521913051605,0.6014551520347595,-0.04990191385149956,0.3993217349052429,0.6027073860168457,-0.058667197823524475,0.43579500913619995,0.5331557989120483,-0.021325094625353813,0.46926331520080566,0.45871180295944214,-0.036349937319755554,0.48675912618637085,0.4095921516418457,-0.050626128911972046,0.49881842732429504,0.36717283725738525,-0.06224535405635834,0.3950713276863098,0.5109015107154846,-0.02147793211042881,0.41068220138549805,0.4155508279800415,-0.032412584871053696,0.41835713386535645,0.35566240549087524,-0.04459437355399132,0.4219355881214142,0.3091360032558441,-0.05442925915122032,0.3566724956035614,0.5155495405197144,-0.02539605274796486,0.35777249932289124,0.4278689920902252,-0.037008319050073624,0.36172565817832947,0.3716273307800293,-0.050423260778188705,0.36493805050849915,0.326234370470047,-0.0607110969722271,0.31712594628334045,0.5417754650115967,-0.03271230682730675,0.30737489461898804,0.4765971302986145,-0.04379773512482643,0.3015463948249817,0.4342716634273529,-0.05070272460579872,0.2966323494911194,0.3953733444213867,-0.05641334876418114
0.3552919030189514,0.7486926317214966,5.08428740886302e-07,0.40685218572616577,0.727238655090332,-0.02995423600077629,0.451069176197052,0.6656078696250916,-0.04161829873919487,0.44072243571281433,0.609462559223175,-0.05112059414386749,0.4019598662853241,0.6097070574760437,-0.060649335384368896,0.4340176582336426,0.5389664173126221,-0.02194209396839142,0.46726804971694946,0.46353402733802795,-0.03765401989221573,0.4847971796989441,0.4142146408557892,-0.05239897221326828,0.49678754806518555,0.37148237228393555,-0.06416434794664383,0.39347514510154724,0.5168869495391846,-0.022272463887929916,0.4090675115585327,0.42075949907302856,-0.033786971122026443,0.41688722372055054,0.36053466796875,-0.04643100127577782,0.4204663336277008,0.3141506314277649,-0.05655688792467117,0.35500800609588623,0.5212026238441467,-0.026320815086364746,0.35537245869636536,0.43306124210357666,-0.0381355844438076,0.35877567529678345,0.37609779834747314,-0.05184042453765869,0.361548513174057,0.3306224048137665,-0.06231992319226265,0.3156919777393341,0.5468817949295044,-0.03377000242471695,0.305367112159729,0.4812610447406769,-0.044962335377931595,0.29900649189949036,0.43852728605270386,-0.0520959347486496,0.2937033474445343,0.39979779720306396,-0.05790334567427635
0.3532259166240692,0.7494357824325562,5.1225401875854e-07,0.4057566225528717,0.728400707244873,-0.030397215858101845,0.4502648413181305,0.6648908257484436,-0.041567254811525345,0.4384821355342865,0.6098636984825134,-0.050336919724941254,0.3995994031429291,0.6124120354652405,-0.05919330194592476,0.4328387379646301,0.5401148200035095,-0.022299334406852722,0.4667285084724426,0.4645881652832031,-0.037522584199905396,0.48401179909706116,0.4145578145980835,-0.0518830269575119,0.4957626760005951,0.37091946601867676,-0.06355252861976624,0.3920435309410095,0.517722487449646,-0.022110477089881897,0.4078516662120819,0.42231228947639465,-0.03319213166832924,0.4155345559120178,0.36176028847694397,-0.04558666795492172,0.4191686511039734,0.3141956329345703,-0.055674511939287186,0.3537459969520569,0.5220215320587158,-0.02563486620783806,0.35442453622817993,0.43455928564071655,-0.037038654088974,0.3584270477294922,0.37774205207824707,-0.05078964680433273,0.3616085946559906,0.33168989419937134,-0.06142513453960419,0.31469252705574036,0.547741174697876,-0.03260098397731781,0.3043051064014435,0.4827622175216675,-0.043519891798496246,0.2983188331127167,0.4399673342704773,-0.05069568380713463,0.293285071849823,0.4006839394569397,-0.05666682496666908
0.35169506072998047,0.7500107288360596,5.158500471225125e-07,0.4041345715522766,0.7280117273330688,-0.030231084674596786,0.4489436149597168,0.6651482582092285,-0.04162228852510452,0.43678373098373413,0.6099809408187866,-0.05067760497331619,0.3965771198272705,0.6103067994117737,-0.05986086279153824,0.4310685694217682,0.5411062240600586,-0.022508492693305016,0.4653736352920532,0.4656190872192383,-0.038195643573999405,0.48296818137168884,0.4152253270149231,-0.05288071185350418,0.495250403881073,0.37127625942230225,-0.06472218781709671,0.39050930738449097,0.5188971161842346,-0.02257104404270649,0.40668725967407227,0.4235053062438965,-0.034093208611011505,0.4143214225769043,0.3625325560569763,-0.046847566962242126,0.418071448802948,0.3144460618495941,-0.05719960480928421,0.352311372756958,0.5232880711555481,-0.026314862072467804,0.35342416167259216,0.4359055161476135,-0.03809120133519173,0.3573458790779114,0.37900757789611816,-0.051906052976846695,0.3603651225566864,0.33272266387939453,-0.06261193752288818,0.3132482171058655,0.5490883588790894,-0.033483270555734634,0.3034532070159912,0.48465412855148315,-0.044679123908281326,0.2972337603569031,0.44185328483581543,-0.051891595125198364,0.29171520471572876,0.4023992419242859,-0.05789100006222725
0.3407994508743286,0.7520771622657776,4.855412498727674e-07,0.39182794094085693,0.724906861782074,-0.027899282053112984,0.43104875087738037,0.6619132161140442,-0.0388096421957016,0.41015520691871643,0.6106997728347778,-0.047917574644088745,0.37037888169288635,0.601891279220581,-0.057266704738140106,0.42097070813179016,0.5390323996543884,-0.020009974017739296,0.45475444197654724,0.4633689522743225,-0.03658050671219826,0.47281762957572937,0.4124634265899658,-0.05241473764181137,0.4857792258262634,0.3676462173461914,-0.06484251469373703,0.37984931468963623,0.5172009468078613,-0.021381016820669174,0.39477232098579407,0.4223827123641968,-0.03337496891617775,0.40236708521842957,0.3612532615661621,-0.04778340086340904,0.406447172164917,0.3118748068809509,-0.05934210121631622,0.3420599699020386,0.5228851437568665,-0.026306191459298134,0.34326064586639404,0.4354151785373688,-0.038899511098861694,0.3468106985092163,0.3764793276786804,-0.053816795349121094,0.34922146797180176,0.3275660276412964,-0.0650503933429718,0.3042127192020416,0.5507623553276062,-0.034293096512556076,0.2930443286895752,0.48499155044555664,-0.04696701094508171,0.28665533661842346,0.4392659664154053,-0.05472366884350777,0.28076285123825073,0.3972257375717163,-0.06058724597096443
0.3312907814979553,0.7617201805114746,4.778730158250255e-07,0.3815445303916931,0.7318562269210815,-0.027973691001534462,0.416636198759079,0.6658293604850769,-0.038646988570690155,0.39180663228034973,0.6111583709716797,-0.04731938987970352,0.3522779047489166,0.5949876308441162,-0.05604015663266182,0.4082079231739044,0.5476675629615784,-0.02013121359050274,0.44010064005851746,0.4700082242488861,-0.036230891942977905,0.45695242285728455,0.4182075262069702,-0.05138499289751053,0.468877911567688,0.3732219636440277,-0.06328283995389938,0.36688825488090515,0.5272260904312134,-0.02131452038884163,0.38192880153656006,0.4320973753929138,-0.033081430941820145,0.3890498876571655,0.37173396348953247,-0.04717179015278816,0.39256376028060913,0.32339242100715637,-0.05839815363287926,0.3286748230457306,0.5344481468200684,-0.02608531340956688,0.3295099139213562,0.447353333234787,-0.03863515332341194,0.3325183391571045,0.38865864276885986,-0.05335194990038872,0.334242045879364,0.33962491154670715,-0.06450966745615005,0.2895074188709259,0.5632113814353943,-0.03383748605847359,0.27905917167663574,0.49699264764785767,-0.046691834926605225,0.27358278632164,0.4524786174297333,-0.054380882531404495,0.2686125934123993,0.4120189845561981,-0.06017456576228142
0.33040285110473633,0.7649677395820618,4.816372438654071e-07,0.3807303309440613,0.7354401350021362,-0.027868546545505524,0.4152200222015381,0.6682036519050598,-0.038616281002759933,0.3907550573348999,0.6125125288963318,-0.047373175621032715,0.3511698544025421,0.5953740477561951,-0.056226130574941635,0.407175749540329,0.5508955717086792,-0.020790347829461098,0.4406883120536804,0.47310227155685425,-0.03728877007961273,0.457783579826355,0.4208935499191284,-0.05259250849485397,0.46970197558403015,0.37616652250289917,-0.06453358381986618,0.3657051622867584,0.5301302075386047,-0.02185940556228161,0.38152024149894714,0.43510568141937256,-0.034224461764097214,0.38845330476760864,0.37395036220550537,-0.04859945550560951,0.39151233434677124,0.3257604241371155,-0.059870991855859756,0.32726404070854187,0.5371133685112,-0.026433242484927177,0.328583300113678,0.44884949922561646,-0.039397407323122025,0.3321119248867035,0.3896339535713196,-0.054190896451473236,0.3341263234615326,0.34054529666900635,-0.06536585092544556,0.28804832696914673,0.5658593773841858,-0.03390932455658913,0.27818265557289124,0.5006462335586548,-0.04709615185856819,0.2734522521495819,0.45573142170906067,-0.05496128275990486,0.26958027482032776,0.41498249769210815,-0.06082375720143318
0.33051010966300964,0.7641146183013916,4.906593744635757e-07,0.38062751293182373,0.73485267162323,-0.02778553031384945,0.4151477813720703,0.6688230037689209,-0.03872339427471161,0.390713095664978,0.6139040589332581,-0.04773629084229469,0.3519883453845978,0.594729483127594,-0.056812748312950134,0.4076350927352905,0.5518359541893005,-0.02083292417228222,0.4415479004383087,0.4751543700695038,-0.03752593696117401,0.45967090129852295,0.42378461360931396,-0.052843984216451645,0.472750186920166,0.3796694278717041,-0.06470772624015808,0.36615219712257385,0.5309537649154663,-0.022029800340533257,0.3820531666278839,0.43567535281181335,-0.034332796931266785,0.3897953927516937,0.37502557039260864,-0.04858335852622986,0.39374199509620667,0.3271697163581848,-0.05974246561527252,0.32791614532470703,0.5381946563720703,-0.0267680324614048,0.32884782552719116,0.4504910707473755,-0.03976401686668396,0.33259567618370056,0.3914048969745636,-0.054559629410505295,0.3351650834083557,0.3419824242591858,-0.06573022156953812,0.289350301027298,0.5673462748527527,-0.034407489001750946,0.2794916331768036,0.5024256706237793,-0.047593168914318085,0.27471089363098145,0.4580412209033966,-0.05542277172207832,0.27087917923927307,0.4175240397453308,-0.06127471476793289
0.3280695080757141,0.7593421936035156,4.896922973784967e-07,0.37861543893814087,0.7291752099990845,-0.026042554527521133,0.4124014377593994,0.662621259689331,-0.036231718957424164,0.3885551393032074,0.6086985468864441,-0.04479103535413742,0.3499687910079956,0.5925256013870239,-0.05354059860110283,0.4044058918952942,0.547507643699646,-0.019746026024222374,0.437061607837677,0.4693337380886078,-0.03627254441380501,0.4545711278915405,0.4177124500274658,-0.05136317014694214,0.4671846926212311,0.37343496084213257,-0.06290728598833084,0.3636412024497986,0.527542769908905,-0.021533707156777382,0.3800176680088043,0.4324861168861389,-0.033709488809108734,0.38727813959121704,0.3718538284301758,-0.04773992300033569,0.3908141851425171,0.32389694452285767,-0.05867643654346466,0.32562488317489624,0.5342519283294678,-0.026682173833251,0.3273894488811493,0.44634294509887695,-0.039231762290000916,0.33065688610076904,0.3876757025718689,-0.053537797182798386,0.3327351212501526,0.33887290954589844,-0.06434771418571472,0.28658390045166016,0.5622309446334839,-0.03458807244896889,0.27746784687042236,0.497180700302124,-0.04695641249418259,0.273346483707428,0.452605664730072,-0.05412217602133751,0.2702418863773346,0.41192859411239624,-0.05955364182591438
0.32713040709495544,0.7572578191757202,4.887552336185763e-07,0.3765312731266022,0.7271287441253662,-0.02780286595225334,0.41038286685943604,0.6627044081687927,-0.03913334384560585,0.38427987694740295,0.609157919883728,-0.048400990664958954,0.3462708294391632,0.5886990427970886,-0.05767521634697914,0.4026120901107788,0.5474590063095093,-0.02174231968820095,0.43368595838546753,0.4698072075843811,-0.039476945996284485,0.4515061676502228,0.4186481833457947,-0.05552411079406738,0.4648144841194153,0.3742847442626953,-0.06754633784294128,0.3620348870754242,0.5261920094490051,-0.022895844653248787,0.37793171405792236,0.43053382635116577,-0.03571322187781334,0.3852611184120178,0.3700724244117737,-0.050132133066654205,0.38923609256744385,0.3221263587474823,-0.06132417917251587,0.3242183029651642,0.5320641398429871,-0.027579566463828087,0.32629501819610596,0.44406282901763916,-0.04074043035507202,0.32950901985168457,0.38560009002685547,-0.05523032695055008,0.3313910961151123,0.33719074726104736,-0.06606821715831757,0.2851206660270691,0.5595008730888367,-0.03515220060944557,0.27649474143981934,0.4939504563808441,-0.04802490025758743,0.27196410298347473,0.4498103857040405,-0.055240482091903687,0.26786258816719055,0.40977662801742554,-0.06056627631187439
0.30509161949157715,0.7415759563446045,4.927826466882834e-07,0.354399710893631,0.7107455730438232,-0.028142524883151054,0.3869238495826721,0.6437728404998779,-0.0380718857049942,0.35930630564689636,0.5891537070274353,-0.04562421143054962,0.3203490078449249,0.5701688528060913,-0.0526411309838295,0.37824079394340515,0.5307822227478027,-0.018383167684078217,0.41148024797439575,0.45501166582107544,-0.034261900931596756,0.43044930696487427,0.4043005406856537,-0.048991259187459946,0.4447554051876068,0.36111894249916077,-0.06004791334271431,0.338283896446228,0.5079064965248108,-0.017925377935171127,0.3533843159675598,0.411852091550827,-0.028297344222664833,0.3617383539676666,0.3524545431137085,-0.0403277687728405,0.36710530519485474,0.30749574303627014,-0.04952767863869667,0.30212515592575073,0.5127205848693848,-0.021300839260220528,0.3022768795490265,0.4267064929008484,-0.03220498934388161,0.30620908737182617,0.3714120388031006,-0.04502936825156212,0.30952557921409607,0.32643333077430725,-0.05465007200837135,0.2669127583503723,0.5398973226547241,-0.027795201167464256,0.2557319104671478,0.48021066188812256,-0.03877301141619682,0.24922743439674377,0.44086897373199463,-0.044997211545705795,0.2432187795639038,0.4046628475189209,-0.04955003038048744
0.29869136214256287,0.7395485639572144,4.821216634809389e-07,0.3486183285713196,0.7104690670967102,-0.02879592590034008,0.3823101818561554,0.6442155241966248,-0.03864263370633125,0.3548114597797394,0.588394284248352,-0.04617541655898094,0.31647950410842896,0.5685890913009644,-0.05316925048828125,0.37392422556877136,0.5278894305229187,-0.01772526651620865,0.40693992376327515,0.4504280388355255,-0.033370599150657654,0.4259631335735321,0.3995857834815979,-0.04801002889871597,0.43996521830558777,0.3565768897533417,-0.05887028947472572,0.33419638872146606,0.5067692399024963,-0.016580883413553238,0.3493739366531372,0.4111891984939575,-0.026684768497943878,0.35690802335739136,0.3513587713241577,-0.0388503223657608,0.3608096241950989,0.3057699501514435,-0.048191700130701065,0.29832276701927185,0.5119075775146484,-0.019370416179299355,0.3001950681209564,0.4278571307659149,-0.029609672725200653,0.3037915825843811,0.3706425428390503,-0.04241999238729477,0.30572235584259033,0.3236689269542694,-0.05215107277035713,0.26256439089775085,0.5383667945861816,-0.025422681123018265,0.253246009349823,0.47931569814682007,-0.03566309064626694,0.24708670377731323,0.4396275281906128,-0.04168882593512535,0.24072089791297913,0.4031018614768982,-0.04615434259176254
0.29024791717529297,0.7306833863258362,4.813558120986272e-07,0.3385579288005829,0.6999001502990723,-0.027152465656399727,0.3722494840621948,0.6379034519195557,-0.03808555752038956,0.34673309326171875,0.5831413865089417,-0.04720115661621094,0.3088817596435547,0.5589114427566528,-0.05617598071694374,0.36302968859672546,0.52316814661026,-0.019762737676501274,0.39624354243278503,0.4473356008529663,-0.03756965696811676,0.4162067770957947,0.39730530977249146,-0.053383708000183105,0.43153145909309387,0.35499751567840576,-0.06487925350666046,0.3239406943321228,0.5024799108505249,-0.020535197108983994,0.3392181098461151,0.4057900905609131,-0.032840434461832047,0.3471978008747101,0.34614866971969604,-0.046351443976163864,0.35185009241104126,0.30026501417160034,-0.05664152279496193,0.28834161162376404,0.5084061026573181,-0.024960579350590706,0.28990569710731506,0.4228344261646271,-0.037415485829114914,0.2936473488807678,0.3655506372451782,-0.05125878006219864,0.29679250717163086,0.31832921504974365,-0.06164628639817238,0.25283384323120117,0.5360005497932434,-0.032275233417749405,0.24152106046676636,0.4762361943721771,-0.04435434564948082,0.23500970005989075,0.43628257513046265,-0.0511162094771862,0.229295551776886,0.3997024893760681,-0.056046102195978165
0.2515544295310974,0.7108616828918457,4.822286427952349e-07,0.3003947138786316,0.6815148591995239,-0.02882430888712406,0.334200918674469,0.6146632432937622,-0.0394432432949543,0.3082957863807678,0.5584573745727539,-0.04766407236456871,0.2690567672252655,0.5390066504478455,-0.055458009243011475,0.32474252581596375,0.4975259304046631,-0.019334066659212112,0.35450655221939087,0.4192955195903778,-0.034901417791843414,0.3720194697380066,0.3690635561943054,-0.048968084156513214,0.3852452039718628,0.3273802399635315,-0.05970332399010658,0.2845000922679901,0.4785211384296417,-0.018788950517773628,0.29819849133491516,0.3833896815776825,-0.02968156337738037,0.30507537722587585,0.32430607080459595,-0.04221287742257118,0.3091769516468048,0.2795586585998535,-0.05193719267845154,0.2477702796459198,0.4859659671783447,-0.022142868489027023,0.24817627668380737,0.39897024631500244,-0.03412236273288727,0.25120922923088074,0.3415076732635498,-0.04821271449327469,0.2537880539894104,0.29442399740219116,-0.05878670886158943,0.21121156215667725,0.5143839716911316,-0.028544705361127853,0.2000507414340973,0.4533631503582001,-0.04121510684490204,0.19266250729560852,0.4112553596496582,-0.04919756203889847,0.18638473749160767,0.37197262048721313,-0.05503293499350548
0.2565319538116455,0.7032017111778259,4.875603849541221e-07,0.30643874406814575,0.6715506315231323,-0.026351695880293846,0.34096410870552063,0.603431761264801,-0.03519855812191963,0.3137328028678894,0.5478893518447876,-0.042335301637649536,0.2728061079978943,0.5312992334365845,-0.049327362328767776,0.33055800199508667,0.4885227382183075,-0.014253797940909863,0.3616446554660797,0.41132616996765137,-0.029373228549957275,0.3803597688674927,0.3615395426750183,-0.043699126690626144,0.3954773545265198,0.3205115795135498,-0.05447414144873619,0.2900230884552002,0.4695374071598053,-0.014982083812355995,0.30407434701919556,0.3757784366607666,-0.0254717655479908,0.31106242537498474,0.31501638889312744,-0.03868185728788376,0.3154677450656891,0.26735639572143555,-0.04870212823152542,0.25324156880378723,0.47730088233947754,-0.019541839137673378,0.2559107840061188,0.39070382714271545,-0.0312718041241169,0.25889113545417786,0.33051401376724243,-0.045681100338697433,0.261466920375824,0.27963194251060486,-0.05633018538355827,0.21558573842048645,0.5062863826751709,-0.026972798630595207,0.20572730898857117,0.44628918170928955,-0.03909676522016525,0.2005019187927246,0.4033854603767395,-0.046364519745111465,0.19709810614585876,0.36286211013793945,-0.05156412348151207
0.2746313512325287,0.7050899267196655,4.874975161328621e-07,0.32332584261894226,0.6749785542488098,-0.026832805946469307,0.3575461208820343,0.6105693578720093,-0.03709553927183151,0.33139342069625854,0.5563560128211975,-0.04553356021642685,0.2917618453502655,0.538285493850708,-0.053897880017757416,0.3453250825405121,0.49453413486480713,-0.018662266433238983,0.3791417181491852,0.41803473234176636,-0.035558070987463,0.39772436022758484,0.3674910068511963,-0.050606049597263336,0.4113399386405945,0.32530245184898376,-0.061642713844776154,0.3051915466785431,0.475180983543396,-0.019285183399915695,0.3204604387283325,0.38023149967193604,-0.03160952776670456,0.3278307616710663,0.3191864490509033,-0.0452498123049736,0.33127361536026,0.2711471915245056,-0.0553491935133934,0.26881349086761475,0.48209062218666077,-0.023451274260878563,0.2696947455406189,0.3960670530796051,-0.03633945807814598,0.2721470296382904,0.3366793990135193,-0.05078515410423279,0.27379995584487915,0.2862808406352997,-0.061242494732141495,0.2324552834033966,0.510383665561676,-0.030435848981142044,0.22049343585968018,0.4501517713069916,-0.04336995258927345,0.21329571306705475,0.406801700592041,-0.05099685490131378,0.20755696296691895,0.3655903935432434,-0.056240323930978775
0.2863563597202301,0.706618070602417,4.859625164499448e-07,0.33608728647232056,0.6794451475143433,-0.02851972170174122,0.37168392539024353,0.6175188422203064,-0.039789266884326935,0.3461686670780182,0.5631046891212463,-0.04885757714509964,0.3060307800769806,0.54482102394104,-0.057768262922763824,0.36052441596984863,0.5005940198898315,-0.02010815590620041,0.39384862780570984,0.4255504012107849,-0.03759702667593956,0.4127064347267151,0.3757898211479187,-0.05321003124117851,0.4273793399333954,0.3347628712654114,-0.06462807953357697,0.31969237327575684,0.4790785312652588,-0.019864683970808983,0.33402296900749207,0.3842126429080963,-0.032371748238801956,0.3412240743637085,0.32590433955192566,-0.04596782103180885,0.3455295264720917,0.2808595597743988,-0.05583372712135315,0.28313755989074707,0.484300822019577,-0.023215213790535927,0.28374335169792175,0.39786118268966675,-0.0358453169465065,0.2862475514411926,0.33877912163734436,-0.04943281412124634,0.2887476682662964,0.2881152331829071,-0.059311818331480026,0.24697145819664001,0.5115135908126831,-0.029557203873991966,0.2355719655752182,0.45176202058792114,-0.041770465672016144,0.22987793385982513,0.40916597843170166,-0.048374954611063004,0.22623226046562195,0.3685196340084076,-0.05286003276705742
0.346477210521698,0.7184017896652222,4.4525549469653924e-07,0.39835941791534424,0.6886058449745178,-0.024932393804192543,0.43972283601760864,0.6220493316650391,-0.033567458391189575,0.42243775725364685,0.566716194152832,-0.04073445126414299,0.3818623125553131,0.5625563263893127,-0.04815701022744179,0.4261515140533447,0.5118674039840698,-0.01672704517841339,0.45741406083106995,0.4355514347553253,-0.03100741095840931,0.4734858274459839,0.38555702567100525,-0.04456019774079323,0.48490646481513977,0.34347450733184814,-0.05528133735060692,0.38530275225639343,0.4894615113735199,-0.01823185198009014,0.39815279841423035,0.39360761642456055,-0.028461318463087082,0.4038616120815277,0.3332756459712982,-0.04068531468510628,0.4056943356990814,0.2872712314128876,-0.05020737275481224,0.34762969613075256,0.49336013197898865,-0.022929145023226738,0.3475068211555481,0.4052286148071289,-0.03378309682011604,0.3500004708766937,0.34629085659980774,-0.04728967323899269,0.3513462245464325,0.2980724573135376,-0.05761075019836426,0.3095899820327759,0.5192296504974365,-0.03042854368686676,0.29833751916885376,0.45661911368370056,-0.04113201051950455,0.29139140248298645,0.4132527709007263,-0.047625843435525894,0.2850763499736786,0.37325090169906616,-0.05274767056107521
0.3694782555103302,0.7195585370063782,4.423145583132282e-07,0.42183253169059753,0.6906082034111023,-0.022118549793958664,0.46438783407211304,0.6244855523109436,-0.03012438304722309,0.4566137492656708,0.5698242783546448,-0.037324458360672,0.4211135506629944,0.5614674091339111,-0.04529789090156555,0.4478338956832886,0.5092151165008545,-0.01658557914197445,0.4795171320438385,0.4336707592010498,-0.0320170521736145,0.49642857909202576,0.3842449188232422,-0.046313755214214325,0.508055567741394,0.3418653607368469,-0.05757131800055504,0.4083629846572876,0.48846641182899475,-0.020365271717309952,0.4245460331439972,0.39364176988601685,-0.0317947193980217,0.4313119649887085,0.333949476480484,-0.044488899409770966,0.43341773748397827,0.2871268391609192,-0.05449705943465233,0.369797945022583,0.49410831928253174,-0.027196111157536507,0.37231022119522095,0.40468713641166687,-0.039768218994140625,0.37397444248199463,0.3457866907119751,-0.05403221771121025,0.37472933530807495,0.2963632345199585,-0.06494488567113876,0.3292665481567383,0.5219666957855225,-0.036455947905778885,0.31646856665611267,0.4594631791114807,-0.04949319735169411,0.30836910009384155,0.41580861806869507,-0.05739469826221466,0.3021034896373749,0.3740772604942322,-0.06346514075994492
0.3868142068386078,0.7157734632492065,4.3134554061907693e-07,0.43950605392456055,0.685012936592102,-0.02238067053258419,0.4861060380935669,0.6209246516227722,-0.030710695311427116,0.47794368863105774,0.568842887878418,-0.03815129026770592,0.44196009635925293,0.5612797737121582,-0.04628404974937439,0.4653421640396118,0.5062640905380249,-0.015495347790420055,0.496832013130188,0.43148931860923767,-0.030746765434741974,0.5130978226661682,0.3830261826515198,-0.04486682638525963,0.5237091779708862,0.34145796298980713,-0.05578996241092682,0.4247136116027832,0.48692619800567627,-0.01883975975215435,0.4397701025009155,0.39243173599243164,-0.030054958537220955,0.4458405375480652,0.33372873067855835,-0.04242054373025894,0.44702452421188354,0.28806358575820923,-0.05219408497214317,0.3868090808391571,0.4929559528827667,-0.025372669100761414,0.3882913589477539,0.40561527013778687,-0.03708430007100105,0.3907201588153839,0.3477044701576233,-0.05030538886785507,0.3924023509025574,0.2992830276489258,-0.06055063009262085,0.3471391499042511,0.5205850601196289,-0.034468211233615875,0.33570507168769836,0.4574407935142517,-0.04572472721338272,0.3284614682197571,0.4140024185180664,-0.052225735038518906,0.3231008052825928,0.3726523518562317,-0.057508692145347595
0.4098452031612396,0.7061312198638916,4.3658485537889646e-07,0.4603734016418457,0.6800656914710999,-0.026420067995786667,0.5078697204589844,0.6184375286102295,-0.03593941777944565,0.5016687512397766,0.5656436085700989,-0.04381122812628746,0.4672619104385376,0.5558212995529175,-0.05194488912820816,0.49161970615386963,0.5009771585464478,-0.018016505986452103,0.5231932401657104,0.42922550439834595,-0.0335555225610733,0.5394002199172974,0.3810957074165344,-0.0477379746735096,0.5503693222999573,0.33928778767585754,-0.05909239128232002,0.4516182839870453,0.48023781180381775,-0.019884085282683372,0.46598756313323975,0.3880460858345032,-0.0322144515812397,0.47219982743263245,0.32946181297302246,-0.04516611248254776,0.4746265411376953,0.28233009576797485,-0.05530073121190071,0.41388237476348877,0.48566681146621704,-0.0253911055624485,0.41643452644348145,0.3998384475708008,-0.039158791303634644,0.41828954219818115,0.3422895073890686,-0.05406296253204346,0.42009496688842773,0.2935273051261902,-0.06519527733325958,0.37473610043525696,0.5122227668762207,-0.03375329077243805,0.36144474148750305,0.45140540599823,-0.04777306690812111,0.3521735668182373,0.40922725200653076,-0.056618832051754,0.34546855092048645,0.3681853413581848,-0.06330876797437668
0.40822634100914,0.6991106867790222,4.259161698882963e-07,0.45885545015335083,0.6716886162757874,-0.0257856547832489,0.5058722496032715,0.6123302578926086,-0.03606048598885536,0.49902546405792236,0.5594267845153809,-0.04474960267543793,0.4646998643875122,0.5452461838722229,-0.05366166681051254,0.48936727643013,0.4952668845653534,-0.019426951184868813,0.521450400352478,0.4230625331401825,-0.03625433146953583,0.5378881692886353,0.3748857378959656,-0.050877247005701065,0.5491678714752197,0.3336848318576813,-0.06206192448735237,0.4500603675842285,0.47501856088638306,-0.02138315886259079,0.4646305441856384,0.3821081519126892,-0.03456314653158188,0.47086697816848755,0.3236020803451538,-0.04745357483625412,0.47365328669548035,0.27737677097320557,-0.057315077632665634,0.41346362233161926,0.4804195463657379,-0.026792841032147408,0.41591423749923706,0.39447665214538574,-0.04048558324575424,0.41780704259872437,0.3376142680644989,-0.05451224371790886,0.41992491483688354,0.2900839149951935,-0.0649912878870964,0.3757936954498291,0.507219135761261,-0.03496969863772392,0.3624477982521057,0.4471839666366577,-0.04842618480324745,0.35356324911117554,0.4056425392627716,-0.05652010440826416,0.3471648097038269,0.36580103635787964,-0.06251734495162964
0.3931679129600525,0.6947345733642578,4.515908926805423e-07,0.4447855055332184,0.6669470071792603,-0.02478814497590065,0.48646780848503113,0.6077513694763184,-0.03453277796506882,0.47674527764320374,0.555234432220459,-0.04274655878543854,0.44314005970954895,0.5371659398078918,-0.05105656757950783,0.4688952565193176,0.49224692583084106,-0.019097471609711647,0.5023216605186462,0.42040860652923584,-0.03561463952064514,0.5200541019439697,0.3722665309906006,-0.04989699646830559,0.5321741700172424,0.3310090899467468,-0.06052789092063904,0.4297964572906494,0.47178521752357483,-0.021038809791207314,0.44495800137519836,0.3785412311553955,-0.03305850178003311,0.45199140906333923,0.32007473707199097,-0.045215632766485214,0.45601189136505127,0.2738136053085327,-0.054659102112054825,0.3928627371788025,0.47732728719711304,-0.026282256469130516,0.3948959410190582,0.3908379375934601,-0.03862224519252777,0.3969287872314453,0.3343876004219055,-0.05156353488564491,0.3996517062187195,0.28656435012817383,-0.06142697110772133,0.35532116889953613,0.5048699975013733,-0.03421494737267494,0.34345507621765137,0.4439185559749603,-0.04606660082936287,0.33641600608825684,0.40294149518013,-0.05276639014482498,0.332048237323761,0.36398616433143616,-0.05788196623325348
0.09512348473072052,0.9661117792129517,5.136370759828424e-07,0.14642328023910522,0.9272266626358032,-0.02432076819241047,0.1816193014383316,0.852138340473175,-0.03238353505730629,0.1494324952363968,0.8014875650405884,-0.039539024233818054,0.10426036268472672,0.8039836883544922,-0.04692406579852104,0.17179083824157715,0.7406062483787537,-0.010545441880822182,0.20137551426887512,0.6587254405021667,-0.025741714984178543,0.2196042537689209,0.6076454520225525,-0.04097098857164383,0.2342519760131836,0.5649569630622864,-0.05275366082787514,0.12874242663383484,0.7226057052612305,-0.013305142521858215,0.14298653602600098,0.6249758005142212,-0.024134447798132896,0.1509438157081604,0.5616840124130249,-0.038697585463523865,0.1558530628681183,0.5109065771102905,-0.0498124435544014,0.09029538184404373,0.7309654355049133,-0.019896814599633217,0.0910593718290329,0.6407761573791504,-0.03149973973631859,0.09482928365468979,0.5784993171691895,-0.04682962968945503,0.09824038296937943,0.5251824855804443,-0.058057475835084915,0.053079474717378616,0.7602253556251526,-0.02936977706849575,0.04591818153858185,0.6956684589385986,-0.039906878024339676,0.04259023070335388,0.6497570276260376,-0.0464717335999012,0.040793560445308685,0.6059744358062744,-0.05172017961740494
0.10112816095352173,0.9635676741600037,5.215578084971639e-07,0.15240760147571564,0.9268237352371216,-0.025955645367503166,0.1882304549217224,0.8551194071769714,-0.03542327508330345,0.15794268250465393,0.8044015765190125,-0.04381977766752243,0.11335377395153046,0.8004450798034668,-0.052376583218574524,0.17540912330150604,0.7396225929260254,-0.012957294471561909,0.2044122815132141,0.6578739285469055,-0.02933795005083084,0.2229553461074829,0.607774555683136,-0.04545740410685539,0.2384331375360489,0.5654157400131226,-0.05773879587650299,0.1327541023492813,0.7217140793800354,-0.015162616968154907,0.14621835947036743,0.6243920922279358,-0.02672613598406315,0.15385262668132782,0.5617035627365112,-0.041960496455430984,0.15887050330638885,0.510582685470581,-0.05366768315434456,0.09475719928741455,0.7300906181335449,-0.021269632503390312,0.09482429921627045,0.6396235227584839,-0.03323637694120407,0.09815291315317154,0.5779398083686829,-0.04824387654662132,0.1014343798160553,0.5246790647506714,-0.05927472561597824,0.057473354041576385,0.7594143748283386,-0.03043612278997898,0.049804747104644775,0.6933069825172424,-0.04136008024215698,0.046519286930561066,0.6467846035957336,-0.04785621166229248,0.04507235437631607,0.6027242541313171,-0.05292646586894989
0.10540523380041122,0.9603509306907654,5.138664960213646e-07,0.15633533895015717,0.9239094257354736,-0.025427648797631264,0.19168761372566223,0.854052722454071,-0.034861862659454346,0.16287696361541748,0.8033425211906433,-0.04339838773012161,0.11941257119178772,0.7959446310997009,-0.05211042985320091,0.17950613796710968,0.7373435497283936,-0.012442256323993206,0.20787784457206726,0.6572590470314026,-0.029303183779120445,0.22625060379505157,0.6064590811729431,-0.04576966539025307,0.24156811833381653,0.5630626678466797,-0.058212559670209885,0.13707613945007324,0.719569742679596,-0.015111633576452732,0.15013061463832855,0.6227945685386658,-0.02713914029300213,0.15763667225837708,0.5600520372390747,-0.0424686074256897,0.1625509262084961,0.5086724758148193,-0.054132264107465744,0.09885969758033752,0.7286157608032227,-0.021683039143681526,0.09887465089559555,0.6383850574493408,-0.03424585610628128,0.10160373896360397,0.5772023797035217,-0.04894950985908508,0.10423785448074341,0.5242413878440857,-0.059550315141677856,0.061291467398405075,0.7588785290718079,-0.03125870227813721,0.05350394546985626,0.6926665902137756,-0.042903125286102295,0.04969422519207001,0.645652711391449,-0.04942953586578369,0.04743305593729019,0.601123571395874,-0.05427161604166031
0.1269768327474594,0.9674449563026428,5.201801513976534e-07,0.17682436108589172,0.9290204048156738,-0.026112576946616173,0.21102437376976013,0.8557350635528564,-0.0357494056224823,0.1806701421737671,0.8010669946670532,-0.04405558481812477,0.13451874256134033,0.799474835395813,-0.05252518132328987,0.1909584403038025,0.7402817606925964,-0.01349883433431387,0.2177404761314392,0.658812403678894,-0.029563695192337036,0.2350885421037674,0.6070402264595032,-0.04544828087091446,0.24995121359825134,0.5633730888366699,-0.05761571228504181,0.14873546361923218,0.7228569388389587,-0.015696454793214798,0.15880045294761658,0.624527633190155,-0.027013439685106277,0.16462409496307373,0.5603104829788208,-0.04168510064482689,0.1681128591299057,0.5091529488563538,-0.05264204740524292,0.11192545294761658,0.7326644659042358,-0.021640894934535027,0.10916189849376678,0.6412177681922913,-0.03371158614754677,0.11090876162052155,0.5765169262886047,-0.04846195504069328,0.11280737817287445,0.521496057510376,-0.059055980294942856,0.07589596509933472,0.765147864818573,-0.030579769983887672,0.06510963290929794,0.6986083388328552,-0.04184732958674431,0.06058918684720993,0.6508007049560547,-0.04806164279580116,0.0580512210726738,0.6068477630615234,-0.052617158740758896
0.13490788638591766,0.9724000692367554,4.7485701770710875e-07,0.18536566197872162,0.9360700845718384,-0.025823460891842842,0.22112047672271729,0.8593226671218872,-0.03441823273897171,0.1900896281003952,0.8051462173461914,-0.041762787848711014,0.1431046724319458,0.8073924779891968,-0.049246903508901596,0.20201309025287628,0.7433857321739197,-0.011582589708268642,0.22843927145004272,0.6639403700828552,-0.026952696964144707,0.24532058835029602,0.6126030683517456,-0.04278375580906868,0.2593134045600891,0.5695518255233765,-0.055208560079336166,0.15964433550834656,0.726544976234436,-0.013770299963653088,0.1670352965593338,0.6296092867851257,-0.024750884622335434,0.17173774540424347,0.5658270120620728,-0.03971245884895325,0.17431671917438507,0.5141193270683289,-0.051214128732681274,0.1233893558382988,0.7373428344726562,-0.01983771286904812,0.11833444982767105,0.6476740837097168,-0.03190845251083374,0.11920440196990967,0.5847076177597046,-0.04722012206912041,0.1203250139951706,0.5305730104446411,-0.058420050889253616,0.08868230134248734,0.769729495048523,-0.028939055278897285,0.07623778283596039,0.704757809638977,-0.04036494344472885,0.06953397393226624,0.6577146649360657,-0.047499243170022964,0.06465770304203033,0.6132792830467224,-0.053045548498630524
0.1475190818309784,0.9711333513259888,5.158083808964875e-07,0.19818373024463654,0.9343702793121338,-0.02582727186381817,0.23431749641895294,0.8625867962837219,-0.03508440777659416,0.2045704573392868,0.8133457899093628,-0.04320758581161499,0.1593613624572754,0.8159646391868591,-0.0516972541809082,0.21361373364925385,0.7482427358627319,-0.013127241283655167,0.23978783190250397,0.6677097082138062,-0.02912944182753563,0.25638917088508606,0.6148335933685303,-0.04528578743338585,0.270682156085968,0.5695915222167969,-0.05798457935452461,0.16995829343795776,0.7315016984939575,-0.01527643296867609,0.1776077300310135,0.6342508792877197,-0.026917854323983192,0.18265129625797272,0.5698720216751099,-0.04263274371623993,0.18610693514347076,0.5170334577560425,-0.054957255721092224,0.1323138177394867,0.741162896156311,-0.021138224750757217,0.12823770940303802,0.6506783962249756,-0.033644020557403564,0.1291792243719101,0.5886368155479431,-0.04957623779773712,0.13039866089820862,0.5355475544929504,-0.06135445088148117,0.09685204923152924,0.7727575898170471,-0.029946397989988327,0.08683580905199051,0.707747220993042,-0.04147060215473175,0.0814804881811142,0.6616655588150024,-0.048910245299339294,0.07740169018507004,0.6181067228317261,-0.05486731231212616
0.16704553365707397,0.9726912379264832,5.043260671300231e-07,0.2177194356918335,0.9362969994544983,-0.025567470118403435,0.2554437220096588,0.8647188544273376,-0.03490554541349411,0.2265331894159317,0.8153948187828064,-0.043057311326265335,0.1811245232820511,0.8243328928947449,-0.05171453207731247,0.23411890864372253,0.7485364079475403,-0.01405633706599474,0.2601763606071472,0.6690437197685242,-0.02992836758494377,0.2755771279335022,0.6165741682052612,-0.0459381639957428,0.2879703640937805,0.5711409449577332,-0.05855342745780945,0.19081108272075653,0.7327355146408081,-0.01670311950147152,0.1980435699224472,0.6355977654457092,-0.028069786727428436,0.20191223919391632,0.5723673105239868,-0.04292655736207962,0.20359820127487183,0.5203263163566589,-0.05457814037799835,0.1538981944322586,0.7431250810623169,-0.022937200963497162,0.14836594462394714,0.6545708179473877,-0.03501051664352417,0.14757908880710602,0.5936309695243835,-0.049675870686769485,0.14696359634399414,0.541258692741394,-0.06048896536231041,0.11870884150266647,0.7747892737388611,-0.03220737725496292,0.10629130154848099,0.7095588445663452,-0.0430060550570488,0.09996763616800308,0.6627398133277893,-0.04937996715307236,0.09517493098974228,0.6182639598846436,-0.054551590234041214
0.17988064885139465,0.973737359046936,5.313435735843086e-07,0.2315625250339508,0.938280463218689,-0.02629920095205307,0.2710123062133789,0.8646508455276489,-0.03520159423351288,0.2432662844657898,0.8126331567764282,-0.04278216511011124,0.1967836171388626,0.8227252960205078,-0.050777409225702286,0.24733039736747742,0.750237226486206,-0.013430912978947163,0.27459651231765747,0.669376790523529,-0.028828000649809837,0.29140567779541016,0.6165930032730103,-0.04442073777318001,0.3049657642841339,0.5714831948280334,-0.05675192177295685,0.20467959344387054,0.7337691187858582,-0.015516920015215874,0.21365277469158173,0.6357684135437012,-0.02646656334400177,0.21758557856082916,0.5713809132575989,-0.041055016219615936,0.21889778971672058,0.5192021727561951,-0.05235496908426285,0.16776950657367706,0.743347704410553,-0.021330315619707108,0.1641097217798233,0.6534755229949951,-0.03317704424262047,0.16400228440761566,0.5912554860115051,-0.047947295010089874,0.16355034708976746,0.5380169153213501,-0.0588051900267601,0.13166579604148865,0.7744598388671875,-0.03025560826063156,0.12221585959196091,0.7096151113510132,-0.04115713760256767,0.11688093096017838,0.6629732251167297,-0.047606512904167175,0.11267241835594177,0.6185289621353149,-0.05277138203382492
0.2053908258676529,0.9808245897293091,5.019382456339372e-07,0.25575605034828186,0.9455896615982056,-0.02568691037595272,0.293407678604126,0.8731234073638916,-0.0346919521689415,0.26800599694252014,0.8221688866615295,-0.04245380684733391,0.2237659990787506,0.8285840153694153,-0.05071459710597992,0.2729792296886444,0.7584108710289001,-0.014749376103281975,0.29926854372024536,0.677925705909729,-0.030397720634937286,0.3142067492008209,0.6257829070091248,-0.046195946633815765,0.3256610929965973,0.5797046422958374,-0.05874589458107948,0.23079408705234528,0.7423163652420044,-0.017159225419163704,0.24107524752616882,0.6457269191741943,-0.02850654162466526,0.24529698491096497,0.5813552141189575,-0.043490223586559296,0.24618959426879883,0.5282258987426758,-0.05532659962773323,0.1938965618610382,0.7521988153457642,-0.0231346245855093,0.18980145454406738,0.6647805571556091,-0.035110972821712494,0.1887468695640564,0.602884829044342,-0.0504174567759037,0.18724997341632843,0.5494521260261536,-0.061892591416835785,0.1579224169254303,0.7828810214996338,-0.03212347254157066,0.14689914882183075,0.7180151343345642,-0.04341486468911171,0.1402580440044403,0.6712110638618469,-0.0506281852722168,0.13503335416316986,0.6264309883117676,-0.05649372190237045
0.23860156536102295,0.9869521856307983,5.105269451632921e-07,0.28740906715393066,0.9506081342697144,-0.026842746883630753,0.32454028725624084,0.8873238563537598,-0.03906818479299545,0.29751670360565186,0.842431902885437,-0.04989008605480194,0.25483402609825134,0.8422385454177856,-0.06106683984398842,0.3029805123806,0.771201491355896,-0.01994342729449272,0.3293483257293701,0.6897472143173218,-0.038714587688446045,0.3446195125579834,0.6371607780456543,-0.0555911511182785,0.35766899585723877,0.591962456703186,-0.06816434115171432,0.2586178481578827,0.7539474368095398,-0.022724734619259834,0.2668994069099426,0.6548267602920532,-0.036158233880996704,0.2720611095428467,0.5913417935371399,-0.05139891058206558,0.2756323218345642,0.539247989654541,-0.06300464272499084,0.22171320021152496,0.7636690139770508,-0.028840256854891777,0.21892638504505157,0.6741164922714233,-0.042146939784288406,0.21873100101947784,0.6111072301864624,-0.0562756173312664,0.21958044171333313,0.5560855269432068,-0.06664883345365524,0.1872064769268036,0.7965368628501892,-0.03795009106397629,0.17507019639015198,0.731753945350647,-0.05004874989390373,0.17066559195518494,0.6846780180931091,-0.0556180402636528,0.1687735766172409,0.6405599117279053,-0.05964099243283272
0.25598591566085815,0.982140302658081,5.383346319831617e-07,0.30417612195014954,0.949058473110199,-0.026353588327765465,0.3442898094654083,0.8813399076461792,-0.03733937442302704,0.3214092552661896,0.8351901769638062,-0.04708698019385338,0.2790786623954773,0.8441997170448303,-0.057620711624622345,0.3213447332382202,0.7638469934463501,-0.01863689161837101,0.3464716672897339,0.68419349193573,-0.03670942783355713,0.36309024691581726,0.6323774456977844,-0.05383412912487984,0.37710899114608765,0.5873017907142639,-0.06702891737222672,0.27829307317733765,0.7487282752990723,-0.022131163626909256,0.2869228720664978,0.6517990827560425,-0.03540201857686043,0.29119378328323364,0.5880308151245117,-0.051124319434165955,0.29340946674346924,0.5353041887283325,-0.06351813673973083,0.24080978333950043,0.7599141001701355,-0.029223496094346046,0.23740115761756897,0.6695237755775452,-0.0430128239095211,0.23705115914344788,0.6064062118530273,-0.058761969208717346,0.23700107634067535,0.5524872541427612,-0.07042404264211655,0.20390142500400543,0.7924436926841736,-0.03933141380548477,0.19406017661094666,0.7245824933052063,-0.05172933265566826,0.18810391426086426,0.6774487495422363,-0.05895800516009331,0.18341901898384094,0.6326375007629395,-0.06482542306184769
0.27496427297592163,0.9735768437385559,5.219384888732748e-07,0.32465630769729614,0.9388262629508972,-0.026998916640877724,0.36399760842323303,0.870185136795044,-0.03796087205410004,0.33920159935951233,0.8228580951690674,-0.047487277537584305,0.2961598038673401,0.8309617638587952,-0.057687919586896896,0.33922284841537476,0.7569060921669006,-0.018225550651550293,0.3639458119869232,0.6773465871810913,-0.03615964576601982,0.3794322907924652,0.6262303590774536,-0.053391195833683014,0.3925808370113373,0.5819250345230103,-0.06655135750770569,0.29700323939323425,0.7415465116500854,-0.020934611558914185,0.3048593997955322,0.6446815729141235,-0.034232452511787415,0.30884024500846863,0.5806722044944763,-0.05045350268483162,0.31101638078689575,0.5284173488616943,-0.0629749745130539,0.2606735825538635,0.7520796060562134,-0.02721630409359932,0.25648316740989685,0.6627094149589539,-0.04127819463610649,0.25484687089920044,0.5995736718177795,-0.05782672390341759,0.25411227345466614,0.545562207698822,-0.06987264752388,0.2254573553800583,0.7837870717048645,-0.03643576800823212,0.21362170577049255,0.7190802693367004,-0.04953726381063461,0.20658662915229797,0.6722204685211182,-0.0575239323079586,0.20132550597190857,0.6274997591972351,-0.06366924941539764
0.2803243100643158,0.9693388938903809,5.219653758103959e-07,0.3298916518688202,0.9356210827827454,-0.026555096730589867,0.3706991672515869,0.8696965575218201,-0.03761589154601097,0.3474644422531128,0.8220822811126709,-0.04728017747402191,0.304800420999527,0.8278658390045166,-0.05745505914092064,0.34391874074935913,0.7527619004249573,-0.018061112612485886,0.36961251497268677,0.6735798716545105,-0.03589210659265518,0.3850160539150238,0.6213467717170715,-0.05285745486617088,0.3972530663013458,0.5760604739189148,-0.06571878492832184,0.30157390236854553,0.7376699447631836,-0.020614532753825188,0.3099755346775055,0.6407667994499207,-0.03327574580907822,0.31377649307250977,0.5783627033233643,-0.04848484322428703,0.3153313398361206,0.5275686383247375,-0.060261305421590805,0.26540881395339966,0.7478498816490173,-0.026636257767677307,0.2610364556312561,0.6596781611442566,-0.039393454790115356,0.2599080204963684,0.5994000434875488,-0.053864214569330215,0.25902441143989563,0.5483130216598511,-0.06449481099843979,0.23068206012248993,0.7794494032859802,-0.03572877496480942,0.219221293926239,0.7148887515068054,-0.04715234413743019,0.21198269724845886,0.6691825985908508,-0.05349503457546234,0.20579838752746582,0.625690221786499,-0.05843883752822876
0.29222485423088074,0.9608349204063416,5.15676276791055e-07,0.3406732678413391,0.9278825521469116,-0.02558770589530468,0.3787543773651123,0.8560447096824646,-0.03498408943414688,0.35435599088668823,0.8089276552200317,-0.04310052841901779,0.3113614022731781,0.8212499022483826,-0.05184059217572212,0.353962779045105,0.7431663274765015,-0.016861729323863983,0.37949705123901367,0.6636173725128174,-0.03307739645242691,0.3948160707950592,0.6109838485717773,-0.04848837852478027,0.4068164825439453,0.5666854977607727,-0.06057346239686012,0.31138649582862854,0.7292098999023438,-0.019596567377448082,0.31907883286476135,0.6340651512145996,-0.03194623067975044,0.3229221701622009,0.5701941251754761,-0.04691648110747337,0.324234277009964,0.5180811882019043,-0.05849062278866768,0.27557599544525146,0.7404928207397461,-0.025763995945453644,0.2707996666431427,0.651543378829956,-0.03874075412750244,0.2701570987701416,0.5895700454711914,-0.05451628193259239,0.2698340117931366,0.5365211963653564,-0.06601694226264954,0.24212363362312317,0.7721405625343323,-0.03483319655060768,0.22931614518165588,0.7077957391738892,-0.04716639965772629,0.2210620939731598,0.6612486839294434,-0.05524614453315735,0.21443474292755127,0.616550087928772,-0.06149803474545479
0.29630792140960693,0.9602712988853455,5.025745508646651e-07,0.344432532787323,0.9296525120735168,-0.026817765086889267,0.3829464018344879,0.8631432056427002,-0.03739945963025093,0.3622555434703827,0.8139311075210571,-0.0464438758790493,0.3212502598762512,0.8164621591567993,-0.05609830468893051,0.35829633474349976,0.7455158829689026,-0.01984957791864872,0.38345998525619507,0.6661507487297058,-0.037287190556526184,0.39896291494369507,0.6135930418968201,-0.05350568890571594,0.41112393140792847,0.5678645968437195,-0.06608523428440094,0.3162446618080139,0.7302656173706055,-0.02222425490617752,0.32414910197257996,0.634824812412262,-0.0355784147977829,0.32840704917907715,0.5714681148529053,-0.05108823999762535,0.33013758063316345,0.5185596942901611,-0.06314706057310104,0.2799649238586426,0.7405257225036621,-0.02797679975628853,0.27560609579086304,0.6520050764083862,-0.042123228311538696,0.27505624294281006,0.5908625721931458,-0.05822762846946716,0.27473899722099304,0.5381581783294678,-0.06994249671697617,0.245648592710495,0.771690845489502,-0.03659345582127571,0.2329706847667694,0.7070716619491577,-0.050185877829790115,0.22460559010505676,0.6618857979774475,-0.05859594792127609,0.2173355221748352,0.6191244721412659,-0.06491127610206604
0.3031780421733856,0.9661285877227783,4.819577270609443e-07,0.3527374863624573,0.9357985854148865,-0.026076924055814743,0.39235010743141174,0.8666073083877563,-0.03558379039168358,0.3724464178085327,0.8136212825775146,-0.04364806413650513,0.32955285906791687,0.8200888633728027,-0.05230162665247917,0.3678969740867615,0.7488411068916321,-0.017448214814066887,0.39250054955482483,0.6698995232582092,-0.03343219310045242,0.4080447852611542,0.6189382672309875,-0.04920118674635887,0.4202076494693756,0.5742402076721191,-0.061741769313812256,0.3268042504787445,0.7334805130958557,-0.020005641505122185,0.3344525396823883,0.6372575163841248,-0.03165554627776146,0.3387788236141205,0.574787974357605,-0.04653334245085716,0.34016674757003784,0.5228745341300964,-0.058317847549915314,0.2911139130592346,0.7435766458511353,-0.025904644280672073,0.28733116388320923,0.6557307243347168,-0.03878290578722954,0.28669071197509766,0.5956770181655884,-0.05445941165089607,0.2855086326599121,0.544614315032959,-0.06598111242055893,0.2562713027000427,0.774226188659668,-0.03470439091324806,0.24311622977256775,0.7094055414199829,-0.0475965179502964,0.23399586975574493,0.664375364780426,-0.0556766539812088,0.22526498138904572,0.6221997141838074,-0.06179741024971008
0.3105993866920471,0.9658414721488953,4.986991939404106e-07,0.36114129424095154,0.9350265860557556,-0.026048338040709496,0.40155139565467834,0.8667287230491638,-0.035299066454172134,0.3783165514469147,0.815692663192749,-0.04303392395377159,0.3353617787361145,0.8219712972640991,-0.0512855127453804,0.37694787979125977,0.7519041895866394,-0.01686280407011509,0.40330415964126587,0.6728392839431763,-0.03235780820250511,0.4189494848251343,0.6214272975921631,-0.047536857426166534,0.43089503049850464,0.5768238306045532,-0.05944504588842392,0.33456099033355713,0.7359519600868225,-0.018862325698137283,0.34372958540916443,0.6396453380584717,-0.02984529919922352,0.3488352596759796,0.5767736434936523,-0.04410509020090103,0.3510855734348297,0.5251930952072144,-0.055441755801439285,0.2978552579879761,0.7450163960456848,-0.024232665076851845,0.29442858695983887,0.6573499441146851,-0.036273855715990067,0.29460838437080383,0.5984417200088501,-0.05153258144855499,0.29439249634742737,0.5494409203529358,-0.06276463717222214,0.26222026348114014,0.7746065258979797,-0.03250885754823685,0.2511861324310303,0.7091854214668274,-0.044431596994400024,0.24313285946846008,0.6641786694526672,-0.051928941160440445,0.23522275686264038,0.6224203109741211,-0.0576738640666008
0.3302772045135498,0.9659258723258972,5.366285336094734e-07,0.3796347677707672,0.9354028701782227,-0.027638448402285576,0.4190390110015869,0.8681893348693848,-0.03880750760436058,0.39755842089653015,0.8200384974479675,-0.0481836162507534,0.35465383529663086,0.8268429636955261,-0.05825395509600639,0.3927845358848572,0.7524893283843994,-0.02181904762983322,0.4188481569290161,0.6736505627632141,-0.04025832936167717,0.43605828285217285,0.6208224296569824,-0.05737397447228432,0.45015212893486023,0.5743250846862793,-0.0704704225063324,0.35040074586868286,0.7369623184204102,-0.024181745946407318,0.3595086336135864,0.6416598558425903,-0.037662964314222336,0.3635293245315552,0.5790719985961914,-0.05287840962409973,0.36542946100234985,0.526396632194519,-0.06482834368944168,0.3131301999092102,0.7474989891052246,-0.029940985143184662,0.3090071380138397,0.6596481204032898,-0.04369737580418587,0.30908456444740295,0.5992807149887085,-0.0583980567753315,0.30941277742385864,0.5473197102546692,-0.06924380362033844,0.276449590921402,0.779355525970459,-0.038805875927209854,0.2660345137119293,0.71189945936203,-0.05114532262086868,0.25934898853302,0.6659144163131714,-0.05779721960425377,0.25334569811820984,0.6229467391967773,-0.06311888247728348
0.36378374695777893,0.9609641432762146,4.938895585837599e-07,0.4135344326496124,0.9292801022529602,-0.023835496976971626,0.4526183605194092,0.8658084273338318,-0.034210205078125,0.4374378025531769,0.8168321251869202,-0.043563369661569595,0.4017610549926758,0.8137592077255249,-0.053702156990766525,0.42904016375541687,0.7459566593170166,-0.020008718594908714,0.45600154995918274,0.6673865914344788,-0.03826619312167168,0.4729832410812378,0.6151201725006104,-0.05495396628975868,0.4864339232444763,0.5686423182487488,-0.06770700216293335,0.38719111680984497,0.7316436767578125,-0.024310152977705002,0.3956531584262848,0.6359405517578125,-0.03837732598185539,0.3996533453464508,0.5735353231430054,-0.05354609340429306,0.4012565314769745,0.5206699967384338,-0.06538303196430206,0.3496509790420532,0.7432957291603088,-0.03168199211359024,0.344951331615448,0.6541303992271423,-0.04651472344994545,0.3444030284881592,0.592182993888855,-0.06135541945695877,0.34408390522003174,0.5380614995956421,-0.0721583440899849,0.3125775158405304,0.7757040858268738,-0.04164578393101692,0.3006395697593689,0.7071176171302795,-0.0558299757540226,0.29292362928390503,0.659954309463501,-0.06323100626468658,0.28638267517089844,0.6148797869682312,-0.06870036572217941
0.38650816679000854,0.9559675455093384,4.893108211945218e-07,0.43575701117515564,0.9270578622817993,-0.026676643639802933,0.477694571018219,0.8640270829200745,-0.03753705695271492,0.4648873507976532,0.8111518025398254,-0.046838175505399704,0.42827150225639343,0.8050900101661682,-0.056512974202632904,0.4523429572582245,0.7412786483764648,-0.02061799168586731,0.48007315397262573,0.6611126661300659,-0.0384799987077713,0.4964098036289215,0.608286440372467,-0.055039141327142715,0.5084344148635864,0.5607892870903015,-0.067782461643219,0.41126811504364014,0.7254742980003357,-0.023126160725951195,0.4207193851470947,0.6289212703704834,-0.03653380274772644,0.42386457324028015,0.5661017894744873,-0.05154023692011833,0.42394357919692993,0.5135349035263062,-0.06330305337905884,0.37436601519584656,0.7350800633430481,-0.02895599789917469,0.3702191412448883,0.6470828652381897,-0.042930763214826584,0.3696858286857605,0.5856795310974121,-0.05766487121582031,0.36890581250190735,0.5330390930175781,-0.06856077164411545,0.33751800656318665,0.7657006978988647,-0.03775550425052643,0.324675977230072,0.6996365785598755,-0.05143790692090988,0.3159833252429962,0.6531994342803955,-0.059019822627305984,0.3085201680660248,0.6084676384925842,-0.06462758034467697
0.40264892578125,0.9554879665374756,4.963690685144684e-07,0.4511503577232361,0.9255721569061279,-0.025630798190832138,0.491953581571579,0.8589632511138916,-0.035917654633522034,0.47889718413352966,0.8056808710098267,-0.044790592044591904,0.4418182671070099,0.804146409034729,-0.05433652177453041,0.4667290151119232,0.7397527098655701,-0.021195566281676292,0.49386152625083923,0.6599911451339722,-0.03983061760663986,0.5105800628662109,0.6067049503326416,-0.05696133151650429,0.5237632989883423,0.559046745300293,-0.07005041092634201,0.4266061782836914,0.724306583404541,-0.0248851515352726,0.4370635449886322,0.6262235045433044,-0.03875722363591194,0.44137486815452576,0.5627442598342896,-0.05377361550927162,0.44287732243537903,0.5101668834686279,-0.06540480256080627,0.39058300852775574,0.7351871728897095,-0.03176015987992287,0.38730472326278687,0.644838809967041,-0.046113137155771255,0.38703447580337524,0.5821220874786377,-0.060520194470882416,0.3869587182998657,0.5277246832847595,-0.0712299719452858,0.3539433479309082,0.7675447463989258,-0.04152822121977806,0.34194809198379517,0.7012443542480469,-0.055208317935466766,0.3347629904747009,0.6548139452934265,-0.062227681279182434,0.329257071018219,0.6096715331077576,-0.06760884076356888
0.40923523902893066,0.9520742893218994,4.67875423737496e-07,0.4602387547492981,0.9245580434799194,-0.025058556348085403,0.5028640031814575,0.8565379977226257,-0.03438582643866539,0.4893234372138977,0.8005276322364807,-0.042438797652721405,0.4485275149345398,0.8040506839752197,-0.05132176727056503,0.4799797236919403,0.7378596067428589,-0.019439322873950005,0.508419930934906,0.6587352752685547,-0.035756949335336685,0.5241361260414124,0.6064876317977905,-0.051460787653923035,0.5360897183418274,0.5595349073410034,-0.06408815830945969,0.43979695439338684,0.7213966846466064,-0.02295629121363163,0.4518636465072632,0.6255828738212585,-0.03483949229121208,0.4568231701850891,0.562343955039978,-0.04901783540844917,0.4582180976867676,0.5097783803939819,-0.06068234145641327,0.4033961594104767,0.731512188911438,-0.029609084129333496,0.4007379114627838,0.6430693864822388,-0.04218950495123863,0.40098923444747925,0.582804262638092,-0.056394074112176895,0.40097862482070923,0.5314769744873047,-0.06744149327278137,0.36618825793266296,0.7623938322067261,-0.03921344131231308,0.3526757061481476,0.6963009238243103,-0.05190407857298851,0.3454374074935913,0.6484674215316772,-0.059501584619283676,0.3399876654148102,0.6019986867904663,-0.06574371457099915
0.42913615703582764,0.9422073364257812,5.246658929536352e-07,0.4774523675441742,0.9126509428024292,-0.02647649124264717,0.5189424753189087,0.8521044254302979,-0.03808209300041199,0.5061208009719849,0.8008968830108643,-0.04822184145450592,0.46932244300842285,0.7951581478118896,-0.05892154201865196,0.49615979194641113,0.7326753735542297,-0.022856317460536957,0.5251384973526001,0.6530182361602783,-0.041633814573287964,0.5413473844528198,0.6003499031066895,-0.058400675654411316,0.5536521673202515,0.5527310371398926,-0.07123619318008423,0.45579174160957336,0.7163546681404114,-0.025994786992669106,0.4688571095466614,0.6190795302391052,-0.0404682420194149,0.4744669198989868,0.5558916330337524,-0.055732425302267075,0.47705018520355225,0.5030736923217773,-0.06752101331949234,0.4189188480377197,0.725440502166748,-0.03223602473735809,0.4175250232219696,0.6356130838394165,-0.047123417258262634,0.4176035523414612,0.5740137100219727,-0.06183097884058952,0.4178754985332489,0.5203932523727417,-0.07260701060295105,0.3819354772567749,0.7558658719062805,-0.04133167490363121,0.37162086367607117,0.6903247237205505,-0.05555981397628784,0.3653312623500824,0.643998920917511,-0.06301160901784897,0.36076846718788147,0.5982651710510254,-0.0685071274638176
0.43739932775497437,0.9420180320739746,4.97705855195818e-07,0.488086462020874,0.9136266708374023,-0.024420572444796562,0.5282353758811951,0.8510010838508606,-0.034652285277843475,0.5137256383895874,0.7996736764907837,-0.043579332530498505,0.47650212049484253,0.7963626384735107,-0.05338667705655098,0.5048884153366089,0.7333288788795471,-0.02209051139652729,0.5326400399208069,0.6544004678726196,-0.04002177342772484,0.5488142371177673,0.6023825407028198,-0.056185729801654816,0.5608909726142883,0.5550258755683899,-0.06847184151411057,0.4650399684906006,0.7167903184890747,-0.0258932001888752,0.47852441668510437,0.6188799142837524,-0.03885455057024956,0.48405030369758606,0.5555060505867004,-0.05302632600069046,0.485616534948349,0.5023426413536072,-0.06425222009420395,0.4281850755214691,0.7260031700134277,-0.032595984637737274,0.4265012741088867,0.6365765333175659,-0.046014364808797836,0.4270211160182953,0.5758876204490662,-0.060031477361917496,0.42681580781936646,0.5236349105834961,-0.07051365822553635,0.38996952772140503,0.755561351776123,-0.04198170825839043,0.37852734327316284,0.6875255703926086,-0.05480304732918739,0.3719318211078644,0.6411392688751221,-0.06137968227267265,0.36639344692230225,0.5965462923049927,-0.06650635600090027
0.45144596695899963,0.9467539191246033,4.6516902330040466e-07,0.5010249018669128,0.9156425595283508,-0.022612961009144783,0.540534496307373,0.8520019054412842,-0.03241420537233353,0.5251425504684448,0.8012719750404358,-0.04150738567113876,0.4885711669921875,0.7990483045578003,-0.05163327977061272,0.5162644982337952,0.7319713830947876,-0.019150137901306152,0.5429919362068176,0.6535181999206543,-0.036625076085329056,0.5586931705474854,0.6023091077804565,-0.05277882143855095,0.5708610415458679,0.5562635064125061,-0.06529298424720764,0.47601407766342163,0.7186540961265564,-0.024141816422343254,0.4870433211326599,0.6234651207923889,-0.03718586266040802,0.4918663799762726,0.5612017512321472,-0.051750704646110535,0.49375486373901367,0.5089473724365234,-0.06341410428285599,0.4393818974494934,0.7305740714073181,-0.032080892473459244,0.43709704279899597,0.6403694152832031,-0.045840177685022354,0.4374030530452728,0.5794250965118408,-0.06028357893228531,0.4378628730773926,0.5267746448516846,-0.07117680460214615,0.4018423855304718,0.7629502415657043,-0.042542703449726105,0.3881010413169861,0.6947577595710754,-0.05641993507742882,0.38089245557785034,0.6461935043334961,-0.0641460120677948,0.3758324682712555,0.5984971523284912,-0.0700751468539238
0.4590813219547272,0.951687216758728,4.771260933011945e-07,0.5075024962425232,0.9237750768661499,-0.026631906628608704,0.5481361746788025,0.8611255288124084,-0.03826881945133209,0.5339852571487427,0.8097872734069824,-0.048498835414648056,0.49671074748039246,0.805561900138855,-0.05949338525533676,0.5254913568496704,0.7389335632324219,-0.023044593632221222,0.5504680871963501,0.6587737798690796,-0.0422331728041172,0.5658251047134399,0.606552243232727,-0.05954855680465698,0.5779929757118225,0.5592931509017944,-0.0727134644985199,0.4848625361919403,0.7242516279220581,-0.02635582536458969,0.4944462478160858,0.6282656192779541,-0.041114773601293564,0.4978554844856262,0.5649311542510986,-0.05675595626235008,0.4987679123878479,0.512381374835968,-0.06895943731069565,0.4480825364589691,0.7351652383804321,-0.032931361347436905,0.44463294744491577,0.6457918882369995,-0.048287514597177505,0.4437197148799896,0.583976149559021,-0.06359033286571503,0.44293567538261414,0.5313036441802979,-0.07476899772882462,0.4109717309474945,0.7669768333435059,-0.042386285960674286,0.3982029855251312,0.6987842321395874,-0.05733554810285568,0.3894307613372803,0.6512120366096497,-0.06559240072965622,0.3820752501487732,0.6050738096237183,-0.07169508934020996
0.4754174053668976,0.9549306035041809,4.7285962523346825e-07,0.5254761576652527,0.92514967918396,-0.02500116638839245,0.5697927474975586,0.8624148368835449,-0.036053143441677094,0.5592189431190491,0.8068668842315674,-0.04584847018122673,0.5234555602073669,0.8045157790184021,-0.05653974041342735,0.5455678701400757,0.7433748245239258,-0.02263473905622959,0.5729238986968994,0.6631513833999634,-0.04053241387009621,0.5872688293457031,0.6102682948112488,-0.056895915418863297,0.597858726978302,0.5626593232154846,-0.06979526579380035,0.5055097341537476,0.7278298139572144,-0.02666870318353176,0.5176466703414917,0.6310131549835205,-0.040671247988939285,0.5216553211212158,0.5680854320526123,-0.055930543690919876,0.5220487713813782,0.5159206390380859,-0.06797399371862411,0.46851077675819397,0.7380390763282776,-0.03353100270032883,0.4663681983947754,0.647940456867218,-0.04844165965914726,0.4657895565032959,0.588163435459137,-0.06361793726682663,0.46449029445648193,0.5368666648864746,-0.07498612999916077,0.43000513315200806,0.7695426344871521,-0.04302091896533966,0.419149249792099,0.7039823532104492,-0.057874131947755814,0.41134464740753174,0.6593766212463379,-0.06597187370061874,0.4042457342147827,0.6162065863609314,-0.07206971943378448
0.4870191514492035,0.9474501609802246,4.815436227545433e-07,0.5378714799880981,0.9225215911865234,-0.02638055942952633,0.5831431746482849,0.8579621315002441,-0.036962833255529404,0.5752670764923096,0.8016623258590698,-0.04589485749602318,0.5386103391647339,0.7994663715362549,-0.05545049533247948,0.5578938126564026,0.737373411655426,-0.022430509328842163,0.5843437910079956,0.6601121425628662,-0.0406380333006382,0.6011011004447937,0.6083275079727173,-0.05722428485751152,0.6144619584083557,0.5619192123413086,-0.07027260214090347,0.5179131627082825,0.7213051915168762,-0.025576740503311157,0.528764545917511,0.6272594928741455,-0.04058525338768959,0.5339033007621765,0.5640217661857605,-0.05626564845442772,0.5360997915267944,0.5102640390396118,-0.06844979524612427,0.4815196990966797,0.7309466600418091,-0.03188973292708397,0.4791770577430725,0.6421523094177246,-0.047538597136735916,0.48001232743263245,0.5798162221908569,-0.06305187195539474,0.4810490608215332,0.5260239243507385,-0.07437145709991455,0.44466495513916016,0.7606154680252075,-0.04108621925115585,0.4334382712841034,0.6928877830505371,-0.05564573034644127,0.4265024662017822,0.6460624933242798,-0.06415173411369324,0.4211779832839966,0.6010348796844482,-0.07069092988967896
0.49302414059638977,0.9426165819168091,4.920195237900771e-07,0.5445096492767334,0.9164143204689026,-0.027095852419734,0.5895582437515259,0.8449558615684509,-0.036204468458890915,0.5796530246734619,0.7879571914672852,-0.04358565807342529,0.5411183834075928,0.7987571358680725,-0.05153484642505646,0.5622186660766602,0.7311398386955261,-0.020761026069521904,0.5900354385375977,0.6531999111175537,-0.03678470477461815,0.6066917777061462,0.6018402576446533,-0.05208754166960716,0.6198102831840515,0.5568313598632812,-0.06464849412441254,0.5221295952796936,0.7151427865028381,-0.02283920906484127,0.533850371837616,0.62141352891922,-0.0354650616645813,0.5397520661354065,0.5588639378547668,-0.04969440773129463,0.5420441031455994,0.507061779499054,-0.061036840081214905,0.4865824282169342,0.7245986461639404,-0.028235316276550293,0.48384010791778564,0.636486291885376,-0.04135318100452423,0.4839911460876465,0.5765342712402344,-0.05622055009007454,0.484253466129303,0.5251731276512146,-0.06759195774793625,0.4513305425643921,0.7537561058998108,-0.03678382560610771,0.44024553894996643,0.68992018699646,-0.049147214740514755,0.43282201886177063,0.6478146910667419,-0.05704434588551521,0.42619043588638306,0.6072904467582703,-0.06362050026655197
0.5132541656494141,0.9436694979667664,4.871955070484546e-07,0.5617679953575134,0.9162253141403198,-0.026692576706409454,0.6021743416786194,0.8586260080337524,-0.040153276175260544,0.5929446816444397,0.8066776990890503,-0.05251825973391533,0.5577155947685242,0.8013539910316467,-0.065688356757164,0.5762916803359985,0.7358775734901428,-0.026402201503515244,0.6010158061981201,0.6552326679229736,-0.046952709555625916,0.6153087019920349,0.6030735373497009,-0.06456153839826584,0.6265002489089966,0.5552278757095337,-0.07786654680967331,0.5351694822311401,0.7220978140830994,-0.030523022636771202,0.5445215106010437,0.6255518794059753,-0.046779368072748184,0.5485225319862366,0.5628691911697388,-0.06233854964375496,0.5499730110168457,0.5103408694267273,-0.07427258789539337,0.4980190694332123,0.7338524460792542,-0.037659354507923126,0.492099791765213,0.645148515701294,-0.05382877215743065,0.49169251322746277,0.5848106145858765,-0.0678757056593895,0.49223604798316956,0.5326565504074097,-0.07810966670513153,0.4618978798389435,0.7662734985351562,-0.047708701342344284,0.4479060173034668,0.7000110745429993,-0.06252779066562653,0.4402461349964142,0.6538040637969971,-0.06979560852050781,0.43437647819519043,0.6091048121452332,-0.07520238310098648
0.5213719010353088,0.9503285884857178,4.939852829011215e-07,0.5710821747779846,0.925136923789978,-0.028367850929498672,0.6131477355957031,0.8598033785820007,-0.03999629244208336,0.5986303091049194,0.8043742179870605,-0.04972359910607338,0.5597279667854309,0.8070791959762573,-0.06032159551978111,0.5847256183624268,0.739389955997467,-0.025036094710230827,0.607863187789917,0.6603027582168579,-0.04373835772275925,0.6229719519615173,0.608622133731842,-0.06045142561197281,0.635701060295105,0.562835693359375,-0.0735798180103302,0.544632077217102,0.7260934710502625,-0.027428990229964256,0.5535169243812561,0.6324860453605652,-0.042351365089416504,0.5568930506706238,0.5704174041748047,-0.05819126218557358,0.5579470992088318,0.518535315990448,-0.0706012025475502,0.5085270404815674,0.7382500171661377,-0.033090975135564804,0.5026085376739502,0.6503022909164429,-0.0488763228058815,0.5010684728622437,0.5891226530075073,-0.06483618915081024,0.5005728602409363,0.5368766188621521,-0.07659216970205307,0.4717679023742676,0.7703855633735657,-0.04171355813741684,0.4584023952484131,0.7047858238220215,-0.05654943734407425,0.450898140668869,0.6597123742103577,-0.06545466184616089,0.44503554701805115,0.6164963841438293,-0.0724131315946579
0.52638179063797,0.9516912698745728,4.942953637510072e-07,0.5774171352386475,0.9276444911956787,-0.02942544035613537,0.6219422221183777,0.8608648777008057,-0.04072267934679985,0.6069000363349915,0.8047659397125244,-0.04982289671897888,0.5653834939002991,0.8103230595588684,-0.059528786689043045,0.5946387052536011,0.7423132061958313,-0.02412855252623558,0.6188986301422119,0.6633356809616089,-0.04141158238053322,0.6338682174682617,0.6110695600509644,-0.05734864994883537,0.6462516188621521,0.5650986433029175,-0.07019490003585815,0.5537961721420288,0.7269648313522339,-0.02536236122250557,0.5619987845420837,0.63465815782547,-0.039169177412986755,0.5654794573783875,0.5719398260116577,-0.05434008315205574,0.566874623298645,0.5197988748550415,-0.0663326159119606,0.517454206943512,0.7372747659683228,-0.0299712922424078,0.5124274492263794,0.6486197710037231,-0.04484736919403076,0.5112924575805664,0.5877508521080017,-0.060704316943883896,0.5107600092887878,0.5367329120635986,-0.07236390560865402,0.4813314974308014,0.7677713632583618,-0.03769831731915474,0.4683797061443329,0.7022444605827332,-0.052192866802215576,0.45993950963020325,0.6573644876480103,-0.06129663065075874,0.4523804485797882,0.6148672103881836,-0.06829280406236649
0.5363174676895142,0.949535608291626,5.094237280900415e-07,0.5863348245620728,0.9280476570129395,-0.030129240825772285,0.631111204624176,0.863244891166687,-0.041695188730955124,0.6178067326545715,0.8056373000144958,-0.05084671452641487,0.5788853764533997,0.808158278465271,-0.06042933464050293,0.6028990745544434,0.7424407005310059,-0.025320542976260185,0.6266383528709412,0.6639125943183899,-0.04398685693740845,0.6423129439353943,0.6120219230651855,-0.06086108088493347,0.655350387096405,0.5661453604698181,-0.07402713596820831,0.5614418983459473,0.7270931601524353,-0.026415739208459854,0.5693569779396057,0.6315635442733765,-0.04123185947537422,0.5740262269973755,0.5680878758430481,-0.056920625269412994,0.5766901969909668,0.5149908661842346,-0.06910018622875214,0.5253939628601074,0.7375274300575256,-0.030946731567382812,0.5191273093223572,0.6505404710769653,-0.046428751200437546,0.5183131694793701,0.5896837711334229,-0.06211993843317032,0.5182929635047913,0.5381501913070679,-0.07356441020965576,0.4900002181529999,0.7680532932281494,-0.03872530534863472,0.47939014434814453,0.7034521698951721,-0.05295509099960327,0.4717509150505066,0.6600906252861023,-0.06135119870305061,0.46448618173599243,0.6184596419334412,-0.06788472831249237
0.5523171424865723,0.9472468495368958,4.916182660963386e-07,0.6035395860671997,0.9239980578422546,-0.02817591466009617,0.6453856229782104,0.8614473342895508,-0.039800528436899185,0.6353450417518616,0.8058984875679016,-0.04962824285030365,0.6013443470001221,0.8044118881225586,-0.06003936380147934,0.6200577616691589,0.7405858039855957,-0.024651475250720978,0.6433796882629395,0.662640392780304,-0.043891988694667816,0.6589121222496033,0.6115803122520447,-0.06110110878944397,0.6719968318939209,0.5655620098114014,-0.07431618124246597,0.5796321630477905,0.7267768979072571,-0.027025675401091576,0.588013768196106,0.6331968307495117,-0.041933707892894745,0.5916251540184021,0.5709071755409241,-0.05740974843502045,0.5933840274810791,0.5180168747901917,-0.06965023279190063,0.5432431697845459,0.7380603551864624,-0.03272039815783501,0.5380975604057312,0.6521991491317749,-0.048310864716768265,0.5362969040870667,0.5928983688354492,-0.06313009560108185,0.5358092188835144,0.5420852899551392,-0.07399838417768478,0.5064241886138916,0.7687429785728455,-0.04152368754148483,0.4933846592903137,0.7035210132598877,-0.056225355714559555,0.48570215702056885,0.6580647230148315,-0.06448794901371002,0.47992992401123047,0.6138949394226074,-0.07083261758089066
0.5885319113731384,0.9482408165931702,4.79761183669325e-07,0.6383566856384277,0.9241371154785156,-0.028054140508174896,0.6791858077049255,0.8609321117401123,-0.03903532028198242,0.669511079788208,0.8047173619270325,-0.04835782200098038,0.6350999474525452,0.8002532720565796,-0.05828433111310005,0.6522299647331238,0.7381930351257324,-0.023207681253552437,0.6765465140342712,0.6598328351974487,-0.04152107983827591,0.6916460394859314,0.6081199645996094,-0.05828603357076645,0.7036861777305603,0.5609928369522095,-0.07161685079336166,0.6127473711967468,0.7250933647155762,-0.025704819709062576,0.6205907464027405,0.632079005241394,-0.04033546894788742,0.6233368515968323,0.5693154335021973,-0.056178029626607895,0.624334454536438,0.5150865316390991,-0.06878173351287842,0.576888382434845,0.7371059060096741,-0.03155617043375969,0.5728243589401245,0.6482341289520264,-0.047486674040555954,0.5711902379989624,0.5861014127731323,-0.06358589231967926,0.5704650282859802,0.5315808057785034,-0.0755334421992302,0.5408172011375427,0.7687281370162964,-0.040389202535152435,0.5264989137649536,0.7047374248504639,-0.05633425712585449,0.517163872718811,0.6605948209762573,-0.0658142939209938,0.509296715259552,0.6175727248191833,-0.0729493498802185
0.6068266034126282,0.9495923519134521,5.16910404257942e-07,0.6576915383338928,0.9259207248687744,-0.029331568628549576,0.6998023986816406,0.8630514144897461,-0.04179016873240471,0.6921051740646362,0.8068060874938965,-0.052200641483068466,0.6574867963790894,0.8056833148002625,-0.06325456500053406,0.6704581379890442,0.7394638657569885,-0.027087854221463203,0.6944727897644043,0.6609253883361816,-0.04652741923928261,0.7092810869216919,0.6095989942550659,-0.06403948366641998,0.7211448550224304,0.5620237588882446,-0.07785724848508835,0.6300535202026367,0.7264798879623413,-0.029316790401935577,0.6384122967720032,0.6331035494804382,-0.04531511291861534,0.6413922905921936,0.5702308416366577,-0.061661019921302795,0.6419164538383484,0.5159568190574646,-0.07441707700490952,0.593742311000824,0.7389957904815674,-0.034790169447660446,0.5864907503128052,0.6509990692138672,-0.05139394849538803,0.5845165848731995,0.5890079736709595,-0.0671355202794075,0.5835632085800171,0.5350431203842163,-0.0786188617348671,0.5577630400657654,0.7714158296585083,-0.04334595799446106,0.5454245209693909,0.7053968906402588,-0.05876059830188751,0.5382541418075562,0.659829318523407,-0.06759810447692871,0.5328046083450317,0.6154820919036865,-0.07438318431377411
0.6342873573303223,0.9539006352424622,4.848579919780605e-07,0.6857967972755432,0.9309037923812866,-0.028278809040784836,0.7295845150947571,0.8665311336517334,-0.038839392364025116,0.7222347855567932,0.8080486059188843,-0.047504786401987076,0.689487099647522,0.8110899925231934,-0.0565427765250206,0.6979408264160156,0.7418554425239563,-0.02236328460276127,0.7260628342628479,0.6651390790939331,-0.03899870067834854,0.7413155436515808,0.6137592792510986,-0.05475344881415367,0.7525926828384399,0.5667104721069336,-0.06784012168645859,0.6576890349388123,0.7284627556800842,-0.02465028129518032,0.6677027940750122,0.6339005827903748,-0.03799550235271454,0.6712955236434937,0.5713586211204529,-0.05268637463450432,0.6722778677940369,0.5167412161827087,-0.06460954993963242,0.6222923398017883,0.7398998737335205,-0.03025188483297825,0.618651270866394,0.6544046401977539,-0.044200483709573746,0.6182517409324646,0.593989908695221,-0.05920873209834099,0.6179919242858887,0.5405706167221069,-0.07071933895349503,0.5874534845352173,0.7708948254585266,-0.03906336799263954,0.5742416381835938,0.7083615660667419,-0.05250374600291252,0.5659482479095459,0.6656093001365662,-0.06083618104457855,0.5589609146118164,0.6237637996673584,-0.06759531050920486
0.6426458954811096,0.9568097591400146,4.775779984811379e-07,0.6940485835075378,0.9319322109222412,-0.0275192242115736,0.7375383377075195,0.8674269914627075,-0.03775126487016678,0.7283174991607666,0.8104503154754639,-0.046341437846422195,0.692870020866394,0.8127622008323669,-0.055504027754068375,0.7058617472648621,0.7439742684364319,-0.021161764860153198,0.7306085228919983,0.664600133895874,-0.03771257400512695,0.7447789907455444,0.6132738590240479,-0.05354824662208557,0.7555198669433594,0.5661709308624268,-0.06643074005842209,0.6646154522895813,0.7315911054611206,-0.02348657324910164,0.6723545789718628,0.6369080543518066,-0.03625499829649925,0.6758412718772888,0.574749231338501,-0.050989266484975815,0.6766154766082764,0.5213221311569214,-0.0630258321762085,0.6284905076026917,0.7436110973358154,-0.029163749888539314,0.6218650937080383,0.657742440700531,-0.04267668351531029,0.6204981803894043,0.5972387194633484,-0.05781492590904236,0.6194447875022888,0.5446816086769104,-0.06942816078662872,0.5934223532676697,0.7746919393539429,-0.03799230605363846,0.579242467880249,0.7105488181114197,-0.05118396133184433,0.5700129270553589,0.6672958731651306,-0.0594259537756443,0.5618585348129272,0.6252269744873047,-0.06612163037061691
0.6587885618209839,0.9590685963630676,4.8527715534874e-07,0.7086742520332336,0.9325558543205261,-0.026815328747034073,0.74905925989151,0.8689913749694824,-0.03739205747842789,0.740820586681366,0.8129974603652954,-0.04650496691465378,0.708304226398468,0.8179652094841003,-0.05632047727704048,0.7164716124534607,0.7467008829116821,-0.02153692953288555,0.7413409948348999,0.6681143045425415,-0.03760082274675369,0.754056990146637,0.6169164180755615,-0.05299106612801552,0.7626128792762756,0.5701667666435242,-0.0656604990363121,0.6758216023445129,0.7357302904129028,-0.02472158707678318,0.6827536821365356,0.6410022377967834,-0.03758067637681961,0.685293436050415,0.5789248943328857,-0.05224085599184036,0.684764564037323,0.5262287855148315,-0.06424025446176529,0.6398010849952698,0.7494044303894043,-0.031119953840970993,0.6325850486755371,0.6624371409416199,-0.045285459607839584,0.6296178698539734,0.601739764213562,-0.060644011944532394,0.6273790001869202,0.549313485622406,-0.07223846763372421,0.6044089794158936,0.7823378443717957,-0.04048185795545578,0.5878841280937195,0.7171262502670288,-0.05474366247653961,0.5775489807128906,0.6723055243492126,-0.06348805874586105,0.569490373134613,0.6289700269699097,-0.07037804275751114
0.6694538593292236,0.9590399861335754,4.844436034545652e-07,0.7189345955848694,0.9342591166496277,-0.027727486565709114,0.7622754573822021,0.8748815059661865,-0.0402224026620388,0.7562934160232544,0.8183220624923706,-0.051221251487731934,0.7268403172492981,0.8200040459632874,-0.06269990652799606,0.7304772138595581,0.7505894303321838,-0.023138942196965218,0.753872275352478,0.670781135559082,-0.04077862575650215,0.7662525773048401,0.6193048357963562,-0.05724511668086052,0.7753617763519287,0.5722540616989136,-0.07041570544242859,0.6907786130905151,0.739827573299408,-0.026262354105710983,0.6986638307571411,0.6445521116256714,-0.04037884250283241,0.7007550001144409,0.5817861557006836,-0.05575602501630783,0.6995481252670288,0.5293228626251221,-0.06813585758209229,0.6558259129524231,0.7524768114089966,-0.03264622017741203,0.650109589099884,0.6656007766723633,-0.047466885298490524,0.6472601294517517,0.6056075096130371,-0.06246355175971985,0.6446143388748169,0.5547131896018982,-0.07371337711811066,0.6212880611419678,0.7841576337814331,-0.04211600869894028,0.6054664850234985,0.7197901606559753,-0.05676689371466637,0.5948105454444885,0.6747508645057678,-0.06545174866914749,0.5862289071083069,0.6304574012756348,-0.07213329523801804
0.6799726486206055,0.9581501483917236,5.028341547586024e-07,0.7301820516586304,0.9352090358734131,-0.029120396822690964,0.774920642375946,0.8751616477966309,-0.04110388830304146,0.7702272534370422,0.8170551657676697,-0.05099557712674141,0.7403044700622559,0.8206732869148254,-0.061115365475416183,0.7425075173377991,0.75124192237854,-0.023166142404079437,0.7677785158157349,0.6735607385635376,-0.03929949551820755,0.7816128134727478,0.6231449842453003,-0.05503690242767334,0.791890561580658,0.5757929682731628,-0.06802063435316086,0.7019497752189636,0.737898051738739,-0.02494386024773121,0.7114141583442688,0.6453373432159424,-0.037670884281396866,0.7151427268981934,0.5834895968437195,-0.05240197852253914,0.7153723835945129,0.5299282670021057,-0.0646417886018753,0.6660630702972412,0.7488603591918945,-0.03005382791161537,0.6607335209846497,0.6663256883621216,-0.04376484081149101,0.6593766212463379,0.6066480278968811,-0.058762215077877045,0.658123791217804,0.5545650720596313,-0.07027830928564072,0.6304442882537842,0.7792030572891235,-0.03843590244650841,0.6151061058044434,0.7152302861213684,-0.05208596587181091,0.6039843559265137,0.6709343194961548,-0.06053522601723671,0.5942692160606384,0.6275527477264404,-0.06732703000307083
0.7131128907203674,0.9685312509536743,4.815020702153561e-07,0.7637531161308289,0.9423269033432007,-0.02742837183177471,0.8068910837173462,0.8804545998573303,-0.039235565811395645,0.8031969666481018,0.8251996636390686,-0.04951847717165947,0.7739729285240173,0.8284949064254761,-0.06005372852087021,0.7766892910003662,0.7583937048912048,-0.021924540400505066,0.8006999492645264,0.6825039982795715,-0.03859205171465874,0.8143871426582336,0.6325774788856506,-0.05447886884212494,0.8245226740837097,0.5864937901496887,-0.06767164915800095,0.7350226640701294,0.7463768720626831,-0.024990743026137352,0.740550696849823,0.6531490087509155,-0.03876896947622299,0.7432497143745422,0.5916285514831543,-0.05397948622703552,0.7433848977088928,0.5377553105354309,-0.0664057657122612,0.6985124945640564,0.7588945031166077,-0.03127722442150116,0.6920608282089233,0.6734564304351807,-0.04617533087730408,0.6892538070678711,0.6138862371444702,-0.061617735773324966,0.6866093873977661,0.561481237411499,-0.07322084903717041,0.6636217832565308,0.7908276915550232,-0.0406021773815155,0.6481636762619019,0.7267030477523804,-0.05536993592977524,0.6368916034698486,0.682780921459198,-0.06430473923683167,0.6266438961029053,0.640011191368103,-0.0712546706199646
0.7213032841682434,0.9720638990402222,4.859920181843336e-07,0.7732314467430115,0.9454815983772278,-0.02813064120709896,0.8190171718597412,0.8861803412437439,-0.040219537913799286,0.811978816986084,0.8311489820480347,-0.050638314336538315,0.7805917859077454,0.8315732479095459,-0.061352960765361786,0.786575436592102,0.763452410697937,-0.02252904884517193,0.8100132346153259,0.6871181726455688,-0.03952885791659355,0.8226895928382874,0.6370990872383118,-0.05530526861548424,0.8316562175750732,0.5906924605369568,-0.06838865578174591,0.7445417642593384,0.7512450218200684,-0.0253613144159317,0.7502917051315308,0.6574979424476624,-0.0398043692111969,0.7521732449531555,0.5962251424789429,-0.05573711916804314,0.7507641315460205,0.541949450969696,-0.0685846284031868,0.7077381014823914,0.7635293006896973,-0.0313628725707531,0.7007309198379517,0.6787756681442261,-0.047143321484327316,0.6969797611236572,0.6199679970741272,-0.06329720467329025,0.6927677989006042,0.5667424201965332,-0.07533106952905655,0.6718495488166809,0.7957590818405151,-0.040329668670892715,0.6573315262794495,0.7347298860549927,-0.05573289841413498,0.6460480690002441,0.6941630244255066,-0.06483393162488937,0.634719729423523,0.6535179615020752,-0.07184053957462311
0.7339667677879333,0.9712704420089722,5.064579795543978e-07,0.7844904065132141,0.9431397914886475,-0.029818009585142136,0.8295303583145142,0.8809599280357361,-0.04295564815402031,0.8220000267028809,0.825368344783783,-0.05402584746479988,0.7902733683586121,0.8309791088104248,-0.06525905430316925,0.791338324546814,0.7630080580711365,-0.02483333833515644,0.8139013051986694,0.6857427954673767,-0.042365752160549164,0.8258829712867737,0.6345704197883606,-0.058668699115514755,0.8343143463134766,0.5878912806510925,-0.07192213833332062,0.7492411732673645,0.7524309754371643,-0.026805412024259567,0.7532930374145508,0.6587034463882446,-0.040986523032188416,0.7536353468894958,0.5963314175605774,-0.05666601285338402,0.7510844469070435,0.5422508716583252,-0.06946984678506851,0.7130922079086304,0.7654675841331482,-0.03201120346784592,0.7048366665840149,0.6801694631576538,-0.047145452350378036,0.7000905871391296,0.623319685459137,-0.06263738870620728,0.6953704357147217,0.57350754737854,-0.07425162941217422,0.6782599091529846,0.7983314990997314,-0.04040424898266792,0.6601625084877014,0.7361575961112976,-0.05523905158042908,0.64678955078125,0.6948045492172241,-0.06398707628250122,0.6342554092407227,0.6541619896888733,-0.07074986398220062
0.7478867769241333,0.9674336910247803,5.23556821008242e-07,0.7971699833869934,0.9368194937705994,-0.027215860784053802,0.8380089402198792,0.8791771531105042,-0.04054546728730202,0.8349694013595581,0.825822114944458,-0.05253540351986885,0.8065437078475952,0.8275335431098938,-0.06506092846393585,0.8009617924690247,0.76053786277771,-0.02547820284962654,0.8227770328521729,0.6799057126045227,-0.04344660043716431,0.8353570699691772,0.629340410232544,-0.059533677995204926,0.8445677161216736,0.5821818113327026,-0.072318434715271,0.7590799331665039,0.7514517307281494,-0.02864679880440235,0.7627938985824585,0.656945526599884,-0.04307843744754791,0.7635071277618408,0.5955763459205627,-0.058426160365343094,0.7609021067619324,0.5428082942962646,-0.07085669785737991,0.7224761843681335,0.7661514282226562,-0.03474801406264305,0.7111111283302307,0.6815046072006226,-0.050129614770412445,0.7056114673614502,0.6234509944915771,-0.06584373116493225,0.7007529735565186,0.5729389190673828,-0.07750841975212097,0.6880110502243042,0.7998232245445251,-0.043677251785993576,0.6671592593193054,0.7378401756286621,-0.058921780437231064,0.6528082489967346,0.6964966654777527,-0.06788752973079681,0.6400807499885559,0.6569454073905945,-0.07460804283618927
0.778155505657196,0.9736100435256958,5.170187478142907e-07,0.8285313844680786,0.9435632228851318,-0.027909867465496063,0.871730387210846,0.8865363597869873,-0.042762961238622665,0.8712486624717712,0.8334207534790039,-0.05647556856274605,0.8433869481086731,0.8313204646110535,-0.07094160467386246,0.8372657299041748,0.7669109106063843,-0.02938372828066349,0.8587091565132141,0.6865060329437256,-0.05083046853542328,0.8713884353637695,0.6352495551109314,-0.06914008408784866,0.8800576329231262,0.5869675278663635,-0.08314596116542816,0.7948221564292908,0.7568660378456116,-0.033301886171102524,0.7997241616249084,0.6622539162635803,-0.051205895841121674,0.7997570037841797,0.5989177227020264,-0.06842893362045288,0.7959959506988525,0.5430787801742554,-0.0816112756729126,0.7573521137237549,0.7711045145988464,-0.04008907079696655,0.7455456256866455,0.6848748326301575,-0.05782792344689369,0.7394179701805115,0.6253327131271362,-0.07378514111042023,0.7343322038650513,0.5722163915634155,-0.08517594635486603,0.7223973274230957,0.8044475317001343,-0.04975143074989319,0.7029936909675598,0.741188108921051,-0.06624916195869446,0.689971387386322,0.6988716721534729,-0.07512780278921127,0.6788710355758667,0.6585697531700134,-0.0814453512430191
0.7848528027534485,0.9703080654144287,5.147170440977789e-07,0.8360652923583984,0.9410373568534851,-0.02617753855884075,0.8774859309196472,0.8831488490104675,-0.04011994227766991,0.8784701824188232,0.8311470746994019,-0.05310473218560219,0.8530216217041016,0.8314510583877563,-0.06704175472259521,0.8445627689361572,0.7670432329177856,-0.029715562239289284,0.8678407073020935,0.6874098181724548,-0.05059702321887016,0.8812127709388733,0.6361204981803894,-0.06796028465032578,0.8899044990539551,0.5889551639556885,-0.0813821405172348,0.8019833564758301,0.7565691471099854,-0.0341310016810894,0.8065435886383057,0.6609804630279541,-0.05183057487010956,0.8075602650642395,0.5981825590133667,-0.06827125698328018,0.8046812415122986,0.5441284775733948,-0.0808136835694313,0.7643311023712158,0.770749568939209,-0.04113244637846947,0.7517952919006348,0.6846204996109009,-0.05864446237683296,0.7469289302825928,0.62489914894104,-0.07455919682979584,0.7432574033737183,0.5720728039741516,-0.08601151406764984,0.7298953533172607,0.803742527961731,-0.050767045468091965,0.7111328840255737,0.7414302825927734,-0.06720995157957077,0.6986686587333679,0.6988863945007324,-0.076377272605896,0.6881682872772217,0.6588112711906433,-0.083018958568573
0.7969434261322021,0.9716435074806213,5.216639920035959e-07,0.8462470173835754,0.9407914876937866,-0.02813832461833954,0.888565182685852,0.8824476599693298,-0.043845709413290024,0.8898728489875793,0.8304195404052734,-0.05833852291107178,0.8623043298721313,0.83357834815979,-0.07377956807613373,0.8556289076805115,0.7680137753486633,-0.032142020761966705,0.8783332109451294,0.6896189451217651,-0.05420464649796486,0.8911856412887573,0.6383864879608154,-0.0727374330163002,0.899671196937561,0.5912575721740723,-0.08703238517045975,0.8123413920402527,0.7580601572990417,-0.036417726427316666,0.8159579038619995,0.6622107625007629,-0.05529923737049103,0.8166582584381104,0.5992732048034668,-0.07257285714149475,0.8139330148696899,0.5447955131530762,-0.08573328703641891,0.7742331624031067,0.7725231051445007,-0.0433797650039196,0.7616599798202515,0.6856032609939575,-0.06177167221903801,0.7562200427055359,0.6251093745231628,-0.07773758471012115,0.752138614654541,0.5717305541038513,-0.0891541913151741,0.7394944429397583,0.805439829826355,-0.05318838730454445,0.7211196422576904,0.7405173778533936,-0.06979560106992722,0.7086029052734375,0.6969904899597168,-0.07858260720968246,0.6979288458824158,0.6562677025794983,-0.08499026298522949
0.8038186430931091,0.9552551507949829,5.012138899473939e-07,0.8568494915962219,0.9270514249801636,-0.025923728942871094,0.8994050025939941,0.8652163147926331,-0.039168477058410645,0.9016144871711731,0.8089789748191833,-0.05139010399580002,0.8759052157402039,0.8159455060958862,-0.06442981213331223,0.8663192987442017,0.7492164373397827,-0.026495985686779022,0.891116738319397,0.6713590621948242,-0.045491449534893036,0.9040237069129944,0.6193939447402954,-0.062318358570337296,0.9117407202720642,0.5727003216743469,-0.07602046430110931,0.8240642547607422,0.7393483519554138,-0.03111855871975422,0.829367458820343,0.645033597946167,-0.04820098727941513,0.8309334516525269,0.5827153921127319,-0.06453517079353333,0.8282017707824707,0.5284728407859802,-0.0772213488817215,0.7865688800811768,0.7531264424324036,-0.03840866684913635,0.7771220207214355,0.6671285033226013,-0.05606943741440773,0.7727289199829102,0.6068013906478882,-0.07165896147489548,0.7684444785118103,0.5527999401092529,-0.0829244926571846,0.7519160509109497,0.7850717306137085,-0.04836251214146614,0.7360574007034302,0.72092205286026,-0.06508611887693405,0.7255624532699585,0.6781602501869202,-0.07409229129552841,0.7165265083312988,0.6369940638542175,-0.08075553923845291
0.8148970603942871,0.8995653390884399,4.630622925105854e-07,0.8688989281654358,0.8678726553916931,-0.024646224454045296,0.9112123847007751,0.7999815344810486,-0.03515484556555748,0.9126867055892944,0.7409266829490662,-0.04475640878081322,0.8838701248168945,0.74811851978302,-0.05504956468939781,0.8771096467971802,0.6864193081855774,-0.019945580512285233,0.9018890857696533,0.6086632013320923,-0.03604969382286072,0.9143218994140625,0.557023286819458,-0.05182967334985733,0.9219561219215393,0.5108988285064697,-0.06522495299577713,0.8360122442245483,0.6754061579704285,-0.02395208552479744,0.8413875699043274,0.5819147229194641,-0.038234416395425797,0.8419845104217529,0.5195348262786865,-0.05400139465928078,0.8379217386245728,0.4667235314846039,-0.06661421060562134,0.7992434501647949,0.6884236931800842,-0.030848946422338486,0.7917255163192749,0.6008269786834717,-0.0463721789419651,0.7873965501785278,0.540707528591156,-0.06287459284067154,0.7819669246673584,0.4887639284133911,-0.07509323209524155,0.7645593285560608,0.7202673554420471,-0.04041527956724167,0.7481082081794739,0.6577306389808655,-0.056774649769067764,0.7351161241531372,0.614730179309845,-0.06725122779607773,0.722480833530426,0.5744146704673767,-0.07498077303171158
0.8120912313461304,0.8839230537414551,4.957213377565495e-07,0.8661700487136841,0.8527166843414307,-0.028093436732888222,0.9118043184280396,0.7835836410522461,-0.039450861513614655,0.9105356335639954,0.7231267094612122,-0.04909081757068634,0.877870500087738,0.7303416728973389,-0.05902276933193207,0.8751476407051086,0.6684548854827881,-0.021977964788675308,0.9000558853149414,0.589647114276886,-0.03820812702178955,0.9126984477043152,0.5375197529792786,-0.053990211337804794,0.9201350212097168,0.49174052476882935,-0.06705166399478912,0.8341830372810364,0.657398521900177,-0.02420356310904026,0.8398345708847046,0.5629788041114807,-0.03784002736210823,0.8397039771080017,0.5010803937911987,-0.05324358865618706,0.8345545530319214,0.4504919946193695,-0.06540317833423615,0.7982483506202698,0.6696816682815552,-0.02961328998208046,0.7910441160202026,0.5856735706329346,-0.04367596656084061,0.7866291403770447,0.5266000628471375,-0.05968170985579491,0.7809591293334961,0.47520801424980164,-0.07171647995710373,0.7631872892379761,0.7008427977561951,-0.03813314810395241,0.7461499571800232,0.6407029628753662,-0.05287998169660568,0.7325354218482971,0.59941565990448,-0.06249452009797096,0.719406247138977,0.5596959590911865,-0.06967411935329437
0.8068090081214905,0.8373348712921143,5.713503696824773e-07,0.8559789061546326,0.8031789064407349,-0.0343131460249424,0.8962589502334595,0.7393754124641418,-0.0493660531938076,0.891148030757904,0.6834810972213745,-0.061694998294115067,0.8619444370269775,0.6819214820861816,-0.07348286360502243,0.85664963722229,0.6189481019973755,-0.023195281624794006,0.8804481029510498,0.5405657291412354,-0.040932465344667435,0.8913078904151917,0.49004483222961426,-0.05756596848368645,0.8975774645805359,0.44582873582839966,-0.0704338327050209,0.8149012327194214,0.6066721677780151,-0.021285925060510635,0.8208380937576294,0.5156254768371582,-0.03576245158910751,0.8210954070091248,0.45457887649536133,-0.050613727420568466,0.8182886242866516,0.4046173095703125,-0.061685387045145035,0.7775536775588989,0.618446409702301,-0.023572152480483055,0.7689952850341797,0.5325878262519836,-0.038543228060007095,0.7652532458305359,0.47703105211257935,-0.05337798595428467,0.7622172832489014,0.43021780252456665,-0.06367076188325882,0.7428358197212219,0.650632917881012,-0.029468128457665443,0.7255889773368835,0.5933440923690796,-0.04396377503871918,0.7132585048675537,0.5548055171966553,-0.05263718217611313,0.7028932571411133,0.5188848972320557,-0.05847962945699692
0.7981852889060974,0.8251138925552368,5.691486535397416e-07,0.846363365650177,0.7894247770309448,-0.03528855741024017,0.8826407194137573,0.7231135964393616,-0.04995008185505867,0.8771833777427673,0.6635766625404358,-0.06160032004117966,0.8493408560752869,0.6567369103431702,-0.072313591837883,0.8452975153923035,0.6032800674438477,-0.021712198853492737,0.8703607320785522,0.5247234106063843,-0.03937838599085808,0.8816444277763367,0.47352659702301025,-0.05640619248151779,0.888149082660675,0.42837098240852356,-0.0696139857172966,0.8037915825843811,0.5916023850440979,-0.018896376714110374,0.809929370880127,0.5002908110618591,-0.03335905447602272,0.8113729357719421,0.4395714998245239,-0.04806878790259361,0.8103163242340088,0.38964539766311646,-0.05906487628817558,0.7664007544517517,0.6038772463798523,-0.02061394602060318,0.7598868608474731,0.5177053213119507,-0.03599419817328453,0.7577998042106628,0.46196645498275757,-0.05047088861465454,0.7563849687576294,0.41480231285095215,-0.060380153357982635,0.731868326663971,0.6362727284431458,-0.026104895398020744,0.7159199714660645,0.5771154761314392,-0.04136303439736366,0.7037302255630493,0.536634087562561,-0.05030751973390579,0.6930846571922302,0.49860143661499023,-0.056159988045692444
0.7736281156539917,0.8021498918533325,5.451043989523896e-07,0.8233150839805603,0.7706557512283325,-0.035172682255506516,0.8615966439247131,0.7087175846099854,-0.05032280460000038,0.857044517993927,0.6521437764167786,-0.06235043331980705,0.8300315737724304,0.6419006586074829,-0.07364266365766525,0.8319283723831177,0.586473822593689,-0.024615099653601646,0.8567690849304199,0.507664144039154,-0.04268479719758034,0.8673714399337769,0.4567272663116455,-0.05927251651883125,0.8736310601234436,0.41203901171684265,-0.07209953665733337,0.7896127700805664,0.5720829963684082,-0.022070275619626045,0.7967488765716553,0.4794875979423523,-0.03648064658045769,0.7981026768684387,0.420104056596756,-0.05040878802537918,0.7971161007881165,0.3727319836616516,-0.060794930905103683,0.7512403130531311,0.5825747847557068,-0.023871570825576782,0.7462040781974792,0.4945083260536194,-0.03882467374205589,0.7438501119613647,0.43949204683303833,-0.05241670086979866,0.7422778010368347,0.3936883211135864,-0.06193501129746437,0.7147324085235596,0.6143444776535034,-0.029382772743701935,0.6994432210922241,0.5560272932052612,-0.044156745076179504,0.6882177591323853,0.5164269208908081,-0.05235765501856804,0.6790354251861572,0.47947263717651367,-0.05772386118769646
0.7626783847808838,0.7940601706504822,5.265358709038992e-07,0.8114213943481445,0.7597749829292297,-0.03123551793396473,0.8493452668190002,0.697990357875824,-0.04468804597854614,0.8461025357246399,0.6428356766700745,-0.055632296949625015,0.8187614679336548,0.6311358213424683,-0.06601469218730927,0.8197162747383118,0.5823439359664917,-0.021875053644180298,0.8463075757026672,0.5045489072799683,-0.0393197163939476,0.8580862283706665,0.45437711477279663,-0.05501192808151245,0.8655233383178711,0.4109359383583069,-0.06691034138202667,0.778847873210907,0.5677317976951599,-0.020805461332201958,0.7873563766479492,0.4748081564903259,-0.03415638953447342,0.7900798916816711,0.4155675172805786,-0.04702400416135788,0.7904846668243408,0.3683413863182068,-0.056693486869335175,0.741527795791626,0.5778768062591553,-0.023770572617650032,0.7364500761032104,0.4905690848827362,-0.03727736696600914,0.7342012524604797,0.4345395863056183,-0.050090789794921875,0.7332899570465088,0.38746702671051025,-0.05938219651579857,0.7060729265213013,0.6092618107795715,-0.030119409784674644,0.6910833120346069,0.5518108606338501,-0.04314672574400902,0.6811617612838745,0.5123332738876343,-0.05037577450275421,0.673811137676239,0.4749406576156616,-0.055404212325811386
0.7348421216011047,0.7793723344802856,5.008067773815128e-07,0.782767117023468,0.7473105192184448,-0.029846711084246635,0.8229216933250427,0.6888434886932373,-0.04340261593461037,0.8240771293640137,0.6360107660293579,-0.054626110941171646,0.7978231310844421,0.6234490275382996,-0.06531757861375809,0.7934585809707642,0.5749609470367432,-0.023518206551671028,0.8209092020988464,0.5002205967903137,-0.0420534573495388,0.833142101764679,0.4507424235343933,-0.05826224386692047,0.8413384556770325,0.40733182430267334,-0.07033958286046982,0.7531377673149109,0.5594572424888611,-0.02354482375085354,0.7620886564254761,0.46712562441825867,-0.0377543605864048,0.7651797533035278,0.40920329093933105,-0.050655823200941086,0.7664378881454468,0.36396345496177673,-0.060203034430742264,0.717179536819458,0.5688946843147278,-0.027298687025904655,0.7123580574989319,0.48326340317726135,-0.041057948023080826,0.7107580304145813,0.4278424382209778,-0.052901580929756165,0.7113500237464905,0.381421834230423,-0.061475928872823715,0.6834331750869751,0.5999910235404968,-0.03435281291604042,0.6674408316612244,0.5430276989936829,-0.04705015942454338,0.6578792333602905,0.5033987164497375,-0.05325710400938988,0.651734471321106,0.4662339687347412,-0.057470522820949554
0.7051436305046082,0.7684940099716187,4.795887207365013e-07,0.7530020475387573,0.7424824833869934,-0.029322244226932526,0.7932448983192444,0.688817024230957,-0.043334078043699265,0.79682457447052,0.6388670802116394,-0.05520554259419441,0.7811432480812073,0.6184484362602234,-0.06668596714735031,0.7706566452980042,0.5660876035690308,-0.026512032374739647,0.7969450950622559,0.49043145775794983,-0.046577658504247665,0.809116780757904,0.44027864933013916,-0.06312867999076843,0.8169870376586914,0.3971216082572937,-0.07519559562206268,0.7299326062202454,0.5514005422592163,-0.027532707899808884,0.737358808517456,0.4586174786090851,-0.04416513070464134,0.7393420934677124,0.4014085829257965,-0.05886660888791084,0.7394336462020874,0.356026291847229,-0.06928976625204086,0.6935135722160339,0.5613500475883484,-0.031958650797605515,0.6888201832771301,0.4770129323005676,-0.04820183664560318,0.6865448355674744,0.421398401260376,-0.061848822981119156,0.6855658888816833,0.374347448348999,-0.07124119997024536,0.6592963337898254,0.5927602052688599,-0.03935946896672249,0.644406795501709,0.5351928472518921,-0.054473090916872025,0.6343369483947754,0.4965437948703766,-0.061781566590070724,0.6266518831253052,0.4607064723968506,-0.0662294402718544
0.7017760276794434,0.7705698013305664,4.43271261474365e-07,0.7491281032562256,0.7417593002319336,-0.02727540396153927,0.7923589944839478,0.6828122735023499,-0.038929928094148636,0.7915807366371155,0.6280968189239502,-0.048772089183330536,0.7635833621025085,0.612824022769928,-0.058695483952760696,0.7659377455711365,0.564732551574707,-0.02235702984035015,0.7913123965263367,0.4874996244907379,-0.04003819823265076,0.8021466135978699,0.43716347217559814,-0.05520971864461899,0.8091365098953247,0.394046813249588,-0.06677348911762238,0.7240515351295471,0.5500758290290833,-0.02389666996896267,0.7296041250228882,0.45729875564575195,-0.03855784982442856,0.7317526936531067,0.399709016084671,-0.05269322171807289,0.7325120568275452,0.3543314039707184,-0.06307289749383926,0.6870343685150146,0.5600942373275757,-0.028720419853925705,0.6802104711532593,0.47450369596481323,-0.04390879347920418,0.677914023399353,0.41874122619628906,-0.05817309394478798,0.6776576042175293,0.37211328744888306,-0.06837195158004761,0.6524500250816345,0.5909756422042847,-0.03632295876741409,0.6386002898216248,0.5339334011077881,-0.050824206322431564,0.6292136907577515,0.4960046410560608,-0.05877663195133209,0.6222636699676514,0.4613150656223297,-0.06418298184871674
0.6773419380187988,0.7548667788505554,4.474692616440734e-07,0.726346492767334,0.727910578250885,-0.025027072057127953,0.7643538117408752,0.6644213795661926,-0.03499757498502731,0.7668302059173584,0.6068187952041626,-0.043256115168333054,0.7378003597259521,0.5989706516265869,-0.05180121958255768,0.7396728992462158,0.5523658394813538,-0.021446458995342255,0.767483115196228,0.4786394536495209,-0.03725337237119675,0.7804619669914246,0.4298242926597595,-0.0515325553715229,0.7889376282691956,0.387297123670578,-0.06288565695285797,0.7002214789390564,0.5374643802642822,-0.02349294163286686,0.7077847123146057,0.4468393921852112,-0.03609701991081238,0.7112622857093811,0.38978564739227295,-0.048623669892549515,0.7123918533325195,0.34304502606391907,-0.05844983085989952,0.6645835638046265,0.5478081107139587,-0.028489254415035248,0.6601296067237854,0.4647023379802704,-0.041658684611320496,0.6590208411216736,0.4092330038547516,-0.05461248382925987,0.6589081883430481,0.36197447776794434,-0.06439797580242157,0.6310145258903503,0.5779829025268555,-0.03619590774178505,0.6168472170829773,0.5203354358673096,-0.0493197925388813,0.6082104444503784,0.4801952838897705,-0.05675388500094414,0.6021339297294617,0.44252729415893555,-0.06230516359210014
0.6545690894126892,0.7429267168045044,4.2954317791554786e-07,0.7061461806297302,0.7179762125015259,-0.027353743091225624,0.7491837739944458,0.654818058013916,-0.037153735756874084,0.751031756401062,0.5946056246757507,-0.04481552541255951,0.7221215963363647,0.5861101150512695,-0.052247583866119385,0.7206447720527649,0.5420262813568115,-0.018800390884280205,0.7475990056991577,0.4701152443885803,-0.034103065729141235,0.7605451941490173,0.42194318771362305,-0.04852589964866638,0.7701067924499512,0.3805750906467438,-0.06017102301120758,0.68253493309021,0.5265364050865173,-0.018847746774554253,0.6896051168441772,0.4392141103744507,-0.031376954168081284,0.6915245652198792,0.38266241550445557,-0.04457584768533707,0.6921349167823792,0.33727461099624634,-0.05501227453351021,0.6484130620956421,0.5347930788993835,-0.022326968610286713,0.6453835964202881,0.45435631275177,-0.035680416971445084,0.64378422498703,0.4001973271369934,-0.04908474162220955,0.6429758667945862,0.3546139597892761,-0.059159472584724426,0.6155200004577637,0.5621964931488037,-0.028794601559638977,0.6023450493812561,0.508813738822937,-0.04230286553502083,0.5935876369476318,0.47080761194229126,-0.0505446195602417,0.5864942073822021,0.43507009744644165,-0.05657351016998291
0.6367713212966919,0.7379773259162903,4.3725358978008444e-07,0.6902440786361694,0.7137359976768494,-0.02410760149359703,0.73295658826828,0.6482927799224854,-0.03143712878227234,0.7299953103065491,0.5913266539573669,-0.03693618252873421,0.6985156536102295,0.5883797407150269,-0.04267736151814461,0.7023639678955078,0.5384760499000549,-0.015456422232091427,0.7299491167068481,0.4687621295452118,-0.029128514230251312,0.7444833517074585,0.42137211561203003,-0.04266666620969772,0.7549296617507935,0.3813413679599762,-0.053547635674476624,0.6631203293800354,0.5223804116249084,-0.01671774499118328,0.6732402443885803,0.434160053730011,-0.02664109691977501,0.6780251264572144,0.37841928005218506,-0.03838174790143967,0.680994987487793,0.3344191908836365,-0.04794606193900108,0.6277452707290649,0.5300517082214355,-0.021184517070651054,0.6269218921661377,0.4480254352092743,-0.03203257545828819,0.6286932826042175,0.39370161294937134,-0.044477708637714386,0.6312611699104309,0.3488186001777649,-0.05419682338833809,0.5921352505683899,0.5572525858879089,-0.028362559154629707,0.5788339376449585,0.49954652786254883,-0.039202604442834854,0.5726035237312317,0.45974934101104736,-0.045755013823509216,0.5690021514892578,0.4222317039966583,-0.051056452095508575
0.6098357439041138,0.7410873174667358,4.2235745922880596e-07,0.6596676111221313,0.7174863815307617,-0.026897558942437172,0.7013578414916992,0.6519248485565186,-0.03595477342605591,0.6935582160949707,0.592811107635498,-0.042953383177518845,0.660559356212616,0.5922892689704895,-0.04990261420607567,0.6776638627052307,0.5397706627845764,-0.017489954829216003,0.7032605409622192,0.46977031230926514,-0.03150298073887825,0.7172828316688538,0.4233444333076477,-0.045093830674886703,0.72784423828125,0.38428932428359985,-0.05625348538160324,0.6389883756637573,0.5228176116943359,-0.017916033044457436,0.6479188799858093,0.43582218885421753,-0.028736069798469543,0.6513794660568237,0.3799900710582733,-0.040817517787218094,0.6534192562103271,0.33594250679016113,-0.05036040395498276,0.6050385236740112,0.5309612154960632,-0.021832333877682686,0.602946400642395,0.4490404725074768,-0.03370421379804611,0.6028441786766052,0.3955347537994385,-0.04693711921572685,0.6039990782737732,0.3514612317085266,-0.056957293301820755,0.5715836882591248,0.5591146349906921,-0.028754906728863716,0.557487964630127,0.503953218460083,-0.04047347605228424,0.549934983253479,0.46558576822280884,-0.048082876950502396,0.5451639294624329,0.43003857135772705,-0.05400380119681358
0.5251137614250183,0.7832760810852051,4.231250443353929e-07,0.5716714262962341,0.7517302632331848,-0.02343892678618431,0.5997665524482727,0.6878695487976074,-0.0336032435297966,0.5798648595809937,0.6313652992248535,-0.042401235550642014,0.5482451915740967,0.6085373163223267,-0.051098696887493134,0.5998833179473877,0.5813786387443542,-0.02216031402349472,0.6323633790016174,0.5056162476539612,-0.03926556929945946,0.6493237018585205,0.45778948068618774,-0.053938619792461395,0.6608365178108215,0.41673544049263,-0.06500446796417236,0.5619039535522461,0.561114490032196,-0.025447923690080643,0.5759634971618652,0.46507883071899414,-0.03850770741701126,0.5829707384109497,0.4046550393104553,-0.051894962787628174,0.5863947868347168,0.3572566509246826,-0.06208817660808563,0.5261345505714417,0.5691136717796326,-0.03165195509791374,0.5231890678405762,0.4805131256580353,-0.045431919395923615,0.5233878493309021,0.4229981303215027,-0.06039028987288475,0.5233030915260315,0.3751315474510193,-0.07148533314466476,0.49073392152786255,0.5984460711479187,-0.04011904448270798,0.4808090329170227,0.53773033618927,-0.054463524371385574,0.4748026728630066,0.49694961309432983,-0.06297893822193146,0.4694571793079376,0.4603114724159241,-0.06901320815086365
0.5054742693901062,0.7938814163208008,4.5036205165160936e-07,0.5513923168182373,0.7607231140136719,-0.02339993603527546,0.5778764486312866,0.6947352290153503,-0.0333973653614521,0.552343487739563,0.639532208442688,-0.041956234723329544,0.5179382562637329,0.6152769327163696,-0.05020661652088165,0.5774766802787781,0.5878974199295044,-0.02146822400391102,0.6078087687492371,0.5100160837173462,-0.039199959486722946,0.6252085566520691,0.4609528183937073,-0.05393563210964203,0.6375812888145447,0.4203804135322571,-0.06466131657361984,0.5378838777542114,0.56928950548172,-0.02491498738527298,0.5503731369972229,0.4709215760231018,-0.03834037482738495,0.557281494140625,0.40881651639938354,-0.05123259499669075,0.5612506866455078,0.36153289675712585,-0.060855403542518616,0.5011502504348755,0.5784181952476501,-0.031524162739515305,0.49655449390411377,0.4881446957588196,-0.04583250731229782,0.49653446674346924,0.4291977286338806,-0.05977265536785126,0.49677762389183044,0.3809611201286316,-0.06982060521841049,0.46488523483276367,0.6087518334388733,-0.04044139012694359,0.45339101552963257,0.5456621050834656,-0.05539862811565399,0.4471953511238098,0.5028750896453857,-0.06324493139982224,0.4421849548816681,0.4641079902648926,-0.06845260411500931
0.5004832744598389,0.7973726987838745,4.392634878058743e-07,0.545095682144165,0.760267972946167,-0.022968295961618423,0.5701578855514526,0.695120096206665,-0.033257436007261276,0.5406256318092346,0.642841100692749,-0.04245860129594803,0.5063628554344177,0.6177626252174377,-0.05169008672237396,0.5682417154312134,0.5895627737045288,-0.020180819556117058,0.5973818302154541,0.5119634866714478,-0.0382835827767849,0.6136828660964966,0.462802529335022,-0.05398252606391907,0.6251169443130493,0.42110776901245117,-0.06544235348701477,0.5289713144302368,0.5714160203933716,-0.023695649579167366,0.5392604470252991,0.47242939472198486,-0.03693766891956329,0.5444667339324951,0.4108678698539734,-0.05079970508813858,0.5464581847190857,0.3633720874786377,-0.061235032975673676,0.49298685789108276,0.580342710018158,-0.030290154740214348,0.4886989891529083,0.49055933952331543,-0.044096048921346664,0.48819494247436523,0.43041372299194336,-0.05877961963415146,0.4869523048400879,0.3803108334541321,-0.06962431222200394,0.45747193694114685,0.6104087829589844,-0.039145082235336304,0.44663968682289124,0.5485917925834656,-0.05309637263417244,0.4399320185184479,0.507752537727356,-0.06063084304332733,0.4335345923900604,0.4714042544364929,-0.06586762517690659
0.4931550621986389,0.8001763820648193,4.4388303876985447e-07,0.5374172925949097,0.7619305849075317,-0.02334129996597767,0.5652291774749756,0.6960998177528381,-0.03360789641737938,0.5325766205787659,0.643912136554718,-0.042763397097587585,0.4946367144584656,0.6220918893814087,-0.051900774240493774,0.5616044402122498,0.590042233467102,-0.0184409748762846,0.5911092758178711,0.5123552680015564,-0.03571624681353569,0.6069595217704773,0.46207404136657715,-0.051176078617572784,0.6180187463760376,0.41939008235931396,-0.06263133883476257,0.5216730833053589,0.571984052658081,-0.02172008529305458,0.5316796898841858,0.4755498170852661,-0.034413862973451614,0.5357706546783447,0.4136289954185486,-0.048442691564559937,0.5366782546043396,0.36582452058792114,-0.05908573418855667,0.4858124852180481,0.5806257724761963,-0.028197798877954483,0.48232752084732056,0.4911302626132965,-0.04164264351129532,0.48150837421417236,0.42997828125953674,-0.05675515905022621,0.47970661520957947,0.37875571846961975,-0.067985400557518,0.4504427909851074,0.6105258464813232,-0.036977484822273254,0.4394195079803467,0.5492235422134399,-0.05062597617506981,0.43206942081451416,0.5078299641609192,-0.05825280398130417,0.4246712327003479,0.4706604480743408,-0.06361781060695648
0.48472967743873596,0.80085289478302,4.581368102662964e-07,0.5282752513885498,0.7641511559486389,-0.02400357648730278,0.5547754764556885,0.6983732581138611,-0.034530624747276306,0.5243750810623169,0.6462252140045166,-0.04386218264698982,0.4855739176273346,0.6256096959114075,-0.05343491584062576,0.5508459210395813,0.5926477313041687,-0.021176302805542946,0.5804768800735474,0.5135936141014099,-0.039251141250133514,0.5972328186035156,0.4625018537044525,-0.05520772933959961,0.6093615293502808,0.4189048409461975,-0.0670950785279274,0.5112893581390381,0.5749080777168274,-0.024535050615668297,0.5216349363327026,0.4768528342247009,-0.03770297020673752,0.5270742774009705,0.41418924927711487,-0.05244908854365349,0.5299232602119446,0.36390095949172974,-0.06381363421678543,0.47576361894607544,0.5841084718704224,-0.030945876613259315,0.4714123010635376,0.49459463357925415,-0.04451435059309006,0.47102615237236023,0.432686448097229,-0.06043221428990364,0.47031769156455994,0.3807014226913452,-0.07239481061697006,0.4412308931350708,0.6143025755882263,-0.03973931446671486,0.42867210507392883,0.5530450940132141,-0.05348534882068634,0.4208711087703705,0.5098972320556641,-0.06195288896560669,0.4137392044067383,0.47073161602020264,-0.06820029020309448
0.4440809488296509,0.7944403886795044,4.98596136822016e-07,0.48897382616996765,0.76023268699646,-0.025056511163711548,0.5176918506622314,0.6964725852012634,-0.03582921624183655,0.491926372051239,0.6424835920333862,-0.044711366295814514,0.45712798833847046,0.6175955533981323,-0.053237900137901306,0.5078117847442627,0.5863436460494995,-0.021731289103627205,0.5377686619758606,0.5076385736465454,-0.039222873747348785,0.5544783473014832,0.4575144648551941,-0.05378462001681328,0.5667119026184082,0.41648775339126587,-0.06425897032022476,0.4680330753326416,0.5681511759757996,-0.02356843650341034,0.48002922534942627,0.47132137417793274,-0.036253396421670914,0.4856601655483246,0.4093600809574127,-0.048975929617881775,0.4889339804649353,0.36142629384994507,-0.058368898928165436,0.431988000869751,0.5771175622940063,-0.028584705665707588,0.4264937937259674,0.48727482557296753,-0.04147033765912056,0.42593851685523987,0.4280927777290344,-0.0549008809030056,0.4262603521347046,0.3788357973098755,-0.06474108248949051,0.3970721364021301,0.6089044809341431,-0.036076415330171585,0.38380685448646545,0.5483707189559937,-0.049311477690935135,0.37702691555023193,0.506500244140625,-0.05626374110579491,0.3720410168170929,0.46814674139022827,-0.06086874380707741
0.42254745960235596,0.7894474267959595,4.3760508106061025e-07,0.4681369364261627,0.7556833028793335,-0.023935558274388313,0.49671825766563416,0.6903533935546875,-0.03397584706544876,0.46983882784843445,0.6376945972442627,-0.042660295963287354,0.43362367153167725,0.6146958470344543,-0.051444731652736664,0.4892977178096771,0.5817589163780212,-0.0209520161151886,0.5178918838500977,0.5052385330200195,-0.038203898817300797,0.5343073010444641,0.45675772428512573,-0.053145892918109894,0.5468432903289795,0.4163625240325928,-0.06444032490253448,0.4492414593696594,0.5642265677452087,-0.024174300953745842,0.45920294523239136,0.46735918521881104,-0.03753412514925003,0.46506330370903015,0.40679651498794556,-0.05220843851566315,0.46902158856391907,0.3585093021392822,-0.06362612545490265,0.413421094417572,0.574674129486084,-0.03053262084722519,0.40778666734695435,0.4850522577762604,-0.04514586552977562,0.40676915645599365,0.4253090023994446,-0.06192511320114136,0.4064163267612457,0.3752517104148865,-0.07435941696166992,0.37902525067329407,0.6063644289970398,-0.03910341486334801,0.3671817481517792,0.5433494448661804,-0.05393408611416817,0.3595871925354004,0.501259982585907,-0.0634613037109375,0.35309094190597534,0.4632223844528198,-0.0704992339015007
0.38270607590675354,0.786278486251831,4.750515927298693e-07,0.4299337863922119,0.7526830434799194,-0.02610185742378235,0.4599047005176544,0.686558723449707,-0.036663297563791275,0.434528648853302,0.632142961025238,-0.045054756104946136,0.4008030593395233,0.6085477471351624,-0.052958134561777115,0.44968560338020325,0.5790870189666748,-0.02191912569105625,0.47971418499946594,0.502608060836792,-0.0390571691095829,0.4965522885322571,0.4523308277130127,-0.05366651341319084,0.5089640617370605,0.4106903076171875,-0.064531609416008,0.410473495721817,0.5613354444503784,-0.02343008480966091,0.4229463040828705,0.46487748622894287,-0.036529701203107834,0.42924851179122925,0.4028969407081604,-0.050030700862407684,0.43281006813049316,0.3534802198410034,-0.060496848076581955,0.3752885162830353,0.5699895024299622,-0.028368448838591576,0.37095287442207336,0.4816775619983673,-0.042374223470687866,0.3710031807422638,0.42151153087615967,-0.0576881505548954,0.3706071376800537,0.37120434641838074,-0.06890719383955002,0.34105679392814636,0.599280595779419,-0.03580441698431969,0.32635506987571716,0.5343608260154724,-0.04980965331196785,0.31857621669769287,0.4899950325489044,-0.05849646404385567,0.3119618892669678,0.44871270656585693,-0.06481011211872101
0.3605579733848572,0.7847666144371033,4.7148014914455416e-07,0.4074663519859314,0.7521246671676636,-0.025207536295056343,0.4346578121185303,0.690181314945221,-0.03697120025753975,0.4077911972999573,0.6378132104873657,-0.047268498688936234,0.373575359582901,0.6115773320198059,-0.057884447276592255,0.42886415123939514,0.5795613527297974,-0.024135490879416466,0.45830249786376953,0.49989011883735657,-0.0434119775891304,0.4750724732875824,0.44899824261665344,-0.05979211628437042,0.48811274766921997,0.406228244304657,-0.0718572586774826,0.3877624273300171,0.5628077387809753,-0.026919947937130928,0.3988766670227051,0.4640375077724457,-0.04164249077439308,0.40511804819107056,0.4022323191165924,-0.05733503773808479,0.4092591404914856,0.3533932566642761,-0.06941580772399902,0.35088157653808594,0.5730048418045044,-0.032751426100730896,0.34638795256614685,0.4828248620033264,-0.04782792180776596,0.3475596308708191,0.4226033687591553,-0.06443730741739273,0.34925392270088196,0.3725181221961975,-0.07688883692026138,0.3157580494880676,0.6041861772537231,-0.04090149328112602,0.3050532937049866,0.5415462255477905,-0.05608208477497101,0.2998116612434387,0.49862995743751526,-0.0655784010887146,0.2959112823009491,0.45903801918029785,-0.07255464792251587
0.3128555417060852,0.7907933592796326,4.778718221132294e-07,0.3613904118537903,0.7589466571807861,-0.027254270389676094,0.39103731513023376,0.6976587772369385,-0.03939676284790039,0.36138737201690674,0.6458571553230286,-0.04962335154414177,0.32485511898994446,0.6214478611946106,-0.05988069251179695,0.38606497645378113,0.5868258476257324,-0.02263634279370308,0.4151890277862549,0.5093755722045898,-0.041600100696086884,0.4328247606754303,0.45873820781707764,-0.058624811470508575,0.44714176654815674,0.41495054960250854,-0.07120270282030106,0.3453712463378906,0.5673078298568726,-0.02426302619278431,0.3568176031112671,0.4712722599506378,-0.03858112543821335,0.3635513484477997,0.4094811677932739,-0.054595332592725754,0.36874428391456604,0.3590407967567444,-0.06688737869262695,0.30824142694473267,0.5744789242744446,-0.029314374551177025,0.30588316917419434,0.48468881845474243,-0.04431837797164917,0.3080041706562042,0.4232785701751709,-0.06104281544685364,0.31046316027641296,0.3721502423286438,-0.07321081310510635,0.2717694640159607,0.6027244329452515,-0.036949168890714645,0.2620495557785034,0.5366767048835754,-0.05190326273441315,0.25674542784690857,0.49090754985809326,-0.06118520349264145,0.2520599663257599,0.44932687282562256,-0.06779852509498596
0.2761356234550476,0.7871847152709961,5.018476372242731e-07,0.322043240070343,0.7555874586105347,-0.030184384435415268,0.34948575496673584,0.6914313435554504,-0.04310091212391853,0.31682440638542175,0.6372276544570923,-0.05337704345583916,0.27742087841033936,0.6132252216339111,-0.063401959836483,0.3434096574783325,0.5819038152694702,-0.02575387991964817,0.3734081983566284,0.5024038553237915,-0.044299446046352386,0.3901260197162628,0.44958963990211487,-0.06052907928824425,0.4026007056236267,0.40476879477500916,-0.07275763899087906,0.3021908402442932,0.5617333054542542,-0.025800561532378197,0.3120512366294861,0.46329614520072937,-0.03934748098254204,0.31693384051322937,0.40087175369262695,-0.05423172935843468,0.32033824920654297,0.35173723101615906,-0.0656764879822731,0.2656209468841553,0.5689553618431091,-0.029343759641051292,0.2635692059993744,0.4773487448692322,-0.04342051222920418,0.26574528217315674,0.41658371686935425,-0.05929722264409065,0.26772335171699524,0.3668406307697296,-0.07120216637849808,0.23064664006233215,0.5988433957099915,-0.03579707816243172,0.21931609511375427,0.5377562046051025,-0.050285037606954575,0.21260331571102142,0.49554380774497986,-0.05916891247034073,0.2066711187362671,0.4575445055961609,-0.06558708101511002
0.24561920762062073,0.786462128162384,4.963980018146685e-07,0.2937721014022827,0.7506885528564453,-0.026388321071863174,0.32058006525039673,0.6818795800209045,-0.03728111833333969,0.28794291615486145,0.6281675100326538,-0.04620736464858055,0.24868126213550568,0.607006847858429,-0.0550847090780735,0.31397736072540283,0.5739240050315857,-0.022903496399521828,0.342806339263916,0.4901427924633026,-0.040392857044935226,0.35882192850112915,0.4367903769016266,-0.055492181330919266,0.3709295392036438,0.3919900953769684,-0.06678271293640137,0.2719036936759949,0.5563516616821289,-0.02426549792289734,0.28266972303390503,0.4563276767730713,-0.036956191062927246,0.2884252071380615,0.3937755823135376,-0.05085628479719162,0.29226455092430115,0.3457777500152588,-0.061511460691690445,0.2347857654094696,0.5654228925704956,-0.028875630348920822,0.23073680698871613,0.4736632704734802,-0.04189241677522659,0.23301129043102264,0.41289418935775757,-0.05709194764494896,0.23557691276073456,0.3637370467185974,-0.06861751526594162,0.1991937756538391,0.5963257551193237,-0.036062926054000854,0.18689027428627014,0.5338155031204224,-0.04928645119071007,0.18115127086639404,0.49137890338897705,-0.05737556517124176,0.1768188327550888,0.4531385898590088,-0.06339193135499954
0.2330900877714157,0.7854534387588501,4.940987992085866e-07,0.2809033691883087,0.7479384541511536,-0.025852547958493233,0.3066774010658264,0.6764373183250427,-0.03586100414395332,0.2704715430736542,0.6233043670654297,-0.04407668858766556,0.229529470205307,0.6057314872741699,-0.05234232917428017,0.2979219853878021,0.5724704265594482,-0.020385729148983955,0.32811570167541504,0.48981204628944397,-0.037219103425741196,0.34471020102500916,0.4362119436264038,-0.05228308588266373,0.3573397397994995,0.3915436267852783,-0.06363091617822647,0.2569815516471863,0.555072009563446,-0.02160349301993847,0.26793020963668823,0.45560652017593384,-0.03355749696493149,0.27277201414108276,0.39127665758132935,-0.04797973111271858,0.27526870369911194,0.34145525097846985,-0.05925866961479187,0.22098316252231598,0.5636629462242126,-0.026075251400470734,0.2165740430355072,0.4734911322593689,-0.03847591206431389,0.2176910936832428,0.4122086763381958,-0.054271258413791656,0.21833646297454834,0.3625146150588989,-0.06637977063655853,0.18592838943004608,0.5935570001602173,-0.03311125561594963,0.17384037375450134,0.5322146415710449,-0.04572804644703865,0.16784971952438354,0.4896218180656433,-0.05400976911187172,0.16279414296150208,0.45138072967529297,-0.06041744351387024
0.22285111248493195,0.7846665978431702,5.178873720979027e-07,0.26986104249954224,0.7489477396011353,-0.027070501819252968,0.29493391513824463,0.6804351806640625,-0.03869762644171715,0.2617139220237732,0.6290494799613953,-0.04824613779783249,0.22204554080963135,0.6096684336662292,-0.05769694969058037,0.28860995173454285,0.5751603245735168,-0.023851707577705383,0.3190820515155792,0.49239635467529297,-0.04254259541630745,0.33703482151031494,0.4393805265426636,-0.05855444446206093,0.3512822985649109,0.39502090215682983,-0.07029107958078384,0.24736547470092773,0.5573053359985352,-0.024776481091976166,0.2585139274597168,0.4570743441581726,-0.038594190031290054,0.26434651017189026,0.3926425576210022,-0.053655095398426056,0.2678217589855194,0.342473566532135,-0.0650348961353302,0.2108394354581833,0.5657790303230286,-0.028957098722457886,0.20562535524368286,0.47579139471054077,-0.04294618219137192,0.20744970440864563,0.4138945937156677,-0.059030696749687195,0.20905235409736633,0.36315178871154785,-0.07098855823278427,0.17638534307479858,0.5954936742782593,-0.03572516515851021,0.1657087504863739,0.5336579084396362,-0.04926379397511482,0.15971586108207703,0.49081557989120483,-0.057717885822057724,0.1544569432735443,0.45185935497283936,-0.06406670063734055
0.18793968856334686,0.7843397855758667,5.158657359061181e-07,0.2339305430650711,0.7447563409805298,-0.0275710579007864,0.2549944818019867,0.6758744120597839,-0.03879473730921745,0.21712413430213928,0.6252216696739197,-0.04764612391591072,0.17806313931941986,0.6068360805511475,-0.05596233904361725,0.24824264645576477,0.5728158354759216,-0.02203165367245674,0.277965784072876,0.4905514419078827,-0.03961547464132309,0.29539814591407776,0.4378536343574524,-0.055027399212121964,0.3096466362476349,0.3939383625984192,-0.0664195567369461,0.20748905837535858,0.555982232093811,-0.022089656442403793,0.2167775183916092,0.4580383896827698,-0.034468334168195724,0.22284537553787231,0.3959049582481384,-0.04824148491024971,0.2283882051706314,0.3455340266227722,-0.058952704071998596,0.17211320996284485,0.5643373727798462,-0.025672608986496925,0.16725318133831024,0.47321605682373047,-0.038132935762405396,0.16966333985328674,0.4139469861984253,-0.053061921149492264,0.17271384596824646,0.3649609386920929,-0.0642525777220726,0.13980093598365784,0.5940720438957214,-0.03202499821782112,0.12765781581401825,0.5315659046173096,-0.04407902806997299,0.12159153819084167,0.4900485873222351,-0.05179580673575401,0.11637507379055023,0.4522166848182678,-0.05760463699698448
0.1756763607263565,0.7840981483459473,4.982310883860919e-07,0.2209542840719223,0.7425393462181091,-0.026705140247941017,0.2397572547197342,0.6702854037284851,-0.03710690513253212,0.20095455646514893,0.6194627285003662,-0.04545079916715622,0.16130578517913818,0.6013672351837158,-0.05335761979222298,0.23515693843364716,0.5710568428039551,-0.019480081275105476,0.26361995935440063,0.4907841384410858,-0.036644238978624344,0.2802439332008362,0.4379855990409851,-0.0523407906293869,0.29358842968940735,0.39353516697883606,-0.06415626406669617,0.19468867778778076,0.5532443523406982,-0.020194636657834053,0.20179018378257751,0.45569634437561035,-0.0323234423995018,0.20584966242313385,0.39278456568717957,-0.04651778191328049,0.20927858352661133,0.3437707722187042,-0.0575714148581028,0.15917333960533142,0.5617270469665527,-0.024508344009518623,0.15376852452754974,0.47058767080307007,-0.03730399161577225,0.1552795171737671,0.40976566076278687,-0.052779123187065125,0.1573367863893509,0.3610216975212097,-0.06435450166463852,0.1254279613494873,0.5916728973388672,-0.03152997046709061,0.11205422133207321,0.5284650921821594,-0.044360168278217316,0.10569645464420319,0.4845890998840332,-0.052742451429367065,0.10103973746299744,0.44550275802612305,-0.05904426798224449
0.17327992618083954,0.7801426649093628,4.973293812327029e-07,0.21701355278491974,0.7403821349143982,-0.027298809960484505,0.23873275518417358,0.6690011620521545,-0.03866888955235481,0.19933459162712097,0.6193264126777649,-0.04798554256558418,0.15768040716648102,0.602172315120697,-0.057237882167100906,0.23284508287906647,0.5657615661621094,-0.021746352314949036,0.26064568758010864,0.4856085479259491,-0.03990456834435463,0.27624431252479553,0.4316970705986023,-0.05633021146059036,0.28858286142349243,0.38568663597106934,-0.06883203238248825,0.19120828807353973,0.54924476146698,-0.023018695414066315,0.19833725690841675,0.4526529312133789,-0.036456141620874405,0.2010621726512909,0.39030224084854126,-0.0519835390150547,0.20279064774513245,0.3402003049850464,-0.06402228027582169,0.15543822944164276,0.5589125752449036,-0.027681944891810417,0.14930883049964905,0.47013306617736816,-0.04123930633068085,0.15017080307006836,0.410160630941391,-0.05675358325242996,0.15165281295776367,0.3601287007331848,-0.06848849356174469,0.12152662873268127,0.58983314037323,-0.03510504215955734,0.10789597034454346,0.5277543663978577,-0.048043325543403625,0.10227365046739578,0.48404884338378906,-0.05604870617389679,0.09901873767375946,0.44341805577278137,-0.062254033982753754
0.17120318114757538,0.7688373327255249,4.849691777053522e-07,0.21522977948188782,0.7299268245697021,-0.027633029967546463,0.23667369782924652,0.6581006646156311,-0.03844534605741501,0.19769880175590515,0.606735348701477,-0.04698321223258972,0.15759265422821045,0.5872110724449158,-0.05519861727952957,0.23049072921276093,0.5561189651489258,-0.021231770515441895,0.2570836842060089,0.47470253705978394,-0.038350921124219894,0.2719598412513733,0.4209471344947815,-0.053891055285930634,0.28358545899391174,0.37535643577575684,-0.06584135442972183,0.18938374519348145,0.5400518178939819,-0.021674294024705887,0.19638189673423767,0.4442610740661621,-0.034378986805677414,0.19922998547554016,0.38278430700302124,-0.04949019104242325,0.20109443366527557,0.3332326412200928,-0.061254046857357025,0.1537746787071228,0.5493960976600647,-0.025514991953969002,0.14815354347229004,0.4603501260280609,-0.03871927037835121,0.14902986586093903,0.40010958909988403,-0.05450020730495453,0.15005016326904297,0.35024863481521606,-0.06638769060373306,0.11975287646055222,0.5793789625167847,-0.03209749981760979,0.10625670850276947,0.5177478194236755,-0.045265089720487595,0.10023606568574905,0.47401905059814453,-0.05395805463194847,0.09600568562746048,0.43438002467155457,-0.060524098575115204
0.16613583266735077,0.7572909593582153,4.895543952443404e-07,0.20998473465442657,0.7187560200691223,-0.026650967076420784,0.23248302936553955,0.6498329043388367,-0.03745634853839874,0.19365906715393066,0.5996453762054443,-0.04630644991993904,0.15500149130821228,0.5789766311645508,-0.0547945462167263,0.2271115481853485,0.5476478934288025,-0.01992790959775448,0.2526401877403259,0.46712273359298706,-0.03755344823002815,0.26820802688598633,0.41435906291007996,-0.053401920944452286,0.28108659386634827,0.3696666657924652,-0.06530765444040298,0.1863323301076889,0.5309997797012329,-0.021034248173236847,0.19378793239593506,0.43539583683013916,-0.033917300403118134,0.19712291657924652,0.37413400411605835,-0.04890700802206993,0.19968943297863007,0.32544469833374023,-0.06041738763451576,0.1508612334728241,0.5397129654884338,-0.025594273582100868,0.14539724588394165,0.4508582651615143,-0.03886834904551506,0.1465219408273697,0.39134272933006287,-0.05396326631307602,0.14830920100212097,0.3423624038696289,-0.06522613018751144,0.11662721633911133,0.5692479610443115,-0.03286756947636604,0.10436088591814041,0.5082937479019165,-0.04573247954249382,0.09926263242959976,0.4655827581882477,-0.053622473031282425,0.09615354984998703,0.4268221855163574,-0.059519845992326736
0.16029569506645203,0.7255628705024719,5.13933287038526e-07,0.20471060276031494,0.6896301507949829,-0.03152510151267052,0.22815465927124023,0.6255062818527222,-0.04466550797224045,0.1918727159500122,0.5722817182540894,-0.05476635694503784,0.15725138783454895,0.5414162278175354,-0.06387219578027725,0.22282883524894714,0.5182796120643616,-0.02428668923676014,0.24885176122188568,0.4358243942260742,-0.04324616864323616,0.26404619216918945,0.38158321380615234,-0.05947977676987648,0.27651071548461914,0.3365015983581543,-0.07118351012468338,0.1820344179868698,0.5012770295143127,-0.0224715918302536,0.1889638453722,0.4030214548110962,-0.036451347172260284,0.19204942882061005,0.34230440855026245,-0.05102052912116051,0.1952366977930069,0.2952560782432556,-0.0617840513586998,0.14649765193462372,0.5082893967628479,-0.024535255506634712,0.1421017050743103,0.420285701751709,-0.03838102146983147,0.14362643659114838,0.36042559146881104,-0.05257813632488251,0.14601387083530426,0.3116946220397949,-0.06294126063585281,0.11170607805252075,0.5358878374099731,-0.0297659020870924,0.10047939419746399,0.47545021772384644,-0.042780179530382156,0.09560684859752655,0.4331813454627991,-0.05022874474525452,0.0923803523182869,0.3946598172187805,-0.05542479082942009
0.16330671310424805,0.7035598158836365,4.830616830986401e-07,0.20698854327201843,0.6664040088653564,-0.029653582721948624,0.23006685078144073,0.5990484952926636,-0.040793661028146744,0.19457034766674042,0.5443578958511353,-0.049234237521886826,0.16116461157798767,0.5147247910499573,-0.05651509389281273,0.22602486610412598,0.4930438697338104,-0.01875430718064308,0.24997937679290771,0.4124126136302948,-0.03584110736846924,0.26549071073532104,0.36087676882743835,-0.051132820546627045,0.27883440256118774,0.3188256025314331,-0.062141161412000656,0.1858888417482376,0.4763202667236328,-0.017124397680163383,0.1926271766424179,0.380373477935791,-0.02917511574923992,0.19573622941970825,0.32142072916030884,-0.04271436110138893,0.19927401840686798,0.27602991461753845,-0.052721429616212845,0.15072667598724365,0.48369458317756653,-0.019558409228920937,0.14714315533638,0.3964623808860779,-0.03167884424328804,0.14845693111419678,0.3381905257701874,-0.04498286545276642,0.15093642473220825,0.2911887764930725,-0.05470159649848938,0.11586526036262512,0.5116156339645386,-0.02518736757338047,0.10519736260175705,0.45117104053497314,-0.036777228116989136,0.10071362555027008,0.4082998037338257,-0.04371434822678566,0.09821676462888718,0.369106650352478,-0.04858304560184479
0.16134564578533173,0.682486891746521,5.026582243772282e-07,0.20593348145484924,0.6424532532691956,-0.0292176753282547,0.22646160423755646,0.5727553963661194,-0.03954808786511421,0.1897597759962082,0.5168390870094299,-0.04701443761587143,0.15663786232471466,0.4891211688518524,-0.053147681057453156,0.22495141625404358,0.4642176330089569,-0.01706724613904953,0.2501305639743805,0.38380032777786255,-0.032617323100566864,0.26475003361701965,0.33148330450057983,-0.04685213789343834,0.27574512362480164,0.28877437114715576,-0.05754237622022629,0.18513256311416626,0.44747793674468994,-0.015605084598064423,0.193002849817276,0.3506855368614197,-0.02695149928331375,0.19609490036964417,0.2908504605293274,-0.03954778239130974,0.1990031898021698,0.24507173895835876,-0.04872937873005867,0.14971140027046204,0.45549750328063965,-0.018334511667490005,0.14610888063907623,0.36615270376205444,-0.030583985149860382,0.1468518227338791,0.3074514865875244,-0.04416058585047722,0.14904339611530304,0.25958409905433655,-0.053853150457143784,0.11444373428821564,0.48416221141815186,-0.024135436862707138,0.10153358429670334,0.42284971475601196,-0.036644987761974335,0.09635157138109207,0.3812769055366516,-0.04411233961582184,0.09431745857000351,0.34267425537109375,-0.04907747358083725
0.1708805412054062,0.6777136921882629,5.080904657006613e-07,0.21583709120750427,0.636042594909668,-0.028481176123023033,0.23464372754096985,0.5655604600906372,-0.03889758884906769,0.19353988766670227,0.5127195119857788,-0.04686341434717178,0.15586747229099274,0.49011528491973877,-0.053709954023361206,0.23204493522644043,0.4594903290271759,-0.015249996446073055,0.25741568207740784,0.37636107206344604,-0.02979910373687744,0.27113670110702515,0.3237907290458679,-0.04371500387787819,0.28200215101242065,0.2802751660346985,-0.0540163516998291,0.1899583488702774,0.4442700445652008,-0.01371142826974392,0.19772714376449585,0.34768250584602356,-0.023421796038746834,0.20003332197666168,0.2870814800262451,-0.0360148660838604,0.20198474824428558,0.24004194140434265,-0.045518405735492706,0.15367835760116577,0.45269128680229187,-0.016182804480195045,0.15075372159481049,0.3644048273563385,-0.026065094396471977,0.1513127088546753,0.3059615194797516,-0.039023008197546005,0.15259218215942383,0.25898897647857666,-0.04869109019637108,0.11886493861675262,0.48140159249305725,-0.021776659414172173,0.1067444458603859,0.41988417506217957,-0.03133707493543625,0.1025174930691719,0.3768852949142456,-0.03733104094862938,0.10134463012218475,0.33741021156311035,-0.04169885441660881
0.1862739473581314,0.6740031242370605,4.919854177387606e-07,0.2354535013437271,0.6324846148490906,-0.028849393129348755,0.2610408365726471,0.5627901554107666,-0.03869783878326416,0.2241712510585785,0.5068221092224121,-0.04606780409812927,0.18741923570632935,0.48296695947647095,-0.052577678114175797,0.25031983852386475,0.45492497086524963,-0.015342971310019493,0.2764587104320526,0.37166696786880493,-0.030352329835295677,0.2902950048446655,0.318733811378479,-0.044226907193660736,0.3012939989566803,0.2749880254268646,-0.05438965559005737,0.2092854380607605,0.43932482600212097,-0.013529558666050434,0.21775183081626892,0.3414524793624878,-0.023798663169145584,0.21994373202323914,0.28071945905685425,-0.036433007568120956,0.22166818380355835,0.23319856822490692,-0.04575967788696289,0.17391830682754517,0.44751185178756714,-0.01576978713274002,0.17176419496536255,0.35879573225975037,-0.02663523703813553,0.17108137905597687,0.2997673749923706,-0.03994428738951683,0.1716114580631256,0.2518552243709564,-0.04958699271082878,0.1389927715063095,0.4761313498020172,-0.021120890974998474,0.12597420811653137,0.4154658317565918,-0.03183869644999504,0.12097397446632385,0.3737465739250183,-0.03827962651848793,0.11872635781764984,0.3354003429412842,-0.04260561615228653
0.24253742396831512,0.6729982495307922,4.681405130213534e-07,0.29128971695899963,0.6332892775535583,-0.02545279823243618,0.31621289253234863,0.5644257068634033,-0.03467021882534027,0.28107959032058716,0.5143862366676331,-0.04231785610318184,0.24304060637950897,0.4977187514305115,-0.04939362406730652,0.3058139681816101,0.4575400948524475,-0.014205701649188995,0.33257800340652466,0.3757777214050293,-0.029370754957199097,0.347676157951355,0.32321256399154663,-0.043186791241168976,0.3593102693557739,0.28035420179367065,-0.053459472954273224,0.26554715633392334,0.44230514764785767,-0.014759648591279984,0.27361130714416504,0.3458908796310425,-0.025656946003437042,0.2769358158111572,0.2859239876270294,-0.03815516456961632,0.27867400646209717,0.24024313688278198,-0.04730173200368881,0.2313774675130844,0.45176371932029724,-0.019074928015470505,0.2285984605550766,0.3614231050014496,-0.0307600274682045,0.22879217565059662,0.30283457040786743,-0.04399939998984337,0.22950759530067444,0.25404036045074463,-0.053443778306245804,0.1984814703464508,0.48201507329940796,-0.02615891769528389,0.18280334770679474,0.421744167804718,-0.038285478949546814,0.17594493925571442,0.3784201741218567,-0.04543832689523697,0.17191071808338165,0.3379068374633789,-0.050105396658182144
0.2962992191314697,0.6699979901313782,4.286995363145252e-07,0.34490489959716797,0.6330110430717468,-0.02250337228178978,0.37230414152145386,0.563518762588501,-0.03010622225701809,0.3417927026748657,0.5109850168228149,-0.036724455654621124,0.30468377470970154,0.49763810634613037,-0.04311683773994446,0.3594245910644531,0.4568292200565338,-0.012960690073668957,0.38825052976608276,0.3777596354484558,-0.027337348088622093,0.40393394231796265,0.32718902826309204,-0.03984375298023224,0.4157649874687195,0.2852729260921478,-0.04946979507803917,0.32090142369270325,0.4421348571777344,-0.014964690431952477,0.33040085434913635,0.3464851379394531,-0.025903532281517982,0.33449363708496094,0.28610140085220337,-0.03810456395149231,0.3360302746295929,0.23879896104335785,-0.047584451735019684,0.2871445119380951,0.4507754445075989,-0.020392267033457756,0.2810658812522888,0.3658686876296997,-0.031359173357486725,0.2805473506450653,0.30762961506843567,-0.04470374807715416,0.280245304107666,0.2587515711784363,-0.05492834746837616,0.25427913665771484,0.4792017936706543,-0.028474342077970505,0.23813967406749725,0.4197288453578949,-0.039158690720796585,0.23093117773532867,0.3773871660232544,-0.04593765363097191,0.22495770454406738,0.33720862865448,-0.05135370045900345
0.32710951566696167,0.662729799747467,4.542011140529212e-07,0.3754502236843109,0.6289721727371216,-0.02493216283619404,0.4076411724090576,0.5617648959159851,-0.03321664780378342,0.38059961795806885,0.5069437026977539,-0.040061768144369125,0.34287017583847046,0.4919917583465576,-0.0466989167034626,0.3947320580482483,0.4504266083240509,-0.013026140630245209,0.4211742877960205,0.3722788095474243,-0.027726242318749428,0.43640196323394775,0.32105693221092224,-0.0416565015912056,0.4477972686290741,0.2782178819179535,-0.05216270312666893,0.35504069924354553,0.43435239791870117,-0.013938389718532562,0.3652011454105377,0.34039753675460815,-0.02453426830470562,0.3680357038974762,0.2796378433704376,-0.03780042380094528,0.3684362471103668,0.23240427672863007,-0.04775211587548256,0.31998634338378906,0.4426720440387726,-0.018434524536132812,0.31706055998802185,0.35958921909332275,-0.029760435223579407,0.31600573658943176,0.2995237410068512,-0.04380962625145912,0.31511929631233215,0.24947644770145416,-0.054161347448825836,0.28440916538238525,0.47129592299461365,-0.025751249864697456,0.2727101445198059,0.41254839301109314,-0.03679854795336723,0.2668248414993286,0.3705538809299469,-0.04350227117538452,0.26305389404296875,0.3313606381416321,-0.048409316688776016
0.3872065544128418,0.645504891872406,4.049176425269252e-07,0.43832507729530334,0.6143855452537537,-0.021863892674446106,0.4729089140892029,0.549109935760498,-0.02857775241136551,0.4494514763355255,0.495917946100235,-0.03437818959355354,0.4128960371017456,0.487164705991745,-0.04045221582055092,0.46158286929130554,0.4429832696914673,-0.01235631201416254,0.48931819200515747,0.36831235885620117,-0.025001490488648415,0.503512978553772,0.31974565982818604,-0.0371709018945694,0.5130725502967834,0.2785135507583618,-0.04706810414791107,0.4226223826408386,0.42570704221725464,-0.014692256227135658,0.43437811732292175,0.33503204584121704,-0.02388724498450756,0.4383848309516907,0.27694058418273926,-0.0357697494328022,0.4389367997646332,0.23053237795829773,-0.045358408242464066,0.38712501525878906,0.43335431814193726,-0.020219311118125916,0.38702186942100525,0.35102492570877075,-0.03106379695236683,0.3873273432254791,0.2933691740036011,-0.04536798223853111,0.38650041818618774,0.24449285864830017,-0.056373849511146545,0.3506963551044464,0.4605267345905304,-0.02817673049867153,0.3384927809238434,0.4024302065372467,-0.04017042741179466,0.33083051443099976,0.36137691140174866,-0.04818364232778549,0.32414501905441284,0.32230257987976074,-0.05432935431599617
0.46589961647987366,0.6284765601158142,3.922618532214983e-07,0.5137207508087158,0.5986664295196533,-0.024579565972089767,0.5519317388534546,0.5383580327033997,-0.03450951725244522,0.5365323424339294,0.485279381275177,-0.04315759986639023,0.5013717412948608,0.4735460579395294,-0.05208805948495865,0.5363466143608093,0.4283849000930786,-0.017632627859711647,0.5620983839035034,0.35570240020751953,-0.032864950597286224,0.574958086013794,0.3080628514289856,-0.046872418373823166,0.5836673974990845,0.26594284176826477,-0.05822913721203804,0.49881070852279663,0.4123130440711975,-0.01996195875108242,0.5092390179634094,0.32468751072883606,-0.03239684924483299,0.5115001797676086,0.26685476303100586,-0.04645826667547226,0.5102125406265259,0.21841594576835632,-0.05775275453925133,0.4637852907180786,0.4206140637397766,-0.025483140721917152,0.46386510133743286,0.34030866622924805,-0.039413437247276306,0.46241238713264465,0.2851414680480957,-0.05481604114174843,0.45982176065444946,0.23724350333213806,-0.06645359098911285,0.42759424448013306,0.44835302233695984,-0.033525142818689346,0.4159826636314392,0.3902381360530853,-0.048176009207963943,0.4068659842014313,0.3502366244792938,-0.05759177729487419,0.3978227376937866,0.3114752769470215,-0.06466791033744812
0.5003750920295715,0.6258442997932434,4.064284553351172e-07,0.549336850643158,0.5965726971626282,-0.023767979815602303,0.5905760526657104,0.5380607843399048,-0.03392345458269119,0.5806566476821899,0.48235243558883667,-0.04314235970377922,0.5458889007568359,0.4719298779964447,-0.05281754955649376,0.5752954483032227,0.4252585470676422,-0.016764946281909943,0.6015727519989014,0.35265398025512695,-0.0320345014333725,0.6146896481513977,0.30522075295448303,-0.04640353471040726,0.6237596273422241,0.26349833607673645,-0.058103758841753006,0.5366841554641724,0.40941038727760315,-0.019910577684640884,0.5474390387535095,0.3221341669559479,-0.03248411417007446,0.5499129891395569,0.2640378773212433,-0.04658732935786247,0.5487141609191895,0.21582843363285065,-0.05779052525758743,0.5002385973930359,0.4180067181587219,-0.026183705776929855,0.4994856119155884,0.33616629242897034,-0.04016684740781784,0.49776196479797363,0.28066182136535645,-0.054864462465047836,0.4954248368740082,0.23290784657001495,-0.06592602282762527,0.4625793993473053,0.445942223072052,-0.03496751934289932,0.45118239521980286,0.38744568824768066,-0.04937918856739998,0.44377532601356506,0.3468286991119385,-0.05811287462711334,0.4375995099544525,0.30798327922821045,-0.06464534997940063
0.5444284081459045,0.6280940175056458,4.35081801697379e-07,0.5915065407752991,0.5999630093574524,-0.02529560960829258,0.6302351355552673,0.5455688238143921,-0.037859369069337845,0.6217617392539978,0.49305635690689087,-0.04927041754126549,0.589393138885498,0.47559452056884766,-0.06112547218799591,0.6156131029129028,0.42910459637641907,-0.022898279130458832,0.6429665684700012,0.3555987477302551,-0.04152974858880043,0.6569650769233704,0.3082342743873596,-0.05732651427388191,0.666595458984375,0.26644766330718994,-0.06935939192771912,0.57756108045578,0.4130244553089142,-0.02618887834250927,0.5893068313598633,0.32358819246292114,-0.04161417856812477,0.5923295021057129,0.26449522376060486,-0.056348152458667755,0.5916740298271179,0.21615548431873322,-0.06749299168586731,0.5410365462303162,0.4222094416618347,-0.03256196156144142,0.5391898155212402,0.3371656537055969,-0.04884360730648041,0.5362816452980042,0.28101807832717896,-0.06338087469339371,0.5336302518844604,0.2336300015449524,-0.07382845878601074,0.5036857724189758,0.45196235179901123,-0.041435956954956055,0.4906498193740845,0.39224374294281006,-0.0575580932199955,0.4824393689632416,0.35048484802246094,-0.06643154472112656,0.47623705863952637,0.31106361746788025,-0.07256507873535156
0.5749146938323975,0.6489430665969849,4.160575883815909e-07,0.6237278580665588,0.6203533411026001,-0.02325107343494892,0.6645877957344055,0.5624900460243225,-0.03400427848100662,0.6553759574890137,0.5095391273498535,-0.043818000704050064,0.6207466125488281,0.498691201210022,-0.054254207760095596,0.6489524245262146,0.4486422836780548,-0.020691508427262306,0.6783653497695923,0.3746073842048645,-0.037651125341653824,0.693540632724762,0.32589825987815857,-0.052416201680898666,0.7039958238601685,0.2829211354255676,-0.06418280303478241,0.6117303371429443,0.43177029490470886,-0.024874232709407806,0.6243447661399841,0.3408558964729309,-0.038984235376119614,0.6276544332504272,0.2803909182548523,-0.053423356264829636,0.6265372633934021,0.23047560453414917,-0.06475528329610825,0.5762743949890137,0.4402327239513397,-0.03195572644472122,0.5755383372306824,0.3555759787559509,-0.04735134169459343,0.5736451745033264,0.29648515582084656,-0.06334641575813293,0.5707764625549316,0.24574609100818634,-0.07525727897882462,0.5397113561630249,0.46879395842552185,-0.04133535176515579,0.5249184966087341,0.40817639231681824,-0.057322144508361816,0.5140266418457031,0.36440613865852356,-0.06745124608278275,0.5039797425270081,0.3221225142478943,-0.074953593313694
0.635344922542572,0.6548036336898804,4.1392468119738623e-07,0.6853927373886108,0.6230149269104004,-0.02112765610218048,0.7262272238731384,0.5669007897377014,-0.031198089942336082,0.7211490273475647,0.5133653879165649,-0.040660224854946136,0.68967205286026,0.4943453371524811,-0.05066777020692825,0.7111443877220154,0.4555327892303467,-0.019293280318379402,0.7422199249267578,0.3798467814922333,-0.03642492741346359,0.7583105564117432,0.3315197825431824,-0.050915881991386414,0.7688714265823364,0.2887844741344452,-0.06192013993859291,0.6727908253669739,0.4382651448249817,-0.024141186848282814,0.6861090064048767,0.3438921570777893,-0.03775874525308609,0.6911425590515137,0.28626465797424316,-0.05118868127465248,0.6913769245147705,0.23939330875873566,-0.06138237193226814,0.6364699006080627,0.4453901946544647,-0.03159807622432709,0.6368453502655029,0.35830551385879517,-0.045654356479644775,0.636384904384613,0.29926085472106934,-0.0593329593539238,0.6356407403945923,0.24800510704517365,-0.06942219287157059,0.5986472964286804,0.4732242822647095,-0.04129256308078766,0.5858925580978394,0.4108729362487793,-0.05575721338391304,0.5781434774398804,0.36718690395355225,-0.0634256899356842,0.5731439590454102,0.3255777955055237,-0.06863001734018326
0.6608291864395142,0.6496009230613708,4.0333762285627017e-07,0.7117077112197876,0.6190916299819946,-0.022009950131177902,0.7536725997924805,0.5628683567047119,-0.03240314498543739,0.7509775161743164,0.5081741213798523,-0.042226772755384445,0.7185553908348083,0.49040451645851135,-0.05271650478243828,0.739120364189148,0.4501688480377197,-0.01924949511885643,0.7697865962982178,0.37832480669021606,-0.036355629563331604,0.7850667238235474,0.3314617872238159,-0.05142817273736,0.7956610918045044,0.28902631998062134,-0.06343977898359299,0.7015587687492371,0.4326804578304291,-0.02366495504975319,0.7142022848129272,0.3431057631969452,-0.03812607750296593,0.7186450362205505,0.2850952744483948,-0.05247834697365761,0.7190056443214417,0.236040398478508,-0.06371916085481644,0.6649568676948547,0.4405633211135864,-0.030912883579730988,0.6644153594970703,0.35398542881011963,-0.04653275012969971,0.6634305715560913,0.29827043414115906,-0.06111479550600052,0.6617199778556824,0.249592125415802,-0.07180771231651306,0.6285297870635986,0.46864473819732666,-0.040402013808488846,0.6171223521232605,0.4071764051914215,-0.05633898079395294,0.6086667776107788,0.3655747175216675,-0.06543190777301788,0.6006122827529907,0.3259722888469696,-0.07188115268945694
0.6702653169631958,0.646573543548584,4.063307983415143e-07,0.7211229801177979,0.6137761473655701,-0.021813057363033295,0.7648938298225403,0.5553184747695923,-0.03205051273107529,0.7599532604217529,0.5005525350570679,-0.04164906218647957,0.7240975499153137,0.48953723907470703,-0.05193743482232094,0.7468323111534119,0.4450845420360565,-0.01828400231897831,0.7764443159103394,0.3717982769012451,-0.03450237214565277,0.7915827631950378,0.32531195878982544,-0.04924652352929115,0.8028315305709839,0.2835342288017273,-0.061131276190280914,0.7094147205352783,0.4281574487686157,-0.02260686457157135,0.720768928527832,0.3391955494880676,-0.03593405708670616,0.7249098420143127,0.28046780824661255,-0.050070006400346756,0.7251157164573669,0.23163360357284546,-0.061269745230674744,0.6738264560699463,0.436180055141449,-0.029727479442954063,0.6713387370109558,0.349406898021698,-0.04419026896357536,0.6699617505073547,0.29200559854507446,-0.05905953049659729,0.6685402393341064,0.24270816147327423,-0.07011106610298157,0.6385130882263184,0.4644209146499634,-0.039099957793951035,0.6225353479385376,0.40329205989837646,-0.0543658621609211,0.6126019954681396,0.3604307174682617,-0.06369096040725708,0.604183554649353,0.3199318051338196,-0.07039762288331985
0.718012273311615,0.6383227109909058,3.74563342120382e-07,0.7680972814559937,0.6084764003753662,-0.021059414371848106,0.8104202151298523,0.5516531467437744,-0.031263548880815506,0.8115553855895996,0.49706968665122986,-0.041147276759147644,0.7765251994132996,0.48418155312538147,-0.05180071294307709,0.795384407043457,0.4416784346103668,-0.01963690295815468,0.8243497610092163,0.3681640923023224,-0.036626849323511124,0.8391373157501221,0.32100993394851685,-0.05188489332795143,0.849733293056488,0.2773829698562622,-0.06431876868009567,0.7592452168464661,0.42324626445770264,-0.024659989401698112,0.7689926624298096,0.33392080664634705,-0.03928074613213539,0.7722139954566956,0.27494364976882935,-0.05407417565584183,0.7710367441177368,0.22495204210281372,-0.06570108234882355,0.7247653603553772,0.4301641583442688,-0.0322347953915596,0.7211975455284119,0.3436979055404663,-0.0481870174407959,0.7177497148513794,0.2869511842727661,-0.06309601664543152,0.7132214307785034,0.23787769675254822,-0.07392839342355728,0.6911100149154663,0.4575559198856354,-0.041989102959632874,0.6773120164871216,0.39615413546562195,-0.058464474976062775,0.6659548282623291,0.3550735116004944,-0.06779402494430542,0.654301106929779,0.3172641694545746,-0.07432208955287933
0.7292296886444092,0.6352198719978333,3.808290500728617e-07,0.7805017828941345,0.6107190251350403,-0.022816110402345657,0.8239078521728516,0.5560013055801392,-0.033471137285232544,0.8286844491958618,0.5006755590438843,-0.04347972944378853,0.7954626083374023,0.4871889054775238,-0.05428443104028702,0.8085188269615173,0.44238224625587463,-0.021225934848189354,0.8390872478485107,0.3706796169281006,-0.03826303035020828,0.8542505502700806,0.32451334595680237,-0.05342421308159828,0.8641898036003113,0.28205060958862305,-0.0656854584813118,0.7725112438201904,0.42460212111473083,-0.025230685248970985,0.7844725251197815,0.3357168436050415,-0.039944082498550415,0.787813663482666,0.2776179909706116,-0.0546225868165493,0.7859928607940674,0.22854673862457275,-0.06613023579120636,0.737780749797821,0.431812584400177,-0.03189630061388016,0.7357415556907654,0.34697821736335754,-0.04775526374578476,0.7327931523323059,0.29066386818885803,-0.06259369105100632,0.7284809350967407,0.2423776239156723,-0.07338441163301468,0.7034193277359009,0.4585422873497009,-0.04088781774044037,0.6906505823135376,0.39853915572166443,-0.056991685181856155,0.6803924441337585,0.3573991358280182,-0.06633638590574265,0.6702385544776917,0.3196521997451782,-0.07297306507825851
0.7586438655853271,0.6284011006355286,3.582196654861036e-07,0.8089842200279236,0.6021495461463928,-0.02050609141588211,0.8506249785423279,0.5452080965042114,-0.029808351770043373,0.8551262617111206,0.48987582325935364,-0.03872149437665939,0.8209161758422852,0.4733756184577942,-0.04841184988617897,0.836731493473053,0.4364139437675476,-0.019258519634604454,0.866969645023346,0.36316248774528503,-0.03562358394265175,0.8814252614974976,0.3159297704696655,-0.050013601779937744,0.8909677863121033,0.2733936607837677,-0.06165364757180214,0.8008229732513428,0.4176495671272278,-0.02413306199014187,0.8112945556640625,0.32448315620422363,-0.038276880979537964,0.8143619894981384,0.26502418518066406,-0.052740711718797684,0.8128182888031006,0.2143522948026657,-0.06389524042606354,0.7662160992622375,0.4245181679725647,-0.03133096545934677,0.7650296092033386,0.33800366520881653,-0.04700852558016777,0.7633705139160156,0.28104114532470703,-0.061825674027204514,0.7603186964988708,0.23085960745811462,-0.07251927256584167,0.7321617007255554,0.4509197473526001,-0.040567606687545776,0.7212861776351929,0.39006271958351135,-0.05709376931190491,0.7113689184188843,0.34968385100364685,-0.06621910631656647,0.7010129690170288,0.31212013959884644,-0.07242336124181747
0.7635478973388672,0.6295134425163269,3.934752044187917e-07,0.8130720853805542,0.6005301475524902,-0.021694626659154892,0.8554096221923828,0.5438619256019592,-0.031802233308553696,0.8567142486572266,0.4881119430065155,-0.04137988016009331,0.8225746154785156,0.47061726450920105,-0.05153506621718407,0.8395543694496155,0.4337415397167206,-0.0191175639629364,0.8720360994338989,0.3635333776473999,-0.03594066947698593,0.887887179851532,0.31737658381462097,-0.050848864018917084,0.8982471823692322,0.275570809841156,-0.06254449486732483,0.8040955662727356,0.4159492552280426,-0.023521386086940765,0.8161426782608032,0.32448261976242065,-0.03764336556196213,0.8197802901268005,0.26574456691741943,-0.0518450066447258,0.818374514579773,0.21617190539836884,-0.06269856542348862,0.7702096700668335,0.4233606159687042,-0.030558522790670395,0.7685974836349487,0.3376649022102356,-0.0453965924680233,0.7668156623840332,0.28010421991348267,-0.05938873812556267,0.7635558843612671,0.22997479140758514,-0.06945481896400452,0.7367679476737976,0.4500180184841156,-0.03987836092710495,0.7247747182846069,0.38869860768318176,-0.0545770563185215,0.7153912782669067,0.34679457545280457,-0.06255810707807541,0.7058252692222595,0.3085545003414154,-0.0680679902434349
0.7621354460716248,0.628778338432312,3.989254935277131e-07,0.8123400211334229,0.602026104927063,-0.022915538400411606,0.8565881848335266,0.545522928237915,-0.03342843055725098,0.857484757900238,0.4883418679237366,-0.04328230023384094,0.8228064775466919,0.4726557433605194,-0.05372794717550278,0.8406261205673218,0.43318653106689453,-0.02007114514708519,0.8734149932861328,0.3625963032245636,-0.037076715379953384,0.8897793292999268,0.3161725401878357,-0.05199065059423447,0.9007742404937744,0.2742438316345215,-0.06391991674900055,0.8048408627510071,0.4159179925918579,-0.024356961250305176,0.8177728652954102,0.3255629539489746,-0.03912549838423729,0.8221466541290283,0.2669095993041992,-0.053843237459659576,0.8213512301445007,0.21720238029956818,-0.06520133465528488,0.7704585194587708,0.4236891567707062,-0.03142822906374931,0.7698073983192444,0.33795514702796936,-0.04725103825330734,0.7686331868171692,0.2801768481731415,-0.0621936060488224,0.7659308314323425,0.22929546236991882,-0.07297592610120773,0.7360584139823914,0.45032966136932373,-0.040864698588848114,0.7250078916549683,0.3883618414402008,-0.056771643459796906,0.7157537937164307,0.3464449644088745,-0.06586024165153503,0.7062140703201294,0.3077040910720825,-0.07223774492740631
0.7672041058540344,0.6177002787590027,3.9839520127316064e-07,0.8156198859214783,0.586527407169342,-0.021171193569898605,0.8571842312812805,0.5273615121841431,-0.03075031191110611,0.8605858087539673,0.47016414999961853,-0.03988053277134895,0.8266127109527588,0.4524223804473877,-0.04950813949108124,0.8393532633781433,0.4207003712654114,-0.01748034916818142,0.8727471828460693,0.3500641882419586,-0.033560700714588165,0.8886693716049194,0.3043065667152405,-0.04805927351117134,0.8992228507995605,0.26265305280685425,-0.05955609679222107,0.8048057556152344,0.4032309055328369,-0.021618422120809555,0.8183310031890869,0.31418871879577637,-0.034814465790987015,0.8221660852432251,0.2560780942440033,-0.04829363152384758,0.8210115432739258,0.20673350989818573,-0.05883914977312088,0.7704837322235107,0.4101269245147705,-0.028513511642813683,0.7700961232185364,0.3237495422363281,-0.04268544912338257,0.7691162824630737,0.26824915409088135,-0.05627286434173584,0.7670228481292725,0.21958276629447937,-0.06631097942590714,0.7361586093902588,0.4361836314201355,-0.037739139050245285,0.7244637608528137,0.37671005725860596,-0.052688028663396835,0.7150655388832092,0.33513301610946655,-0.061299655586481094,0.7056049704551697,0.29628244042396545,-0.06734095513820648
0.7695763111114502,0.6089074611663818,3.91094204132969e-07,0.8175216913223267,0.5779659152030945,-0.022770671173930168,0.8593508005142212,0.5174306035041809,-0.03293795883655548,0.8605915307998657,0.45888450741767883,-0.04229876399040222,0.8255177736282349,0.4410228729248047,-0.05215039849281311,0.8413234949111938,0.40921059250831604,-0.01820860244333744,0.872495710849762,0.3385755121707916,-0.03441322222352028,0.8869180679321289,0.29242920875549316,-0.04913519695401192,0.896303117275238,0.250541090965271,-0.06095064803957939,0.8063837289810181,0.39239150285720825,-0.022073695436120033,0.8183406591415405,0.30269330739974976,-0.0356212742626667,0.821736752986908,0.24412940442562103,-0.04971923306584358,0.8206493258476257,0.19457533955574036,-0.060819562524557114,0.7720025181770325,0.40059012174606323,-0.02890820801258087,0.771510899066925,0.314670592546463,-0.044119562953710556,0.7699056267738342,0.25663575530052185,-0.05934586375951767,0.7674009799957275,0.20568092167377472,-0.07053294032812119,0.7373262643814087,0.4279613792896271,-0.038070544600486755,0.7246256470680237,0.36750131845474243,-0.0543433241546154,0.7138136625289917,0.32535138726234436,-0.06419427692890167,0.703296422958374,0.28548917174339294,-0.07117673009634018
0.7706725001335144,0.5627930164337158,3.937065855552646e-07,0.8205646276473999,0.5345324873924255,-0.023329878225922585,0.8633068203926086,0.47287964820861816,-0.03233880177140236,0.8625332713127136,0.4140097200870514,-0.040293965488672256,0.8301497101783752,0.3962057828903198,-0.048488546162843704,0.8438411951065063,0.3684929311275482,-0.017704008147120476,0.8742478489875793,0.29829350113868713,-0.03323912248015404,0.8903211355209351,0.2529182434082031,-0.047208353877067566,0.9018842577934265,0.2121715545654297,-0.058483365923166275,0.8087787628173828,0.350681334733963,-0.020455334335565567,0.8206193447113037,0.263349324464798,-0.03330104425549507,0.8251744508743286,0.20594458281993866,-0.04667085036635399,0.8253833651542664,0.15854351222515106,-0.057280849665403366,0.7750748991966248,0.3570742905139923,-0.026340793818235397,0.7737249732017517,0.27236711978912354,-0.04101039469242096,0.7720337510108948,0.21601158380508423,-0.056201301515102386,0.7692911028862,0.16763047873973846,-0.06743431091308594,0.7418594360351562,0.38293829560279846,-0.03468911722302437,0.728796660900116,0.3245790898799896,-0.05079903081059456,0.7172662019729614,0.2851482629776001,-0.06114447861909866,0.7053450345993042,0.24824325740337372,-0.0685364156961441
0.7676788568496704,0.5363438129425049,4.1330500266667514e-07,0.8163984417915344,0.5065597295761108,-0.023109789937734604,0.8560738563537598,0.4462677240371704,-0.032139357179403305,0.8545525670051575,0.3887633979320526,-0.040122486650943756,0.823981761932373,0.36850082874298096,-0.048087019473314285,0.8349086046218872,0.34093838930130005,-0.01604417897760868,0.8644559979438782,0.2728755474090576,-0.031957536935806274,0.8814883232116699,0.22936783730983734,-0.04641665890812874,0.8940704464912415,0.19174231588840485,-0.05758689343929291,0.8005783557891846,0.32485076785087585,-0.018446145579218864,0.8117753863334656,0.23839257657527924,-0.031315095722675323,0.816250205039978,0.18265105783939362,-0.04485068470239639,0.81657874584198,0.13791285455226898,-0.055370185524225235,0.7676292657852173,0.3322048485279083,-0.024106595665216446,0.7662004828453064,0.24993044137954712,-0.038403864949941635,0.7638437151908875,0.19491033256053925,-0.05308709293603897,0.7603174448013306,0.14887933433055878,-0.06375733017921448,0.7343486547470093,0.35865989327430725,-0.032208606600761414,0.722260057926178,0.3006792962551117,-0.04724828153848648,0.711804211139679,0.2613075375556946,-0.05667291209101677,0.7008149027824402,0.22519417107105255,-0.0632941722869873
0.7685816884040833,0.5111358761787415,4.0641012333253457e-07,0.8156605362892151,0.4762779474258423,-0.020894691348075867,0.8508928418159485,0.4109843969345093,-0.028451891615986824,0.8466277718544006,0.35065895318984985,-0.03515125811100006,0.8149496912956238,0.33096039295196533,-0.041866280138492584,0.8285008072853088,0.312980979681015,-0.013271468691527843,0.8552367687225342,0.24367302656173706,-0.027305465191602707,0.8695887923240662,0.2000439167022705,-0.040105339139699936,0.8791388273239136,0.1622636765241623,-0.04983174055814743,0.7938808798789978,0.2979094982147217,-0.015494388528168201,0.8037964701652527,0.21130269765853882,-0.026243073865771294,0.8061655163764954,0.1551804095506668,-0.03744853660464287,0.8041234016418457,0.11134372651576996,-0.045982252806425095,0.7605083584785461,0.3056984543800354,-0.02081284113228321,0.7556794881820679,0.22534583508968353,-0.032807692885398865,0.7507732510566711,0.17202763259410858,-0.045393332839012146,0.7448313236236572,0.12858033180236816,-0.05455237999558449,0.7266973853111267,0.3322133421897888,-0.02844196930527687,0.7137194871902466,0.27748310565948486,-0.040717706084251404,0.7026563286781311,0.24110449850559235,-0.0480474978685379,0.6909096240997314,0.2086535096168518,-0.053232576698064804
0.7604532837867737,0.4725911617279053,4.095506938028848e-07,0.8088438510894775,0.4437204599380493,-0.02211216278374195,0.8451601266860962,0.3829103410243988,-0.031135862693190575,0.8451653122901917,0.3244066536426544,-0.039113596081733704,0.8150023221969604,0.3008577227592468,-0.04724395275115967,0.8268880844116211,0.2841503918170929,-0.018922140821814537,0.8548467755317688,0.21354404091835022,-0.034927211701869965,0.8697139620780945,0.16944622993469238,-0.048431940376758575,0.8798503279685974,0.13071906566619873,-0.05845087766647339,0.7916911244392395,0.2671045660972595,-0.021000346168875694,0.802416980266571,0.1796872317790985,-0.03362133726477623,0.805240273475647,0.12237773835659027,-0.04587071016430855,0.8036178350448608,0.07565215229988098,-0.055105242878198624,0.7574495673179626,0.2735840678215027,-0.025882037356495857,0.7539513111114502,0.1934875249862671,-0.03916078805923462,0.7494137287139893,0.1406487375497818,-0.052159540355205536,0.7438507080078125,0.09630408883094788,-0.06160273775458336,0.7231371998786926,0.2987349033355713,-0.033058345317840576,0.7111338376998901,0.24509572982788086,-0.04648561775684357,0.7003875970840454,0.20971941947937012,-0.05427158251404762,0.6891528367996216,0.17794762551784515,-0.059651728719472885
0.748728334903717,0.4654381275177002,3.96623704546073e-07,0.800006091594696,0.43908947706222534,-0.022972844541072845,0.8381623029708862,0.374936580657959,-0.031014736741781235,0.8368492126464844,0.3128759264945984,-0.037772852927446365,0.8052313327789307,0.29236340522766113,-0.04460117965936661,0.8187693357467651,0.2724871337413788,-0.017569391056895256,0.8478461503982544,0.2029712200164795,-0.032412923872470856,0.8636348247528076,0.15809182822704315,-0.04567812383174896,0.8741500377655029,0.11908403038978577,-0.05618590489029884,0.7833111882209778,0.25513818860054016,-0.019296731799840927,0.7938715815544128,0.1687217801809311,-0.03145831823348999,0.797932505607605,0.11145585775375366,-0.04405216872692108,0.7975407242774963,0.0658847987651825,-0.05375341698527336,0.7496531009674072,0.26198434829711914,-0.024014899507164955,0.7452211976051331,0.1807689070701599,-0.0378689207136631,0.7418809533119202,0.12461361289024353,-0.05247044563293457,0.7380539774894714,0.07796739041805267,-0.06304367631673813,0.7165382504463196,0.287884384393692,-0.031047273427248,0.6994123458862305,0.23216204345226288,-0.04632578045129776,0.6872586607933044,0.19281840324401855,-0.056138165295124054,0.6763638854026794,0.15746024250984192,-0.0628858208656311
0.7271486520767212,0.4667178988456726,3.940561725812586e-07,0.7815003991127014,0.4397434592247009,-0.02195061184465885,0.817487895488739,0.37445807456970215,-0.029245665296912193,0.8107694983482361,0.31843599677085876,-0.03521448373794556,0.7821065187454224,0.29958105087280273,-0.04099283367395401,0.7989955544471741,0.26958292722702026,-0.017190327867865562,0.828539252281189,0.19855846464633942,-0.03162393718957901,0.8442934155464172,0.15245908498764038,-0.0442388579249382,0.8539604544639587,0.11465521156787872,-0.053890686482191086,0.7611882090568542,0.25330913066864014,-0.019249891862273216,0.7710312008857727,0.1613067090511322,-0.030926967039704323,0.7744462490081787,0.10426023602485657,-0.04271027445793152,0.7734463214874268,0.060587286949157715,-0.05151217803359032,0.7262403964996338,0.26128488779067993,-0.024257926270365715,0.7233585715293884,0.17760977149009705,-0.0374787338078022,0.7212614417076111,0.12433238327503204,-0.05116238817572594,0.7177017331123352,0.0806567519903183,-0.06087091565132141,0.6916422843933105,0.28875020146369934,-0.03137834370136261,0.6762863993644714,0.22979126870632172,-0.04543400928378105,0.6647419333457947,0.19151559472084045,-0.05372074246406555,0.6534290313720703,0.1572953760623932,-0.05927105247974396
0.717658519744873,0.46644774079322815,3.8162224313964543e-07,0.769710898399353,0.43799591064453125,-0.02279338426887989,0.807604968547821,0.37372228503227234,-0.030766723677515984,0.8022343516349792,0.3163728713989258,-0.037518516182899475,0.7722875475883484,0.2947993278503418,-0.04435618966817856,0.7869242429733276,0.27170079946517944,-0.019150612875819206,0.8172284364700317,0.20034071803092957,-0.03445625305175781,0.8329641222953796,0.15326787531375885,-0.04717918485403061,0.8434903025627136,0.11222806572914124,-0.05707690492272377,0.7504014372825623,0.2545294463634491,-0.020796187222003937,0.760908842086792,0.1656131148338318,-0.033027999103069305,0.764539897441864,0.10796540975570679,-0.04490647464990616,0.7641186714172363,0.06095875799655914,-0.0543324239552021,0.7163001298904419,0.2611871659755707,-0.02539413422346115,0.7119544744491577,0.1808529496192932,-0.038388948887586594,0.7085757851600647,0.12674345076084137,-0.0520193912088871,0.7044926881790161,0.08133329451084137,-0.06230245158076286,0.6831796169281006,0.28691065311431885,-0.03239433839917183,0.6666135787963867,0.22991037368774414,-0.04598162695765495,0.6545989513397217,0.19088339805603027,-0.05490794777870178,0.6434135437011719,0.15536974370479584,-0.06148194894194603
0.6444134712219238,0.4689246416091919,3.8161280713211454e-07,0.699206531047821,0.4414142966270447,-0.022039685398340225,0.7379022836685181,0.37688297033309937,-0.027603819966316223,0.7262087464332581,0.3186914324760437,-0.03165840357542038,0.6953694820404053,0.2980315685272217,-0.03537853807210922,0.7220439314842224,0.2753269076347351,-0.011689973995089531,0.7537829875946045,0.20702308416366577,-0.023067301139235497,0.7701784372329712,0.16167771816253662,-0.034070711582899094,0.7805559635162354,0.12358143925666809,-0.04302557557821274,0.6859607100486755,0.2559705376625061,-0.012183102779090405,0.6999001502990723,0.1681852638721466,-0.020784007385373116,0.7061824798583984,0.11250889301300049,-0.03138047829270363,0.7076429128646851,0.0690167099237442,-0.0397927463054657,0.6522135138511658,0.26031216979026794,-0.01585855334997177,0.6514396667480469,0.17932644486427307,-0.026833225041627884,0.6514688730239868,0.12686362862586975,-0.03980393335223198,0.6495935916900635,0.08353160321712494,-0.04942186176776886,0.6173427104949951,0.2837361991405487,-0.021782156080007553,0.6031359434127808,0.22653555870056152,-0.0343158021569252,0.5939383506774902,0.1880444884300232,-0.04234432056546211,0.5851705074310303,0.15272323787212372,-0.04799267277121544
0.6162311434745789,0.4709763526916504,3.7242793382574746e-07,0.6744089126586914,0.4452357292175293,-0.020918115973472595,0.7146138548851013,0.3784641623497009,-0.02584698051214218,0.7045481204986572,0.3209078907966614,-0.029735693708062172,0.6732032299041748,0.3037344217300415,-0.033484093844890594,0.6988080739974976,0.27302300930023193,-0.011310637928545475,0.7329683899879456,0.2052532434463501,-0.02356436848640442,0.7513316869735718,0.16071699559688568,-0.03521406650543213,0.7640413641929626,0.12377744913101196,-0.04462762176990509,0.6631659865379333,0.25285980105400085,-0.013046536594629288,0.6771131157875061,0.16454683244228363,-0.022438164800405502,0.6839755177497864,0.10856331884860992,-0.03373148664832115,0.6867998242378235,0.06467673182487488,-0.04262303188443184,0.6292604804039001,0.2578084170818329,-0.017976989969611168,0.6291149258613586,0.17503458261489868,-0.02968755178153515,0.6295207142829895,0.12304110825061798,-0.04353836178779602,0.6289641857147217,0.08009946346282959,-0.053669944405555725,0.5947965383529663,0.2829110324382782,-0.025079812854528427,0.5799736976623535,0.22527548670768738,-0.03848738223314285,0.5704874992370605,0.18583321571350098,-0.047387685626745224,0.5614826679229736,0.15013772249221802,-0.053594499826431274
0.5905296206474304,0.47225338220596313,3.8226005472097313e-07,0.6440234184265137,0.44591885805130005,-0.023308033123612404,0.6814604997634888,0.38186466693878174,-0.030408348888158798,0.668021023273468,0.32583245635032654,-0.03609743341803551,0.638266921043396,0.3058095872402191,-0.04130830243229866,0.667356014251709,0.2714647054672241,-0.014212209731340408,0.699459433555603,0.20383894443511963,-0.02737581729888916,0.7169526815414429,0.15898968279361725,-0.0394647978246212,0.7285913228988647,0.12187565863132477,-0.04908527433872223,0.6300112009048462,0.2517000436782837,-0.015487165190279484,0.64187091588974,0.16239550709724426,-0.025541987270116806,0.6477369666099548,0.10728919506072998,-0.03665049001574516,0.6494654417037964,0.0648452490568161,-0.04537789523601532,0.5955243110656738,0.2578476071357727,-0.020224319770932198,0.5931476950645447,0.1760246455669403,-0.0320587232708931,0.5924700498580933,0.12254421412944794,-0.04563166946172714,0.5911598801612854,0.07791821658611298,-0.05567893385887146,0.5612877011299133,0.2847885489463806,-0.02744199149310589,0.5450903177261353,0.22488224506378174,-0.04042273014783859,0.5348100066184998,0.18412235379219055,-0.04893772676587105,0.5258344411849976,0.14647026360034943,-0.0550398975610733
0.5748929977416992,0.48029184341430664,3.675411903714121e-07,0.6289229393005371,0.4545779228210449,-0.021486032754182816,0.6678004860877991,0.39077672362327576,-0.027890510857105255,0.6574422717094421,0.3339367210865021,-0.03340071812272072,0.6280792951583862,0.3121272325515747,-0.038793135434389114,0.6544221043586731,0.28310248255729675,-0.014000169932842255,0.6876198053359985,0.21458333730697632,-0.027800992131233215,0.7062513828277588,0.17024731636047363,-0.040081318467855453,0.7185352444648743,0.13286945223808289,-0.04952413588762283,0.6191599369049072,0.2624126970767975,-0.015909455716609955,0.6337102055549622,0.17324605584144592,-0.026180807501077652,0.6398050785064697,0.11630775034427643,-0.037296123802661896,0.6407961845397949,0.07163453102111816,-0.04600733146071434,0.5845363140106201,0.26647332310676575,-0.021033471450209618,0.5848566293716431,0.184066504240036,-0.032515477389097214,0.5848744511604309,0.13110274076461792,-0.04585945978760719,0.5834334492683411,0.08769021928310394,-0.05587347596883774,0.5489405393600464,0.29082441329956055,-0.02850400283932686,0.5360490083694458,0.23233938217163086,-0.04062714800238609,0.5267170667648315,0.19331848621368408,-0.04874857887625694,0.5174860954284668,0.15861119329929352,-0.05473445728421211
0.5126180648803711,0.47729212045669556,3.88849144883352e-07,0.5661168098449707,0.45229631662368774,-0.025029180571436882,0.6040161848068237,0.3894937038421631,-0.032555364072322845,0.5878839492797852,0.3299271762371063,-0.03832167387008667,0.5590792298316956,0.3012055456638336,-0.04346895217895508,0.59682297706604,0.2809162139892578,-0.015112582594156265,0.6310362219810486,0.21129372715950012,-0.02887962944805622,0.6499927043914795,0.16734406352043152,-0.04107034578919411,0.6631215214729309,0.13138294219970703,-0.05041757971048355,0.5599514842033386,0.2604855000972748,-0.015017475932836533,0.5760437846183777,0.173410564661026,-0.025276197120547295,0.5832309722900391,0.11945642530918121,-0.03667176142334938,0.5861257314682007,0.07816922664642334,-0.04551985114812851,0.5246793031692505,0.26512613892555237,-0.01863245479762554,0.5275351405143738,0.18353042006492615,-0.030622141435742378,0.5288788676261902,0.13081574440002441,-0.04474717751145363,0.5288339853286743,0.08663639426231384,-0.05520134046673775,0.48874732851982117,0.2897825539112091,-0.024815065786242485,0.4786028563976288,0.23231467604637146,-0.03838128596544266,0.4709450304508209,0.1932263821363449,-0.04767269268631935,0.46308544278144836,0.15722306072711945,-0.054160669445991516
0.4803512692451477,0.48872774839401245,3.797135548211372e-07,0.5358108878135681,0.4680216908454895,-0.021992240101099014,0.575164794921875,0.40462321043014526,-0.027315914630889893,0.5636534690856934,0.3455623388290405,-0.03129979595541954,0.535827100276947,0.3213118612766266,-0.034975167363882065,0.5694001913070679,0.29831480979919434,-0.012917961925268173,0.6059423089027405,0.23010414838790894,-0.025811582803726196,0.6257391571998596,0.18541395664215088,-0.037387117743492126,0.6399902105331421,0.14825110137462616,-0.046339210122823715,0.5337334275245667,0.2758767306804657,-0.013607125729322433,0.5523673295974731,0.18800896406173706,-0.022882521152496338,0.5620304346084595,0.13294972479343414,-0.03352925181388855,0.5676807761192322,0.09094159305095673,-0.041806019842624664,0.4992920458316803,0.27835050225257874,-0.01763959974050522,0.5031532049179077,0.19627125561237335,-0.028516331687569618,0.5068884491920471,0.14524564146995544,-0.04154712334275246,0.5095251202583313,0.103889599442482,-0.05119919031858444,0.46378952264785767,0.3006480634212494,-0.02403882145881653,0.4530221223831177,0.24174556136131287,-0.036327287554740906,0.4461803138256073,0.20241568982601166,-0.04456852003931999,0.4401994049549103,0.16672034561634064,-0.05033160373568535
0.46394410729408264,0.4895060062408447,3.891052244853199e-07,0.5178709030151367,0.46737462282180786,-0.024670690298080444,0.557880163192749,0.40559253096580505,-0.031360700726509094,0.5433869361877441,0.3462221622467041,-0.03640669584274292,0.5124900341033936,0.320444792509079,-0.04074571654200554,0.5520598292350769,0.2973876893520355,-0.012181167490780354,0.5860066413879395,0.22938719391822815,-0.024572525173425674,0.6053353548049927,0.18681804835796356,-0.0361153818666935,0.6198315620422363,0.15216705203056335,-0.045085128396749496,0.5156005620956421,0.2755620777606964,-0.011841678991913795,0.5321733951568604,0.1895156353712082,-0.020558476448059082,0.5413585901260376,0.1349327117204666,-0.03130266070365906,0.5470921397209167,0.09258769452571869,-0.03985504060983658,0.48112809658050537,0.2787010669708252,-0.015324929729104042,0.48506444692611694,0.19921472668647766,-0.026079028844833374,0.488605260848999,0.1476263850927353,-0.03959089145064354,0.4908198118209839,0.10542158782482147,-0.04962650686502457,0.4458008110523224,0.3015148937702179,-0.021483106538653374,0.4348362386226654,0.24521547555923462,-0.03362144157290459,0.4271334409713745,0.20632150769233704,-0.04206316918134689,0.41956743597984314,0.1708083599805832,-0.04811709001660347
0.439179927110672,0.4838666617870331,3.919602704627323e-07,0.49257734417915344,0.4570375680923462,-0.023829307407140732,0.5298080444335938,0.39520251750946045,-0.030714530497789383,0.5133036971092224,0.3369826078414917,-0.036036305129528046,0.4864116609096527,0.30853089690208435,-0.04056071117520332,0.5248957872390747,0.2887895405292511,-0.01313210092484951,0.5597230792045593,0.2194124460220337,-0.025947492569684982,0.5788410902023315,0.17502130568027496,-0.03752893581986427,0.5923451781272888,0.13780713081359863,-0.04635584354400635,0.4882669150829315,0.2680934965610504,-0.013079256750643253,0.5058278441429138,0.18139120936393738,-0.021965086460113525,0.5141547322273254,0.12720562517642975,-0.03224010393023491,0.5185108780860901,0.08545340597629547,-0.04034687206149101,0.4535147249698639,0.2714124917984009,-0.016687525436282158,0.45798248052597046,0.19139665365219116,-0.026993483304977417,0.46133172512054443,0.1394621580839157,-0.03976748138666153,0.4628739655017853,0.09712275862693787,-0.04933793842792511,0.41811037063598633,0.2945638597011566,-0.022912420332431793,0.4083431363105774,0.2372628152370453,-0.03440529480576515,0.40087807178497314,0.19826561212539673,-0.04223227873444557,0.39309826493263245,0.1628320962190628,-0.04779239743947983
0.41003087162971497,0.4744517207145691,4.1951076923396613e-07,0.464251846075058,0.44657161831855774,-0.02499556355178356,0.5037904977798462,0.38219505548477173,-0.032318007200956345,0.4843686521053314,0.3215264081954956,-0.03760070353746414,0.4528992474079132,0.2943440079689026,-0.04193147271871567,0.49852848052978516,0.27838948369026184,-0.013966765254735947,0.5345064997673035,0.2083217054605484,-0.027163667604327202,0.5540513396263123,0.16396017372608185,-0.038887958973646164,0.5677316188812256,0.1278173178434372,-0.04782252386212349,0.4615080654621124,0.25616639852523804,-0.013670986518263817,0.4800961911678314,0.16778452694416046,-0.02293410897254944,0.4884863495826721,0.11311192810535431,-0.03344661742448807,0.49281567335128784,0.07103721797466278,-0.04154662415385246,0.42643359303474426,0.2588721811771393,-0.017102932557463646,0.43128979206085205,0.17697928845882416,-0.027849530801177025,0.43542319536209106,0.12424133718013763,-0.04070601984858513,0.43805578351020813,0.08077652752399445,-0.05021858960390091,0.390085369348526,0.28175249695777893,-0.023188577964901924,0.3791191279888153,0.2236110270023346,-0.035023707896471024,0.37143105268478394,0.1839737594127655,-0.04267072677612305,0.3642081022262573,0.14746549725532532,-0.04798900708556175
0.3733965754508972,0.47090476751327515,4.1835997421912907e-07,0.42505696415901184,0.4419100880622864,-0.026025282219052315,0.4598018229007721,0.3772522807121277,-0.03485821560025215,0.4416813254356384,0.31687453389167786,-0.0416492335498333,0.4135826528072357,0.2850628197193146,-0.04735623300075531,0.4586789608001709,0.2730466425418854,-0.01627020537853241,0.49171704053878784,0.20143388211727142,-0.03080374002456665,0.5104803442955017,0.15578553080558777,-0.043956458568573,0.5244715809822083,0.11793684959411621,-0.05403522774577141,0.42043933272361755,0.25176942348480225,-0.0157768577337265,0.4369736611843109,0.16166691482067108,-0.026660941541194916,0.4438017010688782,0.10517513751983643,-0.038713451474905014,0.4474729895591736,0.06110411882400513,-0.04797304794192314,0.3844512403011322,0.2555345892906189,-0.018898980692029,0.38739076256752014,0.1710204780101776,-0.031266845762729645,0.3894059360027313,0.11859685182571411,-0.04436185956001282,0.3905600607395172,0.07511790096759796,-0.054022591561079025,0.34820738434791565,0.279785692691803,-0.024695707485079765,0.3360205888748169,0.22074809670448303,-0.03817520663142204,0.3278985619544983,0.18152910470962524,-0.046254418790340424,0.32120567560195923,0.14514116942882538,-0.051717471331357956
0.3380061984062195,0.47765398025512695,4.171630791915959e-07,0.39105287194252014,0.4481634795665741,-0.026726653799414635,0.42519611120224,0.3819334805011749,-0.03365539759397507,0.4023871421813965,0.3220067322254181,-0.03850163146853447,0.37372398376464844,0.2915129065513611,-0.0421757735311985,0.4214073419570923,0.2733165919780731,-0.011374822817742825,0.4528338313102722,0.1994362473487854,-0.023098209872841835,0.470509797334671,0.1543980836868286,-0.0345802865922451,0.48351114988327026,0.11711162328720093,-0.043220341205596924,0.3831654489040375,0.2540417015552521,-0.009150346741080284,0.3984285295009613,0.16472311317920685,-0.01602114364504814,0.40520545840263367,0.10838781297206879,-0.02575621008872986,0.4088207185268402,0.06695742905139923,-0.03346759453415871,0.3469948172569275,0.2587732672691345,-0.011223085224628448,0.34938186407089233,0.176888108253479,-0.019642099738121033,0.35174453258514404,0.12450356781482697,-0.032206084579229355,0.35293903946876526,0.08286185562610626,-0.04169277846813202,0.3102497160434723,0.2830948233604431,-0.01636272668838501,0.29996320605278015,0.22549733519554138,-0.02627316117286682,0.2917448878288269,0.18763859570026398,-0.03375746309757233,0.2838788330554962,0.1529151350259781,-0.03911593556404114
0.2825406789779663,0.4914294481277466,4.396780752813356e-07,0.3329625129699707,0.4592042565345764,-0.02752181887626648,0.3638418912887573,0.39190369844436646,-0.036108922213315964,0.34039896726608276,0.3324771225452423,-0.042235367000103,0.30966126918792725,0.3044431507587433,-0.047283489257097244,0.3596850037574768,0.2854739725589752,-0.015162109397351742,0.39141178131103516,0.21055451035499573,-0.02869952656328678,0.409026175737381,0.16274523735046387,-0.0413283072412014,0.4214229881763458,0.12307147681713104,-0.05053788051009178,0.3214244842529297,0.26714932918548584,-0.013213657774031162,0.3360588252544403,0.17429189383983612,-0.021501127630472183,0.3413383364677429,0.11643165349960327,-0.03161686286330223,0.3436146378517151,0.07392977178096771,-0.039368920028209686,0.28513476252555847,0.2723102271556854,-0.015294902957975864,0.28759434819221497,0.18853819370269775,-0.023986736312508583,0.2900485098361969,0.1341475397348404,-0.03571905568242073,0.29167479276657104,0.09169450402259827,-0.044642671942710876,0.2484784573316574,0.29754137992858887,-0.02053077332675457,0.23662340641021729,0.2386023849248886,-0.029627446085214615,0.22887611389160156,0.1988467127084732,-0.03578483313322067,0.22218510508537292,0.1629011183977127,-0.040296781808137894
0.2384268194437027,0.5011473894119263,4.057091302911431e-07,0.2901383340358734,0.46816352009773254,-0.025678521022200584,0.3197097182273865,0.3987184166908264,-0.032433148473501205,0.3009691834449768,0.33668839931488037,-0.03719489276409149,0.27514418959617615,0.3053325414657593,-0.04104314744472504,0.3142947256565094,0.29450520873069763,-0.012937288731336594,0.3470223844051361,0.2183954119682312,-0.025208324193954468,0.3638674020767212,0.17040561139583588,-0.036947816610336304,0.37514540553092957,0.1301727592945099,-0.04580557346343994,0.27708885073661804,0.27636027336120605,-0.011408137157559395,0.2927030622959137,0.18340343236923218,-0.019280578941106796,0.2987962067127228,0.12502947449684143,-0.029737088829278946,0.30117568373680115,0.08183391392230988,-0.037888094782829285,0.24155843257904053,0.28199291229248047,-0.013767196796834469,0.24237698316574097,0.19747985899448395,-0.02287961356341839,0.244584858417511,0.14278988540172577,-0.036077797412872314,0.2461930364370346,0.10011397302150726,-0.046102046966552734,0.20575901865959167,0.3069910407066345,-0.018972991034388542,0.19242024421691895,0.24871760606765747,-0.029665382578969002,0.18413373827934265,0.20962917804718018,-0.03771601617336273,0.1772390753030777,0.17483104765415192,-0.04354579374194145
0.18473230302333832,0.5073612928390503,4.639146595764032e-07,0.23503583669662476,0.4707578122615814,-0.028063403442502022,0.25813353061676025,0.39860251545906067,-0.03557673841714859,0.23427045345306396,0.33478379249572754,-0.040154267102479935,0.20690731704235077,0.30584973096847534,-0.04335212707519531,0.25539886951446533,0.2979225218296051,-0.013975323177874088,0.28554385900497437,0.21988728642463684,-0.025476491078734398,0.3013794422149658,0.17097190022468567,-0.03665986657142639,0.31270328164100647,0.130568727850914,-0.044887613505125046,0.2167353332042694,0.28152796626091003,-0.010280991904437542,0.22934627532958984,0.18800139427185059,-0.016379354521632195,0.23443017899990082,0.1300555020570755,-0.024741115048527718,0.23786939680576324,0.08749356865882874,-0.031112615019083023,0.18039202690124512,0.28815987706184387,-0.01070406660437584,0.18054723739624023,0.2035721391439438,-0.018059460446238518,0.1831420511007309,0.1494794636964798,-0.029138892889022827,0.18586955964565277,0.10863655805587769,-0.037430278956890106,0.14458882808685303,0.3142910897731781,-0.014290054328739643,0.13066613674163818,0.25667068362236023,-0.02307979017496109,0.12268667668104172,0.21830016374588013,-0.029204245656728745,0.11631734669208527,0.18529371917247772,-0.03338014334440231
0.1494482159614563,0.5265849828720093,4.7222209786923486e-07,0.1953536868095398,0.48755860328674316,-0.027761081233620644,0.21680954098701477,0.4167793095111847,-0.0368163138628006,0.18514634668827057,0.358792781829834,-0.04329623654484749,0.15037000179290771,0.3336145579814911,-0.04851975291967392,0.21364808082580566,0.31411683559417725,-0.014860066585242748,0.24390101432800293,0.23831704258918762,-0.029649771749973297,0.2620224952697754,0.18997064232826233,-0.04387562349438667,0.2762027978897095,0.14943741261959076,-0.05421433970332146,0.1756919026374817,0.29629582166671753,-0.013024074956774712,0.18700571358203888,0.20255151391029358,-0.021495137363672256,0.19344377517700195,0.14439165592193604,-0.03203994780778885,0.19835777580738068,0.10074478387832642,-0.040219876915216446,0.14094167947769165,0.30383965373039246,-0.015438602305948734,0.13886770606040955,0.22021916508674622,-0.024844534695148468,0.1420234739780426,0.16702793538570404,-0.037047337740659714,0.1451236754655838,0.12564705312252045,-0.046121250838041306,0.10751893371343613,0.332334041595459,-0.020975477993488312,0.09393516182899475,0.274965763092041,-0.0307187307626009,0.08610501140356064,0.23806121945381165,-0.03685677796602249,0.07910145819187164,0.2059900015592575,-0.04126175865530968
0.16028518974781036,0.6082778573036194,5.317401132742816e-07,0.2073672115802765,0.5749424695968628,-0.032340943813323975,0.23637712001800537,0.5098409652709961,-0.04369917884469032,0.20452412962913513,0.46138185262680054,-0.05239812657237053,0.1655072718858719,0.4468325674533844,-0.06026141718029976,0.22625233232975006,0.3885892927646637,-0.014865066856145859,0.25572967529296875,0.3101051449775696,-0.0294362623244524,0.2723419964313507,0.25968438386917114,-0.04473308101296425,0.2857268750667572,0.21717087924480438,-0.05646514520049095,0.18557070195674896,0.37197455763816833,-0.012375375255942345,0.19592411816120148,0.27773433923721313,-0.021767467260360718,0.20135313272476196,0.21860401332378387,-0.03595488891005516,0.2052677571773529,0.17115448415279388,-0.04714841768145561,0.14945124089717865,0.3809785544872284,-0.014516540803015232,0.14806529879570007,0.2964586615562439,-0.025465525686740875,0.14927077293395996,0.2405937910079956,-0.04071434587240219,0.15018194913864136,0.19411776959896088,-0.0519496314227581,0.11443926393985748,0.410074919462204,-0.02020908147096634,0.10240984708070755,0.35042551159858704,-0.031262654811143875,0.095424123108387,0.3103014826774597,-0.03872188553214073,0.09003081172704697,0.27293696999549866,-0.0442354753613472
0.15625908970832825,0.6089357137680054,5.243329610493674e-07,0.20194441080093384,0.5725999474525452,-0.029579805210232735,0.2273806780576706,0.5021877884864807,-0.03941813111305237,0.19001351296901703,0.451776921749115,-0.04676070436835289,0.14821060001850128,0.43500828742980957,-0.05336495861411095,0.2221257984638214,0.3913772702217102,-0.015150769613683224,0.2525964379310608,0.31192025542259216,-0.028831742703914642,0.26924213767051697,0.2609100937843323,-0.04261314496397972,0.2818971872329712,0.21754927933216095,-0.05340736359357834,0.18180294334888458,0.37372297048568726,-0.013398894108831882,0.1935124546289444,0.2809680700302124,-0.022125598043203354,0.1988087296485901,0.22202880680561066,-0.035030998289585114,0.20177757740020752,0.17557093501091003,-0.04528152942657471,0.1460331380367279,0.3826536536216736,-0.01580275222659111,0.14209669828414917,0.298721045255661,-0.026114828884601593,0.14280974864959717,0.24200159311294556,-0.04092293605208397,0.14289569854736328,0.19522975385189056,-0.05214262753725052,0.1118888109922409,0.41200050711631775,-0.021373556926846504,0.09887783229351044,0.355328232049942,-0.032207146286964417,0.0910763368010521,0.31713101267814636,-0.03957344964146614,0.08406832814216614,0.28230053186416626,-0.045175377279520035
0.14682558178901672,0.5993814468383789,4.940707185596693e-07,0.19269989430904388,0.5606554746627808,-0.027779219672083855,0.21640920639038086,0.4895250201225281,-0.03694077208638191,0.17819635570049286,0.43718448281288147,-0.04386718198657036,0.13944949209690094,0.4162920117378235,-0.049738653004169464,0.21338008344173431,0.38085776567459106,-0.013967297971248627,0.24394476413726807,0.3028000593185425,-0.027965355664491653,0.2616035044193268,0.25230905413627625,-0.04149709269404411,0.27478402853012085,0.2102956622838974,-0.05180619657039642,0.17364126443862915,0.3633977174758911,-0.013141977600753307,0.184945210814476,0.2683410048484802,-0.022114470601081848,0.19128216803073883,0.20860698819160461,-0.03417636454105377,0.19538693130016327,0.16248300671577454,-0.04352487623691559,0.13845466077327728,0.3722482919692993,-0.01646234840154648,0.1357792317867279,0.28727486729621887,-0.027336925268173218,0.13765978813171387,0.23242397606372833,-0.04144399240612984,0.13880577683448792,0.1876734048128128,-0.051812589168548584,0.1045757606625557,0.40173038840293884,-0.022783279418945312,0.09214635193347931,0.3447830080986023,-0.03440919890999794,0.08417778462171555,0.3076939582824707,-0.04179534316062927,0.07657499611377716,0.27386724948883057,-0.04708503186702728
0.13630755245685577,0.6071818470954895,4.994640789846017e-07,0.18244534730911255,0.5675958395004272,-0.027350660413503647,0.2057718187570572,0.4961289167404175,-0.035918790847063065,0.16760534048080444,0.4452081620693207,-0.04235323891043663,0.1272311955690384,0.4288748800754547,-0.04762867093086243,0.20114153623580933,0.3877181112766266,-0.011730487458407879,0.23073676228523254,0.30772483348846436,-0.024922385811805725,0.24820363521575928,0.2571747601032257,-0.0382586233317852,0.26163655519485474,0.21545818448066711,-0.04806961119174957,0.16045072674751282,0.371786892414093,-0.01053049135953188,0.17040769755840302,0.2771579623222351,-0.017917830497026443,0.17534561455249786,0.2173994928598404,-0.028966693207621574,0.17827823758125305,0.1721859723329544,-0.037516359239816666,0.12498248368501663,0.38119009137153625,-0.013496956788003445,0.12324348837137222,0.29666322469711304,-0.02225549705326557,0.12500418722629547,0.2405632734298706,-0.03410819545388222,0.12550778687000275,0.1959635466337204,-0.04272584989666939,0.09092117846012115,0.4103756844997406,-0.019684627652168274,0.07841125875711441,0.3512682020664215,-0.02903045527637005,0.07063852995634079,0.3111400604248047,-0.03415239602327347,0.06294012814760208,0.2758013606071472,-0.037571415305137634
0.24688151478767395,0.9415881633758545,5.405568117566872e-07,0.292153537273407,0.9205303192138672,-0.03108115866780281,0.33383411169052124,0.8778269290924072,-0.04840768128633499,0.3172614872455597,0.8448397517204285,-0.06370310485363007,0.28313738107681274,0.8338890671730042,-0.07927218824625015,0.3161289691925049,0.7416372895240784,-0.028236504644155502,0.3428190350532532,0.6653391122817993,-0.05000782012939453,0.360609233379364,0.6160961389541626,-0.06933575868606567,0.3756864070892334,0.572350025177002,-0.08316687494516373,0.2757891118526459,0.722461998462677,-0.029419951140880585,0.2874218225479126,0.6265621781349182,-0.045659422874450684,0.2945125997066498,0.5659996867179871,-0.06297287344932556,0.30040761828422546,0.5141825675964355,-0.07624738663434982,0.2385571300983429,0.7290278077125549,-0.034190163016319275,0.23762118816375732,0.6403441429138184,-0.04942144826054573,0.24042388796806335,0.5814206600189209,-0.06549741327762604,0.24454885721206665,0.5296202898025513,-0.07731195539236069,0.20140546560287476,0.7567225098609924,-0.04206715151667595,0.1912028044462204,0.6881685853004456,-0.05522505193948746,0.18567121028900146,0.6433372497558594,-0.06269212812185287,0.1830058991909027,0.5990017056465149,-0.0683228075504303
0.2301335483789444,0.9500658512115479,5.503547413354681e-07,0.2773610055446625,0.9315264821052551,-0.032649584114551544,0.31942325830459595,0.8878095149993896,-0.04955971613526344,0.30494388937950134,0.8534873723983765,-0.06417255848646164,0.26951706409454346,0.8460237979888916,-0.07877201586961746,0.2992187738418579,0.7486796975135803,-0.0274758730083704,0.3269564211368561,0.6734676361083984,-0.047979988157749176,0.34414398670196533,0.6236768960952759,-0.0663948655128479,0.35811886191368103,0.580040454864502,-0.0800580233335495,0.2581671178340912,0.728466272354126,-0.02759231999516487,0.26802539825439453,0.6329689621925354,-0.04307949170470238,0.27518051862716675,0.5722190737724304,-0.05975743383169174,0.28128036856651306,0.5203771591186523,-0.0725371241569519,0.22171753644943237,0.7349015474319458,-0.03142933547496796,0.21955782175064087,0.6474647521972656,-0.045858461409807205,0.22248482704162598,0.5886964797973633,-0.061641253530979156,0.22685833275318146,0.5370957255363464,-0.0733184739947319,0.18792229890823364,0.7633751630783081,-0.038609638810157776,0.17526927590370178,0.6997690200805664,-0.050877586007118225,0.16929446160793304,0.6571813225746155,-0.05821889266371727,0.16666701436042786,0.6155787110328674,-0.06388650834560394
0.21938160061836243,0.9522391557693481,5.587539249063411e-07,0.2669721841812134,0.9331258535385132,-0.031709153205156326,0.30836161971092224,0.8874896764755249,-0.047920458018779755,0.28850057721138,0.8540436625480652,-0.06191827356815338,0.251299649477005,0.848814845085144,-0.07628396898508072,0.2860710322856903,0.7559384107589722,-0.02922780252993107,0.3142177164554596,0.6787765622138977,-0.05063290894031525,0.3324854373931885,0.627863347530365,-0.06883428990840912,0.34829798340797424,0.5846713185310364,-0.08192499727010727,0.24541392922401428,0.7350959181785583,-0.029622351750731468,0.25586697459220886,0.6388968229293823,-0.04559391736984253,0.2638525366783142,0.57843017578125,-0.061962731182575226,0.27117031812667847,0.5287756323814392,-0.07438670843839645,0.2087244987487793,0.7404887080192566,-0.03360907733440399,0.205307275056839,0.6501209139823914,-0.04862320423126221,0.20859232544898987,0.5913973450660706,-0.06452570855617523,0.21431545913219452,0.5413550734519958,-0.07609255611896515,0.17329883575439453,0.767961859703064,-0.04076557233929634,0.16071900725364685,0.7018325328826904,-0.05371430143713951,0.15573696792125702,0.6569647192955017,-0.06156193092465401,0.15440905094146729,0.6137799024581909,-0.06748699396848679
0.20989888906478882,0.9618078470230103,5.562973797168524e-07,0.25808167457580566,0.9461328983306885,-0.0324435755610466,0.301844984292984,0.9044097661972046,-0.049383506178855896,0.29142189025878906,0.8687968850135803,-0.06407585740089417,0.2586793899536133,0.8584097623825073,-0.07904855906963348,0.28015297651290894,0.7661758065223694,-0.029881855472922325,0.30836161971092224,0.6897448301315308,-0.05161002278327942,0.3258986473083496,0.6399906277656555,-0.07035442441701889,0.3405367434024811,0.596168041229248,-0.08377379179000854,0.24090872704982758,0.74606853723526,-0.03007243014872074,0.2535525858402252,0.6505115628242493,-0.046374332159757614,0.2608203589916229,0.5899285078048706,-0.06291309744119644,0.2662641704082489,0.5399152040481567,-0.07535365223884583,0.2039405256509781,0.751262903213501,-0.033852916210889816,0.20360693335533142,0.6614774465560913,-0.049240026623010635,0.20674097537994385,0.6041548252105713,-0.06421545147895813,0.21109436452388763,0.5549238324165344,-0.07490251213312149,0.16667604446411133,0.7775468230247498,-0.0409240685403347,0.15711775422096252,0.711105465888977,-0.054467130452394485,0.15230156481266022,0.6673061847686768,-0.061715640127658844,0.15000467002391815,0.6249815821647644,-0.06685608625411987
0.2207658290863037,0.962323784828186,5.542474355024751e-07,0.26945701241493225,0.9434605240821838,-0.0306357741355896,0.31261250376701355,0.8988077044487,-0.04687691107392311,0.29814374446868896,0.8637197017669678,-0.06108762323856354,0.2630324065685272,0.8575411438941956,-0.0759015828371048,0.2915806174278259,0.7673130631446838,-0.030194776132702827,0.31896382570266724,0.6893993020057678,-0.05191833898425102,0.3361699879169464,0.6387931704521179,-0.0702040046453476,0.3504478335380554,0.5944116711616516,-0.08326953649520874,0.25116556882858276,0.7472308874130249,-0.03161737695336342,0.26271095871925354,0.6495737433433533,-0.047817666083574295,0.26903098821640015,0.5883874893188477,-0.06401724368333817,0.2736232876777649,0.5380839109420776,-0.07613742351531982,0.2138654887676239,0.7528570294380188,-0.036289677023887634,0.21413198113441467,0.6617938876152039,-0.05160737410187721,0.21670663356781006,0.6025302410125732,-0.06635717302560806,0.22020959854125977,0.5522708296775818,-0.07686248421669006,0.17623454332351685,0.7796897888183594,-0.0439893938601017,0.16573818027973175,0.7118839025497437,-0.05718512833118439,0.16156858205795288,0.6670224070549011,-0.06369812786579132,0.16007235646247864,0.6244964599609375,-0.06831225007772446
0.3037640452384949,0.9585201144218445,5.392540742832352e-07,0.3519936800003052,0.9391053915023804,-0.032140810042619705,0.39837002754211426,0.9059427380561829,-0.05090758576989174,0.39632150530815125,0.8733172416687012,-0.06764273345470428,0.36946597695350647,0.8631511330604553,-0.08430669456720352,0.3651699423789978,0.7666055560112,-0.030476463958621025,0.39016491174697876,0.690567135810852,-0.052608318626880646,0.4057423174381256,0.6411638259887695,-0.07137691229581833,0.4187280237674713,0.5990379452705383,-0.08463393896818161,0.3247460722923279,0.7508248090744019,-0.031237173825502396,0.3298420310020447,0.6554344892501831,-0.0486392118036747,0.3342607021331787,0.5949102640151978,-0.0652104914188385,0.3379794657230377,0.5468397736549377,-0.07744897902011871,0.28865841031074524,0.7580497860908508,-0.03550374507904053,0.28409501910209656,0.668498694896698,-0.052036408334970474,0.28444862365722656,0.6103582382202148,-0.0671822801232338,0.28726324439048767,0.5615552663803101,-0.0776643455028534,0.2553747892379761,0.785072386264801,-0.04293801635503769,0.23781870305538177,0.7205778360366821,-0.058327000588178635,0.22730481624603271,0.676845133304596,-0.06659388542175293,0.22062499821186066,0.6352829337120056,-0.07184392958879471
0.31626096367836,0.9631823301315308,5.502017756953137e-07,0.36716052889823914,0.9449473023414612,-0.03131234273314476,0.4153611660003662,0.9082715511322021,-0.04974512755870819,0.4127572178840637,0.8708739876747131,-0.06670884788036346,0.3812060058116913,0.8670498132705688,-0.08420225232839584,0.3805059492588043,0.7717083692550659,-0.03093660995364189,0.4040338397026062,0.6923591494560242,-0.05343373864889145,0.41894954442977905,0.6424875259399414,-0.07260820269584656,0.43116942048072815,0.5987533330917358,-0.08635556697845459,0.3385487198829651,0.7563943862915039,-0.0330086275935173,0.3456326723098755,0.6592094898223877,-0.05057266354560852,0.3505112826824188,0.5983504056930542,-0.06754954904317856,0.35347506403923035,0.5484375357627869,-0.08027716726064682,0.30072563886642456,0.7645310163497925,-0.03837963566184044,0.2971175014972687,0.6748343110084534,-0.055035997182130814,0.2969783544540405,0.6169079542160034,-0.07035177201032639,0.2974855601787567,0.5676224231719971,-0.08108409494161606,0.2646048963069916,0.7921065092086792,-0.04687575250864029,0.2512121796607971,0.7247732877731323,-0.06210186704993248,0.24204617738723755,0.6805155873298645,-0.06993352621793747,0.23449356853961945,0.6387354135513306,-0.07514168322086334
0.3569403886795044,0.9624557495117188,5.627497898785805e-07,0.4078181982040405,0.9446333050727844,-0.03238715976476669,0.45424365997314453,0.9068909287452698,-0.0511883944272995,0.4566969871520996,0.8661025166511536,-0.06802384555339813,0.42399489879608154,0.8612161874771118,-0.08572248369455338,0.42090290784835815,0.7706957459449768,-0.03504317253828049,0.4457052946090698,0.6903853416442871,-0.05710947513580322,0.459567666053772,0.6387913227081299,-0.0758104994893074,0.470014750957489,0.5921356678009033,-0.08972282707691193,0.3798169791698456,0.7562000751495361,-0.03675250709056854,0.38781413435935974,0.6611223220825195,-0.05445975437760353,0.39119893312454224,0.5995190739631653,-0.07166788727045059,0.3925367593765259,0.5474419593811035,-0.08507673442363739,0.3414403200149536,0.765606164932251,-0.041493240743875504,0.33802130818367004,0.6758402585983276,-0.05835745856165886,0.33740150928497314,0.6162431240081787,-0.07373160868883133,0.3375953137874603,0.5645322203636169,-0.0850057378411293,0.3043392598628998,0.7942308783531189,-0.049425724893808365,0.28965529799461365,0.7263877987861633,-0.06546054780483246,0.2802419662475586,0.6811801791191101,-0.07381483167409897,0.27291184663772583,0.6385344862937927,-0.07970041781663895
0.36360231041908264,0.9609377384185791,5.78546575979999e-07,0.41303595900535583,0.9426571726799011,-0.03435400128364563,0.45963254570961,0.9039225578308105,-0.053882043808698654,0.46129006147384644,0.8638706803321838,-0.07097119092941284,0.4300740361213684,0.8609609007835388,-0.08860182762145996,0.4267628788948059,0.7676582932472229,-0.03592624142765999,0.45020759105682373,0.6893924474716187,-0.05819860100746155,0.4646405279636383,0.638529896736145,-0.07717493921518326,0.4760308861732483,0.5927821397781372,-0.09136626124382019,0.38489970564842224,0.7533468008041382,-0.03672298789024353,0.3910020589828491,0.6587335467338562,-0.05494048073887825,0.39377057552337646,0.5970680117607117,-0.07251202315092087,0.3946984112262726,0.5458299517631531,-0.08592284470796585,0.3465598523616791,0.7633162140846252,-0.04075077548623085,0.34093180298805237,0.673335075378418,-0.057985588908195496,0.34027794003486633,0.6136229038238525,-0.07390931248664856,0.34126418828964233,0.5628321170806885,-0.08535119146108627,0.3101305663585663,0.7924201488494873,-0.04813382029533386,0.29516279697418213,0.7248708009719849,-0.06378064304590225,0.2866426706314087,0.6800721287727356,-0.0724305808544159,0.28138887882232666,0.6381760239601135,-0.07865457981824875
0.4095156192779541,0.9668766260147095,5.500939437297347e-07,0.45723164081573486,0.9498569965362549,-0.0317784883081913,0.5018332600593567,0.914088785648346,-0.050927892327308655,0.5091270208358765,0.8745816946029663,-0.06824715435504913,0.47994640469551086,0.8644306659698486,-0.08613372594118118,0.47208911180496216,0.7753883600234985,-0.03549972176551819,0.4958994388580322,0.6962496042251587,-0.05921592563390732,0.5105626583099365,0.6434226036071777,-0.07881290465593338,0.5223103761672974,0.5964377522468567,-0.09319338947534561,0.43101611733436584,0.7595587372779846,-0.03803813457489014,0.4350545406341553,0.6627861261367798,-0.05777956545352936,0.43822064995765686,0.6001531481742859,-0.07554741948843002,0.44013190269470215,0.5482954382896423,-0.08880647271871567,0.3928980529308319,0.7688466310501099,-0.043649569153785706,0.38506385684013367,0.6787786483764648,-0.06223439425230026,0.3836914300918579,0.6175211668014526,-0.07791624963283539,0.3851815462112427,0.5648660659790039,-0.08905236423015594,0.35690146684646606,0.7978371977806091,-0.05237114056944847,0.3380323052406311,0.7329399585723877,-0.06942295283079147,0.32758134603500366,0.6882144808769226,-0.07824445515871048,0.3216079771518707,0.6464353203773499,-0.08426865190267563
0.42198750376701355,0.9661547541618347,5.428079816738318e-07,0.46904346346855164,0.9490246772766113,-0.032983873039484024,0.5144227743148804,0.913871705532074,-0.05308991298079491,0.5222846269607544,0.8737742900848389,-0.0713496133685112,0.49106359481811523,0.8693215847015381,-0.09047385305166245,0.48500439524650574,0.7754820585250854,-0.036734338849782944,0.5078932642936707,0.6968539953231812,-0.059804875403642654,0.5198346376419067,0.6448094844818115,-0.07941272109746933,0.5285337567329407,0.5971949100494385,-0.09437831491231918,0.44433215260505676,0.7606117725372314,-0.03940138220787048,0.4498014748096466,0.6647019386291504,-0.05859045311808586,0.45206698775291443,0.6033415794372559,-0.0766952708363533,0.45271599292755127,0.5514722466468811,-0.09079691767692566,0.40618962049484253,0.7708114981651306,-0.04516076296567917,0.4007624387741089,0.6805018782615662,-0.0637226551771164,0.39954763650894165,0.6203784942626953,-0.08047579228878021,0.40004754066467285,0.5692076086997986,-0.09275196492671967,0.3693409562110901,0.8001999258995056,-0.05409860238432884,0.35180777311325073,0.7342777848243713,-0.07139474898576736,0.34116607904434204,0.6897827386856079,-0.08106254786252975,0.3340472877025604,0.648668646812439,-0.08811478316783905
0.4430350065231323,0.9662611484527588,5.383994903240819e-07,0.4916881024837494,0.9482572078704834,-0.031472429633140564,0.5380616784095764,0.910935640335083,-0.05025629699230194,0.5431058406829834,0.8706367611885071,-0.06745953112840652,0.5134204030036926,0.8641050457954407,-0.08528948575258255,0.5055955648422241,0.7719445824623108,-0.03393835201859474,0.5263334512710571,0.692035436630249,-0.056131333112716675,0.5383279323577881,0.6411688923835754,-0.07445067912340164,0.5485057830810547,0.5959274768829346,-0.08834486454725266,0.4646288752555847,0.7577642202377319,-0.03687092289328575,0.4697345197200775,0.6623852252960205,-0.055878300219774246,0.4728643298149109,0.6004871129989624,-0.07380837202072144,0.4747135639190674,0.5486956238746643,-0.08747317641973495,0.42674872279167175,0.7684469819068909,-0.04293908551335335,0.41879528760910034,0.6777925491333008,-0.061510708183050156,0.41581958532333374,0.6165937185287476,-0.07885871082544327,0.41562989354133606,0.5640287399291992,-0.09137193858623505,0.3905664086341858,0.7989221215248108,-0.052013009786605835,0.37227150797843933,0.7341441512107849,-0.06958572566509247,0.36090409755706787,0.689842700958252,-0.07998299598693848,0.35324904322624207,0.6483351588249207,-0.08741135895252228
0.45434582233428955,0.9651826620101929,5.451964284475252e-07,0.5034294724464417,0.9473888278007507,-0.03048381768167019,0.5496951341629028,0.9093997478485107,-0.049278624355793,0.5580565333366394,0.8690840005874634,-0.06664397567510605,0.5277467966079712,0.8595895171165466,-0.0848606675863266,0.5163963437080383,0.7723257541656494,-0.035993579775094986,0.5385465025901794,0.6909841299057007,-0.05947637930512428,0.5508149266242981,0.639101505279541,-0.07835369557142258,0.5601894855499268,0.5925143361091614,-0.09230852127075195,0.4758344292640686,0.7588667273521423,-0.039846908301115036,0.4831344485282898,0.6621609926223755,-0.05979403480887413,0.48594895005226135,0.5984398126602173,-0.07800444960594177,0.48651137948036194,0.5442560911178589,-0.09182112663984299,0.43738412857055664,0.7700290679931641,-0.04656558856368065,0.4312412142753601,0.6787259578704834,-0.06568361073732376,0.42932718992233276,0.6178597807884216,-0.08244315534830093,0.42993414402008057,0.5647603869438171,-0.09456025063991547,0.39959320425987244,0.8005187511444092,-0.056154027581214905,0.3800675868988037,0.7353326678276062,-0.07410433888435364,0.3691079616546631,0.6904948353767395,-0.08401135355234146,0.3628072440624237,0.6480727195739746,-0.0910429134964943
0.48041796684265137,0.9657591581344604,5.309166226652451e-07,0.532569408416748,0.94477379322052,-0.029224932193756104,0.5790441632270813,0.9095227718353271,-0.04765944182872772,0.5881747603416443,0.8717118501663208,-0.065107561647892,0.5611746311187744,0.8547998666763306,-0.08347529917955399,0.5438839197158813,0.7715580463409424,-0.0345696359872818,0.5662638545036316,0.688805103302002,-0.059338029474020004,0.5794754028320312,0.6352517604827881,-0.0794043019413948,0.5893562436103821,0.5863951444625854,-0.09372087568044662,0.5014339089393616,0.7582105398178101,-0.03861101716756821,0.5069079399108887,0.6619920134544373,-0.0590406097471714,0.5101991891860962,0.6004089117050171,-0.07723098993301392,0.5116941928863525,0.5482527613639832,-0.0908416211605072,0.46168026328086853,0.7692955136299133,-0.04553067684173584,0.4548185169696808,0.6797500252723694,-0.06461838632822037,0.4526495039463043,0.6186632513999939,-0.07993342727422714,0.4521976709365845,0.5642353296279907,-0.09084972739219666,0.42421334981918335,0.8007727861404419,-0.055328547954559326,0.4081692099571228,0.7344274520874023,-0.07313602417707443,0.3986850678920746,0.6897134780883789,-0.08141832798719406,0.392553448677063,0.6465981006622314,-0.08677004277706146
0.5117135643959045,0.9597074389457703,5.23215419434564e-07,0.5631692409515381,0.9410381317138672,-0.029542718082666397,0.6092860698699951,0.9053586721420288,-0.04762953147292137,0.6238179802894592,0.8661711812019348,-0.06468884646892548,0.6000282168388367,0.8498944044113159,-0.08244830369949341,0.5752137303352356,0.7675363421440125,-0.03351576626300812,0.594147264957428,0.6858956813812256,-0.057050641626119614,0.6062739491462708,0.6355397701263428,-0.07646742463111877,0.6160340309143066,0.5893915891647339,-0.0904875174164772,0.5344744920730591,0.7543597221374512,-0.03738321736454964,0.5396923422813416,0.6582874059677124,-0.05721621587872505,0.54338538646698,0.5958021879196167,-0.07563606649637222,0.5453571081161499,0.5407705903053284,-0.08945585042238235,0.49627646803855896,0.7648584246635437,-0.04424609616398811,0.4890466332435608,0.6771075129508972,-0.06281586736440659,0.4871556758880615,0.6164267063140869,-0.07880308479070663,0.48744553327560425,0.5620996952056885,-0.09012148529291153,0.460143119096756,0.7941145300865173,-0.05408822372555733,0.4436781704425812,0.7272023558616638,-0.07098616659641266,0.4332572817802429,0.6830359101295471,-0.07967469096183777,0.42633315920829773,0.6406897902488708,-0.08560144156217575
0.5303924679756165,0.9602378010749817,5.404116336649167e-07,0.5819138884544373,0.9398408532142639,-0.029907437041401863,0.6274611353874207,0.9036213755607605,-0.04912400245666504,0.6403902173042297,0.8653663992881775,-0.06714124232530594,0.6162038445472717,0.8498824238777161,-0.08581052720546722,0.5950393080711365,0.7656769752502441,-0.03552104905247688,0.6158493161201477,0.6837506890296936,-0.06002332642674446,0.630071759223938,0.6320825219154358,-0.07994109392166138,0.6419320106506348,0.5849064588546753,-0.09431274235248566,0.554358959197998,0.752442479133606,-0.03976466879248619,0.5598588585853577,0.6562544703483582,-0.06017165258526802,0.5626591444015503,0.5924270153045654,-0.07848259061574936,0.563808262348175,0.5373140573501587,-0.09222634136676788,0.5158861875534058,0.7637219429016113,-0.04697173088788986,0.5105447173118591,0.6717228889465332,-0.06607887893915176,0.5082806348800659,0.6101043820381165,-0.08183074742555618,0.5086857676506042,0.5567477345466614,-0.09299275279045105,0.47981852293014526,0.7943652272224426,-0.05708984285593033,0.459235280752182,0.7278289794921875,-0.0749073475599289,0.44739028811454773,0.6824431419372559,-0.08381891995668411,0.4403056502342224,0.6401070356369019,-0.08972261101007462
0.5508566498756409,0.9638362526893616,5.441232246994332e-07,0.6026701927185059,0.9445242881774902,-0.029908951371908188,0.6475235819816589,0.9074791073799133,-0.048648472875356674,0.6614677309989929,0.8690653443336487,-0.06627697497606277,0.6380572319030762,0.8538115620613098,-0.08425048738718033,0.6182416081428528,0.7653648257255554,-0.03326736018061638,0.6397390365600586,0.6864926218986511,-0.05732940509915352,0.6535908579826355,0.6359261274337769,-0.07721791416406631,0.6647169589996338,0.5894138813018799,-0.0918242409825325,0.5767632722854614,0.7527791857719421,-0.03777092695236206,0.5816255211830139,0.6561568975448608,-0.058394815772771835,0.5863003730773926,0.5934902429580688,-0.07717747241258621,0.5893650054931641,0.5381295084953308,-0.0913568064570427,0.5373625755310059,0.7657680511474609,-0.04544193670153618,0.5303137898445129,0.6784965991973877,-0.06531750410795212,0.5294238924980164,0.6187604069709778,-0.0820530503988266,0.5305858254432678,0.5654339790344238,-0.09381275624036789,0.5003783702850342,0.79780113697052,-0.056086380034685135,0.4815722107887268,0.7337777018547058,-0.07440123707056046,0.46907103061676025,0.689312219619751,-0.08411180227994919,0.46048784255981445,0.6464035511016846,-0.09076603502035141
0.613061249256134,0.9653396606445312,5.316948659128684e-07,0.6638996601104736,0.9467949867248535,-0.029490463435649872,0.7085949778556824,0.9124100804328918,-0.04925217851996422,0.7264859080314636,0.8771634697914124,-0.06815968453884125,0.7037149667739868,0.8624367713928223,-0.08816122263669968,0.6842946410179138,0.7758455872535706,-0.03761867806315422,0.7074582576751709,0.6982831358909607,-0.06406520307064056,0.7223493456840515,0.6483062505722046,-0.08545245975255966,0.7330200672149658,0.6013535261154175,-0.10092553496360779,0.6431508660316467,0.7611612677574158,-0.04331287369132042,0.6504492163658142,0.6633834838867188,-0.0651998370885849,0.6534757614135742,0.5999857783317566,-0.08490383625030518,0.6535919904708862,0.543195366859436,-0.09993994235992432,0.6032301187515259,0.7731060981750488,-0.05184526368975639,0.5985912084579468,0.6843448877334595,-0.07236180454492569,0.5960919857025146,0.6238230466842651,-0.08958810567855835,0.5946611166000366,0.5696681141853333,-0.10210584104061127,0.5653924942016602,0.8046943545341492,-0.06320121884346008,0.5487699508666992,0.7387323975563049,-0.08172658830881119,0.5373292565345764,0.6958596706390381,-0.09094846993684769,0.528834879398346,0.655230700969696,-0.09754764288663864
0.663639485836029,0.9701524376869202,5.05103685100039e-07,0.7153961658477783,0.9503554105758667,-0.02862885408103466,0.7606327533721924,0.9171975255012512,-0.04710059240460396,0.7761580944061279,0.8821506500244141,-0.06487147510051727,0.7609811425209045,0.8603578209877014,-0.08369854837656021,0.7371832728385925,0.7779355049133301,-0.0342610664665699,0.7616319060325623,0.6974546909332275,-0.058704376220703125,0.7767977714538574,0.6469405889511108,-0.07874426245689392,0.7878881692886353,0.599815309047699,-0.0933176800608635,0.6962102055549622,0.7640885710716248,-0.03926384449005127,0.7031514644622803,0.6676806211471558,-0.059528954327106476,0.7066872119903564,0.6061244010925293,-0.07854323834180832,0.7077906727790833,0.552161455154419,-0.09301814436912537,0.657628059387207,0.7764932513237,-0.04709295555949211,0.6538520455360413,0.6877238750457764,-0.06697473675012589,0.6514826416969299,0.6267751455307007,-0.08442743867635727,0.6497263312339783,0.5725133419036865,-0.09710864722728729,0.6211723685264587,0.8084202408790588,-0.057586248964071274,0.6084204912185669,0.7460993528366089,-0.07629964500665665,0.6021610498428345,0.7126661539077759,-0.08521699160337448,0.5971941351890564,0.6831926703453064,-0.09113440662622452
0.6920823454856873,0.9657301902770996,4.847312879974197e-07,0.748710036277771,0.9488736987113953,-0.02207161672413349,0.7949637174606323,0.909983217716217,-0.03639593347907066,0.8132595419883728,0.870832622051239,-0.051019784063100815,0.7926097512245178,0.8626319766044617,-0.06709469109773636,0.7675307989120483,0.7723102569580078,-0.026446035131812096,0.7952302694320679,0.6959737539291382,-0.04772477596998215,0.8115507364273071,0.6467845439910889,-0.06617261469364166,0.8233237266540527,0.6012485027313232,-0.08020388334989548,0.729114294052124,0.7587388753890991,-0.03386623412370682,0.7402756810188293,0.6644309759140015,-0.05180458724498749,0.7452144622802734,0.6021797060966492,-0.06948482245206833,0.7457309365272522,0.5483828783035278,-0.08320018649101257,0.6920444965362549,0.7697914838790894,-0.043554626405239105,0.690420389175415,0.6809393167495728,-0.060549087822437286,0.6900683045387268,0.6204521656036377,-0.07609746605157852,0.6899722218513489,0.5666273236274719,-0.087613545358181,0.6557884216308594,0.800384521484375,-0.05555643513798714,0.6425018906593323,0.7345014810562134,-0.07180723547935486,0.6351316571235657,0.690389096736908,-0.08018875867128372,0.6307719945907593,0.6494100093841553,-0.08614666759967804
0.7238637208938599,0.9603098034858704,4.3851997588717495e-07,0.7797266244888306,0.9476868510246277,-0.02423979714512825,0.8281669020652771,0.9039037227630615,-0.03789490461349487,0.8408122062683105,0.8593590259552002,-0.05130981653928757,0.8155038356781006,0.8558230400085449,-0.06586829572916031,0.8057243824005127,0.7688199281692505,-0.026909805834293365,0.835449755191803,0.6929473280906677,-0.046485550701618195,0.8519811630249023,0.643421471118927,-0.06347797065973282,0.8631259799003601,0.5973367094993591,-0.07735486328601837,0.7680468559265137,0.7519046068191528,-0.032998066395521164,0.7819380760192871,0.6579889059066772,-0.05040981248021126,0.7871180772781372,0.5951700806617737,-0.06763006001710892,0.7865313291549683,0.5405822992324829,-0.08138306438922882,0.73134446144104,0.759647786617279,-0.04162027686834335,0.7317670583724976,0.6685394644737244,-0.05951932445168495,0.7310248017311096,0.6081355810165405,-0.07700423151254654,0.7283880710601807,0.554893970489502,-0.08994153141975403,0.6946990489959717,0.7872304916381836,-0.05265425145626068,0.6797987818717957,0.7190911173820496,-0.0709788128733635,0.6681562066078186,0.6747184991836548,-0.08231174200773239,0.6577267646789551,0.6329366564750671,-0.09058867394924164
0.770734429359436,0.9689071178436279,4.1604081957302697e-07,0.8225372433662415,0.946144700050354,-0.022587919607758522,0.8692176342010498,0.8902869820594788,-0.0337819941341877,0.8599462509155273,0.8370383977890015,-0.04470190033316612,0.822019100189209,0.8278259634971619,-0.05641886219382286,0.858887255191803,0.7690263986587524,-0.02121940813958645,0.8915818333625793,0.6960741281509399,-0.03997991979122162,0.9111377000808716,0.6487449407577515,-0.05622495710849762,0.9259029626846313,0.60505211353302,-0.06918222457170486,0.8229379653930664,0.7493175864219666,-0.02747425064444542,0.8390064239501953,0.6566421389579773,-0.04331566393375397,0.8464517593383789,0.5935783386230469,-0.05930597707629204,0.8485901355743408,0.5374751091003418,-0.07186421751976013,0.788249671459198,0.7567194700241089,-0.036621835082769394,0.7875872850418091,0.6674548387527466,-0.05367664620280266,0.7869146466255188,0.607042133808136,-0.07025793939828873,0.7850516438484192,0.5522884726524353,-0.08228820562362671,0.7520047426223755,0.7847033739089966,-0.04816906154155731,0.739628791809082,0.7173318862915039,-0.06498312950134277,0.7301154732704163,0.6728581786155701,-0.07498865574598312,0.7208200097084045,0.6298215389251709,-0.08236216753721237
0.7759988903999329,0.9683528542518616,4.152414305735874e-07,0.8279315233230591,0.9455487728118896,-0.022242289036512375,0.8738753795623779,0.8887541890144348,-0.033264465630054474,0.8674353957176208,0.8348194360733032,-0.04405134543776512,0.8287596702575684,0.829248309135437,-0.05578728765249252,0.8634117841720581,0.7680714130401611,-0.021470630541443825,0.8970730304718018,0.6948463916778564,-0.039055757224559784,0.9163094162940979,0.6468784809112549,-0.05480930581688881,0.9303699731826782,0.6023004055023193,-0.06792472302913666,0.8272585868835449,0.7485668659210205,-0.02797078713774681,0.84335857629776,0.6560630798339844,-0.04287636652588844,0.8508358001708984,0.593625009059906,-0.058695726096630096,0.8525163531303406,0.5378476977348328,-0.07153836637735367,0.7920386791229248,0.7558072209358215,-0.03716551885008812,0.7935582399368286,0.6661789417266846,-0.05366441607475281,0.7939762473106384,0.6053268313407898,-0.0708935558795929,0.7920807600021362,0.5501167178153992,-0.08377055823802948,0.7553988099098206,0.7834527492523193,-0.04867884889245033,0.7438973784446716,0.7163723707199097,-0.06553862243890762,0.7342171669006348,0.6726254224777222,-0.076060451567173,0.7237434983253479,0.631058931350708,-0.0840558260679245
0.7902594804763794,0.9358663558959961,4.276904519429081e-07,0.844786524772644,0.9161701202392578,-0.023692240938544273,0.8944936394691467,0.8646535277366638,-0.03595130518078804,0.89528888463974,0.8104660511016846,-0.047404564917087555,0.8608654141426086,0.7975591421127319,-0.05969785898923874,0.8803649544715881,0.7463483810424805,-0.025706281885504723,0.9157989025115967,0.6748073697090149,-0.0454089380800724,0.9363802075386047,0.6271457076072693,-0.062173306941986084,0.9518289566040039,0.5828876495361328,-0.07550344616174698,0.8451966643333435,0.7255091071128845,-0.03154972940683365,0.8623983860015869,0.6312409043312073,-0.04883066564798355,0.8696916699409485,0.5677323341369629,-0.06550192832946777,0.871639609336853,0.5112196207046509,-0.07857345044612885,0.810255229473114,0.7306163311004639,-0.03991303965449333,0.8139016032218933,0.6400589346885681,-0.0585351437330246,0.814242959022522,0.5795995593070984,-0.07580707222223282,0.8129309415817261,0.5251697897911072,-0.08821581304073334,0.7738491892814636,0.756428599357605,-0.05051921680569649,0.7631627917289734,0.6879734396934509,-0.06917763501405716,0.7529470920562744,0.6431376338005066,-0.0800890251994133,0.7426502704620361,0.6004939675331116,-0.08791019767522812
0.7899464964866638,0.9173281788825989,4.3224483192716434e-07,0.843011736869812,0.8983082175254822,-0.022387061268091202,0.8900831937789917,0.848580002784729,-0.03434246405959129,0.8931607604026794,0.7961786985397339,-0.045861583203077316,0.861284077167511,0.7782475352287292,-0.05816175416111946,0.8783506155014038,0.7290048599243164,-0.02397148683667183,0.9138763546943665,0.6592456102371216,-0.04410838708281517,0.9356077909469604,0.612777590751648,-0.061078473925590515,0.9522618651390076,0.5705580711364746,-0.07414919137954712,0.8439158201217651,0.7086554765701294,-0.030380943790078163,0.8604766130447388,0.6142053604125977,-0.0476907417178154,0.8670419454574585,0.551322340965271,-0.06415405124425888,0.8689296245574951,0.496243953704834,-0.07682555913925171,0.8088902235031128,0.7145067453384399,-0.03935634344816208,0.812962532043457,0.6241052746772766,-0.05773787200450897,0.8124926686286926,0.5631535053253174,-0.07412383705377579,0.811517059803009,0.507684588432312,-0.08585352450609207,0.7717455625534058,0.7410107254981995,-0.05049573630094528,0.7610405683517456,0.6742178201675415,-0.06897658109664917,0.7519060969352722,0.6297951936721802,-0.07914191484451294,0.7437713742256165,0.5872195959091187,-0.08620870113372803
0.7842841148376465,0.8902384042739868,4.2629716290321085e-07,0.8380599021911621,0.8676040768623352,-0.021641254425048828,0.8844004273414612,0.8168128728866577,-0.033291611820459366,0.8874792456626892,0.7652813196182251,-0.04474260285496712,0.8563902378082275,0.7448127865791321,-0.0568099170923233,0.8717755079269409,0.6999815106391907,-0.02303147129714489,0.9071300625801086,0.6290070414543152,-0.042788099497556686,0.9271703958511353,0.5816200375556946,-0.059266168624162674,0.9416329860687256,0.5381823182106018,-0.07187836617231369,0.837035059928894,0.6796058416366577,-0.029549987986683846,0.8538668155670166,0.5839912295341492,-0.046620313078165054,0.8601011037826538,0.5206214785575867,-0.062346525490283966,0.860922634601593,0.4649127721786499,-0.07426631450653076,0.801605224609375,0.6849280595779419,-0.03863777220249176,0.8043597936630249,0.5944706201553345,-0.05632138252258301,0.804510772228241,0.5346704721450806,-0.07163826376199722,0.8035692572593689,0.479905366897583,-0.08251527696847916,0.7644873857498169,0.7106578946113586,-0.04993484541773796,0.7536351680755615,0.6435399651527405,-0.06739002466201782,0.7442960143089294,0.5988854765892029,-0.0767616257071495,0.7355836629867554,0.5558123588562012,-0.0832025483250618
0.7786811590194702,0.8685020208358765,4.4804730237046897e-07,0.8326882123947144,0.8475428819656372,-0.024392852559685707,0.8808165192604065,0.7941537499427795,-0.03638763353228569,0.8801095485687256,0.7396810054779053,-0.047449156641960144,0.8445159196853638,0.7256097793579102,-0.05911767855286598,0.8669647574424744,0.6768590211868286,-0.024703677743673325,0.9003020524978638,0.6054113507270813,-0.044077690690755844,0.9200996160507202,0.5577741265296936,-0.060647182166576385,0.9351456761360168,0.5143213272094727,-0.07360213249921799,0.8314656615257263,0.656006932258606,-0.02978472039103508,0.8481643795967102,0.5623568296432495,-0.04619794338941574,0.854123592376709,0.4992511570453644,-0.062179576605558395,0.855053186416626,0.4441535770893097,-0.07467558234930038,0.7956425547599792,0.6612992286682129,-0.037646450102329254,0.7981376051902771,0.5722561478614807,-0.05505097657442093,0.7972285747528076,0.5109511613845825,-0.07132463902235031,0.7949063777923584,0.4555394947528839,-0.08311974257230759,0.7577584385871887,0.6869064569473267,-0.04796057567000389,0.7472944259643555,0.6194854974746704,-0.06545655429363251,0.7372397184371948,0.5743443965911865,-0.07550419121980667,0.7270105481147766,0.5304923057556152,-0.08274976164102554
0.7681545615196228,0.8284039497375488,4.3352534362384176e-07,0.8223868608474731,0.8086347579956055,-0.026942232623696327,0.8708156943321228,0.7516759634017944,-0.0396864227950573,0.8696678280830383,0.6929250955581665,-0.05110614374279976,0.8346582055091858,0.6773703098297119,-0.06302957981824875,0.8575143814086914,0.6267426013946533,-0.02536197192966938,0.8910775184631348,0.5546531081199646,-0.04434971511363983,0.9101016521453857,0.5077487826347351,-0.06081065908074379,0.923527717590332,0.4647699296474457,-0.07408355921506882,0.819325864315033,0.6064565181732178,-0.029212554916739464,0.8345089554786682,0.512692928314209,-0.04585465043783188,0.8395320177078247,0.45185890793800354,-0.06224389374256134,0.8387089967727661,0.399009108543396,-0.07504913955926895,0.7818028330802917,0.6134744882583618,-0.03611282259225845,0.7824430465698242,0.5235412120819092,-0.05434038117527962,0.7808560132980347,0.4636305272579193,-0.07137706875801086,0.7772042155265808,0.4103333353996277,-0.08365227282047272,0.7431265711784363,0.6417310237884521,-0.04560418799519539,0.7318257093429565,0.5739390254020691,-0.06400968134403229,0.7216407656669617,0.5299955010414124,-0.07488865405321121,0.7110866904258728,0.48797959089279175,-0.08266560733318329
0.7609358429908752,0.8217549324035645,4.3990843323626905e-07,0.8180831074714661,0.8012278079986572,-0.025835469365119934,0.8671644330024719,0.741214394569397,-0.03710482269525528,0.8623430132865906,0.6835541129112244,-0.046988874673843384,0.8232475519180298,0.6725239157676697,-0.057455915957689285,0.8506501913070679,0.6205109357833862,-0.025320716202259064,0.8855699300765991,0.5468531847000122,-0.043331556022167206,0.904681384563446,0.4986010789871216,-0.05887366086244583,0.9179697036743164,0.4546682834625244,-0.07148217409849167,0.8120238780975342,0.5990020632743835,-0.029093895107507706,0.8280720710754395,0.5043200850486755,-0.04418943449854851,0.8335383534431458,0.44297581911087036,-0.05939966067671776,0.8331308960914612,0.38993218541145325,-0.0715462937951088,0.7750321626663208,0.6051287651062012,-0.03565688803792,0.7760702967643738,0.5152613520622253,-0.05185865983366966,0.7755776643753052,0.45541930198669434,-0.06781968474388123,0.772668719291687,0.4020870327949524,-0.0796932652592659,0.7368621826171875,0.6329588890075684,-0.044775933027267456,0.7245450615882874,0.5651182532310486,-0.06103674694895744,0.7149121761322021,0.520689070224762,-0.07054733484983444,0.7047585248947144,0.47845545411109924,-0.07765375077724457
0.7462877035140991,0.8125990033149719,4.3810416627820814e-07,0.8041057586669922,0.7921357154846191,-0.025169864296913147,0.8512164354324341,0.7287652492523193,-0.03492278605699539,0.8479975461959839,0.6704081296920776,-0.043503664433956146,0.8109191656112671,0.6593660116195679,-0.0525527261197567,0.8364987373352051,0.6105930209159851,-0.022074775770306587,0.873157799243927,0.5392362475395203,-0.03945804014801979,0.8932088017463684,0.490548312664032,-0.05498885735869408,0.9069163203239441,0.4472115635871887,-0.06766259670257568,0.7978776693344116,0.5884576439857483,-0.025653377175331116,0.8140419721603394,0.4937935471534729,-0.04048026353120804,0.8207969069480896,0.4316711723804474,-0.05584358423948288,0.8218703866004944,0.3782978653907776,-0.06795460730791092,0.7611043453216553,0.5941340327262878,-0.03220141679048538,0.7619497776031494,0.5048883557319641,-0.04823288694024086,0.76224285364151,0.44461512565612793,-0.06443812698125839,0.760564386844635,0.3909326493740082,-0.07634413987398148,0.7237897515296936,0.6210084557533264,-0.041319843381643295,0.7117555141448975,0.5538681745529175,-0.05736025422811508,0.7028812170028687,0.5084072947502136,-0.0671207383275032,0.6941373944282532,0.4654579758644104,-0.07440108060836792
0.7345446944236755,0.8038913607597351,4.556266048894031e-07,0.7897094488143921,0.779881477355957,-0.02456371672451496,0.8344022035598755,0.7204799652099609,-0.0350654162466526,0.831389844417572,0.6652050018310547,-0.04460681602358818,0.7984074354171753,0.6468610167503357,-0.05440136790275574,0.821404755115509,0.601161777973175,-0.02209794893860817,0.8590630292892456,0.5297735929489136,-0.04054898023605347,0.8802148103713989,0.48145508766174316,-0.0566021129488945,0.8950104713439941,0.43866613507270813,-0.06916599720716476,0.7832413911819458,0.5800125002861023,-0.026057206094264984,0.8004916906356812,0.48524922132492065,-0.04177029803395271,0.8076671957969666,0.4235740005970001,-0.057484596967697144,0.8094750046730042,0.3713012933731079,-0.06969340145587921,0.7465051412582397,0.5858322978019714,-0.03305235877633095,0.7486370205879211,0.4971681237220764,-0.04958939552307129,0.7499253153800964,0.4366408586502075,-0.06581299006938934,0.7496108412742615,0.38257157802581787,-0.07764080911874771,0.7087950110435486,0.6125669479370117,-0.042541421949863434,0.6987451314926147,0.5457037687301636,-0.05902356654405594,0.6902310848236084,0.49998027086257935,-0.06880556792020798,0.6817421913146973,0.4565669298171997,-0.0758744478225708
0.7117168307304382,0.7874130010604858,4.73987682880761e-07,0.7666785717010498,0.7593191862106323,-0.02325710654258728,0.8093471527099609,0.6970641613006592,-0.033081211149692535,0.8063633441925049,0.6426982879638672,-0.04188942909240723,0.770330011844635,0.6322580575942993,-0.050939373672008514,0.795039713382721,0.5825065970420837,-0.021474309265613556,0.8314352035522461,0.5081440210342407,-0.037621546536684036,0.8508878946304321,0.45751720666885376,-0.051939088851213455,0.8638113141059875,0.41237151622772217,-0.06373025476932526,0.7560736536979675,0.5623664855957031,-0.025285422801971436,0.7711005806922913,0.4661986827850342,-0.03869468718767166,0.7769957780838013,0.40395045280456543,-0.05238402634859085,0.7773958444595337,0.35228875279426575,-0.06345435231924057,0.7189996242523193,0.5682846307754517,-0.03184492513537407,0.7195111513137817,0.47785136103630066,-0.04609188437461853,0.7205792665481567,0.41749781370162964,-0.06087808683514595,0.7194895148277283,0.3639538288116455,-0.07201492041349411,0.6815680861473083,0.5945255160331726,-0.04086797684431076,0.6691849827766418,0.5274524092674255,-0.05586482211947441,0.6593384742736816,0.4821131229400635,-0.06496252119541168,0.6494772434234619,0.43930283188819885,-0.07165567576885223
0.6987278461456299,0.7807210087776184,4.595976292876003e-07,0.7516682147979736,0.7536932826042175,-0.025593439117074013,0.7943186163902283,0.6937857866287231,-0.036944590508937836,0.7879472374916077,0.6401532888412476,-0.04713551327586174,0.7537738084793091,0.6205345392227173,-0.05766306445002556,0.779356062412262,0.575194239616394,-0.023280765861272812,0.8150631189346313,0.5019552707672119,-0.04232020676136017,0.8344459533691406,0.4526740312576294,-0.05852127447724342,0.8477707505226135,0.4085563123226166,-0.0709666907787323,0.7404870390892029,0.5545827150344849,-0.026654811576008797,0.7565484046936035,0.4587553143501282,-0.04256703704595566,0.7634087204933167,0.3968411684036255,-0.058022528886795044,0.765525221824646,0.3440430164337158,-0.0698169469833374,0.7034614682197571,0.5610220432281494,-0.033141762018203735,0.7047908902168274,0.4708847105503082,-0.04985056445002556,0.7056689858436584,0.41077274084091187,-0.06604320555925369,0.705261766910553,0.35712528228759766,-0.07766185700893402,0.6667575240135193,0.5884910225868225,-0.042164091020822525,0.655278742313385,0.5222271084785461,-0.058774325996637344,0.645327627658844,0.47808945178985596,-0.06850438565015793,0.6354416608810425,0.43626904487609863,-0.07531075179576874
0.6861807107925415,0.7766050100326538,4.501261230416276e-07,0.7410743236541748,0.7475898265838623,-0.02463424578309059,0.7828617691993713,0.6850653290748596,-0.03503122925758362,0.7732349634170532,0.6317545771598816,-0.044313471764326096,0.7388651371002197,0.6137387156486511,-0.05393945425748825,0.7681516408920288,0.5687376856803894,-0.02182769402861595,0.8018639087677002,0.4931033253669739,-0.04017088934779167,0.8208656907081604,0.4442287087440491,-0.05581788718700409,0.8342060446739197,0.4019870162010193,-0.06770676374435425,0.7284393310546875,0.5488733649253845,-0.02507161721587181,0.7437699437141418,0.4526067078113556,-0.04002968594431877,0.7508412599563599,0.39114630222320557,-0.054936185479164124,0.7532866597175598,0.34058576822280884,-0.0663083866238594,0.6908079385757446,0.5554143786430359,-0.03142482787370682,0.6919680833816528,0.4638073444366455,-0.04702257737517357,0.6933716535568237,0.40410706400871277,-0.06281111389398575,0.6936167478561401,0.3525390625,-0.07420523464679718,0.6537560224533081,0.582963228225708,-0.0402403362095356,0.641487717628479,0.5155659317970276,-0.05616540461778641,0.6318371891975403,0.4701940417289734,-0.06575910747051239,0.6223626732826233,0.42818397283554077,-0.07243506610393524
0.6659516096115112,0.7708907723426819,4.497459542562865e-07,0.7180457711219788,0.7436997294425964,-0.026460399851202965,0.7596508860588074,0.6853896379470825,-0.038650594651699066,0.751966655254364,0.6328436136245728,-0.04957560449838638,0.7197129726409912,0.6117537617683411,-0.06072542071342468,0.7496175169944763,0.5666981339454651,-0.023959394544363022,0.7821471095085144,0.4909709692001343,-0.04344252869486809,0.8000812530517578,0.44148361682891846,-0.05962824076414108,0.8123043775558472,0.39826488494873047,-0.071710966527462,0.7094687223434448,0.5460707545280457,-0.02691684104502201,0.7243898510932922,0.4491446614265442,-0.043120160698890686,0.73054438829422,0.3869785666465759,-0.05844854936003685,0.732036828994751,0.3362872004508972,-0.0697803720831871,0.6710745692253113,0.552068293094635,-0.03309710696339607,0.6725206971168518,0.4612356722354889,-0.04960371553897858,0.6729651093482971,0.4002342224121094,-0.06520848721265793,0.672459065914154,0.3483933210372925,-0.0762358009815216,0.6328878998756409,0.579228937625885,-0.04189058020710945,0.6213638186454773,0.5127922296524048,-0.05791345238685608,0.6119899153709412,0.4680219888687134,-0.06685340404510498,0.6031303405761719,0.4274140000343323,-0.07288458943367004
0.6380245089530945,0.7816699743270874,4.529111947704223e-07,0.6888930797576904,0.7509241700172424,-0.022052815183997154,0.7229301333427429,0.6855250597000122,-0.030623819679021835,0.7187122702598572,0.6298675537109375,-0.038281504064798355,0.6860418915748596,0.6095625162124634,-0.045759283006191254,0.71591717004776,0.5692774057388306,-0.016705870628356934,0.7503921985626221,0.49276041984558105,-0.03267713263630867,0.7699400186538696,0.44424402713775635,-0.047323279082775116,0.7831871509552002,0.4035659730434418,-0.05846930295228958,0.6775521636009216,0.5484827756881714,-0.020167836919426918,0.692858874797821,0.45040950179100037,-0.03238493949174881,0.6995801329612732,0.3881954252719879,-0.04598688334226608,0.7010337710380554,0.3393937051296234,-0.05662241950631142,0.639656126499176,0.5544379949569702,-0.02667802758514881,0.6421252489089966,0.4627835750579834,-0.04007295146584511,0.643393337726593,0.4028594493865967,-0.054825589060783386,0.6421234607696533,0.3530118763446808,-0.06573262065649033,0.6012252569198608,0.5818213820457458,-0.035449523478746414,0.5898552536964417,0.5157711505889893,-0.05001718923449516,0.5815688371658325,0.4700663089752197,-0.05834897980093956,0.5730328559875488,0.4290124177932739,-0.06409607082605362
0.6215534210205078,0.7781884074211121,4.5221295863484556e-07,0.6739932298660278,0.746650218963623,-0.023887842893600464,0.7107667326927185,0.6829061508178711,-0.033411864191293716,0.7018083930015564,0.6297621130943298,-0.04231524094939232,0.6708351373672485,0.6027037501335144,-0.05134503170847893,0.7042989730834961,0.5689001083374023,-0.018283678218722343,0.737990140914917,0.49011707305908203,-0.03535435348749161,0.7551952600479126,0.43961453437805176,-0.05027389898896217,0.7662673592567444,0.3960101008415222,-0.06159108132123947,0.6638010740280151,0.5471171736717224,-0.02120300382375717,0.6787900924682617,0.44965142011642456,-0.0348544716835022,0.6845813989639282,0.3879038691520691,-0.04962886497378349,0.6857214570045471,0.33734452724456787,-0.06085754558444023,0.6241012811660767,0.552263617515564,-0.027329636737704277,0.6260324120521545,0.4594578444957733,-0.04133060947060585,0.6265987157821655,0.40111708641052246,-0.05677621066570282,0.625646710395813,0.3516156077384949,-0.06814420968294144,0.5849945545196533,0.5789055824279785,-0.0359320305287838,0.575459897518158,0.5135264992713928,-0.050593968480825424,0.5660470128059387,0.47021225094795227,-0.05942699685692787,0.556014895439148,0.4318894147872925,-0.065438412129879
0.598617434501648,0.777684211730957,4.980307721780264e-07,0.6542794108390808,0.7470506429672241,-0.030443837866187096,0.6933674812316895,0.6846691966056824,-0.042830776423215866,0.6783612966537476,0.6298527717590332,-0.053211409598588943,0.6444740295410156,0.6068806052207947,-0.06344450265169144,0.6775984168052673,0.5679307579994202,-0.022951500490307808,0.7112852334976196,0.4898369014263153,-0.041877832263708115,0.7289800643920898,0.440085768699646,-0.05862066149711609,0.7409427762031555,0.39724934101104736,-0.07088020443916321,0.6351812481880188,0.545927107334137,-0.022896310314536095,0.6503217816352844,0.4474654793739319,-0.03710191696882248,0.6569398641586304,0.38520097732543945,-0.05234566703438759,0.6594054102897644,0.3349143862724304,-0.06372890621423721,0.5957228541374207,0.5514232516288757,-0.026626694947481155,0.5974829792976379,0.45910680294036865,-0.0410165898501873,0.5996145606040955,0.3993501663208008,-0.05649498850107193,0.600571870803833,0.3490964472293854,-0.06762325763702393,0.5579989552497864,0.5795204639434814,-0.03343632444739342,0.5468252301216125,0.5130259394645691,-0.047717731446027756,0.5394311547279358,0.46855175495147705,-0.056102633476257324,0.5318343639373779,0.4284266531467438,-0.061726026237010956
0.5681140422821045,0.7755349278450012,4.998054805582797e-07,0.620556116104126,0.7454183101654053,-0.02828960306942463,0.654047429561615,0.6783111691474915,-0.03830579295754433,0.6334899663925171,0.6217299699783325,-0.04599529877305031,0.5986977815628052,0.5958428382873535,-0.053339313715696335,0.6413587927818298,0.5624569058418274,-0.021122409030795097,0.6748262047767639,0.4828128516674042,-0.03806432709097862,0.6938170194625854,0.43036410212516785,-0.0528922975063324,0.7074289917945862,0.3858335316181183,-0.06402308493852615,0.6008105278015137,0.5399760603904724,-0.021258598193526268,0.616758406162262,0.4408760070800781,-0.03354549780488014,0.6245220899581909,0.37782734632492065,-0.04688289761543274,0.6291265487670898,0.32861602306365967,-0.05714884400367737,0.562952995300293,0.5450907349586487,-0.025110498070716858,0.5648217797279358,0.4510115683078766,-0.03803082928061485,0.5686891078948975,0.38899943232536316,-0.052883755415678024,0.5721970200538635,0.3382362425327301,-0.06389451771974564,0.5254888534545898,0.5728396773338318,-0.03186851739883423,0.5135871171951294,0.5067091584205627,-0.04531925916671753,0.5078724026679993,0.46007317304611206,-0.05398518219590187,0.5039669871330261,0.41779911518096924,-0.06018749251961708
0.5139225125312805,0.7614622712135315,4.669345230468025e-07,0.5646190047264099,0.7302737236022949,-0.0253065824508667,0.5999043583869934,0.6661773324012756,-0.03641192615032196,0.5753392577171326,0.6105806827545166,-0.04562367871403694,0.5405290126800537,0.5879153609275818,-0.05435413122177124,0.5968015193939209,0.5547608137130737,-0.022415321320295334,0.6297992467880249,0.47589927911758423,-0.03947865590453148,0.6474802494049072,0.42363232374191284,-0.05390530079603195,0.6592140197753906,0.37949860095977783,-0.064761221408844,0.5564467310905457,0.5326570868492126,-0.02495722286403179,0.5725361704826355,0.4338339865207672,-0.038497403264045715,0.578464150428772,0.3694172501564026,-0.05215519666671753,0.5803452730178833,0.3188187777996063,-0.06270592659711838,0.5189672112464905,0.5374075770378113,-0.03064725548028946,0.5160984396934509,0.44660332798957825,-0.04502127692103386,0.5174262523651123,0.3867872357368469,-0.059318654239177704,0.5176888704299927,0.33762598037719727,-0.0696697011590004,0.4798944592475891,0.5627718567848206,-0.03881646320223808,0.463697224855423,0.49135398864746094,-0.05337795987725258,0.4554097056388855,0.4425364136695862,-0.06150803342461586,0.44914644956588745,0.3970171809196472,-0.0671280175447464
0.49488943815231323,0.7579652667045593,4.922434868603887e-07,0.5453952550888062,0.7305532693862915,-0.029439080506563187,0.5829867124557495,0.6749647855758667,-0.043996650725603104,0.5607454776763916,0.6224029064178467,-0.056463174521923065,0.5326269865036011,0.5908545851707458,-0.06863176077604294,0.5801524519920349,0.5496357083320618,-0.02812090702354908,0.6117647290229797,0.471055805683136,-0.04943099617958069,0.6288490891456604,0.41969722509384155,-0.06679660826921463,0.6406383514404297,0.3747796416282654,-0.0793740451335907,0.5370272994041443,0.5277888178825378,-0.030152613297104836,0.5526835918426514,0.42886197566986084,-0.047305986285209656,0.5601364970207214,0.3674823045730591,-0.06307484209537506,0.5644146203994751,0.318415105342865,-0.07470192760229111,0.4966108500957489,0.5331422686576843,-0.03579549118876457,0.4956304430961609,0.43984344601631165,-0.05300603806972504,0.49744144082069397,0.3805118203163147,-0.06866269558668137,0.4998999536037445,0.33115676045417786,-0.0797106996178627,0.4557947516441345,0.5610995888710022,-0.04427065700292587,0.4456803798675537,0.4896770119667053,-0.06051578372716904,0.4399194121360779,0.4425617456436157,-0.06936003267765045,0.4365246295928955,0.3986988067626953,-0.07532241940498352
0.47694769501686096,0.7578038573265076,4.6951163312769495e-07,0.527934730052948,0.7314910888671875,-0.029795991256833076,0.5672005414962769,0.6718358993530273,-0.043647345155477524,0.5436502695083618,0.6141169667243958,-0.05516570806503296,0.5060388445854187,0.5897198915481567,-0.06661444157361984,0.5614458322525024,0.552767276763916,-0.027981311082839966,0.59474116563797,0.4742632508277893,-0.047369584441185,0.6120550036430359,0.42192506790161133,-0.0632498562335968,0.6244674921035767,0.3768566846847534,-0.07540253549814224,0.5194799304008484,0.5293920040130615,-0.02940426953136921,0.5355653166770935,0.4310343265533447,-0.0450705885887146,0.5433287620544434,0.36848169565200806,-0.06033230572938919,0.5479255318641663,0.3187377154827118,-0.07210978120565414,0.4809943735599518,0.5338746905326843,-0.034239206463098526,0.48107022047042847,0.4413365125656128,-0.050646889954805374,0.48385927081108093,0.38030609488487244,-0.06724350899457932,0.48687249422073364,0.3308117389678955,-0.07933774590492249,0.44281721115112305,0.5604508519172668,-0.04185599833726883,0.4279135465621948,0.4905332326889038,-0.05786473676562309,0.42018407583236694,0.442577064037323,-0.06797035783529282,0.41538214683532715,0.3991570770740509,-0.0752977728843689
0.41580477356910706,0.7668406963348389,4.900494445791992e-07,0.46773192286491394,0.7403990626335144,-0.030411994084715843,0.5085098743438721,0.6744171380996704,-0.04244983196258545,0.48237890005111694,0.6176437139511108,-0.05201955512166023,0.44276461005210876,0.5990825891494751,-0.06148185953497887,0.500174880027771,0.5562338829040527,-0.023855336010456085,0.5322407484054565,0.4791077971458435,-0.04241836071014404,0.5505039095878601,0.42723578214645386,-0.05874492600560188,0.5648913979530334,0.38292092084884644,-0.07116255909204483,0.4566628038883209,0.5334917902946472,-0.024079211056232452,0.47105368971824646,0.43646764755249023,-0.038136836141347885,0.47868409752845764,0.37571659684181213,-0.05307789146900177,0.4845012426376343,0.32642555236816406,-0.06460113078355789,0.41765594482421875,0.5387276411056519,-0.028098981827497482,0.4176323413848877,0.4493190050125122,-0.04201097786426544,0.42178454995155334,0.39001941680908203,-0.05726601928472519,0.4268086850643158,0.339668333530426,-0.06873392313718796,0.3791519105434418,0.5663845539093018,-0.03532975912094116,0.3698092997074127,0.4995623528957367,-0.048218972980976105,0.3648567795753479,0.454822301864624,-0.05626070871949196,0.3615976870059967,0.4123150110244751,-0.06251627206802368
0.39551857113838196,0.7701318264007568,4.6322585944835737e-07,0.44629931449890137,0.744158148765564,-0.027334988117218018,0.48031139373779297,0.6741278171539307,-0.03720366209745407,0.45483750104904175,0.61306232213974,-0.045065052807331085,0.41461044549942017,0.5957018136978149,-0.05305204167962074,0.4775873124599457,0.5574182271957397,-0.021197034046053886,0.5110601782798767,0.47969338297843933,-0.03767789900302887,0.5297776460647583,0.427309513092041,-0.052578333765268326,0.543606698513031,0.38321733474731445,-0.06435123831033707,0.4360780417919159,0.5354825258255005,-0.022564297541975975,0.4501309096813202,0.4376135468482971,-0.03544239327311516,0.4592614471912384,0.3757955729961395,-0.04911719635128975,0.46571481227874756,0.32721275091171265,-0.05992693454027176,0.39723092317581177,0.5414907336235046,-0.027542881667613983,0.3975526690483093,0.44838330149650574,-0.041452556848526,0.40313535928726196,0.3882924020290375,-0.056520696729421616,0.40818116068840027,0.33894625306129456,-0.06777935475111008,0.35805022716522217,0.568668007850647,-0.03538934886455536,0.34803155064582825,0.49873870611190796,-0.049928367137908936,0.3438076376914978,0.45095646381378174,-0.05915582552552223,0.34099510312080383,0.40649062395095825,-0.06608036905527115
0.33923983573913574,0.7776994109153748,5.036328047935967e-07,0.38997772336006165,0.7423243522644043,-0.026369068771600723,0.422189325094223,0.6706029176712036,-0.035928793251514435,0.39387640357017517,0.612820029258728,-0.043307818472385406,0.35587626695632935,0.596301794052124,-0.050044286996126175,0.41901668906211853,0.5608888864517212,-0.01812293566763401,0.45479685068130493,0.48145365715026855,-0.03354614973068237,0.47385916113853455,0.4283471405506134,-0.04789883270859718,0.48719027638435364,0.383795827627182,-0.05893303081393242,0.3788892924785614,0.5393908023834229,-0.01918632537126541,0.3949708342552185,0.4394010901451111,-0.03047795034945011,0.40264493227005005,0.37536412477493286,-0.04312747344374657,0.4072500765323639,0.32549822330474854,-0.053033772855997086,0.3418601453304291,0.5448716878890991,-0.023888418450951576,0.3407999873161316,0.4539424180984497,-0.03617279604077339,0.34415119886398315,0.39341700077056885,-0.04985522851347923,0.34655138850212097,0.34359505772590637,-0.06008560582995415,0.3045588731765747,0.5713404417037964,-0.03136904910206795,0.29517972469329834,0.5032499432563782,-0.043644726276397705,0.2906467914581299,0.45801204442977905,-0.050233423709869385,0.2865718603134155,0.4167481064796448,-0.05513167008757591
0.3165220320224762,0.7759231925010681,5.057046337242355e-07,0.36674851179122925,0.7437328100204468,-0.027346687391400337,0.3952087163925171,0.6737315654754639,-0.03789959102869034,0.36262694001197815,0.6183822751045227,-0.04648488387465477,0.32530221343040466,0.5959872603416443,-0.0549488328397274,0.3910064697265625,0.5602807402610779,-0.022488677874207497,0.4228029251098633,0.4773446321487427,-0.04066326841711998,0.4403553307056427,0.42166954278945923,-0.05683012306690216,0.4533621370792389,0.3733752369880676,-0.06911099702119827,0.349281370639801,0.5403480529785156,-0.02397870272397995,0.3637180030345917,0.44083014130592346,-0.03756815940141678,0.37247809767723083,0.3774387240409851,-0.05233466625213623,0.3792612850666046,0.3257511258125305,-0.06393787264823914,0.31098005175590515,0.5470191836357117,-0.029068881645798683,0.3090652525424957,0.45541080832481384,-0.04293849691748619,0.3142393231391907,0.39419594407081604,-0.05851166695356369,0.3192901611328125,0.3427974581718445,-0.07022473216056824,0.2726735770702362,0.5745089054107666,-0.03702748566865921,0.2643769681453705,0.5052424073219299,-0.05056806653738022,0.26147186756134033,0.45794808864593506,-0.05902514234185219,0.2595177888870239,0.41456139087677,-0.065505750477314
0.29395416378974915,0.7760530114173889,5.005213665754127e-07,0.343747079372406,0.7435307502746582,-0.030183790251612663,0.3734240233898163,0.6725123524665833,-0.041233912110328674,0.33860665559768677,0.6159589886665344,-0.04975060001015663,0.2976483702659607,0.594660222530365,-0.05775279179215431,0.3662330210208893,0.5578029155731201,-0.02188321389257908,0.3972148001194,0.4734105169773102,-0.03941730782389641,0.4155837893486023,0.41842004656791687,-0.05522313341498375,0.4302709102630615,0.3713489770889282,-0.06722554564476013,0.3249339163303375,0.5382183790206909,-0.021471891552209854,0.3383125066757202,0.43812209367752075,-0.033508576452732086,0.345615953207016,0.3750680983066559,-0.04764588177204132,0.3514253497123718,0.32487040758132935,-0.05873732268810272,0.2884364724159241,0.5449128150939941,-0.024990525096654892,0.2886134088039398,0.4534383714199066,-0.037307869642972946,0.29339954257011414,0.39261138439178467,-0.05249454081058502,0.29788875579833984,0.3420999348163605,-0.064130038022995,0.2531326115131378,0.5735949277877808,-0.031730882823467255,0.2417147159576416,0.5106186270713806,-0.04425426572561264,0.23537993431091309,0.46885332465171814,-0.05223839357495308,0.2293790876865387,0.43026626110076904,-0.058320339769124985
0.26208508014678955,0.7703649997711182,5.22323091445287e-07,0.3104156255722046,0.7336662411689758,-0.0286528542637825,0.33702749013900757,0.6601760387420654,-0.038604699075222015,0.29823949933052063,0.6045801639556885,-0.045969631522893906,0.2572513520717621,0.5872979164123535,-0.05256643891334534,0.3286948800086975,0.5491853952407837,-0.017118409276008606,0.35792967677116394,0.46766942739486694,-0.03271712362766266,0.37495121359825134,0.413385272026062,-0.047297704964876175,0.38785791397094727,0.36849766969680786,-0.058340322226285934,0.2881341278553009,0.5305323600769043,-0.016887100413441658,0.30199936032295227,0.4318874180316925,-0.02771744318306446,0.3090517520904541,0.36800962686538696,-0.04063783958554268,0.31443077325820923,0.3169166147708893,-0.050917599350214005,0.25215211510658264,0.5373051166534424,-0.02085156738758087,0.2524610459804535,0.4439676105976105,-0.03210901468992233,0.25706982612609863,0.38354095816612244,-0.04625954106450081,0.2614540159702301,0.3343338966369629,-0.05693693459033966,0.2162606567144394,0.5651360154151917,-0.0279522892087698,0.20424652099609375,0.4964381754398346,-0.038997020572423935,0.19988709688186646,0.449548602104187,-0.046483978629112244,0.19724765419960022,0.4057488739490509,-0.052358709275722504
0.2506731152534485,0.7682772874832153,4.859639375354163e-07,0.297987163066864,0.7306199669837952,-0.02688489481806755,0.3219359815120697,0.6602280735969543,-0.03711928054690361,0.28632715344429016,0.6047152280807495,-0.04535682499408722,0.24855546653270721,0.5798632502555847,-0.05293797701597214,0.31861186027526855,0.5508149266242981,-0.01790175959467888,0.3474838137626648,0.4678027331829071,-0.03485042229294777,0.3644252419471741,0.4126929044723511,-0.0506955161690712,0.37746158242225647,0.36504048109054565,-0.06265266984701157,0.27866971492767334,0.5304554104804993,-0.019135238602757454,0.29045191407203674,0.4295288920402527,-0.03133922815322876,0.2967638075351715,0.3657761812210083,-0.04586707428097725,0.30129900574684143,0.3141673505306244,-0.05734119564294815,0.24247419834136963,0.535695493221283,-0.024182945489883423,0.24069902300834656,0.44350388646125793,-0.037292104214429855,0.24448345601558685,0.38170182704925537,-0.05232527107000351,0.2475988119840622,0.3310445547103882,-0.06352598965167999,0.2058607041835785,0.5610371828079224,-0.03212293982505798,0.19483017921447754,0.4915250539779663,-0.04480664059519768,0.18998152017593384,0.4438493847846985,-0.05262942984700203,0.18673548102378845,0.40020257234573364,-0.05858795344829559
0.24195873737335205,0.7620475888252258,4.981703227713297e-07,0.28912222385406494,0.7236563563346863,-0.026857519522309303,0.31427323818206787,0.6516821384429932,-0.03684816136956215,0.27758145332336426,0.5973737835884094,-0.04478895664215088,0.23696008324623108,0.5769120454788208,-0.05218200758099556,0.30663445591926575,0.5422441363334656,-0.017609456554055214,0.33430859446525574,0.45832234621047974,-0.0342005118727684,0.35101407766342163,0.40393298864364624,-0.049296412616968155,0.3644019365310669,0.3577198088169098,-0.06058735400438309,0.2663748562335968,0.5230052471160889,-0.018391763791441917,0.2777954041957855,0.42222750186920166,-0.029789669439196587,0.28452426195144653,0.35868939757347107,-0.0431843101978302,0.2899315655231476,0.30907905101776123,-0.053683385252952576,0.23033170402050018,0.5293453335762024,-0.023057913407683372,0.22776687145233154,0.4370332360267639,-0.034905362874269485,0.23188535869121552,0.37643685936927795,-0.049382638186216354,0.23631367087364197,0.32739174365997314,-0.06036914139986038,0.19456395506858826,0.5568447113037109,-0.030667198821902275,0.18171364068984985,0.4909994602203369,-0.042325373739004135,0.17631129920482635,0.4450841546058655,-0.049955446273088455,0.17324164509773254,0.4023205041885376,-0.055914297699928284
0.2241213172674179,0.7476033568382263,5.190389629206038e-07,0.27001672983169556,0.7090619206428528,-0.027762705460190773,0.2938271164894104,0.6368600130081177,-0.03819978982210159,0.25503119826316833,0.5827426910400391,-0.04621656611561775,0.21276599168777466,0.565143883228302,-0.05361892655491829,0.2885144054889679,0.5322129726409912,-0.019542964175343513,0.3172018527984619,0.44848406314849854,-0.03654477745294571,0.3333356976509094,0.3936263918876648,-0.05209653452038765,0.3458901047706604,0.34636256098747253,-0.06371592730283737,0.24889327585697174,0.5127533674240112,-0.019800860434770584,0.26227739453315735,0.4137846827507019,-0.031550150364637375,0.2681024670600891,0.34982454776763916,-0.04544935002923012,0.27142906188964844,0.2986646592617035,-0.056211117655038834,0.21283508837223053,0.5183407664299011,-0.023736407980322838,0.21065959334373474,0.42858368158340454,-0.03548571839928627,0.21375498175621033,0.3679756224155426,-0.04924185574054718,0.21582069993019104,0.31842565536499023,-0.05965243652462959,0.1768626570701599,0.5445446372032166,-0.030700327828526497,0.16626673936843872,0.4806852340698242,-0.04139970988035202,0.16206619143486023,0.43672969937324524,-0.04740545526146889,0.15906448662281036,0.39679789543151855,-0.052172716706991196
0.2160392701625824,0.7142813205718994,4.889022875431692e-07,0.2614327669143677,0.6786417365074158,-0.028674447908997536,0.2863505482673645,0.6076900959014893,-0.03893844410777092,0.2502763569355011,0.5512510538101196,-0.04658263176679611,0.2119879424571991,0.5266813039779663,-0.05327779799699783,0.28260913491249084,0.500961184501648,-0.01964988000690937,0.310044527053833,0.4164130389690399,-0.035872019827365875,0.32505908608436584,0.36191385984420776,-0.05013439804315567,0.33646366000175476,0.31674522161483765,-0.06068412587046623,0.2431841790676117,0.48220062255859375,-0.01862131990492344,0.25454795360565186,0.3826219439506531,-0.03023000806570053,0.2591376006603241,0.32068800926208496,-0.04309376701712608,0.26190638542175293,0.2729986906051636,-0.052523717284202576,0.2078837901353836,0.48780006170272827,-0.02133367955684662,0.20511172711849213,0.3979400396347046,-0.03293699398636818,0.20692037045955658,0.3376743793487549,-0.04616383835673332,0.20829129219055176,0.2889004349708557,-0.05583881214261055,0.17260749638080597,0.5134340524673462,-0.027117181569337845,0.1610194742679596,0.45143675804138184,-0.038295354694128036,0.15550938248634338,0.40856051445007324,-0.04480781406164169,0.15144255757331848,0.36983001232147217,-0.049403782933950424
0.21655358374118805,0.7063862681388855,4.863408662458824e-07,0.26176702976226807,0.6691005229949951,-0.028116799890995026,0.2860325276851654,0.5974766612052917,-0.03818512335419655,0.24933765828609467,0.5428372621536255,-0.04593541845679283,0.20911112427711487,0.5221665501594543,-0.053037479519844055,0.2805899977684021,0.49068179726600647,-0.018684204667806625,0.3068898022174835,0.4061935245990753,-0.034881334751844406,0.3217724561691284,0.35145103931427,-0.0495268814265728,0.3335220217704773,0.30614763498306274,-0.06044112890958786,0.24034282565116882,0.4728641211986542,-0.018139857798814774,0.2500738501548767,0.3747720718383789,-0.02934030070900917,0.25433722138404846,0.31273528933525085,-0.0424022413790226,0.25724732875823975,0.2644537389278412,-0.0521964505314827,0.20493121445178986,0.4799513518810272,-0.021329661831259727,0.20226864516735077,0.3899500072002411,-0.032602157443761826,0.20331023633480072,0.32952192425727844,-0.04595472663640976,0.20427681505680084,0.280241459608078,-0.05593167617917061,0.17010146379470825,0.5076786279678345,-0.027589337900280952,0.15740898251533508,0.4469047486782074,-0.03868025168776512,0.15168547630310059,0.4043523669242859,-0.045237913727760315,0.14779242873191833,0.36595284938812256,-0.049994099885225296
0.23313546180725098,0.6928591132164001,5.224351866672805e-07,0.280409038066864,0.6545398831367493,-0.028546031564474106,0.3036831021308899,0.58235764503479,-0.0388287752866745,0.26156651973724365,0.5315989851951599,-0.046637676656246185,0.2196202427148819,0.5173706412315369,-0.053770761936903,0.2979859411716461,0.4746708869934082,-0.018627995625138283,0.32641252875328064,0.3890463709831238,-0.03407498449087143,0.3414818048477173,0.33396440744400024,-0.04790954291820526,0.3527277112007141,0.2885647416114807,-0.05802835151553154,0.25572794675827026,0.45928293466567993,-0.017702439799904823,0.2665401101112366,0.35948747396469116,-0.028013840317726135,0.26972660422325134,0.2959831655025482,-0.04017479345202446,0.2709178626537323,0.24733026325702667,-0.04918336868286133,0.21936668455600739,0.4679771959781647,-0.020568281412124634,0.21801500022411346,0.3777013123035431,-0.03080841153860092,0.2187597006559372,0.3161762058734894,-0.04334021732211113,0.21860657632350922,0.26584529876708984,-0.05254534259438515,0.18387742340564728,0.4971615672111511,-0.02656429260969162,0.17234967648983002,0.434347003698349,-0.036565348505973816,0.16669315099716187,0.3899664282798767,-0.04203667864203453,0.16236907243728638,0.34894296526908875,-0.04586530849337578
0.28081661462783813,0.6698136329650879,4.849942456530698e-07,0.32829025387763977,0.633507490158081,-0.028826124966144562,0.35398346185684204,0.5640899538993835,-0.0389849916100502,0.32068076729774475,0.511986494064331,-0.04693468287587166,0.28530627489089966,0.492220938205719,-0.054278381168842316,0.3430607318878174,0.44993337988853455,-0.01781976968050003,0.36904436349868774,0.3671356439590454,-0.034492336213588715,0.3840216398239136,0.3119732737541199,-0.049797363579273224,0.39585697650909424,0.2662293612957001,-0.061205290257930756,0.3025146424770355,0.4335562586784363,-0.01724628545343876,0.3108229637145996,0.3352927565574646,-0.029389869421720505,0.31342843174934387,0.2724895477294922,-0.043643929064273834,0.31485632061958313,0.22261644899845123,-0.05417947843670845,0.26715287566185,0.442076712846756,-0.020615646615624428,0.26454898715019226,0.35236284136772156,-0.03310820832848549,0.2631615400314331,0.2907746136188507,-0.04835880175232887,0.26235783100128174,0.23830018937587738,-0.059535179287195206,0.23240256309509277,0.4724780321121216,-0.027074189856648445,0.21833476424217224,0.41266489028930664,-0.039214324206113815,0.21089142560958862,0.37044358253479004,-0.04712298512458801,0.2059939205646515,0.32997292280197144,-0.05280385538935661
0.30797746777534485,0.6684868335723877,4.831528599424928e-07,0.35481682419776917,0.6304661631584167,-0.026775607839226723,0.3812319040298462,0.5610740184783936,-0.03603755310177803,0.3455388844013214,0.5103133916854858,-0.043776288628578186,0.3066467344760895,0.4965629577636719,-0.051056213676929474,0.3704161047935486,0.4477720558643341,-0.013358209282159805,0.39817264676094055,0.3668721616268158,-0.029510606080293655,0.41494324803352356,0.3137191832065582,-0.04507485404610634,0.42823490500450134,0.2688608169555664,-0.05686104670166969,0.3301849067211151,0.4306275248527527,-0.014329181984066963,0.3385695219039917,0.3328936696052551,-0.026150241494178772,0.34249818325042725,0.27051112055778503,-0.040798433125019073,0.3446522355079651,0.21979652345180511,-0.051691751927137375,0.2958665192127228,0.4388751983642578,-0.019312147051095963,0.2924482822418213,0.35143038630485535,-0.03172291815280914,0.292733758687973,0.29139816761016846,-0.046583790332078934,0.2933267056941986,0.23918746411800385,-0.057322051376104355,0.26231464743614197,0.4679528772830963,-0.027365898713469505,0.2469593733549118,0.4076753258705139,-0.039398398250341415,0.23928600549697876,0.3652275800704956,-0.046782683581113815,0.23405422270298004,0.324173241853714,-0.05200564116239548
0.34452179074287415,0.6649347543716431,4.769369752466446e-07,0.3965987265110016,0.6290417909622192,-0.02854248322546482,0.427298903465271,0.5608294010162354,-0.03866851329803467,0.39645159244537354,0.5053864121437073,-0.047079432755708694,0.35897237062454224,0.48434799909591675,-0.05509325861930847,0.4178403615951538,0.44232693314552307,-0.015279407612979412,0.4440385103225708,0.3590843379497528,-0.03168463706970215,0.459433913230896,0.3041747510433197,-0.04768873006105423,0.4711960554122925,0.2578865587711334,-0.05991658940911293,0.3750455975532532,0.42479151487350464,-0.015429808758199215,0.38408350944519043,0.32641077041625977,-0.027190713211894035,0.38657477498054504,0.2634750008583069,-0.042385283857584,0.3876727521419525,0.2127329260110855,-0.0540914312005043,0.33761802315711975,0.433274507522583,-0.019666070118546486,0.33547574281692505,0.3444632291793823,-0.03222643956542015,0.33438119292259216,0.28436535596847534,-0.04781796410679817,0.3341186046600342,0.2333557903766632,-0.05949435755610466,0.30055180191993713,0.4632941484451294,-0.027088921517133713,0.286397784948349,0.4009194076061249,-0.039784591645002365,0.27894678711891174,0.35843509435653687,-0.0477595217525959,0.2740998864173889,0.31794273853302,-0.053548723459243774
0.4066332280635834,0.6591826677322388,4.86552153233788e-07,0.45662233233451843,0.6259627938270569,-0.03059879131615162,0.48826900124549866,0.5591225624084473,-0.04266929253935814,0.46183711290359497,0.5020052790641785,-0.05252993106842041,0.4277942180633545,0.48086097836494446,-0.06194867566227913,0.4778047204017639,0.43933385610580444,-0.021092502400279045,0.5067993998527527,0.35828691720962524,-0.039120178669691086,0.5225383639335632,0.3039228320121765,-0.055125460028648376,0.5340277552604675,0.25832757353782654,-0.06732673943042755,0.4363695979118347,0.4224449098110199,-0.021078748628497124,0.4464622735977173,0.32423657178878784,-0.03520071133971214,0.4493250846862793,0.26037219166755676,-0.05021503567695618,0.4504484534263611,0.20970846712589264,-0.06141587346792221,0.39919161796569824,0.4319344162940979,-0.02514488995075226,0.39840272068977356,0.3420909345149994,-0.04019014909863472,0.39734357595443726,0.28035253286361694,-0.05639294907450676,0.3966863751411438,0.22806578874588013,-0.06814276427030563,0.36203181743621826,0.46301770210266113,-0.03237072750926018,0.3484877347946167,0.40247923135757446,-0.047723766416311264,0.3397640585899353,0.35972926020622253,-0.0573367103934288,0.33298105001449585,0.3189360201358795,-0.06402511149644852
0.41936102509498596,0.6622775793075562,4.63151081930846e-07,0.46904969215393066,0.6269405484199524,-0.02873670682311058,0.5020129680633545,0.5589461922645569,-0.03941032662987709,0.47383004426956177,0.5020261406898499,-0.048151127994060516,0.43685925006866455,0.4841739237308502,-0.05661012604832649,0.4903700649738312,0.44226527214050293,-0.01782149262726307,0.518295168876648,0.36082780361175537,-0.03368022292852402,0.533176600933075,0.3078731298446655,-0.04872098192572594,0.5437173843383789,0.26197612285614014,-0.06056889519095421,0.4493897259235382,0.42555317282676697,-0.018066391348838806,0.46059751510620117,0.3294152617454529,-0.030019251629710197,0.46361789107322693,0.2660738229751587,-0.044713422656059265,0.4636678099632263,0.21541570127010345,-0.056382253766059875,0.4122953414916992,0.4346325695514679,-0.022267531603574753,0.41069450974464417,0.34769943356513977,-0.03583383560180664,0.409003347158432,0.28690969944000244,-0.05270778015255928,0.406387597322464,0.23688127100467682,-0.06526170670986176,0.3749428987503052,0.4646565914154053,-0.029453672468662262,0.3603757619857788,0.4024287462234497,-0.04376580938696861,0.3496686518192291,0.359778493642807,-0.05372891202569008,0.3398682177066803,0.3202107548713684,-0.06106315553188324
0.4455357491970062,0.6616507172584534,4.802225248567993e-07,0.4949972629547119,0.6266387104988098,-0.028200287371873856,0.5295221209526062,0.5583114624023438,-0.038627367466688156,0.5041568279266357,0.5017778873443604,-0.04718771204352379,0.4663615822792053,0.4860950708389282,-0.055528152734041214,0.5153765678405762,0.4419816732406616,-0.01849556900560856,0.5435813665390015,0.36146339774131775,-0.034288983792066574,0.5578027367591858,0.3086908459663391,-0.04880603775382042,0.566979706287384,0.2629481554031372,-0.06015637889504433,0.4732957184314728,0.4261055290699005,-0.0192461758852005,0.48374664783477783,0.3300575613975525,-0.031086953356862068,0.4858294427394867,0.26692378520965576,-0.04460225999355316,0.4846298098564148,0.21650929749011993,-0.055113259702920914,0.4352701008319855,0.4360072910785675,-0.023807121440768242,0.43337592482566833,0.34878432750701904,-0.0368620827794075,0.43176957964897156,0.29030075669288635,-0.05158732086420059,0.4292738139629364,0.24179115891456604,-0.06251704692840576,0.39675435423851013,0.46675342321395874,-0.03140868991613388,0.3839007019996643,0.40637654066085815,-0.04467204585671425,0.37506961822509766,0.3656514883041382,-0.052669644355773926,0.3670486509799957,0.3276084065437317,-0.05851556733250618
0.4783969223499298,0.6681222319602966,4.6645689621982456e-07,0.5287954807281494,0.6311972141265869,-0.026944493874907494,0.562139630317688,0.5607445240020752,-0.037418778985738754,0.5360787510871887,0.5059943199157715,-0.04630613699555397,0.49813058972358704,0.4908355474472046,-0.055171407759189606,0.5454354286193848,0.4492620527744293,-0.019272176548838615,0.5736761689186096,0.3658198416233063,-0.03733499348163605,0.5885240435600281,0.3108478784561157,-0.053013622760772705,0.5994588136672974,0.2645701766014099,-0.06482889503240585,0.5024322271347046,0.43369340896606445,-0.02089630626142025,0.5109938383102417,0.3356761038303375,-0.03528476879000664,0.5136007070541382,0.2726477384567261,-0.05003731697797775,0.5138301849365234,0.22161650657653809,-0.06102876737713814,0.46529847383499146,0.44366538524627686,-0.0261212270706892,0.4618484377861023,0.35428786277770996,-0.040888965129852295,0.4591681659221649,0.2929752469062805,-0.055922649800777435,0.4569133520126343,0.23913618922233582,-0.06692365556955338,0.42893967032432556,0.4754149615764618,-0.03416816145181656,0.41315940022468567,0.41453245282173157,-0.04897523298859596,0.40372705459594727,0.36988192796707153,-0.05748814716935158,0.39638280868530273,0.3258747458457947,-0.06340305507183075
0.510723352432251,0.6709043383598328,4.966088340552233e-07,0.5624417662620544,0.6367085576057434,-0.029477356001734734,0.6010169386863708,0.5710542798042297,-0.04122079536318779,0.5757210850715637,0.5163243412971497,-0.05085671693086624,0.5380766987800598,0.5034745931625366,-0.060418542474508286,0.5827548503875732,0.455206960439682,-0.021869873628020287,0.6109153628349304,0.3737560510635376,-0.039316415786743164,0.62501060962677,0.32059603929519653,-0.05462849140167236,0.6344118118286133,0.274536669254303,-0.06638043373823166,0.5398304462432861,0.43872037529945374,-0.022231493145227432,0.5508102774620056,0.34240400791168213,-0.03601931408047676,0.5539429783821106,0.27847161889076233,-0.05053257197141647,0.5540573000907898,0.22699856758117676,-0.06144039332866669,0.5011250376701355,0.4476947784423828,-0.026340683922171593,0.49815884232521057,0.3588029146194458,-0.040903035551309586,0.4971438944339752,0.298673152923584,-0.056886035948991776,0.49563318490982056,0.2482842057943344,-0.06843165308237076,0.46265709400177,0.4779410660266876,-0.03347175940871239,0.4503682851791382,0.4176074266433716,-0.04778963699936867,0.4410802721977234,0.3757130801677704,-0.0569341666996479,0.43217962980270386,0.3362973928451538,-0.06348342448472977
0.5395066738128662,0.6646362543106079,4.646278171094309e-07,0.5901076197624207,0.6359013319015503,-0.029990531504154205,0.630339503288269,0.5693337321281433,-0.04106735438108444,0.6120322346687317,0.5094653964042664,-0.04990722984075546,0.576598584651947,0.49765273928642273,-0.05842367932200432,0.6131603121757507,0.45185184478759766,-0.0205474141985178,0.6415056586265564,0.3725266456604004,-0.03678584471344948,0.6560370326042175,0.32089942693710327,-0.05129961296916008,0.6659243106842041,0.27623414993286133,-0.06274108588695526,0.5721268057823181,0.43509846925735474,-0.020631596446037292,0.5837247371673584,0.339649498462677,-0.033501967787742615,0.5870381593704224,0.2768782675266266,-0.04707885533571243,0.5874134302139282,0.2262575477361679,-0.05745987966656685,0.5346279144287109,0.4435115158557892,-0.024655234068632126,0.5332210063934326,0.3562586307525635,-0.038610976189374924,0.5329498052597046,0.29623255133628845,-0.05404133349657059,0.5324466824531555,0.2457997351884842,-0.06536762416362762,0.4969561696052551,0.4726358652114868,-0.0318886935710907,0.483846515417099,0.4121307134628296,-0.04585391655564308,0.4740281105041504,0.37040334939956665,-0.05508158728480339,0.4648374617099762,0.3308069705963135,-0.06191449984908104
0.54529869556427,0.6657838821411133,4.7116594714680105e-07,0.5963300466537476,0.6390801072120667,-0.029951920732855797,0.6360708475112915,0.568295955657959,-0.04037144035100937,0.6188062429428101,0.5068239569664001,-0.04835133999586105,0.583175003528595,0.4975118339061737,-0.05591689050197601,0.6180047392845154,0.4504857659339905,-0.02095724456012249,0.6471626162528992,0.37015801668167114,-0.0367593988776207,0.662579357624054,0.3187509775161743,-0.05068937689065933,0.6728854179382324,0.2752651274204254,-0.06153671070933342,0.5768331289291382,0.4341810643672943,-0.02062828280031681,0.5886996984481812,0.338400274515152,-0.03258441016077995,0.5919903516769409,0.2756282687187195,-0.0450776033103466,0.5917809009552002,0.22665192186832428,-0.054566390812397,0.5390910506248474,0.44304391741752625,-0.024237725883722305,0.537871778011322,0.3552194833755493,-0.03713903948664665,0.537692129611969,0.29487144947052,-0.05166288837790489,0.5368661284446716,0.2452763170003891,-0.06240515038371086,0.5013604760169983,0.4725573658943176,-0.031139401718974113,0.4890291690826416,0.4119468331336975,-0.04437936842441559,0.47878938913345337,0.3709091544151306,-0.053063422441482544,0.46880996227264404,0.3326869010925293,-0.05946376919746399
0.569682776927948,0.68100905418396,4.3368376623220684e-07,0.6203163266181946,0.6508309245109558,-0.028039775788784027,0.660545289516449,0.5818343758583069,-0.038043852895498276,0.6414111256599426,0.5213466286659241,-0.04616323858499527,0.6046688556671143,0.5059818029403687,-0.05419671908020973,0.6457011699676514,0.4635365605354309,-0.018998917192220688,0.6757280230522156,0.3854599595069885,-0.035175252705812454,0.6913970708847046,0.3335123658180237,-0.04990716278553009,0.7017555236816406,0.28928878903388977,-0.0616629458963871,0.603718101978302,0.4449039697647095,-0.020585501566529274,0.614835262298584,0.34687578678131104,-0.033538155257701874,0.6176329851150513,0.2840914726257324,-0.047763578593730927,0.616325318813324,0.23378382623195648,-0.058685027062892914,0.5656708478927612,0.4537240266799927,-0.02592381276190281,0.5645171403884888,0.3647470474243164,-0.0405782051384449,0.5640829205513,0.30417343974113464,-0.05685277283191681,0.562402069568634,0.25250244140625,-0.06881925463676453,0.5272431373596191,0.48401936888694763,-0.034164685755968094,0.5127672553062439,0.42172905802726746,-0.04964814707636833,0.5021747946739197,0.37863293290138245,-0.05966056510806084,0.4920191764831543,0.3369433879852295,-0.06691531091928482
0.583976686000824,0.6692500710487366,4.536616700079321e-07,0.6361133456230164,0.63542640209198,-0.02834741212427616,0.6789605021476746,0.5648565888404846,-0.03839462623000145,0.660610556602478,0.5035921931266785,-0.046540554612874985,0.6215691566467285,0.4925561845302582,-0.05447601154446602,0.6620042324066162,0.4486565887928009,-0.016613256186246872,0.6906448602676392,0.37054410576820374,-0.03173866122961044,0.7058385610580444,0.3194735050201416,-0.046293873339891434,0.716917872428894,0.2748066186904907,-0.0581306517124176,0.6201885938644409,0.43054327368736267,-0.01789146289229393,0.6308509111404419,0.33610793948173523,-0.02960113435983658,0.6332948803901672,0.27362364530563354,-0.04352917894721031,0.6323792934417725,0.22325073182582855,-0.054584745317697525,0.5815520882606506,0.43921977281570435,-0.023109134286642075,0.5808769464492798,0.35185039043426514,-0.03692879155278206,0.580448567867279,0.29128190875053406,-0.052868276834487915,0.578973650932312,0.2402043342590332,-0.06468195468187332,0.5419849753379822,0.4693293869495392,-0.03140494227409363,0.5284672975540161,0.4065716862678528,-0.04640927165746689,0.5176819562911987,0.36272796988487244,-0.05604753643274307,0.5073660016059875,0.3206174373626709,-0.06305582821369171
0.5956724882125854,0.6607839465141296,4.356386682502489e-07,0.6466114521026611,0.6298775672912598,-0.027019955217838287,0.6853563785552979,0.5667257308959961,-0.03788105025887489,0.6705286502838135,0.5093872547149658,-0.046992674469947815,0.6384896636009216,0.48589131236076355,-0.055979207158088684,0.671029806137085,0.447904109954834,-0.01992536522448063,0.7004804611206055,0.3695816397666931,-0.03703124821186066,0.7150935530662537,0.3185344934463501,-0.052029311656951904,0.7245873808860779,0.27454081177711487,-0.06353568285703659,0.6304810047149658,0.4289741814136505,-0.02163289114832878,0.6418222784996033,0.33139920234680176,-0.03561025112867355,0.6450976729393005,0.26846998929977417,-0.05014358088374138,0.6445651054382324,0.21705882251262665,-0.06113431230187416,0.5921223163604736,0.4362846910953522,-0.02690774016082287,0.5923107266426086,0.3465003967285156,-0.04256419837474823,0.5915700197219849,0.2859755754470825,-0.0587058924138546,0.5900375843048096,0.23440857231616974,-0.0702713206410408,0.5531089305877686,0.4649621248245239,-0.03479565307497978,0.5405845046043396,0.4006531238555908,-0.0511195994913578,0.5307618379592896,0.3572675585746765,-0.060839660465717316,0.5214545726776123,0.3163616955280304,-0.06745582818984985
0.613181471824646,0.6626116037368774,4.071134185323899e-07,0.6654563546180725,0.6295756101608276,-0.025095894932746887,0.705926239490509,0.565114438533783,-0.03477386385202408,0.6880767941474915,0.5083892941474915,-0.04300986975431442,0.6548507809638977,0.4904387891292572,-0.051440220326185226,0.6892695426940918,0.4506866931915283,-0.018217694014310837,0.7193164825439453,0.37334156036376953,-0.03434239700436592,0.7341352105140686,0.3222143054008484,-0.048777736723423004,0.7441575527191162,0.27854999899864197,-0.06021077558398247,0.6485946774482727,0.43241575360298157,-0.02065257355570793,0.6588187217712402,0.33724695444107056,-0.03394220769405365,0.6616185903549194,0.2752905488014221,-0.04848392680287361,0.66105717420578,0.22400029003620148,-0.059780966490507126,0.6106326580047607,0.43984514474868774,-0.026425598189234734,0.6104058623313904,0.35040563344955444,-0.04147210344672203,0.6100347638130188,0.2900727391242981,-0.05800727382302284,0.6089609861373901,0.23777543008327484,-0.07013073563575745,0.5721386075019836,0.4682793915271759,-0.034615322947502136,0.5563073754310608,0.4050077199935913,-0.05091056600213051,0.5451688170433044,0.36133965849876404,-0.061300791800022125,0.5348779559135437,0.31894904375076294,-0.0685553327202797
0.6579013466835022,0.6613987684249878,4.3620701717372867e-07,0.7112069725990295,0.6285834908485413,-0.02575678378343582,0.7558755874633789,0.5630906224250793,-0.035540636628866196,0.7471792101860046,0.5021553635597229,-0.04415934532880783,0.7100417017936707,0.4901658296585083,-0.053039491176605225,0.7375985383987427,0.44580408930778503,-0.016296083107590675,0.7666286826133728,0.36913061141967773,-0.031952571123838425,0.7825359106063843,0.3201231360435486,-0.047192227095365524,0.7941499948501587,0.2766666114330292,-0.059696901589632034,0.6975061297416687,0.4272497594356537,-0.019072523340582848,0.7079249620437622,0.33194947242736816,-0.0318029522895813,0.7112475633621216,0.2693387269973755,-0.04676152393221855,0.7108480334281921,0.21754497289657593,-0.05866933614015579,0.6597687005996704,0.4349171221256256,-0.025415824726223946,0.6582526564598083,0.34551265835762024,-0.04027758538722992,0.6565888524055481,0.28444433212280273,-0.05701332539319992,0.6542637348175049,0.23242151737213135,-0.06932825595140457,0.621673583984375,0.4638426899909973,-0.03450484573841095,0.6070507764816284,0.4004804491996765,-0.05057154968380928,0.594990611076355,0.3569874167442322,-0.06093155965209007,0.5831809043884277,0.3159446716308594,-0.06838700920343399
0.6818326711654663,0.653751015663147,3.8650713918286783e-07,0.7380388379096985,0.6197160482406616,-0.022849489003419876,0.7794495224952698,0.5513564348220825,-0.030296945944428444,0.7733654975891113,0.48928457498550415,-0.03729856759309769,0.7366949319839478,0.4764259159564972,-0.04454042389988899,0.7590480446815491,0.4326632618904114,-0.011642303317785263,0.7878396511077881,0.3544950783252716,-0.025498561561107635,0.8022983074188232,0.3043035864830017,-0.03980256989598274,0.8117371201515198,0.25967419147491455,-0.0518449991941452,0.7186442017555237,0.4148307740688324,-0.01472313143312931,0.7247424721717834,0.3208123743534088,-0.025689026340842247,0.7257890701293945,0.25997501611709595,-0.039261892437934875,0.7230738997459412,0.21032914519309998,-0.05024857819080353,0.6809154748916626,0.4228692650794983,-0.02126646786928177,0.6760543584823608,0.3332868814468384,-0.03390109911561012,0.6735164523124695,0.2746896743774414,-0.04876920208334923,0.6699138283729553,0.22506412863731384,-0.060004621744155884,0.6442573070526123,0.452609658241272,-0.03051401488482952,0.6263333559036255,0.3908902406692505,-0.04466908797621727,0.6136934757232666,0.34846800565719604,-0.05395539849996567,0.6016363501548767,0.3095018267631531,-0.06067591533064842
0.7086889743804932,0.6370143890380859,4.0715039517635887e-07,0.76087486743927,0.6022861003875732,-0.024548886343836784,0.8028488755226135,0.5286188125610352,-0.0325099378824234,0.7933104634284973,0.4633301794528961,-0.03934134170413017,0.7519333362579346,0.45559564232826233,-0.046499427407979965,0.7787235379219055,0.4151670038700104,-0.015283322893083096,0.8050999045372009,0.3361431062221527,-0.02964761294424534,0.818597674369812,0.286092072725296,-0.043973613530397415,0.8278765082359314,0.24156510829925537,-0.0559501014649868,0.738174557685852,0.3983897268772125,-0.017841150984168053,0.7432321310043335,0.302899032831192,-0.029265906661748886,0.7436103224754333,0.24009054899215698,-0.04297671467065811,0.740538477897644,0.1886979341506958,-0.05397782847285271,0.7011954188346863,0.40811261534690857,-0.023787304759025574,0.6928083300590515,0.31900903582572937,-0.03753446415066719,0.6882960796356201,0.259868860244751,-0.053016915917396545,0.6833621263504028,0.21020559966564178,-0.06449226289987564,0.665433943271637,0.438601553440094,-0.03245743736624718,0.6474606990814209,0.3764389455318451,-0.04772651940584183,0.633072555065155,0.33409491181373596,-0.05742434039711952,0.6188337802886963,0.29462990164756775,-0.06445670127868652
0.7608529925346375,0.6403579711914062,4.121312144889089e-07,0.816837728023529,0.6107122898101807,-0.024257265031337738,0.860582172870636,0.5418643951416016,-0.03311978653073311,0.8583639860153198,0.48198097944259644,-0.04115421697497368,0.8204509615898132,0.4764920771121979,-0.04983389377593994,0.8360624313354492,0.4261440932750702,-0.01889500580728054,0.8643860220909119,0.350685179233551,-0.0344676710665226,0.8784509301185608,0.30111366510391235,-0.0491160973906517,0.8873916268348694,0.25684118270874023,-0.06151773780584335,0.7957406044006348,0.40926533937454224,-0.02228342741727829,0.8032988905906677,0.3150795102119446,-0.03567442670464516,0.8056259155273438,0.2525886297225952,-0.050434429198503494,0.8029019832611084,0.1996411383152008,-0.06240033358335495,0.7582500576972961,0.4183387756347656,-0.028719056397676468,0.7516722679138184,0.3307972550392151,-0.04393472149968147,0.7475067377090454,0.2722306549549103,-0.06065331771969795,0.7422639727592468,0.22105416655540466,-0.07313369959592819,0.7218774557113647,0.447439968585968,-0.037721797823905945,0.7037708163261414,0.3866806626319885,-0.05384431034326553,0.6896571516990662,0.34527134895324707,-0.06483401358127594,0.6757166385650635,0.3061853349208832,-0.0731322169303894
0.7835133671760559,0.6192331314086914,4.0960375713439134e-07,0.840904176235199,0.590714156627655,-0.02528725564479828,0.8881142735481262,0.5255731344223022,-0.0347469188272953,0.8871041536331177,0.4619061052799225,-0.042912375181913376,0.8495606780052185,0.44546690583229065,-0.0515948161482811,0.8622307181358337,0.409495085477829,-0.02081761136651039,0.8925359845161438,0.33290478587150574,-0.03672723472118378,0.9078583121299744,0.2835623621940613,-0.05103011056780815,0.9180840253829956,0.23989897966384888,-0.06283503025770187,0.822144627571106,0.3918726146221161,-0.02333410084247589,0.8313947319984436,0.29813915491104126,-0.03692055493593216,0.8343151211738586,0.2371170073747635,-0.051336854696273804,0.8323153257369995,0.18699298799037933,-0.06288380175828934,0.7843514680862427,0.39946746826171875,-0.028870483860373497,0.779037356376648,0.31030240654945374,-0.04439910873770714,0.775662362575531,0.2507530450820923,-0.06042272970080376,0.7714542150497437,0.19984962046146393,-0.07228934019804001,0.7470847368240356,0.4272436499595642,-0.036949194967746735,0.7293415665626526,0.3643835484981537,-0.0539030097424984,0.7167093753814697,0.3221643567085266,-0.06474646180868149,0.7046878933906555,0.28339454531669617,-0.07249793410301208
0.8124726414680481,0.5411648750305176,4.280105088128039e-07,0.8689674139022827,0.5158430933952332,-0.02494966983795166,0.915661096572876,0.445335328578949,-0.032738640904426575,0.9177471399307251,0.3786933720111847,-0.03905467316508293,0.8812975287437439,0.36226949095726013,-0.045401327311992645,0.8938007950782776,0.33433905243873596,-0.017268292605876923,0.9264093637466431,0.261131227016449,-0.03208911046385765,0.9448519945144653,0.21389347314834595,-0.04570509120821953,0.9577513337135315,0.17336830496788025,-0.0568922720849514,0.8546690940856934,0.31367355585098267,-0.018959661945700645,0.8668454885482788,0.2218317985534668,-0.03123650699853897,0.8726484179496765,0.162303626537323,-0.044230036437511444,0.8733656406402588,0.1145506501197815,-0.05442598834633827,0.8172332048416138,0.3185262680053711,-0.02403252013027668,0.8147445917129517,0.2319003939628601,-0.03809572011232376,0.8136510252952576,0.17326690256595612,-0.05350383743643761,0.811259925365448,0.12330397963523865,-0.06498521566390991,0.7801411151885986,0.34376126527786255,-0.03178015723824501,0.765237033367157,0.28451383113861084,-0.047371599823236465,0.7534005045890808,0.2435273826122284,-0.05783911421895027,0.7417942881584167,0.20521698892116547,-0.06544548273086548
0.8046209216117859,0.5106922388076782,4.185564819181309e-07,0.8623433709144592,0.48458975553512573,-0.02406906709074974,0.9089118838310242,0.41327086091041565,-0.031233524903655052,0.9105711579322815,0.3474557101726532,-0.03725525364279747,0.8736531734466553,0.33176589012145996,-0.04332759603857994,0.8883842825889587,0.302810937166214,-0.015148128382861614,0.9203669428825378,0.22996017336845398,-0.029886221513152122,0.9403103590011597,0.1861361712217331,-0.043910570442676544,0.9554252028465271,0.14929500222206116,-0.05521181598305702,0.8494962453842163,0.28255945444107056,-0.017108025029301643,0.8618061542510986,0.19073984026908875,-0.028600744903087616,0.8683972954750061,0.13149355351924896,-0.04170937091112137,0.8698671460151672,0.08397196233272552,-0.05219486728310585,0.812233567237854,0.28844812512397766,-0.02249860391020775,0.809736430644989,0.20270410180091858,-0.03572447597980499,0.8091946244239807,0.14427649974822998,-0.05063783749938011,0.8071269989013672,0.09527190029621124,-0.06185021996498108,0.7750117182731628,0.3147638738155365,-0.030586842447519302,0.7606015801429749,0.2538449466228485,-0.0449305921792984,0.7495079636573792,0.21149668097496033,-0.05440565198659897,0.7382551431655884,0.17251744866371155,-0.06148362159729004
0.780143678188324,0.4818630814552307,4.4183812519804633e-07,0.8390281200408936,0.4573710560798645,-0.024916745722293854,0.8878285884857178,0.3919506371021271,-0.03310830891132355,0.8891698718070984,0.32509931921958923,-0.03976122662425041,0.8539068102836609,0.29993945360183716,-0.04629300534725189,0.8690202236175537,0.2767687737941742,-0.016643628478050232,0.9035353660583496,0.20099826157093048,-0.03137413039803505,0.9228472709655762,0.1524723917245865,-0.04499537870287895,0.9362661242485046,0.11206398904323578,-0.05564916878938675,0.8297029137611389,0.2568541169166565,-0.017864985391497612,0.8432857990264893,0.16161112487316132,-0.02913382463157177,0.8481018543243408,0.10190001130104065,-0.04176827147603035,0.8477197289466858,0.056952103972435,-0.051774803549051285,0.7922834753990173,0.2623027265071869,-0.0224157627671957,0.7912355661392212,0.17668147385120392,-0.03454265743494034,0.7910829186439514,0.11894272267818451,-0.04844916984438896,0.7893784046173096,0.07122254371643066,-0.05917962267994881,0.7532563209533691,0.2883921265602112,-0.02965138852596283,0.740020215511322,0.22825130820274353,-0.04320761561393738,0.7298198938369751,0.18751715123653412,-0.051739949733018875,0.7195058465003967,0.1502038985490799,-0.0578911229968071
0.7611797451972961,0.4769477844238281,4.375959576918831e-07,0.8185542225837708,0.4470691680908203,-0.02520204707980156,0.8645895719528198,0.38264745473861694,-0.034508101642131805,0.8604072332382202,0.3202615976333618,-0.04241498187184334,0.8287538290023804,0.29347744584083557,-0.050132475793361664,0.8468829989433289,0.26684507727622986,-0.018267665058374405,0.882000207901001,0.1911151260137558,-0.035094719380140305,0.9003723859786987,0.1425190567970276,-0.049663834273815155,0.9128139615058899,0.10174356400966644,-0.0604984425008297,0.8057432770729065,0.24680033326148987,-0.020092224702239037,0.8201636672019958,0.15023523569107056,-0.033178672194480896,0.8260573744773865,0.08910165727138519,-0.04644216224551201,0.8274845480918884,0.041014283895492554,-0.056375566869974136,0.7666268944740295,0.2531976103782654,-0.025338372215628624,0.766953706741333,0.1633318066596985,-0.03937288001179695,0.7666420936584473,0.10394006967544556,-0.053531549870967865,0.7661667466163635,0.054488763213157654,-0.06386242806911469,0.7273513078689575,0.281671404838562,-0.03318994492292404,0.7123984694480896,0.2203971892595291,-0.047550514340400696,0.7020729780197144,0.17817279696464539,-0.0556851290166378,0.6934810280799866,0.13991034030914307,-0.06119130924344063
0.7411884069442749,0.4812701940536499,4.0804471268529596e-07,0.800145149230957,0.4531426429748535,-0.023659920319914818,0.841844916343689,0.3861069083213806,-0.03152528405189514,0.8346314430236816,0.3224433362483978,-0.038332585245370865,0.8052372932434082,0.29902032017707825,-0.04506946727633476,0.8232899308204651,0.2710346281528473,-0.016706399619579315,0.8595162630081177,0.19584020972251892,-0.03252405673265457,0.8793898820877075,0.14720886945724487,-0.04662430286407471,0.89337158203125,0.1073131263256073,-0.05747689679265022,0.7836074233055115,0.2517295479774475,-0.01916802115738392,0.7976503968238831,0.15365447103977203,-0.032229404896497726,0.8046625852584839,0.09178142249584198,-0.045907262712717056,0.8075337409973145,0.043913230299949646,-0.05637424811720848,0.746612548828125,0.25809600949287415,-0.02495683543384075,0.7461960911750793,0.167035773396492,-0.039840202778577805,0.7471082210540771,0.10783535242080688,-0.05547018721699715,0.7473070025444031,0.05935367941856384,-0.06673114001750946,0.7092447876930237,0.28522369265556335,-0.03309926763176918,0.6916748881340027,0.2194012999534607,-0.049542397260665894,0.6805126667022705,0.173926442861557,-0.059799011796712875,0.6712251901626587,0.13265153765678406,-0.06671341508626938
0.6497686505317688,0.48780348896980286,4.538770497219957e-07,0.709884524345398,0.4530826210975647,-0.025502366945147514,0.7505651712417603,0.3792340159416199,-0.03233351930975914,0.7336663007736206,0.31851455569267273,-0.03754010051488876,0.6977521181106567,0.299241840839386,-0.04229035601019859,0.730164110660553,0.26613661646842957,-0.014190135523676872,0.7651269435882568,0.1879120171070099,-0.02831515669822693,0.7841865420341492,0.1370583474636078,-0.04149012267589569,0.7978938817977905,0.0959303230047226,-0.05161308869719505,0.6875389814376831,0.24630887806415558,-0.014777354896068573,0.7005761861801147,0.14949023723602295,-0.024332264438271523,0.707491934299469,0.08809572458267212,-0.03608480840921402,0.7111107707023621,0.041013702750205994,-0.045482948422431946,0.6491055488586426,0.25371697545051575,-0.01919431984424591,0.6485726237297058,0.1651107221841812,-0.030442383140325546,0.650248646736145,0.10774208605289459,-0.04503316432237625,0.6510475873947144,0.060517534613609314,-0.05612729489803314,0.6117361783981323,0.2836177349090576,-0.02641960419714451,0.5950157642364502,0.22362780570983887,-0.03942550718784332,0.5835044980049133,0.1821039915084839,-0.048228323459625244,0.5724546909332275,0.14446373283863068,-0.054579831659793854
0.6190088391304016,0.4808654189109802,4.3809191652144364e-07,0.6757098436355591,0.4485466480255127,-0.0264343973249197,0.7167894840240479,0.37264132499694824,-0.03367824852466583,0.7041338086128235,0.3064134120941162,-0.03927955776453018,0.6668768525123596,0.2866981327533722,-0.04467470571398735,0.6976078748703003,0.2595914304256439,-0.01554961409419775,0.7319844961166382,0.18003630638122559,-0.02981022745370865,0.7502338290214539,0.12840721011161804,-0.043120868504047394,0.7624986171722412,0.0847657322883606,-0.05355318263173103,0.6570630669593811,0.2405516803264618,-0.01590469665825367,0.6694823503494263,0.14285410940647125,-0.02614278346300125,0.6757283806800842,0.08046138286590576,-0.03783227503299713,0.6772136092185974,0.03228341042995453,-0.047031890600919724,0.6188021898269653,0.24816370010375977,-0.02011743001639843,0.6169922947883606,0.16060861945152283,-0.031891822814941406,0.6176339387893677,0.10084785521030426,-0.0464402511715889,0.616822361946106,0.0525350421667099,-0.05745306611061096,0.5806643962860107,0.2768293619155884,-0.02732139453291893,0.5650456547737122,0.21595236659049988,-0.04040384292602539,0.5534297823905945,0.1745120882987976,-0.04936441779136658,0.5412847995758057,0.13763727247714996,-0.055998992174863815
0.5618650913238525,0.4813101887702942,4.4403088850231143e-07,0.621461808681488,0.4513040781021118,-0.026796920225024223,0.6606184244155884,0.3768274188041687,-0.03389537334442139,0.6406587362289429,0.3124525547027588,-0.03902506083250046,0.6035875678062439,0.2964382767677307,-0.04366523027420044,0.6450482606887817,0.2611863613128662,-0.014938196167349815,0.6783626079559326,0.1820695698261261,-0.02834898792207241,0.6967184543609619,0.13096675276756287,-0.041117507964372635,0.7091090083122253,0.0898701399564743,-0.05131610110402107,0.6029008030891418,0.24236343801021576,-0.014517716132104397,0.6155591011047363,0.1451399326324463,-0.02444634959101677,0.620455265045166,0.08357676863670349,-0.036414168775081635,0.6213780045509338,0.037000417709350586,-0.04572197422385216,0.5649092197418213,0.25028589367866516,-0.0179011020809412,0.5613670349121094,0.16125348210334778,-0.030269388109445572,0.5605795979499817,0.10481342673301697,-0.04466717317700386,0.5589500665664673,0.05889928340911865,-0.05516575276851654,0.5274650454521179,0.27962779998779297,-0.02408568374812603,0.5084889531135559,0.2183985412120819,-0.03852192312479019,0.49630430340766907,0.1767614185810089,-0.047730132937431335,0.48559969663619995,0.13822925090789795,-0.05397665873169899
0.4979459047317505,0.4894574284553528,4.0968143366626464e-07,0.5578267574310303,0.45588767528533936,-0.025926947593688965,0.5937637090682983,0.38067424297332764,-0.0318380706012249,0.5702610611915588,0.31766828894615173,-0.03561301901936531,0.5381558537483215,0.28949233889579773,-0.03849039226770401,0.5780413746833801,0.2633725702762604,-0.01347355730831623,0.6113226413726807,0.18171361088752747,-0.02734788879752159,0.6293700337409973,0.1298232525587082,-0.0398300364613533,0.6421135067939758,0.08882862329483032,-0.049037154763936996,0.5357099175453186,0.24382758140563965,-0.01266446989029646,0.5474260449409485,0.14401371777057648,-0.02179528772830963,0.5526152849197388,0.08358083665370941,-0.03223066031932831,0.555228054523468,0.039562419056892395,-0.03997528553009033,0.49800190329551697,0.2517809569835663,-0.01589258760213852,0.4980890452861786,0.15963338315486908,-0.026685811579227448,0.5002888441085815,0.10245935618877411,-0.04007136449217796,0.5020391345024109,0.0563141405582428,-0.04991085082292557,0.4609585106372833,0.28304243087768555,-0.02191043086349964,0.4451887905597687,0.22319220006465912,-0.034770991653203964,0.43471357226371765,0.1818166822195053,-0.04311053827404976,0.42505836486816406,0.14490018784999847,-0.04853363707661629
0.4805803596973419,0.493197500705719,4.3550758732635586e-07,0.5372155904769897,0.45867717266082764,-0.030407417565584183,0.569541871547699,0.37662917375564575,-0.037145085632801056,0.5402090549468994,0.30940061807632446,-0.04063751548528671,0.5032935738563538,0.28431740403175354,-0.04288133233785629,0.5561193227767944,0.26592737436294556,-0.015810413286089897,0.5875285267829895,0.18506355583667755,-0.028948258608579636,0.6043018698692322,0.13257312774658203,-0.04122042655944824,0.6161970496177673,0.08925512433052063,-0.0506882518529892,0.5136297941207886,0.247094988822937,-0.01259593665599823,0.5233368277549744,0.14791251718997955,-0.020824216306209564,0.5269222855567932,0.0852975845336914,-0.030940590426325798,0.5283697843551636,0.0376906543970108,-0.038720689713954926,0.4764443635940552,0.2559644281864166,-0.01383447926491499,0.4731113910675049,0.16812977194786072,-0.023736953735351562,0.47382012009620667,0.11024229228496552,-0.037451375275850296,0.47423267364501953,0.06300981342792511,-0.047689858824014664,0.4412271976470947,0.2871346175670624,-0.018447082489728928,0.42292216420173645,0.22873279452323914,-0.029980076476931572,0.411052405834198,0.18819382786750793,-0.03858758136630058,0.4001830518245697,0.15078826248645782,-0.04476058483123779
0.41919517517089844,0.4955962896347046,4.851352173318446e-07,0.4762047529220581,0.462698757648468,-0.03222174569964409,0.5139258503913879,0.3856227397918701,-0.04129014164209366,0.489313542842865,0.31480082869529724,-0.046797189861536026,0.4538376033306122,0.2839961647987366,-0.05085320770740509,0.5037078261375427,0.2728253901004791,-0.018899867311120033,0.5364651679992676,0.18748080730438232,-0.03304899111390114,0.5535860061645508,0.13436688482761383,-0.04585780203342438,0.5662236213684082,0.0921531617641449,-0.05526607111096382,0.4602091312408447,0.2537059187889099,-0.014821418561041355,0.47524088621139526,0.15189571678638458,-0.023752858862280846,0.4808194637298584,0.08887262642383575,-0.034322697669267654,0.4842478632926941,0.04268030822277069,-0.04217105358839035,0.4213532507419586,0.26068639755249023,-0.015063350088894367,0.4229353368282318,0.1686093658208847,-0.02558760903775692,0.4254061281681061,0.11081376671791077,-0.03845146670937538,0.42753252387046814,0.0645037293434143,-0.04800380393862724,0.3830350339412689,0.2896716296672821,-0.01868518255650997,0.36778026819229126,0.2307453602552414,-0.031203871592879295,0.3572191298007965,0.1917422115802765,-0.038829538971185684,0.3479542136192322,0.15641935169696808,-0.043752625584602356
0.3878443241119385,0.4919593632221222,4.67954464511422e-07,0.4414941072463989,0.4575880169868469,-0.03412839025259018,0.47377321124076843,0.37896788120269775,-0.041954539716243744,0.4491990804672241,0.30498674511909485,-0.04599826782941818,0.4200456142425537,0.2676531672477722,-0.048082802444696426,0.4700915217399597,0.26313653588294983,-0.013588003814220428,0.502415120601654,0.17954370379447937,-0.024688411504030228,0.5180646181106567,0.12757530808448792,-0.03570869565010071,0.5293411612510681,0.08402770757675171,-0.044004589319229126,0.42808663845062256,0.2457527220249176,-0.0076070441864430904,0.4407787621021271,0.14778733253479004,-0.013109016232192516,0.44603604078292847,0.0860743522644043,-0.0210555586963892,0.44949790835380554,0.04113881289958954,-0.02680341713130474,0.389310359954834,0.25435012578964233,-0.006801830139011145,0.3896358609199524,0.16591906547546387,-0.014951026998460293,0.3926795721054077,0.10834915935993195,-0.026108181104063988,0.39584192633628845,0.06327851116657257,-0.03402175381779671,0.3516850769519806,0.2834903299808502,-0.009967116639018059,0.3361545205116272,0.22554093599319458,-0.021052127704024315,0.32597801089286804,0.1859128475189209,-0.02845887281000614,0.3179011642932892,0.14946864545345306,-0.03290199115872383
0.3594051003456116,0.49980026483535767,4.948929017700721e-07,0.4153570532798767,0.46255069971084595,-0.03300221636891365,0.4479277431964874,0.38092201948165894,-0.04041440412402153,0.41697490215301514,0.30662721395492554,-0.044144175946712494,0.378894180059433,0.27862241864204407,-0.04601442813873291,0.4407346844673157,0.2686632573604584,-0.013835038989782333,0.473528116941452,0.18272987008094788,-0.02543068118393421,0.49048203229904175,0.12960335612297058,-0.03577306121587753,0.5034629702568054,0.08771684765815735,-0.042836207896471024,0.3978644013404846,0.25132203102111816,-0.0080636665225029,0.4108487367630005,0.1520637422800064,-0.01269887201488018,0.4168393015861511,0.09043298661708832,-0.018052594736218452,0.4211233854293823,0.04720267653465271,-0.021284319460392,0.3597090244293213,0.2597227096557617,-0.0074579184874892235,0.36037975549697876,0.16807740926742554,-0.014161807484924793,0.364047110080719,0.11006370186805725,-0.022304892539978027,0.36750760674476624,0.0668344795703888,-0.02756437286734581,0.3223729729652405,0.2892950773239136,-0.010901285335421562,0.3068055808544159,0.23026655614376068,-0.02035934291779995,0.29736822843551636,0.18947403132915497,-0.025603892281651497,0.28930363059043884,0.1540578454732895,-0.027915453538298607
0.303461492061615,0.5186336040496826,4.7648825329815736e-07,0.35894590616226196,0.48447537422180176,-0.03320090100169182,0.39062702655792236,0.4061128497123718,-0.04287102818489075,0.3620747923851013,0.33534568548202515,-0.048706576228141785,0.32597166299819946,0.303757905960083,-0.0529964379966259,0.3842109441757202,0.28925621509552,-0.020367532968521118,0.41962164640426636,0.2043757140636444,-0.03537986800074577,0.43823349475860596,0.15026701986789703,-0.048982568085193634,0.4521716237068176,0.10608157515525818,-0.05889078229665756,0.3415014445781708,0.26868000626564026,-0.016140589490532875,0.3565736711025238,0.16573597490787506,-0.024717116728425026,0.36270958185195923,0.10198241472244263,-0.03490688279271126,0.36696502566337585,0.055203408002853394,-0.04294968396425247,0.3025243282318115,0.2748510539531708,-0.016511673107743263,0.30466610193252563,0.18240725994110107,-0.025771021842956543,0.3083961009979248,0.12359590828418732,-0.03859925642609596,0.3116814196109772,0.07783159613609314,-0.04861677065491676,0.26444685459136963,0.3034844696521759,-0.020537452772259712,0.24845921993255615,0.2408633977174759,-0.03080384060740471,0.23965871334075928,0.19919736683368683,-0.038113072514534,0.23275484144687653,0.1616627424955368,-0.04354466125369072
0.280274897813797,0.527313232421875,4.893703362540691e-07,0.3361063599586487,0.4936329126358032,-0.03349445015192032,0.3661980628967285,0.41444385051727295,-0.042088136076927185,0.33809804916381836,0.3442995846271515,-0.046905338764190674,0.3051689863204956,0.3104909658432007,-0.05013280361890793,0.36151322722435,0.2955409586429596,-0.017916353419423103,0.39482104778289795,0.2078835368156433,-0.03123755007982254,0.41226524114608765,0.1530083864927292,-0.04345576837658882,0.4247547686100006,0.10753364861011505,-0.0526314303278923,0.31972435116767883,0.27612555027008057,-0.013087485916912556,0.3338521122932434,0.17298126220703125,-0.020998165011405945,0.3394363224506378,0.10788242518901825,-0.031008806079626083,0.3426148295402527,0.060159891843795776,-0.03840521723031998,0.2805004119873047,0.2835415303707123,-0.013046667911112309,0.2808725833892822,0.19108134508132935,-0.02249053493142128,0.28417354822158813,0.13120758533477783,-0.03610224649310112,0.28760117292404175,0.08337670564651489,-0.0461566187441349,0.2420688271522522,0.3130386471748352,-0.016684293746948242,0.22611325979232788,0.2534853518009186,-0.028121238574385643,0.21600770950317383,0.2140570878982544,-0.03655210882425308,0.2077682465314865,0.17719042301177979,-0.04230806604027748
0.26684990525245667,0.5258384943008423,5.042996349402529e-07,0.32282477617263794,0.48436951637268066,-0.033631231635808945,0.35206252336502075,0.4071371555328369,-0.0434240847826004,0.3240039050579071,0.3354783058166504,-0.04987471550703049,0.29218748211860657,0.2966306805610657,-0.054728832095861435,0.3489443361759186,0.2921639680862427,-0.014924513176083565,0.3815039396286011,0.204281747341156,-0.02806791290640831,0.3977412283420563,0.1472262144088745,-0.040842194110155106,0.40900540351867676,0.10014030337333679,-0.05079064890742302,0.3065841794013977,0.27323776483535767,-0.010861603543162346,0.3201790750026703,0.16878986358642578,-0.019061103463172913,0.32454565167427063,0.10364210605621338,-0.03025047853589058,0.3273797035217285,0.054424792528152466,-0.03892621025443077,0.2666141390800476,0.28095102310180664,-0.011892085894942284,0.26746663451194763,0.18498562276363373,-0.023123912513256073,0.2698553204536438,0.1229531466960907,-0.038362208753824234,0.27193036675453186,0.07565800845623016,-0.04943075776100159,0.2265501618385315,0.310569703578949,-0.016515124589204788,0.20944927632808685,0.24515315890312195,-0.030832592397928238,0.19804346561431885,0.2001206874847412,-0.041472066193819046,0.18818092346191406,0.15980824828147888,-0.04854913428425789
0.21371176838874817,0.5196414589881897,5.148460786585929e-07,0.26683229207992554,0.47932618856430054,-0.03383144736289978,0.295888751745224,0.39649683237075806,-0.042290687561035156,0.2640337646007538,0.3265150785446167,-0.04667960852384567,0.22386756539344788,0.2994629144668579,-0.04926068335771561,0.28796297311782837,0.2860271632671356,-0.017375657334923744,0.3213719129562378,0.19772866368293762,-0.030367055907845497,0.33871954679489136,0.14211271703243256,-0.04268169775605202,0.3517024517059326,0.09538277983665466,-0.051672060042619705,0.24558575451374054,0.2673725485801697,-0.011862772516906261,0.2574307918548584,0.16415241360664368,-0.018088527023792267,0.2626786231994629,0.09868986904621124,-0.026706021279096603,0.26641348004341125,0.05100056529045105,-0.0332169346511364,0.2071443796157837,0.27508753538131714,-0.011195375584065914,0.20596028864383698,0.18206122517585754,-0.018747663125395775,0.20999787747859955,0.12096494436264038,-0.030491216108202934,0.21434852480888367,0.07447461783885956,-0.03923192247748375,0.17038977146148682,0.30468234419822693,-0.014415307901799679,0.15180590748786926,0.24325163662433624,-0.02384231425821781,0.1405409723520279,0.20158374309539795,-0.03049752116203308,0.1311887502670288,0.16465094685554504,-0.03489978611469269
0.19448374211788177,0.5173843502998352,4.944984652865969e-07,0.24784550070762634,0.47706758975982666,-0.03224322572350502,0.27206718921661377,0.40110379457473755,-0.04118430241942406,0.24397209286689758,0.33342012763023376,-0.04661157354712486,0.21755731105804443,0.29920896887779236,-0.05054910108447075,0.26802319288253784,0.2858695387840271,-0.018181676045060158,0.2996934652328491,0.19745221734046936,-0.031836796551942825,0.3155796229839325,0.14110346138477325,-0.04451197385787964,0.32708802819252014,0.09454454481601715,-0.05387366563081741,0.2259702980518341,0.2683204710483551,-0.013809188269078732,0.23790469765663147,0.16255098581314087,-0.021777912974357605,0.24239052832126617,0.0977950394153595,-0.03194999322295189,0.24574148654937744,0.05021974444389343,-0.03948993235826492,0.18698544800281525,0.27661553025245667,-0.013927746564149857,0.18532709777355194,0.1822524070739746,-0.023486623540520668,0.18762759864330292,0.12205708026885986,-0.03719151020050049,0.19093161821365356,0.07588830590248108,-0.04725677892565727,0.14907270669937134,0.30667486786842346,-0.01750892587006092,0.13049185276031494,0.2464890331029892,-0.02892191708087921,0.12013368308544159,0.20631496608257294,-0.037093378603458405,0.11268263310194016,0.17089702188968658,-0.04249566048383713
0.17129215598106384,0.5365813374519348,4.7437652028747834e-07,0.22222386300563812,0.49471789598464966,-0.03415302187204361,0.24442602694034576,0.41545143723487854,-0.043735772371292114,0.21305640041828156,0.3484807014465332,-0.04935445636510849,0.18039672076702118,0.31426364183425903,-0.05299447849392891,0.23528943955898285,0.30034342408180237,-0.018826352432370186,0.26532381772994995,0.21207784116268158,-0.03365769982337952,0.28203630447387695,0.1571963131427765,-0.047889940440654755,0.29533815383911133,0.11233995854854584,-0.05808431655168533,0.19345887005329132,0.28207314014434814,-0.013342547230422497,0.20352907478809357,0.17862986028194427,-0.02076602727174759,0.20809774100780487,0.11500824987888336,-0.03048528917133808,0.21286672353744507,0.06894804537296295,-0.03801848739385605,0.15617483854293823,0.29068732261657715,-0.012782066129148006,0.15509003400802612,0.19659820199012756,-0.021149056032299995,0.15803588926792145,0.13812515139579773,-0.03385460004210472,0.16154594719409943,0.09192191064357758,-0.043666332960128784,0.12121367454528809,0.3228188455104828,-0.01606326922774315,0.1038098931312561,0.2640641927719116,-0.026732511818408966,0.09269648045301437,0.223655566573143,-0.03459063172340393,0.08378241956233978,0.18773159384727478,-0.039943091571331024
