0.6390829086303711,0.6060506701469421,4.161149718129309e-07,0.5819230079650879,0.5660231113433838,-0.024465281516313553,0.5495051741600037,0.5053441524505615,-0.037097953259944916,0.5314639210700989,0.44736766815185547,-0.04874828830361366,0.525051474571228,0.39426371455192566,-0.05983304604887962,0.5860780477523804,0.4085097908973694,-0.008603112772107124,0.5876128077507019,0.32820257544517517,-0.0265475045889616,0.5916334390640259,0.2798649072647095,-0.04469405487179756,0.5986356735229492,0.23688800632953644,-0.05824589356780052,0.621173620223999,0.40235182642936707,-0.01091170497238636,0.6232914328575134,0.3120305836200714,-0.02407289296388626,0.6245514154434204,0.2547428607940674,-0.04002993926405907,0.624285876750946,0.20618656277656555,-0.05292622372508049,0.6524674296379089,0.4112614393234253,-0.018026066944003105,0.6537683606147766,0.3282632827758789,-0.030357591807842255,0.6528724431991577,0.27421969175338745,-0.04226410388946533,0.6505841016769409,0.2269923985004425,-0.05243765935301781,0.6828588247299194,0.43218058347702026,-0.028244521468877792,0.6855486035346985,0.3715779185295105,-0.03957245126366615,0.6856620907783508,0.33169811964035034,-0.04606158658862114,0.6852744221687317,0.29345861077308655,-0.05171230807900429
0.4824623465538025,0.7640991806983948,4.803363822247775e-07,0.4226202070713043,0.7481772899627686,-0.025629442185163498,0.3726329505443573,0.6978175044059753,-0.03959549590945244,0.3406587839126587,0.650952160358429,-0.051591385155916214,0.31107020378112793,0.6118130087852478,-0.06327806413173676,0.3959430158138275,0.5787125825881958,-0.022696619853377342,0.38003984093666077,0.49599137902259827,-0.043017759919166565,0.37366917729377747,0.4429699182510376,-0.059835340827703476,0.370754599571228,0.395754873752594,-0.0721045583486557,0.4314258098602295,0.5631656646728516,-0.02613089419901371,0.4174964725971222,0.467460036277771,-0.04227841645479202,0.41028109192848206,0.40592142939567566,-0.0566629096865654,0.4043148159980774,0.3543381690979004,-0.06772610545158386,0.4661063849925995,0.5669116377830505,-0.0335371196269989,0.45589858293533325,0.47712767124176025,-0.05108679085969925,0.44955670833587646,0.4215894937515259,-0.062191545963287354,0.4432581067085266,0.3719046711921692,-0.07072075456380844,0.5011255145072937,0.5858561396598816,-0.04358598589897156,0.5057398676872253,0.5207157731056213,-0.060149941593408585,0.5108211636543274,0.4763178825378418,-0.0670563280582428,0.5145623683929443,0.43418315052986145,-0.0719832107424736
0.6580893993377686,0.6512978672981262,4.1289183627668535e-07,0.5997801423072815,0.6103167533874512,-0.022616900503635406,0.5616288185119629,0.5424143075942993,-0.03511231392621994,0.5328744053840637,0.4848031997680664,-0.04713243618607521,0.5025759935379028,0.4465460479259491,-0.059183165431022644,0.5992779731750488,0.4353512227535248,-0.010176679119467735,0.5987280011177063,0.35003307461738586,-0.028335940092802048,0.6026464700698853,0.2996351718902588,-0.04616200923919678,0.6087396740913391,0.2529542148113251,-0.05991566553711891,0.636028528213501,0.4261718690395355,-0.014849409461021423,0.6360299587249756,0.33000272512435913,-0.028585068881511688,0.6360622048377991,0.27040404081344604,-0.04373457655310631,0.6351832747459412,0.21824440360069275,-0.05610204488039017,0.6700804233551025,0.4357687532901764,-0.023894403129816055,0.6698225736618042,0.3451937139034271,-0.037460245192050934,0.6675163507461548,0.2881537079811096,-0.04762229323387146,0.6646285653114319,0.23747901618480682,-0.05656592547893524,0.703246533870697,0.4610089361667633,-0.03589915111660957,0.7096778154373169,0.395955353975296,-0.04849163442850113,0.7137627601623535,0.3520546853542328,-0.05370195955038071,0.7168906331062317,0.310204416513443,-0.05823950096964836
0.6734923124313354,0.6695147752761841,5.355437338039337e-07,0.6175251603126526,0.6379980444908142,-0.030425725504755974,0.5700501799583435,0.593553900718689,-0.050587717443704605,0.5246484279632568,0.5634536147117615,-0.06906887888908386,0.47879713773727417,0.5534729361534119,-0.08965779095888138,0.6294111609458923,0.45238423347473145,-0.035809434950351715,0.6137014627456665,0.3613360822200775,-0.05455710366368294,0.6084439754486084,0.30213624238967896,-0.06975382566452026,0.6071167588233948,0.25240403413772583,-0.08244585245847702,0.6777006387710571,0.4425205886363983,-0.039638977497816086,0.686891496181488,0.3385791778564453,-0.05472723767161369,0.694114625453949,0.2732926607131958,-0.07035048305988312,0.7008713483810425,0.21934285759925842,-0.08422642946243286,0.7185536026954651,0.46088501811027527,-0.04709404706954956,0.7516762614250183,0.37317371368408203,-0.0699477568268776,0.770683765411377,0.3132556974887848,-0.09217981994152069,0.7853637933731079,0.25865569710731506,-0.1093916967511177,0.7506502270698547,0.5008845925331116,-0.05657122656702995,0.8007923364639282,0.45933523774147034,-0.08241068571805954,0.8341442346572876,0.43120428919792175,-0.09809892624616623,0.8621283173561096,0.4008136987686157,-0.10961995273828506
0.6686133146286011,0.665728747844696,4.5673485260522284e-07,0.6065829992294312,0.6384989619255066,-0.026162240654230118,0.554370641708374,0.5874167084693909,-0.04205774888396263,0.5109462141990662,0.547967791557312,-0.05643881857395172,0.47060444951057434,0.5240399837493896,-0.07071404159069061,0.5984259247779846,0.45081767439842224,-0.016722220927476883,0.5875614285469055,0.3620116710662842,-0.03229834884405136,0.585081934928894,0.3089320659637451,-0.04783398658037186,0.5847976803779602,0.2624766528606415,-0.060279157012701035,0.6371877193450928,0.43786874413490295,-0.019789395853877068,0.6302131414413452,0.3391517996788025,-0.030409228056669235,0.6269513368606567,0.27962982654571533,-0.04258209839463234,0.6235888600349426,0.23220381140708923,-0.053470905870199203,0.6741365194320679,0.4443637728691101,-0.027373788878321648,0.669236421585083,0.35410720109939575,-0.038353100419044495,0.6640554070472717,0.3008289933204651,-0.047497522085905075,0.657325267791748,0.2541138529777527,-0.05639128014445305,0.7105739116668701,0.465697705745697,-0.038315292447805405,0.7147710919380188,0.40021491050720215,-0.048981424421072006,0.7156046628952026,0.35741955041885376,-0.05411085486412048,0.7149337530136108,0.31638303399086,-0.05911822244524956
0.32317736744880676,0.7678053379058838,4.1734608657861827e-07,0.26739680767059326,0.7674007415771484,-0.016072465106844902,0.21234431862831116,0.7237257361412048,-0.023057300597429276,0.17713157832622528,0.6855350732803345,-0.02959386818110943,0.143739253282547,0.6692178249359131,-0.036711882799863815,0.21402116119861603,0.6058441400527954,-0.01330698374658823,0.18912120163440704,0.5318552851676941,-0.029570655897259712,0.17825466394424438,0.48324882984161377,-0.0432351678609848,0.17297032475471497,0.4406655430793762,-0.05346832796931267,0.24114644527435303,0.5860146284103394,-0.01946033164858818,0.21700000762939453,0.49750787019729614,-0.03292287886142731,0.2051079273223877,0.4396623969078064,-0.045068953186273575,0.19791655242443085,0.3917427957057953,-0.054455243051052094,0.2719511091709137,0.5835386514663696,-0.028945885598659515,0.2513579726219177,0.49995577335357666,-0.044809844344854355,0.24016426503658295,0.44785261154174805,-0.05652973800897598,0.2319280505180359,0.40162894129753113,-0.06564265489578247,0.3071715831756592,0.5960695743560791,-0.04022597149014473,0.3050709664821625,0.5334340333938599,-0.05645733326673508,0.30647414922714233,0.4902653098106384,-0.06497444212436676,0.3076968789100647,0.4496941566467285,-0.07135260850191116
0.1886473000049591,0.8982661962509155,4.799610451300396e-07,0.25255870819091797,0.8639177083969116,-0.03408893942832947,0.3100802004337311,0.8089567422866821,-0.05546111240983009,0.35674166679382324,0.7699565291404724,-0.0750044658780098,0.3976319432258606,0.7487225532531738,-0.09598775207996368,0.2657826244831085,0.686915397644043,-0.04725271090865135,0.28944239020347595,0.5920063853263855,-0.07458429783582687,0.3004622459411621,0.5313332676887512,-0.09476905316114426,0.3072430491447449,0.4768452048301697,-0.11020446568727493,0.21709506213665009,0.6768261790275574,-0.05145883932709694,0.21184180676937103,0.5677741169929504,-0.07729612290859222,0.204477459192276,0.4974881410598755,-0.09775791317224503,0.19499413669109344,0.4385809898376465,-0.11325996369123459,0.1726883053779602,0.6933686137199402,-0.05872601643204689,0.16138756275177002,0.5952471494674683,-0.08528938889503479,0.1563376486301422,0.526515007019043,-0.10562589019536972,0.1518770307302475,0.4654116630554199,-0.12013288587331772,0.13289910554885864,0.7299710512161255,-0.06868185102939606,0.09923088550567627,0.6659190058708191,-0.0955919474363327,0.07468856871128082,0.6227770447731018,-0.10957364737987518,0.05405475199222565,0.5801977515220642,-0.11856989562511444
0.1788790374994278,0.8527873754501343,3.0575901632801106e-07,0.2324984222650528,0.8069886565208435,-0.02375819906592369,0.2648419439792633,0.728782594203949,-0.03661103546619415,0.2849583327770233,0.6607891321182251,-0.04855640232563019,0.31168460845947266,0.6084993481636047,-0.060982804745435715,0.24234648048877716,0.6275375485420227,-0.024838674813508987,0.24678345024585724,0.5331886410713196,-0.04789931699633598,0.24437031149864197,0.477411150932312,-0.06582167744636536,0.23927916586399078,0.42614737153053284,-0.07899259775876999,0.2105931043624878,0.6266081929206848,-0.030076276510953903,0.2162446826696396,0.5182376503944397,-0.05156892538070679,0.21521133184432983,0.45123547315597534,-0.0686197429895401,0.21092431247234344,0.3923203945159912,-0.08095873147249222,0.17829221487045288,0.6449812054634094,-0.03862685337662697,0.18468420207500458,0.5436201691627502,-0.060544453561306,0.18787862360477448,0.4807100296020508,-0.07383596152067184,0.18866947293281555,0.4237324297428131,-0.0826849713921547,0.14295163750648499,0.6776115894317627,-0.04929220676422119,0.1467955857515335,0.6035211086273193,-0.07061802595853806,0.14934542775154114,0.5542659759521484,-0.07986639440059662,0.14882376790046692,0.5065314769744873,-0.08545234054327011
0.16841572523117065,0.8354990482330322,3.6053137364433496e-07,0.22552801668643951,0.800557017326355,-0.023378919810056686,0.2719215154647827,0.7435489892959595,-0.040318965911865234,0.3161947727203369,0.705456554889679,-0.056906674057245255,0.3576818108558655,0.6891542673110962,-0.07520493865013123,0.24780648946762085,0.6290324330329895,-0.03335035592317581,0.25583022832870483,0.5360385775566101,-0.05794590711593628,0.25381895899772644,0.47937899827957153,-0.07690789550542831,0.24922168254852295,0.42967337369918823,-0.09087177366018295,0.21178670227527618,0.6227051019668579,-0.04067099839448929,0.22056932747364044,0.5188754200935364,-0.06396832317113876,0.22170431911945343,0.45351043343544006,-0.0829542726278305,0.2194882482290268,0.3987424671649933,-0.09697289019823074,0.1739131361246109,0.6371501684188843,-0.05039616674184799,0.18150344491004944,0.5406472086906433,-0.07217811048030853,0.18613049387931824,0.47868335247039795,-0.08745598793029785,0.1890583038330078,0.4248548746109009,-0.09826742112636566,0.13337838649749756,0.6665732860565186,-0.062141209840774536,0.13195203244686127,0.5946843028068542,-0.08217265456914902,0.13203774392604828,0.5477215051651001,-0.09117675572633743,0.13166353106498718,0.502536416053772,-0.09714697301387787
0.16678540408611298,0.8493674993515015,5.971297696305555e-07,0.22764037549495697,0.8271834850311279,-0.036169905215501785,0.28291940689086914,0.7886768579483032,-0.06059836596250534,0.33269044756889343,0.7632797956466675,-0.08284959197044373,0.3756219744682312,0.7553485631942749,-0.10632191598415375,0.25087133049964905,0.6625083088874817,-0.050710756331682205,0.2782832980155945,0.5763005018234253,-0.07953348755836487,0.29245370626449585,0.5206607580184937,-0.10007037222385406,0.3019903302192688,0.4697679281234741,-0.11517079919576645,0.2090955376625061,0.6455790996551514,-0.05383225902915001,0.2265457808971405,0.5441832542419434,-0.08056426048278809,0.23300331830978394,0.476408451795578,-0.1001398116350174,0.2346513867378235,0.41873085498809814,-0.11441422998905182,0.1664278656244278,0.6543134450912476,-0.06015181913971901,0.16468888521194458,0.5588857531547546,-0.08629946410655975,0.16268208622932434,0.4919613301753998,-0.10543278604745865,0.1611427366733551,0.4340449869632721,-0.11857569962739944,0.12550655007362366,0.6831826567649841,-0.06939661502838135,0.10329891741275787,0.6153160929679871,-0.09381106495857239,0.08739583194255829,0.568687379360199,-0.10630353540182114,0.07512935996055603,0.5230058431625366,-0.11442981660366058
0.17043955624103546,0.7726455926895142,3.522107476783276e-07,0.22577130794525146,0.7374628186225891,-0.024067413061857224,0.27021676301956177,0.6792965531349182,-0.0398288369178772,0.31173038482666016,0.6349045038223267,-0.05493662878870964,0.352497398853302,0.6100954413414001,-0.0711759403347969,0.24395975470542908,0.5683178901672363,-0.028238575905561447,0.2521008551120758,0.47835925221443176,-0.050857868045568466,0.250657856464386,0.42371857166290283,-0.06891977041959763,0.24591004848480225,0.37516099214553833,-0.08210259675979614,0.21053558588027954,0.5617117881774902,-0.03392130881547928,0.22147803008556366,0.46189743280410767,-0.05453849211335182,0.22308464348316193,0.3985011577606201,-0.07184699922800064,0.22024253010749817,0.34526920318603516,-0.08461111038923264,0.17459502816200256,0.5748044848442078,-0.04249867424368858,0.18461081385612488,0.48167020082473755,-0.06206107884645462,0.19101859629154205,0.4228845238685608,-0.0752214565873146,0.19522081315517426,0.37183696031570435,-0.08445506542921066,0.13482458889484406,0.6018499135971069,-0.05333374813199043,0.13593259453773499,0.5314028859138489,-0.07131130248308182,0.13803063333034515,0.4853576421737671,-0.07870466262102127,0.1392948031425476,0.4413689970970154,-0.08342231065034866
0.15261484682559967,0.8507347702980042,2.3746389388179523e-07,0.20707012712955475,0.8114076256752014,-0.01801588572561741,0.24365778267383575,0.7457324862480164,-0.028883351013064384,0.2718645930290222,0.6900060772895813,-0.039853259921073914,0.3006807863712311,0.64947909116745,-0.05145254358649254,0.2265700399875641,0.6444540619850159,-0.020313644781708717,0.23688596487045288,0.5581642985343933,-0.0410868301987648,0.23789294064044952,0.5071308612823486,-0.05759253352880478,0.23628580570220947,0.4632943868637085,-0.06917805224657059,0.1943352222442627,0.6361623406410217,-0.02718624658882618,0.2053256630897522,0.538208544254303,-0.04536646977066994,0.20914772152900696,0.4756482243537903,-0.06036746874451637,0.20949581265449524,0.4231162667274475,-0.07113422453403473,0.16091427206993103,0.6480085849761963,-0.03682201728224754,0.16766436398029327,0.5559624433517456,-0.05466989427804947,0.17312848567962646,0.4986490309238434,-0.06678634881973267,0.17790207266807556,0.4507462978363037,-0.07514812797307968,0.1254962533712387,0.6759576797485352,-0.04821784049272537,0.12344987690448761,0.6085017919540405,-0.06532920151948929,0.12396733462810516,0.5630550980567932,-0.07260612398386002,0.1253557801246643,0.5222569108009338,-0.07697330415248871
0.7560598850250244,0.5936520099639893,5.421359787760593e-07,0.6889623999595642,0.5558829307556152,-0.03759955242276192,0.6493211984634399,0.49515342712402344,-0.0570223368704319,0.6274445056915283,0.43285226821899414,-0.07384394854307175,0.6262302398681641,0.3737209737300873,-0.09027127176523209,0.6821871399879456,0.384340763092041,-0.019631732255220413,0.668321967124939,0.29378339648246765,-0.041424594819545746,0.6627890467643738,0.23811234533786774,-0.06329323351383209,0.6634805798530579,0.18767406046390533,-0.08060793578624725,0.7230322360992432,0.37275469303131104,-0.019578123465180397,0.71451735496521,0.270060271024704,-0.037383370101451874,0.7117601037025452,0.2046995609998703,-0.0598444789648056,0.7091182470321655,0.14914065599441528,-0.0782933309674263,0.7615541815757751,0.3792363703250885,-0.02565235272049904,0.7558956146240234,0.2850382328033447,-0.04482535272836685,0.7516103386878967,0.22315563261508942,-0.06593092530965805,0.7461908459663391,0.1681012362241745,-0.0831926167011261,0.7990781664848328,0.3980635106563568,-0.035530831664800644,0.8037548065185547,0.33232781291007996,-0.054407328367233276,0.804797351360321,0.2874380350112915,-0.06839290261268616,0.8052905201911926,0.24225303530693054,-0.08035219460725784
0.7722362279891968,0.5986127853393555,4.7503760924882954e-07,0.7092383503913879,0.558710515499115,-0.03404645621776581,0.6700533628463745,0.4931385815143585,-0.051777005195617676,0.6488685607910156,0.42702001333236694,-0.06709069758653641,0.6564383506774902,0.37336719036102295,-0.08174469321966171,0.7019631862640381,0.3806702196598053,-0.018632590770721436,0.6899575591087341,0.29007986187934875,-0.041342560201883316,0.6857072710990906,0.23384733498096466,-0.06275306642055511,0.6876165866851807,0.18298658728599548,-0.07924008369445801,0.7434541583061218,0.3677992522716522,-0.01857648231089115,0.7385489344596863,0.2662537097930908,-0.03641234710812569,0.7384487986564636,0.2015606015920639,-0.05674685165286064,0.7378782629966736,0.14540600776672363,-0.07297056168317795,0.782477080821991,0.3749968409538269,-0.024018218740820885,0.7796715497970581,0.2823522984981537,-0.04285633936524391,0.7775281071662903,0.22020767629146576,-0.06116645783185959,0.7739273905754089,0.16539792716503143,-0.07553334534168243,0.8197183609008789,0.39801710844039917,-0.03287111222743988,0.825990617275238,0.33324533700942993,-0.05063767731189728,0.8283567428588867,0.2877331078052521,-0.062211018055677414,0.8296428322792053,0.24333541095256805,-0.07146863639354706
0.6420313119888306,0.6182183027267456,4.076486561643833e-07,0.5820910930633545,0.5808636546134949,-0.025301873683929443,0.543362021446228,0.5193141102790833,-0.04024816304445267,0.5236343741416931,0.45661461353302,-0.05405430123209953,0.5246499180793762,0.40081578493118286,-0.06736895442008972,0.5764846801757812,0.40655162930488586,-0.015323901548981667,0.5687779188156128,0.31749632954597473,-0.036350592970848083,0.5669342279434204,0.2626628875732422,-0.05521742254495621,0.5695834755897522,0.21348153054714203,-0.06936779618263245,0.6151286959648132,0.39559125900268555,-0.018930165097117424,0.6114462018013,0.29629242420196533,-0.03482409194111824,0.6105480790138245,0.2336001843214035,-0.051705729216337204,0.6091445684432983,0.17897182703018188,-0.06519540399312973,0.6507578492164612,0.4040021300315857,-0.0269785113632679,0.647845447063446,0.31255295872688293,-0.04255533963441849,0.6457845568656921,0.2525370717048645,-0.055778153240680695,0.6425324082374573,0.19925299286842346,-0.06680358946323395,0.6852318048477173,0.4278700351715088,-0.037851352244615555,0.688876211643219,0.3628794252872467,-0.05238666757941246,0.6910467147827148,0.3179771602153778,-0.06003711372613907,0.6926369071006775,0.2747515141963959,-0.06628242880105972
0.36124300956726074,0.5938119888305664,4.126862336306658e-07,0.29585567116737366,0.5610527992248535,-0.020480884239077568,0.24980536103248596,0.49429357051849365,-0.030553951859474182,0.22455653548240662,0.4358333647251129,-0.040389686822891235,0.2005734145641327,0.3873685300350189,-0.04997974634170532,0.2833671271800995,0.3755221366882324,-0.011377569288015366,0.26927149295806885,0.28496676683425903,-0.031131664291024208,0.2613902986049652,0.22709259390830994,-0.04855674132704735,0.2565290033817291,0.17678318917751312,-0.06109459698200226,0.31719788908958435,0.3618406057357788,-0.017215905711054802,0.30464479327201843,0.25882017612457275,-0.0328705795109272,0.2957801818847656,0.19267839193344116,-0.04797753319144249,0.2882721424102783,0.1374051570892334,-0.059107210487127304,0.35156795382499695,0.3680388629436493,-0.02707751840353012,0.3414275050163269,0.2720305621623993,-0.043255195021629333,0.33410772681236267,0.2108980417251587,-0.053698331117630005,0.3278080224990845,0.15811659395694733,-0.0616525337100029,0.3871247470378876,0.39182159304618835,-0.03961179777979851,0.39195531606674194,0.3230736553668976,-0.054312512278556824,0.397147536277771,0.2761163115501404,-0.05933886766433716,0.40282416343688965,0.2336467206478119,-0.06268490105867386
0.6079131960868835,0.9692390561103821,3.0108080295576656e-07,0.5632844567298889,0.9304298758506775,-0.017311401665210724,0.5340574979782104,0.8730029463768005,-0.029813574627041817,0.5167961120605469,0.8232894539833069,-0.042074691504240036,0.526931643486023,0.787427544593811,-0.05430442467331886,0.572816789150238,0.7773150205612183,-0.012872585095465183,0.5720292329788208,0.7026050686836243,-0.03071925975382328,0.5731214284896851,0.6575039029121399,-0.04671504721045494,0.5783053636550903,0.6174684166908264,-0.058702241629362106,0.6053532958030701,0.7746530175209045,-0.017767684534192085,0.6084121465682983,0.6900848150253296,-0.030798660591244698,0.6116716861724854,0.6381620764732361,-0.043904904276132584,0.6144101619720459,0.5924327969551086,-0.05428218096494675,0.6351964473724365,0.788395345211029,-0.02576204016804695,0.6385133266448975,0.7105740308761597,-0.037211403250694275,0.6403676867485046,0.6596190929412842,-0.04630109295248985,0.6410433650016785,0.6146863698959351,-0.05417519807815552,0.6625058054924011,0.8164229989051819,-0.03591824322938919,0.6681896448135376,0.7598010301589966,-0.0458403080701828,0.6715981960296631,0.7210413813591003,-0.05022463575005531,0.6745803952217102,0.6839529275894165,-0.05401608720421791
0.6063582897186279,0.9823696613311768,3.991307835349289e-07,0.557427167892456,0.9418349266052246,-0.02221352979540825,0.5267974138259888,0.8762712478637695,-0.03773526847362518,0.5068778991699219,0.8251054883003235,-0.05204092338681221,0.48229214549064636,0.7839093208312988,-0.06745510548353195,0.5726643800735474,0.7939438819885254,-0.0297747440636158,0.5780283212661743,0.7157338261604309,-0.052038077265024185,0.5839090347290039,0.6692256331443787,-0.07013630867004395,0.5915135741233826,0.6274229288101196,-0.08362512290477753,0.6065913438796997,0.7966564893722534,-0.035722602158784866,0.6133161783218384,0.7078837156295776,-0.055091217160224915,0.6181362867355347,0.6525775194168091,-0.07253259420394897,0.6217730641365051,0.6025932431221008,-0.08637414127588272,0.6364563703536987,0.8138570189476013,-0.04430636763572693,0.6421440243721008,0.733996570110321,-0.06232128664851189,0.6450155377388,0.6831765174865723,-0.0751362144947052,0.6462934017181396,0.6374865174293518,-0.08568175137042999,0.664961040019989,0.8429115414619446,-0.05500490590929985,0.6727306246757507,0.78560870885849,-0.07045973092317581,0.6777664422988892,0.7465132474899292,-0.07771920412778854,0.6820889115333557,0.7091158628463745,-0.08394523710012436
0.719066321849823,0.7794062495231628,4.289070147933671e-07,0.6648932099342346,0.741750955581665,-0.028258340433239937,0.635633647441864,0.6876717805862427,-0.0422571524977684,0.618867039680481,0.6373429894447327,-0.0544002540409565,0.6022887229919434,0.5864455699920654,-0.06633422523736954,0.6726978421211243,0.5969984531402588,-0.012718957848846912,0.6715267300605774,0.5203564763069153,-0.02777896076440811,0.6743748784065247,0.4749782979488373,-0.04445551708340645,0.6796517372131348,0.43430405855178833,-0.05747247114777565,0.7051513195037842,0.5934876799583435,-0.012655891478061676,0.7047187685966492,0.5085387825965881,-0.02342737466096878,0.7045131325721741,0.455086886882782,-0.039106741547584534,0.7030460238456726,0.4108806848526001,-0.05260436609387398,0.7338429689407349,0.6022538542747498,-0.017442410811781883,0.7332615852355957,0.5260147452354431,-0.027448832988739014,0.7306690812110901,0.47788572311401367,-0.04049033671617508,0.7263883352279663,0.4347183406352997,-0.05247513949871063,0.7627444267272949,0.6198381781578064,-0.02568761073052883,0.7647594213485718,0.5652115345001221,-0.035769760608673096,0.7634508609771729,0.5296757817268372,-0.043655239045619965,0.7619904279708862,0.4940127432346344,-0.051263537257909775
0.12728314101696014,0.9122500419616699,4.869636427429214e-07,0.21273191273212433,0.8741660118103027,-0.03870487958192825,0.2830348014831543,0.7942976355552673,-0.05400712043046951,0.3288941979408264,0.7155393362045288,-0.06717634946107864,0.34746408462524414,0.6447398662567139,-0.08017495274543762,0.2471979856491089,0.6253358721733093,-0.024842189624905586,0.2642078399658203,0.5085663795471191,-0.0508870854973793,0.26790183782577515,0.43394750356674194,-0.07488832622766495,0.2700263261795044,0.3678615689277649,-0.09279455244541168,0.19771534204483032,0.6066596508026123,-0.02645229920744896,0.216652050614357,0.475182443857193,-0.04967144504189491,0.22674229741096497,0.38622960448265076,-0.07439097762107849,0.23545736074447632,0.3109617233276367,-0.09316190332174301,0.14634254574775696,0.6155291199684143,-0.03378951549530029,0.16292515397071838,0.49116599559783936,-0.0574808232486248,0.17727455496788025,0.41172078251838684,-0.07935238629579544,0.19138596951961517,0.34179237484931946,-0.09534446150064468,0.09287640452384949,0.6461172699928284,-0.04522700980305672,0.10007098317146301,0.5562375783920288,-0.06952089071273804,0.105597123503685,0.4941016435623169,-0.08409834653139114,0.11225404590368271,0.4340978264808655,-0.09412342309951782
0.20891672372817993,0.7659863233566284,3.3748739269867656e-07,0.27270159125328064,0.7359592914581299,-0.025140058249235153,0.3205578029155731,0.6736345291137695,-0.03554767742753029,0.3493748605251312,0.6114264130592346,-0.04488629475235939,0.3750288784503937,0.5617806315422058,-0.05409974232316017,0.29460251331329346,0.5543949007987976,-0.016128404065966606,0.3064921498298645,0.467862993478775,-0.03465830907225609,0.30983245372772217,0.4140087366104126,-0.05042440444231033,0.31226497888565063,0.36660563945770264,-0.062052931636571884,0.25835078954696655,0.5401579141616821,-0.01815476454794407,0.27112188935279846,0.44309431314468384,-0.035283077508211136,0.27900516986846924,0.37957364320755005,-0.0506674163043499,0.28532886505126953,0.3260481655597687,-0.061886101961135864,0.2214500904083252,0.5464056730270386,-0.02414894476532936,0.2312508225440979,0.45548492670059204,-0.04203483834862709,0.24115204811096191,0.39852914214134216,-0.054768361151218414,0.2512586712837219,0.347987562417984,-0.06360721588134766,0.18253520131111145,0.5682161450386047,-0.032775893807411194,0.1861080527305603,0.5031566023826599,-0.050241868942976,0.19116175174713135,0.46009010076522827,-0.05875512585043907,0.19688299298286438,0.41843801736831665,-0.06411194056272507
0.33838367462158203,0.7410101890563965,3.658793161775975e-07,0.40137407183647156,0.7168731093406677,-0.027642641216516495,0.44949036836624146,0.6612606644630432,-0.03910588100552559,0.48161640763282776,0.6047428846359253,-0.04926695674657822,0.5109703540802002,0.5617117881774902,-0.05908219888806343,0.4329621195793152,0.5480042695999146,-0.01708030514419079,0.45594608783721924,0.4649536907672882,-0.035837672650814056,0.4641757607460022,0.41199398040771484,-0.05233928561210632,0.46938368678092957,0.36394238471984863,-0.064568892121315,0.3982221484184265,0.5285972356796265,-0.018124612048268318,0.4162471890449524,0.4329576790332794,-0.03513568267226219,0.42455965280532837,0.3710078001022339,-0.05152924731373787,0.4290964603424072,0.31824398040771484,-0.06344987452030182,0.361787348985672,0.5295296907424927,-0.023238934576511383,0.37588077783584595,0.442280113697052,-0.04070969298481941,0.385713666677475,0.38577866554260254,-0.05417066439986229,0.39258745312690735,0.3360767066478729,-0.06340856105089188,0.32340896129608154,0.5457155108451843,-0.031224679201841354,0.33218103647232056,0.4820626676082611,-0.04788666218519211,0.3368028700351715,0.43860262632369995,-0.05586240068078041,0.33937394618988037,0.3975829482078552,-0.060718704015016556
0.14312034845352173,0.7938042879104614,4.816253635908652e-07,0.2128923535346985,0.7670707702636719,-0.03296654298901558,0.26933544874191284,0.7167813777923584,-0.04650196060538292,0.31225478649139404,0.6684880256652832,-0.057712335139513016,0.346718430519104,0.631110668182373,-0.06873487681150436,0.23202185332775116,0.58916175365448,-0.019507715478539467,0.25079345703125,0.5024354457855225,-0.036661021411418915,0.25815191864967346,0.44834664463996887,-0.05304050073027611,0.26391828060150146,0.4002874195575714,-0.06584509462118149,0.19240796566009521,0.5730898380279541,-0.017977409064769745,0.20285974442958832,0.47450628876686096,-0.034324247390031815,0.2097957879304886,0.4114825129508972,-0.052625227719545364,0.21472662687301636,0.3604084551334381,-0.06662214547395706,0.1525724232196808,0.5786998867988586,-0.02097688615322113,0.15755495429039001,0.48860350251197815,-0.03900624066591263,0.163186714053154,0.43023812770843506,-0.056058336049318314,0.16853713989257812,0.37888771295547485,-0.06822499632835388,0.1135965883731842,0.5989404320716858,-0.02721806988120079,0.11346687376499176,0.5327344536781311,-0.04577873647212982,0.1118529662489891,0.48907870054244995,-0.05689511448144913,0.11139154434204102,0.44623833894729614,-0.06434515863656998
0.13348053395748138,0.8106077909469604,5.384503651839623e-07,0.20392315089702606,0.7799123525619507,-0.03706195577979088,0.25940003991127014,0.725136935710907,-0.05369690805673599,0.29998472332954407,0.6741488575935364,-0.06759603321552277,0.33370810747146606,0.6306983232498169,-0.08174740523099899,0.21913555264472961,0.5956800580024719,-0.029144998639822006,0.23980852961540222,0.5059733986854553,-0.05141449719667435,0.24996338784694672,0.44871985912323,-0.07107148319482803,0.25848108530044556,0.3979427218437195,-0.08615551143884659,0.17706361413002014,0.5813313722610474,-0.028030728921294212,0.18492205440998077,0.47719913721084595,-0.04839405417442322,0.19187240302562714,0.41030585765838623,-0.06958649307489395,0.1977127492427826,0.35526445508003235,-0.08599375188350677,0.1355161815881729,0.5907809734344482,-0.03170309215784073,0.13576160371303558,0.49575871229171753,-0.05396120995283127,0.140838623046875,0.43177783489227295,-0.07439140975475311,0.1470830738544464,0.3746386766433716,-0.08913246542215347,0.09527980536222458,0.6162410974502563,-0.0387764498591423,0.09181550145149231,0.5465960502624512,-0.061699289828538895,0.09019267559051514,0.4981120526790619,-0.07615727931261063,0.09119541198015213,0.4493802785873413,-0.086256243288517
0.6710613965988159,0.8142324090003967,5.132828277965018e-07,0.6046812534332275,0.7957104444503784,-0.026318775489926338,0.5484585762023926,0.7441657185554504,-0.04070557281374931,0.508632242679596,0.6961380243301392,-0.05347910523414612,0.4696512818336487,0.6649989485740662,-0.06638021022081375,0.5780969858169556,0.6089743971824646,-0.019031520932912827,0.5613265037536621,0.5212101936340332,-0.03764043748378754,0.555730938911438,0.4652695059776306,-0.054664138704538345,0.5540091395378113,0.4139004945755005,-0.06795526295900345,0.6182264089584351,0.5895920991897583,-0.023605767637491226,0.6061683893203735,0.4888312518596649,-0.03835243359208107,0.6007466912269592,0.4227762222290039,-0.05432157963514328,0.5970176458358765,0.3670574724674225,-0.06752820312976837,0.6561564803123474,0.5930184721946716,-0.032506003975868225,0.6580326557159424,0.4997899830341339,-0.04987983778119087,0.6574371457099915,0.43817007541656494,-0.06356801092624664,0.6549493670463562,0.38371431827545166,-0.07468707859516144,0.6923770904541016,0.6143139004707336,-0.04414410516619682,0.7036310434341431,0.5479022860527039,-0.061086591333150864,0.7105840444564819,0.5019631385803223,-0.06905851513147354,0.7150169610977173,0.45804959535598755,-0.07538943737745285
0.4185142517089844,0.7899483442306519,5.316792339726817e-07,0.3468923568725586,0.7934675216674805,-0.01934436522424221,0.2782590687274933,0.7610431909561157,-0.02843444235622883,0.22948120534420013,0.7350704073905945,-0.036906979978084564,0.18883603811264038,0.7284049987792969,-0.04697636514902115,0.29022014141082764,0.5993146300315857,-0.01899290271103382,0.2519737482070923,0.5171971321105957,-0.03269832953810692,0.2303069531917572,0.464078426361084,-0.04449315369129181,0.2150384783744812,0.41866832971572876,-0.054596371948719025,0.3297070860862732,0.5656970739364624,-0.02645455114543438,0.30774202942848206,0.4587334394454956,-0.03800620883703232,0.2935040593147278,0.38896670937538147,-0.05197504535317421,0.2843216061592102,0.33299341797828674,-0.06353061646223068,0.3704119622707367,0.5591027736663818,-0.03714613616466522,0.3729088306427002,0.4529343247413635,-0.05745791271328926,0.3723504841327667,0.3876146972179413,-0.07830876857042313,0.37100857496261597,0.33189234137535095,-0.09369388967752457,0.4100082516670227,0.5772010087966919,-0.0489908866584301,0.43877625465393066,0.5052123069763184,-0.07481954246759415,0.4581845998764038,0.45749473571777344,-0.09086586534976959,0.4736449122428894,0.4134475290775299,-0.10146515816450119
0.41713643074035645,0.7871904969215393,4.744252919408609e-07,0.34857872128486633,0.7849487066268921,-0.02008969709277153,0.2820483148097992,0.7420794367790222,-0.03077532723546028,0.23614992201328278,0.7032724022865295,-0.040737442672252655,0.1941739171743393,0.6844710111618042,-0.05145350471138954,0.29176461696624756,0.6092909574508667,-0.01712609827518463,0.25684672594070435,0.5278577208518982,-0.03533865883946419,0.23871183395385742,0.4744465947151184,-0.05133474990725517,0.22559422254562378,0.42582255601882935,-0.06375939399003983,0.3260064423084259,0.5840681791305542,-0.02427048422396183,0.29720309376716614,0.48261356353759766,-0.03876375034451485,0.2804271876811981,0.41672825813293457,-0.05285773426294327,0.26706284284591675,0.3622913956642151,-0.06411866098642349,0.36370325088500977,0.5800084471702576,-0.0350436270236969,0.3379893898963928,0.48408716917037964,-0.051395874470472336,0.32191285490989685,0.4233429431915283,-0.0631745308637619,0.3073867857456207,0.36960718035697937,-0.07285287976264954,0.4049696624279022,0.5924717783927917,-0.04803404584527016,0.39635464549064636,0.5226977467536926,-0.06421579420566559,0.3913831114768982,0.4732247292995453,-0.0712217465043068,0.38645249605178833,0.42653393745422363,-0.07679285109043121
0.5987029075622559,0.7752560377120972,4.4386206354829483e-07,0.5324249267578125,0.7474800944328308,-0.026247156783938408,0.4868687689304352,0.6822168827056885,-0.041527826339006424,0.4695199131965637,0.610596239566803,-0.05567752942442894,0.4745522141456604,0.5470443367958069,-0.0688021257519722,0.5116305947303772,0.560737133026123,-0.013758234679698944,0.5011492967605591,0.46851247549057007,-0.03650673106312752,0.49982962012290955,0.4108007550239563,-0.057119570672512054,0.5031523704528809,0.3580383062362671,-0.07225146144628525,0.5468907356262207,0.5444573760032654,-0.017280831933021545,0.5353657603263855,0.43893498182296753,-0.03387629985809326,0.5310915112495422,0.3741265833377838,-0.05020133778452873,0.5275174975395203,0.31600913405418396,-0.06297788769006729,0.5816908478736877,0.548617959022522,-0.025708310306072235,0.5698240995407104,0.45171672105789185,-0.040750760585069656,0.5629787445068359,0.390841543674469,-0.05067332088947296,0.5565069913864136,0.33667388558387756,-0.05905241146683693,0.6183484792709351,0.5694628357887268,-0.03761507570743561,0.6094502806663513,0.4980981945991516,-0.05026082694530487,0.6033327579498291,0.4504803419113159,-0.05528517812490463,0.5966036319732666,0.4058716893196106,-0.05958401784300804
0.6587091684341431,0.768906831741333,4.102758168755827e-07,0.5945495963096619,0.7393143177032471,-0.02185169607400894,0.5452631711959839,0.6725887656211853,-0.03374747186899185,0.513879656791687,0.6136424541473389,-0.04485039412975311,0.4786198139190674,0.578962504863739,-0.05595322698354721,0.583344042301178,0.5537090301513672,-0.013551241718232632,0.5798057317733765,0.46358227729797363,-0.03100208006799221,0.5818642973899841,0.40945303440093994,-0.047532644122838974,0.5854091048240662,0.3604201674461365,-0.06007073074579239,0.6211130023002625,0.5412613749504089,-0.018184373155236244,0.6179166436195374,0.4407922029495239,-0.029769623652100563,0.6170555949211121,0.3800448775291443,-0.041725482791662216,0.6158358454704285,0.3291440010070801,-0.05186919495463371,0.6567331552505493,0.547480046749115,-0.026849063113331795,0.653166651725769,0.45442837476730347,-0.0373561792075634,0.648713231086731,0.39756667613983154,-0.04333091527223587,0.6438302993774414,0.3485371470451355,-0.04963335022330284,0.6930357217788696,0.5696406364440918,-0.038675494492053986,0.6918279528617859,0.5020855069160461,-0.04823262244462967,0.6889477968215942,0.456487774848938,-0.05044705048203468,0.6850451827049255,0.415077269077301,-0.05284498259425163
0.711652398109436,0.7645605802536011,6.12380574693816e-07,0.6289070844650269,0.7469081878662109,-0.030351635068655014,0.5652193427085876,0.6717996001243591,-0.04208754375576973,0.5239232778549194,0.6002182364463806,-0.05121297389268875,0.48102933168411255,0.5587371587753296,-0.06093683838844299,0.6013121604919434,0.5153977274894714,-0.024989299476146698,0.5735994577407837,0.4083572030067444,-0.04079492390155792,0.5584538578987122,0.34006837010383606,-0.05405208468437195,0.5486746430397034,0.2814368009567261,-0.06582291424274445,0.6565572023391724,0.49070098996162415,-0.029041556641459465,0.6456552743911743,0.36657577753067017,-0.04307733476161957,0.6380661725997925,0.285932332277298,-0.06065366789698601,0.6316095590591431,0.22004854679107666,-0.0751761943101883,0.7083116769790649,0.49607986211776733,-0.03720993921160698,0.7219789624214172,0.37962180376052856,-0.061773881316185,0.7257007360458374,0.3010709285736084,-0.08694514632225037,0.7262366414070129,0.2318761646747589,-0.10564827173948288,0.7553921341896057,0.5272336602210999,-0.04714250937104225,0.7983580827713013,0.4536488354206085,-0.07774858176708221,0.8252233266830444,0.40056881308555603,-0.09745527803897858,0.8462427854537964,0.3488893508911133,-0.11075015366077423
0.7439878582954407,0.7789321541786194,8.80929746926995e-07,0.6388463973999023,0.7412432432174683,-0.06042172759771347,0.569240927696228,0.6397143602371216,-0.09295793622732162,0.5283741354942322,0.536156415939331,-0.11930327117443085,0.4837409257888794,0.4470432698726654,-0.14473870396614075,0.6059208512306213,0.4468373954296112,-0.052677612751722336,0.589821994304657,0.29438966512680054,-0.09425025433301926,0.587742269039154,0.20242571830749512,-0.12973491847515106,0.591457724571228,0.11839574575424194,-0.15535052120685577,0.6697006821632385,0.42042475938796997,-0.051579564809799194,0.6509276628494263,0.24808287620544434,-0.08467426896095276,0.6389825940132141,0.14141890406608582,-0.11636296659708023,0.6265475749969482,0.04989248514175415,-0.1407960206270218,0.7305108308792114,0.42653897404670715,-0.05838724970817566,0.7144938111305237,0.27098628878593445,-0.08948732912540436,0.7004084587097168,0.17131638526916504,-0.11351941525936127,0.685566782951355,0.08177140355110168,-0.1327662169933319,0.792957603931427,0.4572032690048218,-0.07124613225460052,0.7865397334098816,0.3449576795101166,-0.10011874884366989,0.7800265550613403,0.2693410813808441,-0.11536716669797897,0.772165060043335,0.19603899121284485,-0.12707486748695374
0.7166587710380554,0.848443865776062,5.846708290846436e-07,0.6299867630004883,0.805719256401062,-0.03842634707689285,0.5657595992088318,0.7233517169952393,-0.06086545065045357,0.5279631018638611,0.6434257626533508,-0.08094733208417892,0.49084752798080444,0.5729430317878723,-0.10086672008037567,0.6029576063156128,0.5568401217460632,-0.03265460208058357,0.5952529311180115,0.4280899167060852,-0.0660867840051651,0.5928875207901001,0.34727609157562256,-0.09464605152606964,0.5935132503509521,0.2707034647464752,-0.11535407602787018,0.6560233235359192,0.5330120325088501,-0.03816571459174156,0.6465464234352112,0.3839620351791382,-0.06375399231910706,0.6394723653793335,0.2918127477169037,-0.08727817982435226,0.6324098706245422,0.20873895287513733,-0.10601122677326202,0.7054711580276489,0.5369605422019958,-0.04955587163567543,0.6973657608032227,0.4021305739879608,-0.07307617366313934,0.6899200677871704,0.3161097466945648,-0.08720963448286057,0.6813965439796448,0.23784330487251282,-0.09923055022954941,0.7565880417823792,0.5644567608833313,-0.06554463505744934,0.7533819079399109,0.46590951085090637,-0.08495260030031204,0.7515494227409363,0.39911115169525146,-0.09075982123613358,0.7476612329483032,0.3376888930797577,-0.09582111984491348
0.6573928594589233,0.7749601602554321,3.403152959435829e-07,0.5995622277259827,0.7442528009414673,-0.018640795722603798,0.5598225593566895,0.6854808926582336,-0.028476763516664505,0.5388164520263672,0.6308794021606445,-0.03791431710124016,0.5137869715690613,0.5903684496879578,-0.04736839234828949,0.587614119052887,0.5848604440689087,-0.00923674926161766,0.5831502676010132,0.5039824843406677,-0.02676836960017681,0.583331823348999,0.454450786113739,-0.04311508685350418,0.5850831866264343,0.4097038507461548,-0.0548553541302681,0.6207643151283264,0.5715164542198181,-0.01403069868683815,0.6162355542182922,0.4792279899120331,-0.026559147983789444,0.6141205430030823,0.4229360520839691,-0.03970473259687424,0.612269937992096,0.37458014488220215,-0.05010516941547394,0.6517598032951355,0.5735589265823364,-0.022465163841843605,0.6472656726837158,0.489341139793396,-0.03403952345252037,0.643421471118927,0.4367001950740814,-0.04086177423596382,0.6392745971679688,0.3903144896030426,-0.046882644295692444,0.6832919120788574,0.5898882746696472,-0.03352919965982437,0.6813769936561584,0.5274595618247986,-0.042424675077199936,0.6809538006782532,0.4871910810470581,-0.04342544078826904,0.6798631548881531,0.4518289268016815,-0.04463262856006622
0.579043447971344,0.8852472305297852,3.4246355085088e-07,0.528960108757019,0.8595740795135498,-0.013949573040008545,0.488675057888031,0.8099680542945862,-0.023784317076206207,0.4644108712673187,0.7684261202812195,-0.033948346972465515,0.4414968192577362,0.7382919788360596,-0.044634394347667694,0.5095781087875366,0.7173190116882324,-0.014016270637512207,0.496572345495224,0.6437617540359497,-0.032057296484708786,0.4949108958244324,0.5987220406532288,-0.04739247262477875,0.49739211797714233,0.5585257411003113,-0.057735592126846313,0.538889467716217,0.7066106796264648,-0.020357608795166016,0.5297868847846985,0.6206522583961487,-0.034030981361866,0.5277446508407593,0.5676618814468384,-0.04548785462975502,0.5281386971473694,0.524453341960907,-0.053718555718660355,0.5694892406463623,0.7101205587387085,-0.02937719225883484,0.5619444847106934,0.632534384727478,-0.041381631046533585,0.5559864044189453,0.5842441320419312,-0.04828193783760071,0.5513195395469666,0.5447626709938049,-0.05341361090540886,0.6007331013679504,0.7258809804916382,-0.040417689830064774,0.6014129519462585,0.6638144850730896,-0.04977628216147423,0.6002012491226196,0.6225983500480652,-0.052328482270240784,0.5987992882728577,0.587138295173645,-0.054053012281656265
0.44757217168807983,0.9881795644760132,4.033962568428251e-07,0.39411506056785583,0.9746893048286438,-0.019362861290574074,0.3506914973258972,0.9316868185997009,-0.032989613711833954,0.3210081160068512,0.8938330411911011,-0.045521970838308334,0.2878344655036926,0.8705236315727234,-0.058849550783634186,0.3599746525287628,0.8340063095092773,-0.02626560442149639,0.3382341265678406,0.762120246887207,-0.04744994640350342,0.32552024722099304,0.7169444561004639,-0.06402372568845749,0.3154914379119873,0.6752784848213196,-0.0759555846452713,0.38853129744529724,0.8207493424415588,-0.03277066722512245,0.36659884452819824,0.7357057929039001,-0.051459137350320816,0.3520142734050751,0.6810475587844849,-0.06648547947406769,0.3392168879508972,0.6339914202690125,-0.07744340598583221,0.4194876253604889,0.8249314427375793,-0.041696153581142426,0.402774453163147,0.742628812789917,-0.06101760268211365,0.3906933069229126,0.6917644739151001,-0.07257706671953201,0.3788594901561737,0.6465762257575989,-0.08069409430027008,0.45315736532211304,0.8426129221916199,-0.05224746838212013,0.4501328468322754,0.780231237411499,-0.07027056813240051,0.44730451703071594,0.7374954223632812,-0.07740718871355057,0.4434434771537781,0.697085976600647,-0.08200612664222717
0.6539919972419739,0.9538894891738892,3.222119460133399e-07,0.6015447378158569,0.9245655536651611,-0.015004822984337807,0.5587689280509949,0.870988667011261,-0.02324563078582287,0.5342239737510681,0.8282901048660278,-0.0313228964805603,0.5195754766464233,0.7923597097396851,-0.039601199328899384,0.5821763277053833,0.7687575817108154,-0.012469314970076084,0.5645541548728943,0.6923434734344482,-0.02900252863764763,0.5572760105133057,0.6441529989242554,-0.043161455541849136,0.5539582967758179,0.6017343401908875,-0.053192369639873505,0.6156328916549683,0.755355954170227,-0.01866687834262848,0.6052135229110718,0.6663107872009277,-0.03056497499346733,0.5996237397193909,0.6098806858062744,-0.04250870272517204,0.5950490832328796,0.5627451539039612,-0.05157557129859924,0.6496745347976685,0.759925127029419,-0.027715429663658142,0.6431163549423218,0.6762682795524597,-0.03938153758645058,0.6383976936340332,0.6229761838912964,-0.047736767679452896,0.6332855224609375,0.5762593746185303,-0.054357487708330154,0.6830608248710632,0.7795300483703613,-0.03863822668790817,0.6837952136993408,0.7161054015159607,-0.04888671636581421,0.6848456263542175,0.6733627915382385,-0.05161627009510994,0.6855812072753906,0.6339743733406067,-0.05352848768234253
0.7394673824310303,0.9388112425804138,3.768042518004222e-07,0.6852192878723145,0.9057409763336182,-0.019357221201062202,0.6457834243774414,0.8530380129814148,-0.031671203672885895,0.6240487098693848,0.805831253528595,-0.04331503063440323,0.6253272294998169,0.7640821933746338,-0.05475618690252304,0.673311173915863,0.7452979683876038,-0.01502526830881834,0.6647254824638367,0.6637744903564453,-0.034022506326436996,0.6616381406784058,0.6136786937713623,-0.05058193951845169,0.6617414355278015,0.5689312219619751,-0.06265220791101456,0.709688663482666,0.7345830798149109,-0.019980406388640404,0.7055065035820007,0.6432569026947021,-0.03360962122678757,0.7038337588310242,0.5858058929443359,-0.04697929322719574,0.7014524936676025,0.5359767079353333,-0.05741577222943306,0.7439794540405273,0.7422040104866028,-0.02841777354478836,0.7431578636169434,0.6560956239700317,-0.04170520231127739,0.7422477602958679,0.6018396019935608,-0.05099674314260483,0.7394148707389832,0.5540087819099426,-0.05846450850367546,0.7768828868865967,0.7650539875030518,-0.03909764438867569,0.7810669541358948,0.7037312388420105,-0.05099526420235634,0.7828604578971863,0.6616286039352417,-0.05517895519733429,0.7835394144058228,0.6218826770782471,-0.058293115347623825
0.10322423279285431,0.8505040407180786,3.6230608202458825e-07,0.16550463438034058,0.8203029632568359,-0.026579737663269043,0.21257716417312622,0.7600955963134766,-0.03728470206260681,0.2376013994216919,0.6991062164306641,-0.046628255397081375,0.22871007025241852,0.6518710851669312,-0.056530941277742386,0.18587295711040497,0.6394838094711304,-0.020032217726111412,0.19608713686466217,0.5512524247169495,-0.039466485381126404,0.19747225940227509,0.49674463272094727,-0.05728118494153023,0.19744881987571716,0.4483005404472351,-0.07060544192790985,0.1485380083322525,0.6279727816581726,-0.0225367434322834,0.15999919176101685,0.5292328596115112,-0.039806779474020004,0.16522039473056793,0.46403682231903076,-0.05809462070465088,0.16842742264270782,0.40887030959129333,-0.07238051295280457,0.1101798564195633,0.6363869309425354,-0.02877526544034481,0.12110082060098648,0.5457779169082642,-0.0464506521821022,0.13000302016735077,0.4880632758140564,-0.06242720037698746,0.13758957386016846,0.43783706426620483,-0.07419991493225098,0.06941069662570953,0.6600661277770996,-0.037756942212581635,0.07582546025514603,0.592888593673706,-0.05539844185113907,0.08089112490415573,0.548458456993103,-0.06564044952392578,0.08567986637353897,0.5063947439193726,-0.0730021595954895
0.14308886229991913,0.8407025337219238,2.8693062859019847e-07,0.20287619531154633,0.8074236512184143,-0.02275729924440384,0.24533355236053467,0.7427810430526733,-0.03158259764313698,0.26924264430999756,0.6822819709777832,-0.03955783322453499,0.26809924840927124,0.6344906687736511,-0.04780915006995201,0.2159148007631302,0.6249768137931824,-0.017585309222340584,0.22338789701461792,0.5393387079238892,-0.0360674224793911,0.22366471588611603,0.48563718795776367,-0.05270349606871605,0.22264118492603302,0.4385543465614319,-0.06489197909832001,0.1796378493309021,0.6149462461471558,-0.02101055346429348,0.18695171177387238,0.5174561738967896,-0.03736044466495514,0.19099965691566467,0.45349255204200745,-0.05353553220629692,0.19350677728652954,0.3999677002429962,-0.06566276401281357,0.14378875494003296,0.6247259974479675,-0.027823997661471367,0.14819800853729248,0.533069372177124,-0.043997857719659805,0.1545327603816986,0.4722297787666321,-0.058326371014118195,0.16026543080806732,0.41919076442718506,-0.06865457445383072,0.10743319988250732,0.6504890322685242,-0.03713695704936981,0.10807949304580688,0.580158531665802,-0.05341587960720062,0.10859932750463486,0.5323053598403931,-0.06254797428846359,0.10948807001113892,0.48812371492385864,-0.06866594403982162
0.22717052698135376,0.8681492805480957,4.7161623228930694e-07,0.30225762724876404,0.8426604270935059,-0.02661454863846302,0.363789439201355,0.7833141088485718,-0.04088805615901947,0.41638416051864624,0.7455962896347046,-0.05462566390633583,0.4612666964530945,0.7317913770675659,-0.0697842612862587,0.3288174569606781,0.6541059017181396,-0.02914433367550373,0.3520031273365021,0.5585065484046936,-0.051518622785806656,0.36204448342323303,0.49953529238700867,-0.06924079358577728,0.3701840043067932,0.44715559482574463,-0.08279044181108475,0.2862788438796997,0.636293888092041,-0.03390997275710106,0.30171602964401245,0.5270138382911682,-0.05545925721526146,0.31059983372688293,0.4588180482387543,-0.07418626546859741,0.3163362741470337,0.40302008390426636,-0.08813637495040894,0.24321693181991577,0.6427305936813354,-0.04166737571358681,0.2512529790401459,0.5437871217727661,-0.061822451651096344,0.26049456000328064,0.4796387553215027,-0.07689647376537323,0.2691865563392639,0.423173725605011,-0.08779001235961914,0.19946624338626862,0.6672325134277344,-0.05214942246675491,0.20098768174648285,0.592962920665741,-0.07109721004962921,0.20343530178070068,0.5433148145675659,-0.08002183586359024,0.20647743344306946,0.4948540925979614,-0.08602195978164673
0.20932966470718384,0.8232197761535645,5.870348331882269e-07,0.28719788789749146,0.7988588809967041,-0.03655790910124779,0.3524452745914459,0.7416406273841858,-0.056995078921318054,0.40708407759666443,0.697294294834137,-0.075408935546875,0.45708468556404114,0.677518367767334,-0.09474845975637436,0.31027138233184814,0.5899208784103394,-0.03702472522854805,0.3304441273212433,0.4853588938713074,-0.0623040534555912,0.3373990058898926,0.41999050974845886,-0.0819859653711319,0.3421645760536194,0.3638048768043518,-0.09666499495506287,0.2618812918663025,0.5709199905395508,-0.0384741835296154,0.2731883227825165,0.4508112370967865,-0.0626370906829834,0.27912768721580505,0.37577375769615173,-0.08301430195569992,0.28266391158103943,0.31445589661598206,-0.09726838767528534,0.21480926871299744,0.5792104601860046,-0.04375288635492325,0.2173766791820526,0.4690808057785034,-0.06666688621044159,0.22057396173477173,0.3992195427417755,-0.08329354971647263,0.22498075664043427,0.3390372097492218,-0.09422549605369568,0.16967247426509857,0.6081103086471558,-0.05248171463608742,0.16803468763828278,0.5271292924880981,-0.07357774674892426,0.1682107299566269,0.4740813970565796,-0.08377401530742645,0.17056012153625488,0.4238981008529663,-0.08964773267507553
0.2226487398147583,0.8654597997665405,7.777234145578404e-07,0.31309378147125244,0.8325707316398621,-0.05277305841445923,0.38473355770111084,0.7582185864448547,-0.08260258287191391,0.4414348602294922,0.6989825963973999,-0.10864082723855972,0.49618595838546753,0.6592782735824585,-0.13608276844024658,0.33080774545669556,0.5930191278457642,-0.06376178562641144,0.36091625690460205,0.4728681445121765,-0.10255599766969681,0.3749958872795105,0.3923797011375427,-0.131242573261261,0.3840990960597992,0.3215728998184204,-0.1526963859796524,0.27162235975265503,0.5723263621330261,-0.06461486220359802,0.2806987464427948,0.43026071786880493,-0.10192400962114334,0.28699278831481934,0.3384137451648712,-0.13206589221954346,0.2895452678203583,0.26030233502388,-0.15409691631793976,0.2155255675315857,0.5866066217422485,-0.07051705569028854,0.2070055902004242,0.4575027823448181,-0.10744772106409073,0.20387455821037292,0.3697970509529114,-0.13513971865177155,0.20284907519817352,0.2926650643348694,-0.15404768288135529,0.1637810468673706,0.6258814334869385,-0.0806923359632492,0.14786401391029358,0.5324382185935974,-0.11518324166536331,0.1382768601179123,0.46595269441604614,-0.13474836945533752,0.1328457146883011,0.40149354934692383,-0.14781363308429718
0.2356715351343155,0.8263236880302429,5.813278676214395e-07,0.30867844820022583,0.7923048138618469,-0.03545381501317024,0.3691275119781494,0.7259515523910522,-0.05369195714592934,0.4175170958042145,0.6700088381767273,-0.06997060775756836,0.4592050313949585,0.6321713924407959,-0.08675826340913773,0.3273635506629944,0.5887309312820435,-0.035808712244033813,0.3523681163787842,0.4874995946884155,-0.061994489282369614,0.36620402336120605,0.422855406999588,-0.08272440731525421,0.37707212567329407,0.365348219871521,-0.09801438450813293,0.27882564067840576,0.5713638663291931,-0.037393197417259216,0.2882236838340759,0.4546242952346802,-0.060760535299777985,0.2944813370704651,0.3796827495098114,-0.08062241971492767,0.2982431650161743,0.31776168942451477,-0.09531556814908981,0.23287564516067505,0.5814403295516968,-0.04319699481129646,0.2289544939994812,0.4744654595851898,-0.0660335049033165,0.2277357578277588,0.4019724726676941,-0.08323269337415695,0.22838297486305237,0.33841440081596375,-0.0953967496752739,0.18951256573200226,0.6125411987304688,-0.052500493824481964,0.17706559598445892,0.5351834893226624,-0.07423046976327896,0.16957812011241913,0.48147302865982056,-0.08526841551065445,0.16562139987945557,0.4289928674697876,-0.09240270406007767
0.20774950087070465,0.7419206500053406,4.875831791650853e-07,0.27402806282043457,0.71500563621521,-0.029503535479307175,0.329043447971344,0.6576067209243774,-0.042683616280555725,0.3703346848487854,0.6031692028045654,-0.0543261282145977,0.4064462184906006,0.5659232139587402,-0.06612925976514816,0.295477956533432,0.5271909236907959,-0.023576421663165092,0.31941336393356323,0.4389439523220062,-0.043988827615976334,0.3303930163383484,0.3824405074119568,-0.06099770963191986,0.33873051404953003,0.33131077885627747,-0.07392650842666626,0.2534005641937256,0.5086485147476196,-0.025034504011273384,0.26558661460876465,0.4041704535484314,-0.04378283768892288,0.2740040719509125,0.3387242555618286,-0.061052773147821426,0.2795849144458771,0.2840060293674469,-0.0737653523683548,0.21289144456386566,0.515523374080658,-0.030412882566452026,0.2098046839237213,0.4214305281639099,-0.05007157102227211,0.21158669888973236,0.3578454256057739,-0.06537244468927383,0.2147935926914215,0.30148765444755554,-0.07607509195804596,0.17397642135620117,0.5403740406036377,-0.03874046355485916,0.17235955595970154,0.47089657187461853,-0.057732630521059036,0.17332538962364197,0.42362385988235474,-0.06757473945617676,0.17666000127792358,0.37752318382263184,-0.0739702582359314
0.21277384459972382,0.7409121990203857,4.22878542849503e-07,0.27663862705230713,0.7143886685371399,-0.0316493883728981,0.3288758099079132,0.6549504399299622,-0.04578723758459091,0.36826643347740173,0.5979739427566528,-0.05781344696879387,0.4012826681137085,0.5555477142333984,-0.07004989683628082,0.297549843788147,0.5300372838973999,-0.02613312192261219,0.3140031695365906,0.44197165966033936,-0.046992041170597076,0.31862199306488037,0.38512226939201355,-0.06443025171756744,0.3215918242931366,0.334708571434021,-0.07774345576763153,0.2568219304084778,0.5129133462905884,-0.026625048369169235,0.26457685232162476,0.4106424152851105,-0.04595126211643219,0.2688140869140625,0.3464531898498535,-0.0639515370130539,0.27164924144744873,0.2923614978790283,-0.07722390443086624,0.21715044975280762,0.5199877619743347,-0.031039003282785416,0.21846641600131989,0.4268537759780884,-0.05077988654375076,0.22237780690193176,0.3654753565788269,-0.06609583646059036,0.22693482041358948,0.3099222481250763,-0.07710117101669312,0.1781805157661438,0.5445378422737122,-0.03851458802819252,0.1803109496831894,0.4784996509552002,-0.05731676146388054,0.18406075239181519,0.4346400499343872,-0.06681862473487854,0.18888622522354126,0.3921394944190979,-0.07313265651464462
0.21480385959148407,0.7347480654716492,4.5577209561997734e-07,0.27955836057662964,0.7094904780387878,-0.03205244988203049,0.3319166302680969,0.6515412926673889,-0.04631772264838219,0.37117230892181396,0.5946899056434631,-0.05827893316745758,0.40478187799453735,0.5534794330596924,-0.0702035054564476,0.3020842671394348,0.5270247459411621,-0.026310192421078682,0.3209536075592041,0.4392659068107605,-0.047176819294691086,0.3279161751270294,0.3819742798805237,-0.06443502753973007,0.3326979875564575,0.3315941095352173,-0.07743334770202637,0.2613651752471924,0.509013831615448,-0.026205986738204956,0.2735770046710968,0.40789949893951416,-0.044982533901929855,0.2815703749656677,0.3438379168510437,-0.061956737190485,0.2877498269081116,0.29104772210121155,-0.07447407394647598,0.22094859182834625,0.514691174030304,-0.03019166737794876,0.22370107471942902,0.4213411509990692,-0.049494944512844086,0.2284378856420517,0.3598187267780304,-0.06440409272909164,0.2343764454126358,0.3059467673301697,-0.0749792829155922,0.1806861162185669,0.53755122423172,-0.037322476506233215,0.18017393350601196,0.4703378677368164,-0.056025005877017975,0.18147987127304077,0.4247446060180664,-0.06574978679418564,0.1850571632385254,0.3808262348175049,-0.07211793214082718
0.2240283042192459,0.7249135971069336,5.05117156990309e-07,0.2906970977783203,0.7013723850250244,-0.03385457023978233,0.34298378229141235,0.6352736949920654,-0.04800988361239433,0.38353869318962097,0.5735852122306824,-0.059221845120191574,0.4204251170158386,0.5360390543937683,-0.06998661905527115,0.3115372657775879,0.5136311054229736,-0.03310340270400047,0.3379255533218384,0.42550960183143616,-0.05412273481488228,0.34979820251464844,0.3659019470214844,-0.0699044018983841,0.35679325461387634,0.31363096833229065,-0.08204992115497589,0.268667995929718,0.49106132984161377,-0.03305855393409729,0.2865517735481262,0.38627463579177856,-0.05223693326115608,0.29743754863739014,0.31758975982666016,-0.06725956499576569,0.30412518978118896,0.25946080684661865,-0.07813362032175064,0.22514651715755463,0.49500423669815063,-0.03708517923951149,0.22534316778182983,0.39825764298439026,-0.05847192928195,0.2276989072561264,0.33228933811187744,-0.07615005224943161,0.23074860870838165,0.27537956833839417,-0.08836401998996735,0.18157030642032623,0.5205371975898743,-0.04408647492527962,0.159717857837677,0.4559094309806824,-0.06614738702774048,0.14424152672290802,0.4115922749042511,-0.07887117564678192,0.1323467493057251,0.3684779703617096,-0.08716575801372528
0.2681836485862732,0.7419322729110718,4.84542908907315e-07,0.3314397633075714,0.7099977731704712,-0.03221730887889862,0.3803432583808899,0.6475877165794373,-0.048843126744031906,0.42150405049324036,0.5911344885826111,-0.06342194974422455,0.46156126260757446,0.556409478187561,-0.07808513939380646,0.34805935621261597,0.525680422782898,-0.03301820158958435,0.374420166015625,0.4364251494407654,-0.057220134884119034,0.3882550299167633,0.37741634249687195,-0.07582082599401474,0.39838194847106934,0.3262348175048828,-0.08954964578151703,0.304487407207489,0.5057108998298645,-0.03543314337730408,0.3141106367111206,0.397127628326416,-0.0565069206058979,0.3201831877231598,0.3282471299171448,-0.07382343709468842,0.32354027032852173,0.26956433057785034,-0.08634506165981293,0.26206550002098083,0.5128383040428162,-0.04166075587272644,0.2625947594642639,0.41521531343460083,-0.06399921327829361,0.2640610933303833,0.3503289818763733,-0.0816035270690918,0.26625320315361023,0.29388749599456787,-0.09386151283979416,0.22165745496749878,0.5414389967918396,-0.05071023479104042,0.19751501083374023,0.47945186495780945,-0.07334932684898376,0.1815357208251953,0.43695181608200073,-0.0849035382270813,0.16870345175266266,0.3961406350135803,-0.09199197590351105
0.3368130624294281,0.7935538291931152,5.104599267724552e-07,0.3963606059551239,0.7695819139480591,-0.028923384845256805,0.44253411889076233,0.7151480913162231,-0.043676164001226425,0.4809090793132782,0.6662006378173828,-0.05645636096596718,0.5166825652122498,0.6348354816436768,-0.06946530938148499,0.41193991899490356,0.6052975058555603,-0.03393888846039772,0.44319289922714233,0.5263177752494812,-0.05701538547873497,0.46346309781074524,0.47554558515548706,-0.07402291148900986,0.47886985540390015,0.43156105279922485,-0.08618135750293732,0.37350013852119446,0.5870695114135742,-0.0367061085999012,0.3851777911186218,0.48823612928390503,-0.05721152573823929,0.3930882513523102,0.42360854148864746,-0.07315980643033981,0.39689910411834717,0.3683848977088928,-0.08453965187072754,0.3350491523742676,0.5942522883415222,-0.0427645742893219,0.33504360914230347,0.5077474117279053,-0.0646701380610466,0.3361705243587494,0.44590967893600464,-0.08196549117565155,0.3378433585166931,0.39181262254714966,-0.09370509535074234,0.29765182733535767,0.621161162853241,-0.05120202153921127,0.27275028824806213,0.5654389262199402,-0.07383463531732559,0.25497475266456604,0.5249660611152649,-0.08594358712434769,0.240774005651474,0.4856830835342407,-0.09331854432821274
0.4822046756744385,0.6450333595275879,4.849866854783613e-07,0.540393590927124,0.6204728484153748,-0.019972428679466248,0.5845524072647095,0.5627136826515198,-0.029249094426631927,0.6202865242958069,0.5137047171592712,-0.03802768513560295,0.6512109041213989,0.4853367507457733,-0.04730772227048874,0.5533190369606018,0.45140859484672546,-0.021934328600764275,0.5852900147438049,0.3724254071712494,-0.04049573093652725,0.6046683192253113,0.32012295722961426,-0.054901622235774994,0.6175215244293213,0.2769644856452942,-0.06542786210775375,0.5150063633918762,0.4335543215274811,-0.026712818071246147,0.5251421928405762,0.33315911889076233,-0.043724626302719116,0.5325474739074707,0.2685578465461731,-0.05743724852800369,0.535498321056366,0.2163403332233429,-0.06709824502468109,0.4769519567489624,0.438632607460022,-0.03421122953295708,0.47640836238861084,0.34528931975364685,-0.053674060851335526,0.4793051779270172,0.2840278744697571,-0.06906771659851074,0.48167237639427185,0.23262947797775269,-0.079319067299366,0.44013768434524536,0.4620846211910248,-0.0433189831674099,0.41470110416412354,0.4009826183319092,-0.0654570683836937,0.39670777320861816,0.35978707671165466,-0.07684985548257828,0.38233351707458496,0.3207216262817383,-0.0831940546631813
0.6632596850395203,0.4364393353462219,2.92293691472878e-07,0.7316805720329285,0.4184800684452057,-0.01641940139234066,0.7811723351478577,0.3505637049674988,-0.020750440657138824,0.8169873356819153,0.2974756360054016,-0.02639748342335224,0.8466527462005615,0.26915687322616577,-0.032845836132764816,0.76412433385849,0.2090608775615692,-0.010956970974802971,0.7964396476745605,0.12373130768537521,-0.028892699629068375,0.8202515840530396,0.06940928101539612,-0.0451529361307621,0.8400722146034241,0.024737432599067688,-0.05754426121711731,0.7263284921646118,0.18420782685279846,-0.018657922744750977,0.7397797703742981,0.0758368968963623,-0.03346547856926918,0.7556428909301758,0.010160773992538452,-0.04806016385555267,0.7688049077987671,-0.0426730215549469,-0.0593683198094368,0.6884761452674866,0.18523423373699188,-0.029917055740952492,0.6930032968521118,0.08258368074893951,-0.047885604202747345,0.7025062441825867,0.01651376485824585,-0.06528491526842117,0.7123125195503235,-0.03747504949569702,-0.07769357413053513,0.6502668261528015,0.2075411081314087,-0.04310746490955353,0.6233378648757935,0.12997901439666748,-0.06482462584972382,0.6076479554176331,0.07460187375545502,-0.07858908176422119,0.5961146950721741,0.023731514811515808,-0.0875236988067627
0.7914912104606628,0.4971310794353485,2.7536668767425e-07,0.8581385612487793,0.4772501587867737,-0.012906649149954319,0.903474748134613,0.4048839211463928,-0.016552122309803963,0.9330523610115051,0.3518427610397339,-0.022186873480677605,0.9583016633987427,0.3205009400844574,-0.028994938358664513,0.8862483501434326,0.2716559171676636,-0.012062002904713154,0.9219767451286316,0.1862068921327591,-0.033302608877420425,0.9506659507751465,0.1335080862045288,-0.051692694425582886,0.9770126342773438,0.08913804590702057,-0.06538591533899307,0.85392165184021,0.24715471267700195,-0.02278006076812744,0.868826687335968,0.13253328204154968,-0.04084355756640434,0.8871917128562927,0.05768270790576935,-0.058173682540655136,0.9039796590805054,-0.005097776651382446,-0.07143734395503998,0.8201018571853638,0.25043195486068726,-0.03655629977583885,0.8293764591217041,0.1407126784324646,-0.057091616094112396,0.8440166115760803,0.06846931576728821,-0.07669657468795776,0.8595802187919617,0.006068557500839233,-0.09085530787706375,0.7854302525520325,0.27745670080184937,-0.0517386756837368,0.7609001994132996,0.20036369562149048,-0.0756889060139656,0.7491521835327148,0.14185982942581177,-0.09098692238330841,0.7429598569869995,0.08607557415962219,-0.10128813982009888
0.641266405582428,0.5581215023994446,3.784017224006675e-07,0.7078031301498413,0.536098301410675,-0.01899413950741291,0.7609869241714478,0.46420812606811523,-0.025503162294626236,0.8002798557281494,0.41149574518203735,-0.031926028430461884,0.8311699032783508,0.38391080498695374,-0.0399446114897728,0.7481217384338379,0.343526691198349,-0.026420846581459045,0.792725145816803,0.258533775806427,-0.04722372815012932,0.8238252997398376,0.2053932249546051,-0.06348022073507309,0.849114179611206,0.16325749456882477,-0.07580474019050598,0.7094504237174988,0.31975772976875305,-0.03449900448322296,0.7302311062812805,0.21016551554203033,-0.05281822010874748,0.7485595941543579,0.141105517745018,-0.06826333701610565,0.7619938254356384,0.08690318465232849,-0.08035945147275925,0.668397843837738,0.32340341806411743,-0.04547605663537979,0.6824129223823547,0.21515795588493347,-0.06700864434242249,0.6988824605941772,0.14488248527050018,-0.08653362840414047,0.7131921648979187,0.08667698502540588,-0.10123996436595917,0.6254040002822876,0.3502745032310486,-0.05787983164191246,0.6016620397567749,0.2746172547340393,-0.08382492512464523,0.5887798070907593,0.22035561501979828,-0.0997331440448761,0.5795519948005676,0.17039813101291656,-0.11048971861600876
0.3329751491546631,0.5351457595825195,6.235109140106943e-07,0.4059317409992218,0.4982079267501831,-0.03533143922686577,0.4630180597305298,0.4249575138092041,-0.052665743976831436,0.5092780590057373,0.36200106143951416,-0.06807119399309158,0.5520772933959961,0.326660692691803,-0.08435597270727158,0.4324781894683838,0.2923085689544678,-0.040723372250795364,0.4699655771255493,0.1950051188468933,-0.07050071656703949,0.49379292130470276,0.1295934021472931,-0.09395121783018112,0.5126121640205383,0.07352758944034576,-0.1110357716679573,0.3806861639022827,0.2644406855106354,-0.0448073111474514,0.3918885588645935,0.14169593155384064,-0.07045901566743851,0.40220269560813904,0.0629238486289978,-0.09176499396562576,0.41056838631629944,-0.00015348196029663086,-0.10727706551551819,0.3296791613101959,0.27106183767318726,-0.05302906408905983,0.3243553042411804,0.15681485831737518,-0.07992582768201828,0.32471778988838196,0.07923701405525208,-0.10122711956501007,0.32826733589172363,0.01473855972290039,-0.1161748468875885,0.28049999475479126,0.30503883957862854,-0.06435319781303406,0.25303494930267334,0.22919391095638275,-0.09217555820941925,0.2349364459514618,0.17457295954227448,-0.10739065706729889,0.2220778614282608,0.12356595695018768,-0.11685439199209213
0.186187744140625,0.5140724182128906,6.096906304264849e-07,0.26155051589012146,0.4835461378097534,-0.043760135769844055,0.31963181495666504,0.4145747721195221,-0.062289316207170486,0.365969717502594,0.350548654794693,-0.07642489671707153,0.405683696269989,0.30916157364845276,-0.09008588641881943,0.2836439907550812,0.2842975854873657,-0.042433179914951324,0.3178158104419708,0.18849456310272217,-0.0678890198469162,0.33654871582984924,0.12355732917785645,-0.08754478394985199,0.3500738739967346,0.06798149645328522,-0.10225224494934082,0.23455458879470825,0.26014596223831177,-0.03858534246683121,0.24472105503082275,0.14436529576778412,-0.06053948774933815,0.2533990740776062,0.07160915434360504,-0.07795371860265732,0.2594623863697052,0.013336002826690674,-0.09080378711223602,0.18716208636760712,0.2648877501487732,-0.03976457193493843,0.18262629210948944,0.16102956235408783,-0.06341564655303955,0.1807059645652771,0.08967043459415436,-0.08250192552804947,0.18058103322982788,0.028248995542526245,-0.09617698937654495,0.14296862483024597,0.29143527150154114,-0.044973909854888916,0.11762557923793793,0.22766047716140747,-0.06964883208274841,0.09933909773826599,0.18225671350955963,-0.08425327390432358,0.08584079146385193,0.13766317069530487,-0.09379392117261887
0.12221215665340424,0.5825604200363159,4.379139966204093e-07,0.18871568143367767,0.5487917065620422,-0.03558436036109924,0.24124851822853088,0.4728642702102661,-0.051050398498773575,0.2847602367401123,0.4075762927532196,-0.0641569271683693,0.3221551775932312,0.36843395233154297,-0.07753340899944305,0.19929710030555725,0.34791356325149536,-0.03877568617463112,0.22777259349822998,0.24763229489326477,-0.06479176133871078,0.24374568462371826,0.18235018849372864,-0.08448227494955063,0.2551775574684143,0.1261623203754425,-0.09917096048593521,0.15299353003501892,0.328411728143692,-0.04020689055323601,0.15923021733760834,0.2079799473285675,-0.06384940445423126,0.16273647546768188,0.1324312388896942,-0.08281753212213516,0.16377204656600952,0.0702628493309021,-0.09654607623815536,0.10854315757751465,0.3377079963684082,-0.04550939053297043,0.09983450919389725,0.22938092052936554,-0.07049338519573212,0.0941014215350151,0.16168823838233948,-0.0892922505736351,0.09043040871620178,0.10321387648582458,-0.10217857360839844,0.06565316021442413,0.37027209997177124,-0.0540170818567276,0.039664775133132935,0.2999093234539032,-0.07907773554325104,0.021531984210014343,0.25364601612091064,-0.09215746074914932,0.008068099617958069,0.2094724029302597,-0.10031016170978546
0.14441350102424622,0.7749027013778687,4.775034199155925e-07,0.20674222707748413,0.7404025793075562,-0.033751748502254486,0.2536022365093231,0.6717876195907593,-0.05132037028670311,0.2921482026576996,0.6088210344314575,-0.06624447554349899,0.32974934577941895,0.5693056583404541,-0.08156359940767288,0.21095193922519684,0.5608788132667542,-0.04184230789542198,0.23709148168563843,0.46564599871635437,-0.06868492066860199,0.2518979609012604,0.4045366048812866,-0.08809362351894379,0.26280075311660767,0.35316526889801025,-0.10198274999856949,0.16615983843803406,0.5441387891769409,-0.04314161464571953,0.1696523129940033,0.4314413368701935,-0.06708283722400665,0.17138880491256714,0.36106544733047485,-0.08479584008455276,0.1710890680551529,0.30318760871887207,-0.0973147600889206,0.12435756623744965,0.5543535947799683,-0.047836143523454666,0.1153266578912735,0.4527495503425598,-0.0719655305147171,0.11036466062068939,0.38813552260398865,-0.08901377767324448,0.10740521550178528,0.33295750617980957,-0.10068374127149582,0.08690454810857773,0.5862447023391724,-0.055283721536397934,0.06153450906276703,0.5202155709266663,-0.07948093861341476,0.04383400082588196,0.47642719745635986,-0.09119629114866257,0.029816940426826477,0.43485212326049805,-0.09812833368778229
0.1705886274576187,1.0016443729400635,4.891465437140141e-07,0.22762663662433624,0.9663053750991821,-0.04004655405879021,0.2705744206905365,0.8998114466667175,-0.06180637702345848,0.30275529623031616,0.837195634841919,-0.07953782379627228,0.33408665657043457,0.7872076630592346,-0.09768135100603104,0.22177070379257202,0.8009142279624939,-0.05337590351700783,0.24164830148220062,0.7119457125663757,-0.08358050137758255,0.25221922993659973,0.6536543965339661,-0.10473167151212692,0.2585207223892212,0.6026061773300171,-0.12002676725387573,0.1744941771030426,0.7901418805122375,-0.053492430597543716,0.16928578913211823,0.6838644742965698,-0.08232403546571732,0.16639624536037445,0.6160160303115845,-0.10256025195121765,0.1615176498889923,0.557327926158905,-0.11685067415237427,0.13210420310497284,0.8072915077209473,-0.05716967582702637,0.11664215475320816,0.7118103504180908,-0.08710496872663498,0.10854294151067734,0.6494654417037964,-0.10657160729169846,0.10230007767677307,0.5944527387619019,-0.11918842047452927,0.09626969695091248,0.8448615670204163,-0.06366980075836182,0.06503654271364212,0.7801790237426758,-0.09311113506555557,0.04337875545024872,0.7388352751731873,-0.10727321356534958,0.025033563375473022,0.6984115242958069,-0.1155901625752449
0.2371777892112732,1.0588417053222656,5.201724206926883e-07,0.2913796007633209,1.024288535118103,-0.03965679928660393,0.3338063359260559,0.9640721082687378,-0.06324952840805054,0.367617130279541,0.9023084044456482,-0.08283228427171707,0.3998505473136902,0.8562015891075134,-0.10354316979646683,0.28800883889198303,0.8718027472496033,-0.05904439836740494,0.3070233464241028,0.787658154964447,-0.09301092475652695,0.31879234313964844,0.7307041883468628,-0.11666987091302872,0.32652753591537476,0.6811355352401733,-0.13311804831027985,0.2385486364364624,0.8583978414535522,-0.060526423156261444,0.22747300565242767,0.7495055198669434,-0.0901968702673912,0.21980050206184387,0.6806973218917847,-0.11099087446928024,0.21066999435424805,0.6206051111221313,-0.1260477602481842,0.1959797739982605,0.8751891851425171,-0.06509718298912048,0.17448078095912933,0.7822825312614441,-0.09545586258172989,0.16076064109802246,0.7195273637771606,-0.11463028937578201,0.15044939517974854,0.664198637008667,-0.12742097675800323,0.160934716463089,0.9135776162147522,-0.07244858145713806,0.12406235188245773,0.8543599247932434,-0.10156985372304916,0.09777361154556274,0.8155404329299927,-0.11467153578996658,0.07600487768650055,0.7770634889602661,-0.12251336872577667
0.3638300895690918,1.0205367803573608,5.235899607214378e-07,0.42765843868255615,0.993584930896759,-0.032908450812101364,0.47489500045776367,0.9345003962516785,-0.05254032462835312,0.5126877427101135,0.880152702331543,-0.06888025254011154,0.5493366718292236,0.8427308797836304,-0.0869135856628418,0.4447663724422455,0.8468701839447021,-0.05641987547278404,0.4781869649887085,0.7647231221199036,-0.08871670812368393,0.49990591406822205,0.7076869606971741,-0.11030895262956619,0.5161774158477783,0.6557900905609131,-0.125734344124794,0.3972961902618408,0.8292327523231506,-0.06114573031663895,0.40154340863227844,0.7169893980026245,-0.09058384597301483,0.40529000759124756,0.6465136408805847,-0.11083019524812698,0.40600019693374634,0.5829293727874756,-0.12548178434371948,0.3519055247306824,0.8416872620582581,-0.06817252933979034,0.34375739097595215,0.7399711012840271,-0.10021373629570007,0.3397175073623657,0.6701135635375977,-0.12067369371652603,0.3374665081501007,0.6065515875816345,-0.13413619995117188,0.31142687797546387,0.8761782646179199,-0.0769052505493164,0.2799672484397888,0.805515706539154,-0.10890587419271469,0.2579824924468994,0.7618352770805359,-0.12328562885522842,0.24018234014511108,0.7181569933891296,-0.13193008303642273
0.38842716813087463,0.9639150500297546,5.82423353989725e-07,0.45400771498680115,0.9427447319030762,-0.03114716336131096,0.505430281162262,0.8793865442276001,-0.049395427107810974,0.5457407236099243,0.8222146034240723,-0.06445176154375076,0.5838837623596191,0.7844390273094177,-0.08091215044260025,0.48197367787361145,0.7789081335067749,-0.0539005771279335,0.5225613117218018,0.6954038143157959,-0.08519622683525085,0.5457784533500671,0.6372171640396118,-0.10579671710729599,0.5627707839012146,0.5857402086257935,-0.12063860148191452,0.4365004897117615,0.75742506980896,-0.059135425835847855,0.4456506073474884,0.6415793895721436,-0.08974259346723557,0.45225608348846436,0.5669780969619751,-0.11089465767145157,0.45509934425354004,0.5000795722007751,-0.12542685866355896,0.3917654752731323,0.7664092779159546,-0.06645386666059494,0.38908761739730835,0.6652063131332397,-0.09899083524942398,0.391561359167099,0.5950713157653809,-0.11998076736927032,0.39381733536720276,0.5293068289756775,-0.1333027482032776,0.3511790633201599,0.7983264327049255,-0.07526805996894836,0.3242669403553009,0.729241669178009,-0.10736404359340668,0.30470985174179077,0.6835417151451111,-0.12212423235177994,0.2891414761543274,0.6369836330413818,-0.13050302863121033
0.41335180401802063,0.9316222071647644,4.6136250375639065e-07,0.48348596692085266,0.9097687005996704,-0.03372101113200188,0.5385940074920654,0.8431537747383118,-0.05111229792237282,0.5822702646255493,0.7861940264701843,-0.06539460271596909,0.6191784739494324,0.7473449110984802,-0.08113576471805573,0.514653205871582,0.7365126609802246,-0.0542062446475029,0.5523064136505127,0.6503940224647522,-0.08414953202009201,0.5754491686820984,0.5913671851158142,-0.10478480160236359,0.5912657976150513,0.5376232862472534,-0.12037444114685059,0.4686453640460968,0.7153058648109436,-0.05860460549592972,0.474317342042923,0.6005403995513916,-0.08786818385124207,0.4822322726249695,0.526459813117981,-0.10864958167076111,0.4857507348060608,0.4613044559955597,-0.12392663955688477,0.4239683747291565,0.7243857383728027,-0.06574327498674393,0.41703006625175476,0.6251001954078674,-0.09598255157470703,0.41879212856292725,0.5524141788482666,-0.11799247562885284,0.42096665501594543,0.48568370938301086,-0.13339175283908844,0.3835200071334839,0.7556052207946777,-0.07512252777814865,0.3541695475578308,0.6857931613922119,-0.1062798723578453,0.33233997225761414,0.6381366848945618,-0.1230984777212143,0.31524819135665894,0.5904990434646606,-0.13397490978240967
0.5297079682350159,0.9000920057296753,4.3941795979662857e-07,0.6015462875366211,0.883286714553833,-0.03252197057008743,0.6535143256187439,0.8180137276649475,-0.051031503826379776,0.6916834712028503,0.7624263167381287,-0.0672282949090004,0.7296766042709351,0.7249005436897278,-0.08554131537675858,0.6385589241981506,0.7108151316642761,-0.052741993218660355,0.6748644709587097,0.6265735626220703,-0.08386749774217606,0.7007458806037903,0.5714644193649292,-0.10610143095254898,0.7209439277648926,0.5220873951911926,-0.12329231947660446,0.6000592708587646,0.6913067102432251,-0.05898847430944443,0.6090289950370789,0.5777050256729126,-0.08947223424911499,0.6180588603019714,0.5043632984161377,-0.1142130047082901,0.6235779523849487,0.43904608488082886,-0.13301469385623932,0.5598664879798889,0.7014914751052856,-0.06797277182340622,0.5559184551239014,0.6017618775367737,-0.10070623457431793,0.5613937973976135,0.5296599864959717,-0.1278398334980011,0.5676781535148621,0.46243247389793396,-0.1474619060754776,0.5215460062026978,0.7329287528991699,-0.07882482558488846,0.49332359433174133,0.6629127860069275,-0.11345238983631134,0.4743054509162903,0.6157863736152649,-0.13476015627384186,0.4601578712463379,0.5669336915016174,-0.1496010571718216
0.7011878490447998,0.8562612533569336,4.715309671610157e-07,0.6421085000038147,0.835067868232727,-0.024667182937264442,0.595887303352356,0.7813096642494202,-0.03583773598074913,0.566396951675415,0.730279803276062,-0.04508402943611145,0.5363812446594238,0.6921930313110352,-0.053896527737379074,0.6241763830184937,0.6672500371932983,-0.01669316180050373,0.610959529876709,0.5859626531600952,-0.032382819801568985,0.6061902642250061,0.5350339412689209,-0.04603584483265877,0.6043934226036072,0.4898947477340698,-0.05665270611643791,0.6618154644966125,0.652631402015686,-0.018744999542832375,0.6527162194252014,0.561935305595398,-0.03189569339156151,0.6478031873703003,0.5027182698249817,-0.04593544825911522,0.6435084939002991,0.4525514543056488,-0.05706554651260376,0.6975330710411072,0.656649112701416,-0.024726897478103638,0.6963392496109009,0.5730767846107483,-0.04190578684210777,0.6933918595314026,0.5175150632858276,-0.056463051587343216,0.6892938613891602,0.46768611669540405,-0.06751592457294464,0.7321214079856873,0.6760043501853943,-0.032912109047174454,0.7514480948448181,0.6201543211936951,-0.05080343410372734,0.764595091342926,0.579990804195404,-0.06096241995692253,0.7750539183616638,0.5411973595619202,-0.0681934729218483
0.7192853689193726,0.8368313908576965,4.3779195380011515e-07,0.6604694128036499,0.8155187368392944,-0.022477105259895325,0.6129270195960999,0.7642086744308472,-0.033824119716882706,0.5804738998413086,0.7164924740791321,-0.04370494559407234,0.5475503206253052,0.683604896068573,-0.053488291800022125,0.644684910774231,0.6479410529136658,-0.016785120591521263,0.6259025931358337,0.5679011344909668,-0.03144596144556999,0.6172772645950317,0.5181427597999573,-0.04439626261591911,0.6120651364326477,0.47430509328842163,-0.054853059351444244,0.6825059652328491,0.632656455039978,-0.020126495510339737,0.6768483519554138,0.5415133237838745,-0.03175591304898262,0.6736816167831421,0.4827337861061096,-0.04502778872847557,0.6712889671325684,0.43339237570762634,-0.055923011153936386,0.7184319496154785,0.6373618245124817,-0.027040639892220497,0.7196850776672363,0.5548030734062195,-0.04276663437485695,0.7188646793365479,0.5003178119659424,-0.05757962539792061,0.7169554233551025,0.4512093663215637,-0.0692497044801712,0.7526931166648865,0.6580712199211121,-0.03594068065285683,0.7740375399589539,0.6048098206520081,-0.053356241434812546,0.7887081503868103,0.5670312643051147,-0.06367428600788116,0.8011763691902161,0.5301415920257568,-0.07115983217954636
0.8381302952766418,0.92018061876297,4.3321188059053384e-07,0.7882779240608215,0.8917267322540283,-0.03662656992673874,0.7527663707733154,0.8470034599304199,-0.05819359049201012,0.7312369346618652,0.8045298457145691,-0.07598746567964554,0.7178038954734802,0.7608960270881653,-0.09315437078475952,0.783586323261261,0.7298223376274109,-0.03178679198026657,0.7823590636253357,0.6512637734413147,-0.05522936210036278,0.7840020656585693,0.602679431438446,-0.07636819779872894,0.7881569266319275,0.5573601722717285,-0.09202741831541061,0.8189007043838501,0.7180762887001038,-0.029101748019456863,0.8198590278625488,0.6291238069534302,-0.04715985059738159,0.8200089931488037,0.5747295618057251,-0.06507296115159988,0.8184500932693481,0.5248231291770935,-0.07952748239040375,0.850451648235321,0.7244184017181396,-0.03111337684094906,0.8512086868286133,0.6438708305358887,-0.04714696481823921,0.8489880561828613,0.5909956693649292,-0.06109057366847992,0.8445993065834045,0.5437437891960144,-0.07253933697938919,0.8813316226005554,0.7458055019378662,-0.036871254444122314,0.8846728205680847,0.6863501071929932,-0.05115162208676338,0.8826658129692078,0.6458345651626587,-0.05982067435979843,0.878040611743927,0.6073549389839172,-0.06694894284009933
0.8040565848350525,0.8393741846084595,5.016425461690233e-07,0.7479097247123718,0.8183665871620178,-0.030408604070544243,0.7061909437179565,0.7745894193649292,-0.047479644417762756,0.6781567335128784,0.7290099859237671,-0.061403412371873856,0.6607007384300232,0.6833055019378662,-0.07475506514310837,0.7242287993431091,0.6568251252174377,-0.02754104509949684,0.70793217420578,0.5748164653778076,-0.04803100600838661,0.6992857456207275,0.5234653353691101,-0.06538400053977966,0.6954953074455261,0.47762805223464966,-0.07830380648374557,0.7625961899757385,0.639566957950592,-0.027649424970149994,0.7523596286773682,0.5478217005729675,-0.043398093432188034,0.74672931432724,0.4887036383152008,-0.05929135903716087,0.7408725619316101,0.43713539838790894,-0.07203135639429092,0.7997571229934692,0.6426985859870911,-0.03175663575530052,0.7980672121047974,0.5566120743751526,-0.04976312443614006,0.7962926030158997,0.5004090070724487,-0.0647437646985054,0.7925954461097717,0.4493612051010132,-0.07627860456705093,0.8356044292449951,0.6625898480415344,-0.038460321724414825,0.8499147891998291,0.6011613011360168,-0.056806307286024094,0.8597531318664551,0.5586622357368469,-0.06681914627552032,0.8674883842468262,0.5172464847564697,-0.07386533915996552
0.8186567425727844,0.7476316094398499,4.939811901749636e-07,0.7604836821556091,0.72571861743927,-0.02777060866355896,0.7177528142929077,0.6771253347396851,-0.042778730392456055,0.6908761858940125,0.6263977289199829,-0.05514383688569069,0.6747258901596069,0.5761374831199646,-0.0666586235165596,0.7376936078071594,0.5589630007743835,-0.023883746936917305,0.7207685708999634,0.4752293825149536,-0.044197048991918564,0.7130323648452759,0.42165130376815796,-0.06111447885632515,0.7105414271354675,0.3746054470539093,-0.07339263707399368,0.7763821482658386,0.54118812084198,-0.025174833834171295,0.767525315284729,0.4461166262626648,-0.040631167590618134,0.7636071443557739,0.3853302299976349,-0.05548380687832832,0.7603501081466675,0.3336205780506134,-0.06692831218242645,0.8144707083702087,0.5444085597991943,-0.030428972095251083,0.8136810064315796,0.4542587399482727,-0.048695821315050125,0.8126020431518555,0.3976471424102783,-0.06214242801070213,0.809773862361908,0.34678202867507935,-0.07202327996492386,0.8518437743186951,0.5656598210334778,-0.03808200731873512,0.8673627376556396,0.5012738704681396,-0.056906234472990036,0.8782677054405212,0.45840561389923096,-0.06565292179584503,0.8863537311553955,0.41723474860191345,-0.07110007107257843
0.8231437802314758,0.697037935256958,5.420054094429361e-07,0.7610774636268616,0.6681960821151733,-0.029023071750998497,0.716651439666748,0.610812783241272,-0.04299011826515198,0.6895749568939209,0.5517420172691345,-0.054282963275909424,0.6770321130752563,0.5026254653930664,-0.064955934882164,0.7424755096435547,0.49377068877220154,-0.02238236740231514,0.7287716269493103,0.40105941891670227,-0.04232196509838104,0.7232366800308228,0.3430034816265106,-0.05910394713282585,0.7222580313682556,0.2927277088165283,-0.07142110913991928,0.7839877009391785,0.47654837369918823,-0.022859422490000725,0.7783207893371582,0.3738192617893219,-0.037707433104515076,0.7761737704277039,0.3081703782081604,-0.05275852605700493,0.7736762166023254,0.25221022963523865,-0.06465249508619308,0.8246803879737854,0.48010286688804626,-0.02761898562312126,0.8257352113723755,0.3839300870895386,-0.04575253278017044,0.8263047933578491,0.32145097851753235,-0.06127609685063362,0.8250830769538879,0.26659929752349854,-0.07286025583744049,0.8641411066055298,0.5011475682258606,-0.03495236858725548,0.8829764127731323,0.43480801582336426,-0.05419051647186279,0.8970756530761719,0.38940155506134033,-0.06479629129171371,0.9094334244728088,0.3470064401626587,-0.07183083891868591
0.7160964012145996,0.6623254418373108,5.555086204367399e-07,0.6499646902084351,0.6369850635528564,-0.03146381676197052,0.6004557609558105,0.5772997736930847,-0.04595280811190605,0.5680837631225586,0.5196280479431152,-0.0574645958840847,0.5372198820114136,0.47200289368629456,-0.06837576627731323,0.6252864599227905,0.4508691728115082,-0.023335233330726624,0.607011079788208,0.35853949189186096,-0.0430581271648407,0.5974757075309753,0.300459086894989,-0.05962005630135536,0.5918254852294922,0.2489021271467209,-0.07234351336956024,0.6678892374038696,0.4316727817058563,-0.024517610669136047,0.6576312184333801,0.32771363854408264,-0.040681153535842896,0.6509521007537842,0.2603623867034912,-0.05733298137784004,0.6446220278739929,0.20218268036842346,-0.07048942148685455,0.7088932991027832,0.43492579460144043,-0.030374620109796524,0.7068278789520264,0.3359893560409546,-0.05143772065639496,0.7031112909317017,0.2717755436897278,-0.06921416521072388,0.6977051496505737,0.21307265758514404,-0.08249623328447342,0.7490705251693726,0.4566383957862854,-0.03886917233467102,0.7703421711921692,0.3895643353462219,-0.061040058732032776,0.7850261926651001,0.3420843482017517,-0.07365220785140991,0.7963094115257263,0.29612964391708374,-0.08242077380418777
0.5828295350074768,0.7284567952156067,5.229435942055716e-07,0.5163905024528503,0.7062946557998657,-0.03243622928857803,0.46647900342941284,0.6438907384872437,-0.04825461655855179,0.4366273283958435,0.5831141471862793,-0.061282768845558167,0.40173327922821045,0.5406080484390259,-0.07462626695632935,0.4966466426849365,0.5087115168571472,-0.02859160304069519,0.4752042591571808,0.41728997230529785,-0.05002927780151367,0.4622141420841217,0.35788536071777344,-0.06783836334943771,0.45347803831100464,0.3044716715812683,-0.08213590830564499,0.5407271981239319,0.49004215002059937,-0.03131481632590294,0.528526782989502,0.38262939453125,-0.050156429409980774,0.5187841057777405,0.31233787536621094,-0.06953398138284683,0.5095411539077759,0.25113168358802795,-0.08513446152210236,0.5820178389549255,0.49629583954811096,-0.03844377025961876,0.5809777975082397,0.39708057045936584,-0.061789099127054214,0.5756186246871948,0.328191339969635,-0.08266401290893555,0.5689281821250916,0.26546743512153625,-0.09879124164581299,0.6219138503074646,0.5219772458076477,-0.04822821915149689,0.648852527141571,0.4557570815086365,-0.07183608412742615,0.6667141318321228,0.40556761622428894,-0.08689327538013458,0.6806612610816956,0.3571454584598541,-0.09833305329084396
0.4612607955932617,0.8305088877677917,4.550342111997452e-07,0.397268682718277,0.8118202686309814,-0.018494894728064537,0.34320035576820374,0.7596796751022339,-0.029850857332348824,0.30451712012290955,0.7157268524169922,-0.041303783655166626,0.2662602961063385,0.6892309188842773,-0.053417205810546875,0.3618646562099457,0.6310669183731079,-0.013479157350957394,0.3373284935951233,0.5483506321907043,-0.031326621770858765,0.3234660029411316,0.49599236249923706,-0.047676026821136475,0.3143530488014221,0.44744229316711426,-0.0607655793428421,0.39466750621795654,0.6118385195732117,-0.0215225201100111,0.37356168031692505,0.5120619535446167,-0.03693188354372978,0.3590683937072754,0.4488431215286255,-0.05369552597403526,0.34702441096305847,0.39531654119491577,-0.06713628768920898,0.4297043979167938,0.6135172843933105,-0.03297058492898941,0.41502684354782104,0.5195212364196777,-0.05089078098535538,0.40237942337989807,0.45884275436401367,-0.06625120341777802,0.38985827565193176,0.4052997827529907,-0.07869669795036316,0.4668738842010498,0.6333997845649719,-0.04636320099234581,0.4758611023426056,0.5648329257965088,-0.06386356800794601,0.48208653926849365,0.5147627592086792,-0.07363101840019226,0.486462265253067,0.46692484617233276,-0.0814514309167862
0.729099690914154,0.708768367767334,5.394317668105941e-07,0.6611234545707703,0.6755784749984741,-0.03303308039903641,0.6116684675216675,0.6082154512405396,-0.04912639036774635,0.5835167765617371,0.5448649525642395,-0.061850402504205704,0.5646476745605469,0.4836896061897278,-0.07387810200452805,0.6462146639823914,0.4736921489238739,-0.026559635996818542,0.6311937570571899,0.373497873544693,-0.048719972372055054,0.6256247162818909,0.3104983866214752,-0.06707021594047546,0.6255342364311218,0.2550358176231384,-0.08057286590337753,0.6937522292137146,0.45898187160491943,-0.027677688747644424,0.6888666749000549,0.34562748670578003,-0.044391751289367676,0.6883788108825684,0.27353185415267944,-0.06138455495238304,0.6882054805755615,0.21206259727478027,-0.07482120394706726,0.7377534508705139,0.46791529655456543,-0.03365207090973854,0.7386143207550049,0.36374083161354065,-0.05330123007297516,0.7380452752113342,0.2957576513290405,-0.06913665682077408,0.7366989850997925,0.2343740463256836,-0.08139149099588394,0.7792388796806335,0.49568912386894226,-0.04261245205998421,0.7942553758621216,0.4217604994773865,-0.06176465377211571,0.8062356114387512,0.37231481075286865,-0.07130840420722961,0.8166324496269226,0.3245871365070343,-0.07826250046491623
0.6767532825469971,0.7573297023773193,4.7043110384947795e-07,0.6065455079078674,0.7225393056869507,-0.029829008504748344,0.561506986618042,0.6475400924682617,-0.045596931129693985,0.5371319055557251,0.5763656497001648,-0.05962969362735748,0.5110790133476257,0.517605185508728,-0.07348332554101944,0.5902215242385864,0.5226491093635559,-0.02063378132879734,0.5813196897506714,0.4239094853401184,-0.04575318470597267,0.5789732933044434,0.36194103956222534,-0.06803951412439346,0.5797680020332336,0.3044854998588562,-0.08454561233520508,0.6305162310600281,0.5061749219894409,-0.0245569609105587,0.6214492321014404,0.3929315209388733,-0.04438452050089836,0.6156131029129028,0.3218767046928406,-0.06393124163150787,0.6090707778930664,0.2594359517097473,-0.07923199981451035,0.6686217784881592,0.5128896236419678,-0.033470384776592255,0.6605405211448669,0.40800127387046814,-0.05223248898983002,0.6535972356796265,0.3402329683303833,-0.06640857458114624,0.6453190445899963,0.2794419229030609,-0.07806741446256638,0.707494854927063,0.537720263004303,-0.045873694121837616,0.7041273713111877,0.4612826108932495,-0.06325207650661469,0.6993787884712219,0.4085546135902405,-0.07206299155950546,0.6929113268852234,0.35826390981674194,-0.07913969457149506
0.48508286476135254,0.8804131746292114,3.9903835613586125e-07,0.42791229486465454,0.8535407781600952,-0.018376510590314865,0.38818734884262085,0.7926914095878601,-0.02727377787232399,0.3651418089866638,0.74129319190979,-0.03564421087503433,0.33482620120048523,0.7082168459892273,-0.04478636756539345,0.415560245513916,0.6870173215866089,-0.014842145144939423,0.3989279270172119,0.6103558540344238,-0.0317065492272377,0.38822707533836365,0.5603868961334229,-0.04640933871269226,0.37998223304748535,0.5151119232177734,-0.058366771787405014,0.4448472857475281,0.6772459149360657,-0.020811954513192177,0.4339427053928375,0.5882046818733215,-0.03613060712814331,0.4281776547431946,0.5295507907867432,-0.050986383110284805,0.4241545796394348,0.4796257019042969,-0.06271124631166458,0.47300076484680176,0.687129020690918,-0.030106885358691216,0.4672122001647949,0.602410078048706,-0.04873517155647278,0.4615011215209961,0.547813892364502,-0.06353119015693665,0.4563710391521454,0.49844807386398315,-0.07491931319236755,0.5017508268356323,0.7125743627548218,-0.04115085303783417,0.5168935060501099,0.6557120680809021,-0.06031801924109459,0.5269858241081238,0.6131089329719543,-0.0716426894068718,0.5353666543960571,0.5710593461990356,-0.08015783876180649
0.550908088684082,1.0185779333114624,5.142242684996745e-07,0.49575576186180115,0.9783957004547119,-0.031219903379678726,0.4597424268722534,0.907547116279602,-0.052475545555353165,0.4434678554534912,0.8395848870277405,-0.07151563465595245,0.44120678305625916,0.7792444825172424,-0.09033890068531036,0.48994964361190796,0.7886950969696045,-0.03515290841460228,0.48502588272094727,0.684473991394043,-0.06522998958826065,0.48664093017578125,0.620947539806366,-0.08935606479644775,0.4933140277862549,0.5619103908538818,-0.10618176311254501,0.5298177599906921,0.7826695442199707,-0.03914801403880119,0.5253043174743652,0.6628652215003967,-0.06334623694419861,0.5247898697853088,0.5869414806365967,-0.08408331125974655,0.5249780416488647,0.5177949070930481,-0.09928175806999207,0.5690140724182129,0.7977079749107361,-0.047011103481054306,0.5646218657493591,0.6902180314064026,-0.06807895004749298,0.562460720539093,0.6205010414123535,-0.08221176266670227,0.5594720244407654,0.5564337968826294,-0.0928863063454628,0.6089321374893188,0.8294568061828613,-0.05805294215679169,0.6068455576896667,0.7534487247467041,-0.07614745944738388,0.6035251617431641,0.7011446356773376,-0.08377857506275177,0.5989096164703369,0.6509891748428345,-0.08917657285928726
0.7371903657913208,0.9711875319480896,4.384485237096669e-07,0.6763100028038025,0.9212391376495361,-0.028094656765460968,0.6383829116821289,0.8418675065040588,-0.04602529853582382,0.6154715418815613,0.7682299613952637,-0.06263917684555054,0.6131372451782227,0.7113770842552185,-0.07883977144956589,0.6787769198417664,0.7224304676055908,-0.02062024362385273,0.6771731972694397,0.622793436050415,-0.045657411217689514,0.6778996586799622,0.563629150390625,-0.06785159558057785,0.6831743121147156,0.5088981986045837,-0.08445602655410767,0.7215681076049805,0.7174386382102966,-0.025189822539687157,0.7198436856269836,0.6043022871017456,-0.04450737684965134,0.7192492485046387,0.5343915224075317,-0.06356396526098251,0.7173343896865845,0.47160327434539795,-0.07828767597675323,0.761650025844574,0.7333325147628784,-0.034298352897167206,0.7604458332061768,0.6275147199630737,-0.052307065576314926,0.7600232362747192,0.5595173835754395,-0.06549333035945892,0.7574218511581421,0.4972006678581238,-0.07616280019283295,0.7996463179588318,0.76695716381073,-0.046563394367694855,0.8033371567726135,0.6901586651802063,-0.06250527501106262,0.8051539063453674,0.6378490924835205,-0.06960316747426987,0.8057730793952942,0.587483823299408,-0.07521159201860428
0.424085408449173,0.738190233707428,4.1480240042801597e-07,0.3592158555984497,0.7024506330490112,-0.02048245072364807,0.31813549995422363,0.6249279379844666,-0.03164348751306534,0.2970631718635559,0.5613060593605042,-0.04244575649499893,0.2728636562824249,0.5147657990455627,-0.053767673671245575,0.35388848185539246,0.5093846917152405,-0.016627518460154533,0.34380823373794556,0.4164406657218933,-0.03784201294183731,0.3392372727394104,0.3583954870700836,-0.05636323243379593,0.33837413787841797,0.30621981620788574,-0.07028593868017197,0.3879038095474243,0.5000417828559875,-0.024017594754695892,0.379069060087204,0.3918934464454651,-0.04201768711209297,0.37420421838760376,0.3227027952671051,-0.059761062264442444,0.37113311886787415,0.26316341757774353,-0.07336754351854324,0.421172559261322,0.511411190032959,-0.03504657372832298,0.41501477360725403,0.4073907732963562,-0.05319370701909065,0.4111120104789734,0.3412860035896301,-0.06717248260974884,0.40793877840042114,0.28330567479133606,-0.07818645983934402,0.45550113916397095,0.5404552221298218,-0.04845227673649788,0.4595024287700653,0.4646386504173279,-0.06533177942037582,0.4621451795101166,0.41222083568573,-0.07383549958467484,0.46400049328804016,0.36302000284194946,-0.08049747347831726
0.2974933981895447,0.7343152165412903,3.93289866451596e-07,0.238740935921669,0.7051187753677368,-0.013679572381079197,0.19393454492092133,0.6395736336708069,-0.02265346795320511,0.16620194911956787,0.5880558490753174,-0.03236576169729233,0.13686367869377136,0.5536592602729797,-0.042974717915058136,0.22001007199287415,0.5243962407112122,-0.013697532005608082,0.19964951276779175,0.44162213802337646,-0.0325014665722847,0.1876579225063324,0.3909204602241516,-0.04832455515861511,0.1802372932434082,0.3449745774269104,-0.060379546135663986,0.24618057906627655,0.5155768990516663,-0.023400267586112022,0.23145565390586853,0.4144304096698761,-0.04001282528042793,0.2234569489955902,0.35063573718070984,-0.05500434711575508,0.2183670550584793,0.29643183946609497,-0.06631363183259964,0.2742138206958771,0.5261704921722412,-0.036060675978660583,0.26384806632995605,0.428567111492157,-0.05395118147134781,0.2575218975543976,0.368275910615921,-0.06704311817884445,0.2522258758544922,0.31544050574302673,-0.0770156979560852,0.30402106046676636,0.552830159664154,-0.05034701153635979,0.30719879269599915,0.48225072026252747,-0.06754785031080246,0.30882322788238525,0.43301326036453247,-0.07624577730894089,0.30997544527053833,0.3863399922847748,-0.08283403515815735
0.2517729103565216,0.6781204342842102,4.4381383190739143e-07,0.18177072703838348,0.6537878513336182,-0.01919165626168251,0.1277456283569336,0.583274245262146,-0.027984190732240677,0.09705525636672974,0.521973729133606,-0.036498866975307465,0.06349840015172958,0.48176321387290955,-0.04543209448456764,0.15430763363838196,0.45332247018814087,-0.013980020768940449,0.1338384747505188,0.36210834980010986,-0.03377407044172287,0.12307046353816986,0.30294379591941833,-0.05106407776474953,0.11675412207841873,0.250447541475296,-0.06390243023633957,0.1866917908191681,0.4394640028476715,-0.02111458219587803,0.17141233384609222,0.33243492245674133,-0.03726186603307724,0.16325020790100098,0.2618369460105896,-0.05215417221188545,0.15897391736507416,0.20176145434379578,-0.06346263736486435,0.22057339549064636,0.4468509256839752,-0.03216077387332916,0.20916858315467834,0.34737157821655273,-0.04885455593466759,0.20215119421482086,0.2822621762752533,-0.06067509204149246,0.19713780283927917,0.22515445947647095,-0.06998341530561447,0.25650498270988464,0.47159484028816223,-0.04579870030283928,0.2596612870693207,0.3980274796485901,-0.06165136396884918,0.2611759901046753,0.3454527258872986,-0.06906101852655411,0.26260441541671753,0.29635393619537354,-0.07465419173240662
0.28599071502685547,0.7142757773399353,4.974201033292047e-07,0.2116858810186386,0.684943437576294,-0.021133821457624435,0.15825657546520233,0.6104027628898621,-0.0319642573595047,0.12987688183784485,0.5474734306335449,-0.04230670630931854,0.0977204367518425,0.5038988590240479,-0.05316917225718498,0.18865682184696198,0.4795970022678375,-0.01798771694302559,0.1677507907152176,0.38319844007492065,-0.04021049290895462,0.15745551884174347,0.32044273614883423,-0.05908436328172684,0.15203845500946045,0.2640872895717621,-0.07313820719718933,0.22406107187271118,0.4666590690612793,-0.02581777423620224,0.20854683220386505,0.355329304933548,-0.045099079608917236,0.20011325180530548,0.28101807832717896,-0.06306526064872742,0.19505302608013153,0.21800678968429565,-0.0765693262219429,0.25967171788215637,0.4769641160964966,-0.037596445530653,0.24921996891498566,0.3719116449356079,-0.05817493796348572,0.24222685396671295,0.30338191986083984,-0.0738283172249794,0.23655159771442413,0.24317249655723572,-0.08574371039867401,0.29646772146224976,0.5060784816741943,-0.051717814058065414,0.30304160714149475,0.43103063106536865,-0.07184910029172897,0.30667734146118164,0.37657174468040466,-0.08248359709978104,0.3094172179698944,0.3244420289993286,-0.09031021595001221
0.4348684251308441,0.7105423808097839,3.988653816122678e-07,0.3663151264190674,0.671748161315918,-0.021049320697784424,0.32027435302734375,0.5928672552108765,-0.029934536665678024,0.2949572503566742,0.528016984462738,-0.038418348878622055,0.27224189043045044,0.47593310475349426,-0.04724682494997978,0.3619633913040161,0.46623700857162476,-0.012951532378792763,0.34443679451942444,0.36905673146247864,-0.030763331800699234,0.33407098054885864,0.3080364763736725,-0.046849459409713745,0.32838162779808044,0.2547837793827057,-0.059626154601573944,0.4042719602584839,0.45226922631263733,-0.020288435742259026,0.3954026401042938,0.34023118019104004,-0.03575520217418671,0.38861361145973206,0.26716166734695435,-0.05299511179327965,0.3830365538597107,0.20691803097724915,-0.06667926162481308,0.44431716203689575,0.4626566767692566,-0.03158897906541824,0.45144417881965637,0.3562263250350952,-0.05099153891205788,0.4540194869041443,0.28618478775024414,-0.06777237355709076,0.45494765043258667,0.22556829452514648,-0.08068154752254486,0.48097389936447144,0.49357545375823975,-0.044936977326869965,0.50316321849823,0.42044690251350403,-0.06467873603105545,0.5190539956092834,0.36826854944229126,-0.0749596655368805,0.5326696634292603,0.3202306926250458,-0.08258861303329468
0.505809485912323,0.785850465297699,4.27967989935496e-07,0.4420337975025177,0.7611901760101318,-0.024658862501382828,0.3947316110134125,0.699870765209198,-0.03666738048195839,0.3696593642234802,0.6437179446220398,-0.04726896062493324,0.34416618943214417,0.5948891043663025,-0.058036454021930695,0.4235004782676697,0.5787063837051392,-0.020692553371191025,0.40337324142456055,0.4919649362564087,-0.04013260826468468,0.3906436264514923,0.4375004768371582,-0.056385159492492676,0.382277250289917,0.38771843910217285,-0.06916923820972443,0.45991721749305725,0.5626531839370728,-0.02552052028477192,0.4458228647708893,0.4611459970474243,-0.04233460873365402,0.4360944330692291,0.3951694369316101,-0.05924879387021065,0.4280697703361511,0.3378273844718933,-0.07259152829647064,0.49543246626853943,0.5679425001144409,-0.03423093631863594,0.48877042531967163,0.472885400056839,-0.05420171469449997,0.48164400458335876,0.41079580783843994,-0.07099739462137222,0.47442683577537537,0.35427743196487427,-0.08403554558753967,0.5310490131378174,0.590856671333313,-0.04525948315858841,0.5458911657333374,0.5270795822143555,-0.06567051261663437,0.5565853118896484,0.47985079884529114,-0.07770144194364548,0.5654503703117371,0.43396228551864624,-0.08668714761734009
0.6027341485023499,0.8955267071723938,4.776035211762064e-07,0.5384173393249512,0.8661090731620789,-0.028226325288414955,0.4906430244445801,0.8087076544761658,-0.04523765668272972,0.46239927411079407,0.7548094391822815,-0.06023580580949783,0.4404420852661133,0.703815221786499,-0.07481061667203903,0.5170128345489502,0.6761960983276367,-0.024060461670160294,0.5011025667190552,0.5851859450340271,-0.0465230867266655,0.492422878742218,0.5274414420127869,-0.06571611762046814,0.48748040199279785,0.4742293357849121,-0.08006950467824936,0.5578901171684265,0.6615662574768066,-0.028307434171438217,0.5483542084693909,0.5572290420532227,-0.04573982581496239,0.5433762669563293,0.49032288789749146,-0.062461722642183304,0.5384644269943237,0.43166863918304443,-0.07551496475934982,0.596333920955658,0.6696977019309998,-0.036872103810310364,0.5878308415412903,0.5746819972991943,-0.05467262491583824,0.5814576745033264,0.5138610601425171,-0.06729552149772644,0.5740106105804443,0.45853859186172485,-0.07740777730941772,0.6336313486099243,0.6953269243240356,-0.048407938331365585,0.6348162889480591,0.6260465979576111,-0.06467358022928238,0.6358253955841064,0.5790805816650391,-0.07145781815052032,0.6353031396865845,0.5337453484535217,-0.07661465555429459
0.2191646248102188,0.8846410512924194,5.103915441395657e-07,0.29275551438331604,0.8647354245185852,-0.036442987620830536,0.35594525933265686,0.8026474118232727,-0.054079171270132065,0.4070081114768982,0.7483888268470764,-0.06878959387540817,0.45176833868026733,0.7145829796791077,-0.08382204174995422,0.3273339867591858,0.6678455471992493,-0.04103510081768036,0.36029523611068726,0.5740111470222473,-0.06608622521162033,0.3793427050113678,0.5141702890396118,-0.08471966534852982,0.39222776889801025,0.46132171154022217,-0.09905818104743958,0.2796577215194702,0.6444598436355591,-0.04373165965080261,0.2949846684932709,0.5273303985595703,-0.06747512519359589,0.3045184910297394,0.4538399577140808,-0.08671838045120239,0.3084263503551483,0.39241912961006165,-0.1010761559009552,0.2311198115348816,0.6506530046463013,-0.050533778965473175,0.23629936575889587,0.5436909794807434,-0.077571339905262,0.2414017915725708,0.46905773878097534,-0.09958591312170029,0.24533793330192566,0.4033740162849426,-0.11476126313209534,0.18273140490055084,0.6777579188346863,-0.060109011828899384,0.16160976886749268,0.5992190837860107,-0.08892601728439331,0.14564745128154755,0.5453358888626099,-0.1053079217672348,0.13281206786632538,0.4928845167160034,-0.11580933630466461
0.21831727027893066,0.9213924407958984,6.058900794414512e-07,0.2934882640838623,0.8981906175613403,-0.039015885442495346,0.3610091805458069,0.8469123244285583,-0.061680637300014496,0.41510698199272156,0.8071532249450684,-0.08198606967926025,0.4600115716457367,0.7885313630104065,-0.10334504395723343,0.31826698780059814,0.7084155082702637,-0.05381625145673752,0.3606620728969574,0.617472231388092,-0.08362700045108795,0.38343244791030884,0.5576751828193665,-0.10380368679761887,0.3994465172290802,0.5044190883636475,-0.1185862347483635,0.26576322317123413,0.6842045187950134,-0.05607052892446518,0.27400755882263184,0.5684328675270081,-0.08291389793157578,0.2774185240268707,0.4953262209892273,-0.10178085416555405,0.2753046154975891,0.4344805181026459,-0.1156611442565918,0.21594080328941345,0.6920130848884583,-0.06181427836418152,0.201829731464386,0.5885855555534363,-0.08915149420499802,0.1949886977672577,0.5193562507629395,-0.10947223752737045,0.19014829397201538,0.45711058378219604,-0.12393896281719208,0.1712922304868698,0.7248520255088806,-0.07084501534700394,0.13304704427719116,0.6599953174591064,-0.09774352610111237,0.10701635479927063,0.6175721883773804,-0.111884206533432,0.08636869490146637,0.576460599899292,-0.12096302211284637
0.18534576892852783,0.767772912979126,2.9217972041806206e-07,0.24056178331375122,0.7402065992355347,-0.026178697124123573,0.27907899022102356,0.6796649694442749,-0.03607252612709999,0.3033110201358795,0.6216916441917419,-0.04406239837408066,0.3194464445114136,0.5731619596481323,-0.05224081128835678,0.2520226836204529,0.5770429968833923,-0.021401487290859222,0.258754163980484,0.4978741407394409,-0.03889209032058716,0.25729256868362427,0.4475387930870056,-0.05385525897145271,0.25369977951049805,0.4035755395889282,-0.06503316760063171,0.21925830841064453,0.5679505467414856,-0.021905675530433655,0.2285103052854538,0.48076772689819336,-0.03727488964796066,0.2315365970134735,0.4219362139701843,-0.05221104249358177,0.23228228092193604,0.3723660111427307,-0.06382633000612259,0.18586742877960205,0.5775259137153625,-0.025992128998041153,0.19366787374019623,0.4951508641242981,-0.0419389009475708,0.19927336275577545,0.44303637742996216,-0.055761195719242096,0.20365123450756073,0.397724449634552,-0.06601227074861526,0.1505427211523056,0.6006894111633301,-0.03261733800172806,0.14880824089050293,0.5405164361000061,-0.04949614033102989,0.14850163459777832,0.4988541603088379,-0.05960550531744957,0.14861145615577698,0.4590727686882019,-0.06661804765462875
0.16273309290409088,0.9829046130180359,3.6151811855233973e-07,0.21318989992141724,0.9328557848930359,-0.021586058661341667,0.24149852991104126,0.8591740727424622,-0.0253473911434412,0.25638216733932495,0.7961479425430298,-0.02819940634071827,0.2602699398994446,0.7450366020202637,-0.03060930222272873,0.2010405957698822,0.7846236824989319,-0.0014030958991497755,0.2105584591627121,0.714913547039032,-0.014347830787301064,0.21557505428791046,0.6709339618682861,-0.028342321515083313,0.22009117901325226,0.6301192045211792,-0.03913230821490288,0.1699080765247345,0.7795317769050598,-0.0014029035810381174,0.1735028624534607,0.7025209069252014,-0.013140278868377209,0.17782722413539886,0.6498216986656189,-0.02809375524520874,0.1833062618970871,0.6027273535728455,-0.03967820852994919,0.13991840183734894,0.7919086217880249,-0.005892189685255289,0.14067135751247406,0.7186822891235352,-0.020584354177117348,0.1467217057943344,0.6686068177223206,-0.0352635495364666,0.15410418808460236,0.6240314841270447,-0.04550245404243469,0.11065579205751419,0.816624104976654,-0.012759705074131489,0.10336007922887802,0.7608311176300049,-0.028558066114783287,0.09872724115848541,0.7206675410270691,-0.03892037644982338,0.09638088941574097,0.6800758838653564,-0.04605122655630112
0.2330339252948761,0.8756972551345825,3.671424337881035e-07,0.29148346185684204,0.829365611076355,-0.015815328806638718,0.32095766067504883,0.7581151723861694,-0.018910497426986694,0.33492782711982727,0.6971782445907593,-0.022915711626410484,0.346404105424881,0.6480358242988586,-0.02720600739121437,0.28326642513275146,0.6740105748176575,-0.0012424560263752937,0.29611074924468994,0.5979688167572021,-0.01572820171713829,0.30326735973358154,0.5499433279037476,-0.030126500874757767,0.3091437816619873,0.5059453248977661,-0.041496142745018005,0.25259336829185486,0.6664714217185974,-0.006384290289133787,0.2613019347190857,0.5815401673316956,-0.020823493599891663,0.271412193775177,0.5240732431411743,-0.037048954516649246,0.2811061441898346,0.4748499393463135,-0.04953664168715477,0.22255805134773254,0.6771167516708374,-0.01544195506721735,0.22811424732208252,0.5984962582588196,-0.03256569802761078,0.2395501434803009,0.5452039241790771,-0.04888613522052765,0.25148603320121765,0.49851858615875244,-0.06035653129220009,0.1935984194278717,0.7004456520080566,-0.026319177821278572,0.19145426154136658,0.6395661234855652,-0.04463764280080795,0.1899588257074356,0.5953935980796814,-0.05663527920842171,0.18998003005981445,0.5525017380714417,-0.06510885804891586
0.1278003305196762,0.9252427816390991,8.976808771876676e-07,0.22170719504356384,0.8943844437599182,-0.06863877922296524,0.29437339305877686,0.8278563022613525,-0.10440123081207275,0.3510558605194092,0.7764495611190796,-0.1320848912000656,0.40484607219696045,0.7321226596832275,-0.1605132669210434,0.23204247653484344,0.6652253866195679,-0.07823076844215393,0.25138890743255615,0.5391749739646912,-0.11519896984100342,0.2601422071456909,0.4585997760295868,-0.14258526265621185,0.2632003426551819,0.3899151384830475,-0.16292792558670044,0.17072269320487976,0.6507526636123657,-0.0707579031586647,0.17416445910930634,0.5033897161483765,-0.10619508475065231,0.17695553600788116,0.4114750623703003,-0.1357089877128601,0.17576660215854645,0.3355063199996948,-0.15701252222061157,0.11353643983602524,0.6650438904762268,-0.06965284049510956,0.10653769224882126,0.5318347215652466,-0.1065715029835701,0.10649126768112183,0.4470120370388031,-0.13675592839717865,0.10671038925647736,0.3712672293186188,-0.15713806450366974,0.06208468973636627,0.6958311200141907,-0.07380664348602295,0.05506576597690582,0.5972471237182617,-0.1088922992348671,0.05114346742630005,0.534541130065918,-0.130615696310997,0.051704391837120056,0.47137755155563354,-0.14550617337226868
0.1859091818332672,0.9799518585205078,1.0009962352341972e-06,0.2887863218784332,0.9505174160003662,-0.07125980406999588,0.37999996542930603,0.8742899298667908,-0.11170845478773117,0.4521472454071045,0.8085313439369202,-0.144942969083786,0.5153155326843262,0.7651758790016174,-0.1800093948841095,0.31007054448127747,0.6673700213432312,-0.09171927720308304,0.3437650203704834,0.5223979949951172,-0.14053651690483093,0.35801196098327637,0.422258198261261,-0.1772143393754959,0.36658865213394165,0.3336106538772583,-0.20437799394130707,0.23836596310138702,0.639055073261261,-0.08878998458385468,0.24685412645339966,0.4595986008644104,-0.13384802639484406,0.2523857355117798,0.3458942472934723,-0.1709049791097641,0.25496211647987366,0.24883317947387695,-0.19809237122535706,0.17147263884544373,0.6521872282028198,-0.09132871776819229,0.16450679302215576,0.48959290981292725,-0.1344229280948639,0.16635194420814514,0.38317009806632996,-0.16782474517822266,0.16998589038848877,0.29001107811927795,-0.19109198451042175,0.10916358232498169,0.6958710551261902,-0.09948737919330597,0.09612831473350525,0.5773894190788269,-0.13863979279994965,0.09247991442680359,0.4984729290008545,-0.16081441938877106,0.09510445594787598,0.42220333218574524,-0.17616750299930573
0.3882707953453064,0.8961199522018433,8.589702815697819e-07,0.49858373403549194,0.8711482882499695,-0.061703603714704514,0.5924301147460938,0.7854115962982178,-0.09538751095533371,0.6655371189117432,0.7076364755630493,-0.12340142577886581,0.7265948057174683,0.6526526212692261,-0.15245431661605835,0.5490807890892029,0.5895628929138184,-0.08469061553478241,0.6066575050354004,0.44946202635765076,-0.1342477798461914,0.6413023471832275,0.3529883623123169,-0.16967344284057617,0.6666905283927917,0.2668686807155609,-0.19558638334274292,0.47816258668899536,0.549391508102417,-0.08737676590681076,0.5007401704788208,0.3726775050163269,-0.13386155664920807,0.5143441557884216,0.25539126992225647,-0.16917872428894043,0.5216341614723206,0.15303218364715576,-0.19494707882404327,0.40731415152549744,0.5560754537582397,-0.0953652560710907,0.4148651361465454,0.3974073529243469,-0.14170438051223755,0.4241790771484375,0.2853054106235504,-0.17492376267910004,0.43201106786727905,0.18450713157653809,-0.19778704643249512,0.33910295367240906,0.5971775054931641,-0.10795741528272629,0.3136378526687622,0.4838968515396118,-0.15302494168281555,0.2962760329246521,0.4038589596748352,-0.17698366940021515,0.2836715579032898,0.32641011476516724,-0.19225886464118958
0.32923752069473267,0.7506136298179626,6.813577897446521e-07,0.41470637917518616,0.7263646125793457,-0.05459586903452873,0.48286616802215576,0.65616375207901,-0.08188161998987198,0.5316768288612366,0.5881509184837341,-0.10388612002134323,0.5803131461143494,0.5410338044166565,-0.12569105625152588,0.44451314210891724,0.4955172836780548,-0.05949528142809868,0.48262709379196167,0.3881947994232178,-0.09552133828401566,0.5054348707199097,0.31473350524902344,-0.12303045392036438,0.5221739411354065,0.2491632103919983,-0.14328788220882416,0.3892004191875458,0.46807417273521423,-0.057569123804569244,0.40091267228126526,0.3315942883491516,-0.09051284193992615,0.4084673225879669,0.24259546399116516,-0.11677920073270798,0.41206032037734985,0.16732868552207947,-0.13574954867362976,0.335163950920105,0.47624650597572327,-0.061283234506845474,0.33801478147506714,0.3550410270690918,-0.09573208540678024,0.34323012828826904,0.2676370143890381,-0.12158127874135971,0.3481198251247406,0.19080519676208496,-0.13905277848243713,0.28254783153533936,0.5095218420028687,-0.06949315220117569,0.2564300298690796,0.4252457618713379,-0.10385642200708389,0.23864701390266418,0.36547183990478516,-0.12253864854574203,0.22438356280326843,0.3077393174171448,-0.1342385858297348
0.22284391522407532,0.6988834738731384,4.339993324720126e-07,0.2815850079059601,0.6728891730308533,-0.030112259089946747,0.3241838812828064,0.6100373268127441,-0.04231930524110794,0.3553243577480316,0.5533915758132935,-0.05190225690603256,0.38349398970603943,0.5174611210823059,-0.06129160523414612,0.2903958559036255,0.5090614557266235,-0.03081299364566803,0.3155633509159088,0.4341686964035034,-0.05037873610854149,0.329729825258255,0.3830299973487854,-0.06505969911813736,0.33945178985595703,0.33926814794540405,-0.07636453211307526,0.24984997510910034,0.4917313754558563,-0.031230594962835312,0.2534395754337311,0.3967701494693756,-0.049495406448841095,0.2563265860080719,0.3346139192581177,-0.06363023817539215,0.256710022687912,0.28254884481430054,-0.07386800646781921,0.2116880714893341,0.49994173645973206,-0.03521781787276268,0.2056044638156891,0.41498827934265137,-0.056237462908029556,0.2044810801744461,0.3560786843299866,-0.0730217769742012,0.20364081859588623,0.3045892119407654,-0.08443237096071243,0.17639823257923126,0.5273147225379944,-0.04169224947690964,0.15111026167869568,0.47426751255989075,-0.06452743709087372,0.1328011155128479,0.43684810400009155,-0.07757791876792908,0.11701974272727966,0.400005042552948,-0.08570272475481033
0.4007374346256256,0.7781659364700317,4.901402803625388e-07,0.45665180683135986,0.7508173584938049,-0.03080846555531025,0.5010964870452881,0.6935242414474487,-0.04820336028933525,0.5372535586357117,0.6465439200401306,-0.06387437134981155,0.5755214691162109,0.6235700249671936,-0.08031608909368515,0.4588071405887604,0.5744232535362244,-0.03708193451166153,0.4760087728500366,0.4859609007835388,-0.06068600341677666,0.48652008175849915,0.43145519495010376,-0.07836078107357025,0.4951167106628418,0.3855186104774475,-0.090750552713871,0.4154283106327057,0.5614312887191772,-0.038372285664081573,0.41429874300956726,0.4620480537414551,-0.057846780866384506,0.416852205991745,0.400210976600647,-0.072329081594944,0.41878023743629456,0.3493790626525879,-0.08265956491231918,0.37521106004714966,0.5717465281486511,-0.04294097423553467,0.3679406940937042,0.4784814119338989,-0.06195775419473648,0.36735770106315613,0.41920003294944763,-0.07651492208242416,0.3682989776134491,0.36898183822631836,-0.086455337703228,0.33959126472473145,0.6010515689849854,-0.05027075484395027,0.31497102975845337,0.538733959197998,-0.06915740668773651,0.2991946041584015,0.4993225038051605,-0.07851941883563995,0.2862066328525543,0.463120698928833,-0.08390554040670395
0.39791738986968994,0.7670876383781433,5.519517571883625e-07,0.45890355110168457,0.7323436141014099,-0.0317130945622921,0.5087406039237976,0.6714287996292114,-0.04996606335043907,0.5485644340515137,0.6204910278320312,-0.06684011220932007,0.5853906273841858,0.5837348699569702,-0.08464732021093369,0.4763040244579315,0.5448282957077026,-0.036211226135492325,0.49929434061050415,0.4499080777168274,-0.06365863233804703,0.5129603743553162,0.3908858895301819,-0.08526240289211273,0.5239081382751465,0.3402445912361145,-0.10060326009988785,0.4329516291618347,0.5323788523674011,-0.04137315973639488,0.440054714679718,0.425189733505249,-0.06563543528318405,0.44707345962524414,0.3560921549797058,-0.0861559808254242,0.45241034030914307,0.3004610240459442,-0.10112959891557693,0.38976746797561646,0.5451198220252991,-0.050338685512542725,0.39183202385902405,0.4412800967693329,-0.07471010833978653,0.39597299695014954,0.37340855598449707,-0.09215579926967621,0.4016914367675781,0.3180917799472809,-0.10409925132989883,0.34698665142059326,0.5773724913597107,-0.062137048691511154,0.33523619174957275,0.5020098686218262,-0.08614872395992279,0.3301030695438385,0.4510713815689087,-0.09764183312654495,0.3281770944595337,0.4058919847011566,-0.10448703169822693
0.15484289824962616,0.7617489695549011,3.9837334497860866e-07,0.21758000552654266,0.7279796004295349,-0.03212486207485199,0.26498639583587646,0.661022424697876,-0.04682597890496254,0.3028606176376343,0.5985946655273438,-0.059296201914548874,0.3354479670524597,0.553375244140625,-0.07176002860069275,0.22787801921367645,0.5351625084877014,-0.029097922146320343,0.2420816421508789,0.4431076943874359,-0.04969341680407524,0.24595879018306732,0.38416552543640137,-0.0669436827301979,0.2472846508026123,0.33228355646133423,-0.08026959747076035,0.18538418412208557,0.5236687064170837,-0.030032197013497353,0.19086216390132904,0.42069339752197266,-0.04812847077846527,0.19130754470825195,0.3542637825012207,-0.06520520895719528,0.18979796767234802,0.29829052090644836,-0.07865245640277863,0.1441795378923416,0.5361135601997375,-0.034863173961639404,0.14672178030014038,0.44176149368286133,-0.05369538068771362,0.14964693784713745,0.37964504957199097,-0.06955493986606598,0.15212926268577576,0.32679715752601624,-0.08147532492876053,0.10281067341566086,0.5663952827453613,-0.04281626269221306,0.0870383158326149,0.49934300780296326,-0.06253557652235031,0.07657312601804733,0.45179134607315063,-0.0733819529414177,0.06836862117052078,0.4067692756652832,-0.08073895424604416
0.16440647840499878,0.7606181502342224,4.331298839588271e-07,0.2259458303451538,0.7287647128105164,-0.0342450849711895,0.27148038148880005,0.6634558439254761,-0.04865163564682007,0.30812138319015503,0.6034522652626038,-0.06026511639356613,0.33959242701530457,0.5596570372581482,-0.07143863290548325,0.23631837964057922,0.5433691143989563,-0.028291404247283936,0.2502800524234772,0.4541189670562744,-0.0472508929669857,0.2547979950904846,0.39659127593040466,-0.0636870414018631,0.2568434178829193,0.3466520309448242,-0.07643949240446091,0.19590386748313904,0.5318312048912048,-0.026949943974614143,0.1998787820339203,0.43312400579452515,-0.04317702725529671,0.2013629823923111,0.3686685860157013,-0.05927741527557373,0.20134681463241577,0.3166000247001648,-0.07201341539621353,0.15589290857315063,0.5424503684043884,-0.029880911111831665,0.1583137810230255,0.4531238079071045,-0.047747015953063965,0.1623828262090683,0.3941035866737366,-0.06413283944129944,0.16537347435951233,0.3453030586242676,-0.07624685019254684,0.11529956012964249,0.5697189569473267,-0.036102887243032455,0.10052185505628586,0.5080083608627319,-0.05518045648932457,0.08957032859325409,0.4648878872394562,-0.06673140823841095,0.08006259053945541,0.4245684742927551,-0.07460632175207138
0.36780303716659546,0.8781867027282715,4.0371750742451695e-07,0.4297693371772766,0.8496699333190918,-0.028752068057656288,0.478160560131073,0.7969215512275696,-0.04745348170399666,0.5185732841491699,0.7498600482940674,-0.06526455283164978,0.5576860308647156,0.7167127728462219,-0.08406276255846024,0.4481441378593445,0.6768950819969177,-0.03892461583018303,0.46874308586120605,0.5866183042526245,-0.0668148621916771,0.48236897587776184,0.5300281643867493,-0.08701702207326889,0.49381351470947266,0.4798653721809387,-0.10101091116666794,0.4089300036430359,0.6616919040679932,-0.04409836232662201,0.4144139885902405,0.5567041635513306,-0.06822213530540466,0.4195040464401245,0.4908599853515625,-0.08613737672567368,0.42260032892227173,0.4342232346534729,-0.09904611855745316,0.37015044689178467,0.670647144317627,-0.052359841763973236,0.3716782331466675,0.5749546885490417,-0.07546009868383408,0.37562045454978943,0.5112819671630859,-0.09073400497436523,0.3801555633544922,0.4557206630706787,-0.10123734176158905,0.33250510692596436,0.6992953419685364,-0.06324068456888199,0.31324273347854614,0.6285489797592163,-0.0850420892238617,0.3023991584777832,0.5811346769332886,-0.09453477710485458,0.2940966784954071,0.5368632078170776,-0.10021430253982544
0.43574970960617065,0.9492254257202148,4.044971717576118e-07,0.5065625309944153,0.9328358173370361,-0.028817491605877876,0.5642445683479309,0.8780333995819092,-0.045854922384023666,0.6094966530799866,0.8315231800079346,-0.06142089143395424,0.6477523446083069,0.7991882562637329,-0.0785507932305336,0.5376977920532227,0.7543361186981201,-0.04463311284780502,0.56581711769104,0.6629054546356201,-0.07263700664043427,0.5815088152885437,0.603697657585144,-0.09251368045806885,0.5921041369438171,0.5503531098365784,-0.10749559104442596,0.49571356177330017,0.733360230922699,-0.051121193915605545,0.5078177452087402,0.6218649744987488,-0.07800760865211487,0.5144676566123962,0.5499310493469238,-0.09888606518507004,0.5155147910118103,0.4884510934352875,-0.11418462544679642,0.4527817368507385,0.7409241199493408,-0.060084979981184006,0.4522017240524292,0.640069305896759,-0.08710505068302155,0.4540271461009979,0.5708845257759094,-0.1070408970117569,0.4551524817943573,0.5096012353897095,-0.12096742540597916,0.41138994693756104,0.769586443901062,-0.0710558295249939,0.39124971628189087,0.6966229677200317,-0.09857536852359772,0.37669432163238525,0.647826611995697,-0.11269162595272064,0.36487555503845215,0.6019333004951477,-0.12149575352668762
0.3795161247253418,0.8209137320518494,6.175791327223124e-07,0.4563671946525574,0.8028721809387207,-0.03918207436800003,0.5204747319221497,0.7539730072021484,-0.0641113668680191,0.5755678415298462,0.7185381650924683,-0.0869617760181427,0.6229726076126099,0.6989579200744629,-0.11217161267995834,0.48502084612846375,0.6183585524559021,-0.06534166634082794,0.5291792154312134,0.5231345295906067,-0.09980741888284683,0.550235390663147,0.4610557556152344,-0.12251325696706772,0.5637677907943726,0.4029238224029541,-0.13879422843456268,0.42996248602867126,0.5914976596832275,-0.06915842741727829,0.4409082531929016,0.4706575274467468,-0.1002081036567688,0.44734087586402893,0.3943091034889221,-0.12096893042325974,0.44707223773002625,0.3252885937690735,-0.13622203469276428,0.37743306159973145,0.5997220873832703,-0.07553969323635101,0.36215898394584656,0.49358034133911133,-0.10558830201625824,0.3522135019302368,0.42312565445899963,-0.12492284923791885,0.3436708152294159,0.3580281436443329,-0.13886499404907227,0.33164194226264954,0.6340851187705994,-0.08493775129318237,0.29557472467422485,0.5638328194618225,-0.1135873943567276,0.2706129550933838,0.5212206840515137,-0.12592875957489014,0.2503543496131897,0.4799145460128784,-0.1336560994386673
0.28099802136421204,0.7278039455413818,3.9394507211909513e-07,0.3396148979663849,0.6952733993530273,-0.02183649316430092,0.3761342465877533,0.6352227926254272,-0.028080876916646957,0.40992599725723267,0.5851418375968933,-0.0337110236287117,0.44058898091316223,0.5573525428771973,-0.039758287370204926,0.3429173529148102,0.5370375514030457,-0.009006001055240631,0.35154974460601807,0.45966261625289917,-0.02052929438650608,0.3531954884529114,0.41089409589767456,-0.032335612922906876,0.3540688753128052,0.36732348799705505,-0.04253598302602768,0.3085850179195404,0.5269674062728882,-0.009516177698969841,0.3081591725349426,0.4419686794281006,-0.02166096679866314,0.3076896071434021,0.3861778974533081,-0.03624939173460007,0.30586013197898865,0.3399176597595215,-0.047397200018167496,0.2763432264328003,0.5380932092666626,-0.013463310897350311,0.2655000388622284,0.4623886048793793,-0.02825046144425869,0.2599776089191437,0.4123893976211548,-0.042593225836753845,0.255479097366333,0.3671302795410156,-0.05278659984469414,0.2467702031135559,0.5623732209205627,-0.019724661484360695,0.24130070209503174,0.5081353187561035,-0.035484809428453445,0.23779171705245972,0.4719716012477875,-0.04566577449440956,0.23618406057357788,0.4338611960411072,-0.05276656150817871
0.28273141384124756,0.7392812967300415,4.754636506731913e-07,0.3413237929344177,0.7060731649398804,-0.02919836901128292,0.3773656189441681,0.6440650820732117,-0.03773089125752449,0.40895789861679077,0.5891615152359009,-0.04396290332078934,0.4386832118034363,0.5539970993995667,-0.05020351707935333,0.34107986092567444,0.5444390773773193,-0.014626992866396904,0.3550213873386383,0.46614453196525574,-0.026986530050635338,0.36128413677215576,0.41552844643592834,-0.03988054394721985,0.36467355489730835,0.3698890507221222,-0.050869472324848175,0.3040740489959717,0.53614741563797,-0.011884637176990509,0.30168306827545166,0.44682037830352783,-0.023762870579957962,0.3009367287158966,0.3894643783569336,-0.038429927080869675,0.2979235053062439,0.34225669503211975,-0.05002462863922119,0.27069127559661865,0.5487975478172302,-0.013396899215877056,0.2578674554824829,0.4718173146247864,-0.028478877618908882,0.2511487305164337,0.4196556806564331,-0.04386582225561142,0.2450321763753891,0.37151026725769043,-0.05508436635136604,0.24175146222114563,0.5732755064964294,-0.017889829352498055,0.23382005095481873,0.5176501274108887,-0.03398430719971657,0.22800765931606293,0.48077255487442017,-0.04483311250805855,0.22458937764167786,0.4412919580936432,-0.052790988236665726
0.2834661602973938,0.7453805804252625,4.894741891803278e-07,0.3413064777851105,0.7116174697875977,-0.032968077808618546,0.3775445520877838,0.6493633985519409,-0.044922251254320145,0.40764176845550537,0.593314528465271,-0.053897276520729065,0.4374866485595703,0.5562022924423218,-0.06288868188858032,0.3403719961643219,0.549480676651001,-0.024287154898047447,0.3555678427219391,0.4705689251422882,-0.04044641926884651,0.3622437119483948,0.4188324809074402,-0.055055808275938034,0.3657384216785431,0.3727836012840271,-0.06688206642866135,0.3019053637981415,0.5406169295310974,-0.020911093801259995,0.2994668781757355,0.4480419158935547,-0.036011021584272385,0.29873111844062805,0.3889833688735962,-0.051199473440647125,0.2954411506652832,0.3412494957447052,-0.06295712292194366,0.26742690801620483,0.5535693168640137,-0.021786876022815704,0.25166797637939453,0.4745737612247467,-0.0396668016910553,0.24433353543281555,0.42091304063796997,-0.055606696754693985,0.23796576261520386,0.3731987774372101,-0.06696499139070511,0.23757334053516388,0.578917384147644,-0.025812173262238503,0.22565236687660217,0.5220842361450195,-0.04432123526930809,0.21743229031562805,0.48353883624076843,-0.056141845881938934,0.2118498533964157,0.4435355067253113,-0.06457934528589249
0.2755875587463379,0.7450284361839294,5.28045347891748e-07,0.3342250883579254,0.7109196782112122,-0.035151224583387375,0.3691834807395935,0.6479935050010681,-0.04793703928589821,0.39920711517333984,0.5907774567604065,-0.05742897838354111,0.42893287539482117,0.550624668598175,-0.0671791061758995,0.33034437894821167,0.5484974384307861,-0.0262890812009573,0.3443467319011688,0.4677508771419525,-0.0426114946603775,0.35088977217674255,0.4148815870285034,-0.05750393494963646,0.35419195890426636,0.36768150329589844,-0.06980716437101364,0.2912813127040863,0.5405781269073486,-0.02258243039250374,0.2876106798648834,0.44580399990081787,-0.03759609907865524,0.2857402563095093,0.3856801986694336,-0.05389418825507164,0.2816402316093445,0.336122065782547,-0.06699053943157196,0.25610366463661194,0.5549817085266113,-0.023393822833895683,0.23915605247020721,0.47453001141548157,-0.04192907735705376,0.2303033024072647,0.41900336742401123,-0.060167346149683,0.22258977591991425,0.369340181350708,-0.07363518327474594,0.22587624192237854,0.5815156698226929,-0.027444789186120033,0.21439406275749207,0.5233973860740662,-0.04697291925549507,0.20641016960144043,0.48445257544517517,-0.06064382940530777,0.20100411772727966,0.44344043731689453,-0.07101020216941833
0.2735513150691986,0.7558398246765137,4.416704939558258e-07,0.32838791608810425,0.7230323553085327,-0.02692577615380287,0.3650374710559845,0.6558537483215332,-0.03660387545824051,0.3959850072860718,0.594426691532135,-0.044456757605075836,0.42398104071617126,0.5562845468521118,-0.05229564383625984,0.32737261056900024,0.5529619455337524,-0.020460262894630432,0.34159010648727417,0.47088688611984253,-0.03639654070138931,0.3475807309150696,0.4194370210170746,-0.05005146190524101,0.35065993666648865,0.3732719421386719,-0.06070553883910179,0.28761303424835205,0.5429480075836182,-0.019530488178133965,0.2843390703201294,0.44879260659217834,-0.03437013179063797,0.28142040967941284,0.3885478973388672,-0.04850265756249428,0.2761984169483185,0.33866849541664124,-0.05884712561964989,0.2526389956474304,0.5549328923225403,-0.022014666348695755,0.23507507145404816,0.47488468885421753,-0.037943512201309204,0.22526071965694427,0.4196656346321106,-0.051108743995428085,0.2168949395418167,0.37207430601119995,-0.060269925743341446,0.22202962636947632,0.5823552012443542,-0.027213912457227707,0.20852965116500854,0.5243648886680603,-0.04253484308719635,0.19965383410453796,0.48557060956954956,-0.05080784112215042,0.19313156604766846,0.44803574681282043,-0.05622674897313118
0.272355854511261,0.7558272480964661,4.6536661102436483e-07,0.3289808928966522,0.7218692898750305,-0.02959342487156391,0.36600473523139954,0.6556652188301086,-0.040154002606868744,0.3966432213783264,0.5949209332466125,-0.048359692096710205,0.4254484176635742,0.5564649701118469,-0.05659198388457298,0.32780805230140686,0.5531609058380127,-0.022202443331480026,0.34190255403518677,0.47146984934806824,-0.03851684182882309,0.3479559123516083,0.4197150468826294,-0.05275581404566765,0.3511042296886444,0.37332478165626526,-0.06399346143007278,0.2877354323863983,0.5433435440063477,-0.020174046978354454,0.2840999364852905,0.4489770233631134,-0.035446614027023315,0.2814255356788635,0.3884445130825043,-0.050588950514793396,0.2766508162021637,0.33826690912246704,-0.061890583485364914,0.2523514926433563,0.5559983253479004,-0.021854212507605553,0.23475289344787598,0.4757755994796753,-0.03878870978951454,0.22491878271102905,0.41978761553764343,-0.053640034049749374,0.2167474627494812,0.37086954712867737,-0.06407409906387329,0.2214597463607788,0.5834547877311707,-0.02638951689004898,0.20831504464149475,0.5252752900123596,-0.043006498366594315,0.19969074428081512,0.48626402020454407,-0.05278504267334938,0.19357053935527802,0.447727769613266,-0.05945786461234093
0.2721009850502014,0.765798807144165,4.749581137275527e-07,0.32950347661972046,0.7339746952056885,-0.029713744297623634,0.36912137269973755,0.6713420748710632,-0.04176364094018936,0.40152475237846375,0.6133531928062439,-0.05167408660054207,0.4325706362724304,0.5756438374519348,-0.06181802600622177,0.3308497667312622,0.562738299369812,-0.024451157078146935,0.34829431772232056,0.4815504550933838,-0.04268275573849678,0.356232613325119,0.4289636015892029,-0.05818170681595802,0.36131158471107483,0.3817078471183777,-0.07032868266105652,0.2906996011734009,0.5501301288604736,-0.023629343137145042,0.28914394974708557,0.4533490538597107,-0.040843479335308075,0.287930965423584,0.3918820917606354,-0.0569649375975132,0.28498581051826477,0.3408570885658264,-0.06888224929571152,0.25499606132507324,0.5614609122276306,-0.026432327926158905,0.24041245877742767,0.47786521911621094,-0.045199520885944366,0.23310717940330505,0.4207557439804077,-0.0603862926363945,0.2274441123008728,0.37060773372650146,-0.07093676179647446,0.2235989272594452,0.5888732671737671,-0.0320131778717041,0.2144005000591278,0.5273147225379944,-0.050141580402851105,0.20858392119407654,0.4860568940639496,-0.06016923114657402,0.20483848452568054,0.4459158480167389,-0.06691581755876541
0.27129054069519043,0.7644692063331604,4.871313876719796e-07,0.3296026885509491,0.7331557869911194,-0.03150397911667824,0.36972182989120483,0.6721699237823486,-0.04435821250081062,0.4025290906429291,0.6148669719696045,-0.05471368879079819,0.43396586179733276,0.5769762992858887,-0.06535718590021133,0.33189988136291504,0.5643700957298279,-0.026461658999323845,0.3495634198188782,0.483635812997818,-0.04526957497000694,0.35752880573272705,0.4305117726325989,-0.06122925877571106,0.3624992370605469,0.38287830352783203,-0.07370643317699432,0.29156824946403503,0.5512463450431824,-0.02495039999485016,0.2899816036224365,0.45354926586151123,-0.042680058628320694,0.28907790780067444,0.39184755086898804,-0.05927317216992378,0.2864018976688385,0.340511292219162,-0.07157927751541138,0.25561368465423584,0.5622310638427734,-0.027178728953003883,0.24104195833206177,0.4785948097705841,-0.04660067707300186,0.23380666971206665,0.4214147925376892,-0.06235339865088463,0.22827383875846863,0.37090355157852173,-0.0732899159193039,0.2239176630973816,0.5890169143676758,-0.032296858727931976,0.21436302363872528,0.5274311900138855,-0.05086908116936684,0.20878887176513672,0.48667681217193604,-0.061229903250932693,0.20552290976047516,0.44668132066726685,-0.06831012666225433
0.2528200149536133,0.7709636688232422,4.834903393202694e-07,0.31248363852500916,0.7404376268386841,-0.03371959179639816,0.3566655218601227,0.6779818534851074,-0.04904067516326904,0.39333656430244446,0.6197161674499512,-0.06183549389243126,0.4264577031135559,0.5814242362976074,-0.07454632967710495,0.3193093538284302,0.5648695826530457,-0.031959839165210724,0.33903685212135315,0.4801793694496155,-0.05364169552922249,0.34889668226242065,0.4241176247596741,-0.07113494724035263,0.354923278093338,0.37434089183807373,-0.08436030894517899,0.2791806161403656,0.5496199131011963,-0.030828826129436493,0.2805136442184448,0.45028752088546753,-0.05053882300853729,0.2805914580821991,0.3844214081764221,-0.06731222569942474,0.27784112095832825,0.33007311820983887,-0.07958817481994629,0.24168111383914948,0.5585659146308899,-0.033579107373952866,0.22927819192409515,0.47082391381263733,-0.053874339908361435,0.22238925099372864,0.4106975793838501,-0.06965244561433792,0.21701017022132874,0.3583798408508301,-0.08056998252868652,0.20626473426818848,0.5857035517692566,-0.03954051062464714,0.18537676334381104,0.5256553292274475,-0.05959007516503334,0.1716378927230835,0.48364806175231934,-0.07069910317659378,0.16112925112247467,0.4429752230644226,-0.07775615900754929
0.2532765865325928,0.7700582146644592,5.124735480421805e-07,0.315240740776062,0.7408575415611267,-0.039408255368471146,0.35991549491882324,0.6815847158432007,-0.05709868296980858,0.39623767137527466,0.6270179152488708,-0.07123173773288727,0.42993634939193726,0.5900422930717468,-0.08511531352996826,0.32473552227020264,0.5664318203926086,-0.03674020990729332,0.34530720114707947,0.4840395748615265,-0.05907323583960533,0.3557213842868805,0.42801401019096375,-0.07718655467033386,0.3621146082878113,0.37865614891052246,-0.09109100699424744,0.28353679180145264,0.5500678420066833,-0.03348295018076897,0.2844226360321045,0.4506379961967468,-0.05362219363451004,0.2848655879497528,0.3852093815803528,-0.07081945985555649,0.2826591432094574,0.3313294053077698,-0.08364486694335938,0.24499230086803436,0.5587230324745178,-0.03471662104129791,0.23353928327560425,0.47178247570991516,-0.056082889437675476,0.22757881879806519,0.4109151065349579,-0.07346320897340775,0.22307036817073822,0.35761791467666626,-0.08571407198905945,0.20888829231262207,0.5846756100654602,-0.03966442495584488,0.18718701601028442,0.52620929479599,-0.061227504163980484,0.173011913895607,0.4844639003276825,-0.07414139807224274,0.1623746007680893,0.443490594625473,-0.08280593901872635
0.2545875310897827,0.7752179503440857,6.210459559952142e-07,0.3192349076271057,0.749197244644165,-0.050333086401224136,0.36319950222969055,0.6931560635566711,-0.07376742362976074,0.399733304977417,0.641139030456543,-0.0918300598859787,0.43437886238098145,0.6020411849021912,-0.10935980081558228,0.3292456865310669,0.5792479515075684,-0.047521550208330154,0.3527301251888275,0.49881285429000854,-0.07113395631313324,0.36613398790359497,0.4413771331310272,-0.0889645516872406,0.3745906352996826,0.3941461741924286,-0.10194706916809082,0.2870617210865021,0.5628037452697754,-0.03934776410460472,0.28875792026519775,0.4603743553161621,-0.05832282453775406,0.2898452579975128,0.3946092128753662,-0.07250068336725235,0.28802457451820374,0.34035882353782654,-0.08298851549625397,0.24802033603191376,0.5705261826515198,-0.03685107082128525,0.2384243607521057,0.482496976852417,-0.057734839618206024,0.23269544541835785,0.4214695990085602,-0.07464490085840225,0.22731924057006836,0.3692052364349365,-0.0867500826716423,0.2120172679424286,0.5938379764556885,-0.039175499230623245,0.18917308747768402,0.538417637348175,-0.06129556521773338,0.17226919531822205,0.5003407001495361,-0.07512465864419937,0.1584283709526062,0.46359777450561523,-0.08462920039892197
0.2638084292411804,0.777733325958252,7.583130923194403e-07,0.32460489869117737,0.7580281496047974,-0.05027515068650246,0.36697909235954285,0.707867443561554,-0.07636221498250961,0.40638986229896545,0.6641657948493958,-0.09682587534189224,0.44602566957473755,0.6338816285133362,-0.11756444722414017,0.33983296155929565,0.5958043932914734,-0.05843183025717735,0.3761177361011505,0.5215035676956177,-0.08603734523057938,0.39889752864837646,0.46911829710006714,-0.10554123669862747,0.4145240783691406,0.423373818397522,-0.11997272819280624,0.29699671268463135,0.575883686542511,-0.0519883930683136,0.3032286465167999,0.4723306894302368,-0.07713260501623154,0.30784183740615845,0.4091142416000366,-0.09618603438138962,0.3088115155696869,0.3517552316188812,-0.11015039682388306,0.2576632797718048,0.582853376865387,-0.05022804066538811,0.23657676577568054,0.49766993522644043,-0.07794998586177826,0.22743523120880127,0.4382091462612152,-0.09942500293254852,0.22124075889587402,0.38486602902412415,-0.11423841118812561,0.22394956648349762,0.6060201525688171,-0.05251924321055412,0.21066690981388092,0.5430037379264832,-0.07838285714387894,0.20268592238426208,0.5020783543586731,-0.09437750279903412,0.19816896319389343,0.4601742625236511,-0.10612252354621887
0.2618740200996399,0.7895557284355164,6.25316886271321e-07,0.3261115849018097,0.7603005170822144,-0.04300057142972946,0.37097156047821045,0.7081966996192932,-0.06172603368759155,0.4090813994407654,0.6586875319480896,-0.07588024437427521,0.4452262818813324,0.6259260177612305,-0.08921055495738983,0.3294209837913513,0.5902460217475891,-0.031769637018442154,0.35214653611183167,0.5105357766151428,-0.049809325486421585,0.3641683757305145,0.45696771144866943,-0.06625612825155258,0.37207984924316406,0.41138845682144165,-0.07891008257865906,0.2903773784637451,0.578645646572113,-0.024395616725087166,0.2898339629173279,0.4827802777290344,-0.040443211793899536,0.2908805310726166,0.4203212261199951,-0.05627765506505966,0.290791779756546,0.3707311451435089,-0.06823521107435226,0.25318974256515503,0.5892783999443054,-0.021965697407722473,0.2512890696525574,0.5057916045188904,-0.039578817784786224,0.25682172179222107,0.4494829475879669,-0.05505446344614029,0.26259931921958923,0.3995892107486725,-0.0660829097032547,0.2180129587650299,0.6123547554016113,-0.023650646209716797,0.20733118057250977,0.5596699714660645,-0.040949225425720215,0.2010222226381302,0.5239180326461792,-0.050959404557943344,0.19863316416740417,0.4882502555847168,-0.05778251215815544
0.2645161747932434,0.794304370880127,5.146382591192378e-07,0.3233698308467865,0.7631758451461792,-0.03480773791670799,0.3663007915019989,0.7031781673431396,-0.04918035864830017,0.40431004762649536,0.6484473347663879,-0.060261789709329605,0.4373907446861267,0.6152936220169067,-0.07043875753879547,0.3230993449687958,0.5918828845024109,-0.024702027440071106,0.3303685784339905,0.5064328908920288,-0.041348863393068314,0.33086371421813965,0.450613409280777,-0.05623438209295273,0.33028674125671387,0.4028699994087219,-0.06741894036531448,0.2878769636154175,0.5810997486114502,-0.020097782835364342,0.2953045070171356,0.48749473690986633,-0.03397606313228607,0.3006904423236847,0.42374053597450256,-0.04735487326979637,0.3051958680152893,0.3721922039985657,-0.05716212838888168,0.25246530771255493,0.58995121717453,-0.01986023597419262,0.2510746121406555,0.5059447288513184,-0.03359225392341614,0.2540861964225769,0.4507647752761841,-0.04633105918765068,0.2582837641239166,0.4040330648422241,-0.055598605424165726,0.2172621786594391,0.6129854321479797,-0.023327413946390152,0.20439757406711578,0.5627732872962952,-0.03653506189584732,0.19595518708229065,0.5285361409187317,-0.04409051686525345,0.19052773714065552,0.49547404050827026,-0.04924833029508591
0.27208295464515686,0.7971763610839844,4.8427421006636e-07,0.32393231987953186,0.7596733570098877,-0.03336246311664581,0.3537406325340271,0.6936915516853333,-0.04288049414753914,0.3714798092842102,0.6243848204612732,-0.04989704117178917,0.3806561231613159,0.5680616497993469,-0.055487010627985,0.3391505479812622,0.5948405265808105,-0.01198067981749773,0.3646778166294098,0.5214824676513672,-0.025610079988837242,0.37691256403923035,0.46955519914627075,-0.03793337941169739,0.38481780886650085,0.4273737072944641,-0.04695574939250946,0.3024403154850006,0.5798828601837158,-0.007012266665697098,0.30876949429512024,0.4912983179092407,-0.015493820421397686,0.3120461702346802,0.43411749601364136,-0.023974044248461723,0.3147946298122406,0.38793280720710754,-0.030070070177316666,0.26650625467300415,0.5889105796813965,-0.0075944471172988415,0.2646966874599457,0.511428713798523,-0.019201023504137993,0.2667880058288574,0.4590173661708832,-0.030009908601641655,0.2697065472602844,0.4144887924194336,-0.03781997039914131,0.23185621201992035,0.6158207058906555,-0.01211472786962986,0.2165648639202118,0.5735822319984436,-0.027449922636151314,0.20478317141532898,0.5409111380577087,-0.036388762295246124,0.19459575414657593,0.5099299550056458,-0.04167040064930916
0.27251285314559937,0.8081135749816895,4.373216029307514e-07,0.33016273379325867,0.7745669484138489,-0.03224863111972809,0.36849290132522583,0.7111543416976929,-0.042855437844991684,0.40057995915412903,0.6507522463798523,-0.050384070724248886,0.42852842807769775,0.608794629573822,-0.056959692388772964,0.33854833245277405,0.5997710227966309,-0.017023282125592232,0.34897342324256897,0.5181795358657837,-0.030143296346068382,0.3503662347793579,0.4663715958595276,-0.043611619621515274,0.349881112575531,0.4210086464881897,-0.054384808987379074,0.3042542338371277,0.589089035987854,-0.01271064206957817,0.31602442264556885,0.5006642937660217,-0.022767608985304832,0.32394158840179443,0.441007137298584,-0.035461507737636566,0.33048224449157715,0.3920981287956238,-0.04565953463315964,0.268418550491333,0.5991194844245911,-0.013046870008111,0.2726026773452759,0.5178804397583008,-0.02572578378021717,0.27906787395477295,0.46452346444129944,-0.0406884104013443,0.28678664565086365,0.41994327306747437,-0.05200209096074104,0.23184700310230255,0.6235029101371765,-0.01670614257454872,0.21608072519302368,0.5756745338439941,-0.03201012685894966,0.20513497292995453,0.5420830249786377,-0.042649269104003906,0.19762635231018066,0.5094566941261292,-0.05002465844154358
0.27446407079696655,0.8210629224777222,4.931656008011487e-07,0.3395334780216217,0.796807587146759,-0.03663976490497589,0.3840213119983673,0.743197500705719,-0.05251317843794823,0.4192797839641571,0.692122757434845,-0.06492172926664352,0.45315787196159363,0.6572931408882141,-0.0773724913597107,0.35721516609191895,0.6224043965339661,-0.030159033834934235,0.3919265866279602,0.5491483211517334,-0.048722248524427414,0.40930017828941345,0.4990193247795105,-0.06595692038536072,0.4194411337375641,0.45315849781036377,-0.08010361343622208,0.31720679998397827,0.6060888767242432,-0.02612166851758957,0.3123297393321991,0.5105164051055908,-0.04562193155288696,0.3054308593273163,0.45123958587646484,-0.06396070867776871,0.29724618792533875,0.4016058146953583,-0.07795631885528564,0.279287725687027,0.6148437857627869,-0.025953181087970734,0.27381432056427,0.531467080116272,-0.04651283845305443,0.27484947443008423,0.4755341410636902,-0.06132515147328377,0.2754841148853302,0.4238961637020111,-0.07186970859766006,0.2445334494113922,0.6382834315299988,-0.02903609536588192,0.24171856045722961,0.5785134434700012,-0.04846281185746193,0.24209770560264587,0.5387686491012573,-0.05782826244831085,0.24459664523601532,0.49881091713905334,-0.06411788612604141
0.28870639204978943,0.8201046586036682,4.274049558716797e-07,0.345736026763916,0.8057712912559509,-0.02649575099349022,0.38908499479293823,0.755555272102356,-0.03876442462205887,0.42864376306533813,0.7104001045227051,-0.049448851495981216,0.4656020998954773,0.6872478723526001,-0.059960413724184036,0.38332775235176086,0.6329454779624939,-0.021995898336172104,0.4295046925544739,0.5770991444587708,-0.04106602445244789,0.45750299096107483,0.5373766422271729,-0.057807378470897675,0.4771670997142792,0.5035247206687927,-0.0705973282456398,0.34529975056648254,0.6087634563446045,-0.022387005388736725,0.348722368478775,0.5162807703018188,-0.03911513090133667,0.3465374708175659,0.46486222743988037,-0.05219784006476402,0.3424533009529114,0.42394140362739563,-0.061751797795295715,0.3081188499927521,0.6125284433364868,-0.02636752836406231,0.3035984933376312,0.5309067964553833,-0.04385598003864288,0.30332404375076294,0.48037654161453247,-0.05333992838859558,0.3034355342388153,0.43562090396881104,-0.059869300574064255,0.2745942771434784,0.6361635327339172,-0.033150624483823776,0.2732071876525879,0.5793551802635193,-0.05009650066494942,0.27328258752822876,0.5418165326118469,-0.05606188625097275,0.27410706877708435,0.5055588483810425,-0.059239137917757034
0.28015169501304626,0.8308830261230469,4.949547474097926e-07,0.34340912103652954,0.8058016896247864,-0.038418062031269073,0.3885520100593567,0.7583358883857727,-0.05754099786281586,0.42710667848587036,0.7162064909934998,-0.07358501106500626,0.4645969867706299,0.6854398846626282,-0.08959910273551941,0.3576817810535431,0.6341820359230042,-0.029123062267899513,0.36506757140159607,0.5492979884147644,-0.048489511013031006,0.3664534389972687,0.4955192804336548,-0.06678803265094757,0.36653390526771545,0.44804972410202026,-0.08130230754613876,0.3227856755256653,0.6237177848815918,-0.026930637657642365,0.3319077789783478,0.5279700756072998,-0.04436023533344269,0.3379857540130615,0.4652121663093567,-0.06343744695186615,0.3419349193572998,0.4141002595424652,-0.07860483974218369,0.2869662046432495,0.6329992413520813,-0.029590895399451256,0.29316431283950806,0.5441917777061462,-0.047967810183763504,0.30181676149368286,0.48914438486099243,-0.06554082781076431,0.3103924095630646,0.44037801027297974,-0.07888040691614151,0.2512531876564026,0.654312014579773,-0.03604009374976158,0.2538534998893738,0.589552104473114,-0.054658520966768265,0.25714415311813354,0.5477721691131592,-0.06679163873195648,0.2625042796134949,0.5062983632087708,-0.0761265680193901
0.27374571561813354,0.8286303281784058,4.780590074915381e-07,0.33215680718421936,0.799100399017334,-0.03853262588381767,0.36896634101867676,0.7381620407104492,-0.05063534528017044,0.38775402307510376,0.6712347865104675,-0.0584878996014595,0.38727235794067383,0.6135280728340149,-0.06499329954385757,0.34898054599761963,0.6297188997268677,-0.018585270270705223,0.3645690679550171,0.5467936992645264,-0.03371715918183327,0.3687713146209717,0.4928058981895447,-0.04881574958562851,0.3695233166217804,0.4448356628417969,-0.05997063219547272,0.31603744626045227,0.616600513458252,-0.010504982434213161,0.33295220136642456,0.5266076326370239,-0.022244345396757126,0.34175238013267517,0.4650455117225647,-0.03627670183777809,0.347648948431015,0.4157135486602783,-0.04704366624355316,0.28110235929489136,0.6219518780708313,-0.007772047072649002,0.29405826330184937,0.5387648344039917,-0.020567741245031357,0.30550968647003174,0.4860060214996338,-0.0339360311627388,0.3158625066280365,0.44290691614151,-0.04361673817038536,0.24462175369262695,0.6394601464271545,-0.009088767692446709,0.24734127521514893,0.5832802653312683,-0.022886965423822403,0.2491033971309662,0.5424577593803406,-0.03230221942067146,0.25209397077560425,0.5047673583030701,-0.03879091888666153
0.3347068130970001,0.8479999899864197,4.1788069893300417e-07,0.39229875802993774,0.817213773727417,-0.03444676473736763,0.4306325912475586,0.7519009709358215,-0.04768522083759308,0.45875221490859985,0.6891835331916809,-0.057465266436338425,0.48450422286987305,0.6397658586502075,-0.06672091782093048,0.40252697467803955,0.6412147283554077,-0.025547925382852554,0.4117501974105835,0.5587428212165833,-0.04345779865980148,0.41218268871307373,0.5052059292793274,-0.05948507413268089,0.410675048828125,0.45781779289245605,-0.07182475179433823,0.3671875298023224,0.6315751075744629,-0.022086050361394882,0.3791486620903015,0.541045069694519,-0.03716660663485527,0.3862120509147644,0.4786200523376465,-0.052231818437576294,0.39120355248451233,0.42583751678466797,-0.06406448781490326,0.3312074542045593,0.6427335143089294,-0.02318827249109745,0.33726635575294495,0.5569624900817871,-0.03970787301659584,0.3438381254673004,0.5009598731994629,-0.05494637414813042,0.3507618010044098,0.4523589611053467,-0.0662187933921814,0.2949959933757782,0.668073832988739,-0.027628222480416298,0.288191020488739,0.6092861294746399,-0.045497093349695206,0.28448382019996643,0.5676173567771912,-0.05686945095658302,0.2828601002693176,0.5272195935249329,-0.06481249630451202
0.3308596611022949,0.8457158803939819,5.977346972940722e-07,0.3929869830608368,0.8252952098846436,-0.03665942698717117,0.440121054649353,0.7695848345756531,-0.05416141822934151,0.48160359263420105,0.72150719165802,-0.0678979679942131,0.518799901008606,0.6917306184768677,-0.08146816492080688,0.41558775305747986,0.662675678730011,-0.04180769622325897,0.454889178276062,0.5885977745056152,-0.06537611782550812,0.47634077072143555,0.5369135141372681,-0.08228418231010437,0.49140411615371704,0.4926871955394745,-0.0945633202791214,0.3769744634628296,0.6397517323493958,-0.03962644189596176,0.3974268138408661,0.5461716651916504,-0.06006595492362976,0.4102822244167328,0.4848562777042389,-0.07441789656877518,0.4184280335903168,0.4331039786338806,-0.08447892218828201,0.33695700764656067,0.642145037651062,-0.04136623442173004,0.33798933029174805,0.5574039220809937,-0.06260355561971664,0.3415975272655487,0.4980897009372711,-0.0785546749830246,0.3461347818374634,0.445900022983551,-0.08961576968431473,0.2978138327598572,0.6649371385574341,-0.046290941536426544,0.27918654680252075,0.6120882034301758,-0.06773708015680313,0.2670653760433197,0.5734167098999023,-0.07946119457483292,0.2589515447616577,0.534060001373291,-0.08700665831565857
0.3313010036945343,0.8473747372627258,5.279778179101413e-07,0.3937600553035736,0.826339840888977,-0.037921443581581116,0.4402458965778351,0.7707096338272095,-0.054449908435344696,0.4791536331176758,0.721053957939148,-0.06701071560382843,0.5142605304718018,0.6860198378562927,-0.07926851511001587,0.4144430458545685,0.6633605360984802,-0.037235695868730545,0.4432675242424011,0.5841931700706482,-0.058591730892658234,0.45732545852661133,0.5292306542396545,-0.07571503520011902,0.46561336517333984,0.4822440445423126,-0.08850900083780289,0.3771396279335022,0.644415020942688,-0.03407590091228485,0.3967791795730591,0.5508875846862793,-0.05251830071210861,0.40662670135498047,0.4877675771713257,-0.0687250941991806,0.411959171295166,0.435855507850647,-0.08098218590021133,0.33771198987960815,0.6474049687385559,-0.03520836681127548,0.3465326130390167,0.5645118951797485,-0.054554473608732224,0.35601791739463806,0.5069150924682617,-0.07196401804685593,0.3649776875972748,0.4586613178253174,-0.08476967364549637,0.29706865549087524,0.6665605902671814,-0.0397612601518631,0.2829597592353821,0.6124082803726196,-0.059784069657325745,0.27387934923171997,0.5715766549110413,-0.07249192893505096,0.26874232292175293,0.5318058729171753,-0.08149503171443939
0.33533775806427,0.8094332814216614,7.88114448369015e-07,0.4020494222640991,0.789668083190918,-0.05365120619535446,0.4466037154197693,0.7528443336486816,-0.0837925523519516,0.48846590518951416,0.7307601571083069,-0.10894497483968735,0.5319176912307739,0.7174291610717773,-0.13479483127593994,0.41207408905029297,0.6289200782775879,-0.051014360040426254,0.4245949387550354,0.5471097230911255,-0.07525719702243805,0.42967331409454346,0.49028918147087097,-0.0953889787197113,0.4309309422969818,0.44372034072875977,-0.11110937595367432,0.37331825494766235,0.6192842125892639,-0.04446094110608101,0.38695812225341797,0.5233736634254456,-0.0669325664639473,0.39574071764945984,0.46177592873573303,-0.08775416016578674,0.4009872376918793,0.41002562642097473,-0.10370557755231857,0.3346944749355316,0.6287073493003845,-0.04378759488463402,0.33029016852378845,0.5399197936058044,-0.06802649050951004,0.3308711647987366,0.48194852471351624,-0.09125230461359024,0.33155542612075806,0.43134886026382446,-0.1080578863620758,0.29864218831062317,0.6485183238983154,-0.047969214618206024,0.2940441966056824,0.5858332514762878,-0.07059994339942932,0.2895503044128418,0.5439968109130859,-0.08733873069286346,0.28765392303466797,0.5019703507423401,-0.10064961761236191
0.3432851731777191,0.8126170635223389,6.958054541428282e-07,0.40230321884155273,0.7973317503929138,-0.045636311173439026,0.44919413328170776,0.7581248879432678,-0.07335133850574493,0.4931338131427765,0.7306578755378723,-0.09695151448249817,0.5337530970573425,0.7173806428909302,-0.12165450304746628,0.41685959696769714,0.638291597366333,-0.06261592358350754,0.44452348351478577,0.5597727298736572,-0.09129531681537628,0.4596706032752991,0.5071519613265991,-0.10981268435716629,0.469219446182251,0.4610910415649414,-0.12362991273403168,0.37670502066612244,0.6196295619010925,-0.060102127492427826,0.39094534516334534,0.5235182046890259,-0.08673965185880661,0.39984914660453796,0.4623293876647949,-0.10486038029193878,0.40326112508773804,0.4083467125892639,-0.11807576566934586,0.3368503153324127,0.6283900737762451,-0.06144256517291069,0.31857815384864807,0.5428147315979004,-0.0894094705581665,0.30876415967941284,0.4844525158405304,-0.11185634136199951,0.3011367619037628,0.433596134185791,-0.12767699360847473,0.30068647861480713,0.656256377696991,-0.06624049693346024,0.27330103516578674,0.6023250222206116,-0.09243158251047134,0.2542315125465393,0.5676207542419434,-0.1090010330080986,0.23902533948421478,0.5326399803161621,-0.12110650539398193
0.4641103148460388,0.6124241948127747,5.171027055439481e-07,0.5143921375274658,0.6302709579467773,-0.0394245944917202,0.5660601258277893,0.6169387102127075,-0.061928633600473404,0.6106059551239014,0.6098986864089966,-0.08019144088029861,0.6457201242446899,0.6123808026313782,-0.09990408271551132,0.5676262378692627,0.5161430835723877,-0.06460074335336685,0.6121165156364441,0.46824076771736145,-0.09181613475084305,0.6392213106155396,0.43573975563049316,-0.10847919434309006,0.661700427532196,0.40269240736961365,-0.12154607474803925,0.5363221764564514,0.4791978895664215,-0.06282372027635574,0.5602666139602661,0.403110533952713,-0.0899907723069191,0.5765953660011292,0.3537994921207428,-0.10736722499132156,0.5875957608222961,0.30635762214660645,-0.12036394327878952,0.5017876029014587,0.4713796079158783,-0.06322668492794037,0.4960007667541504,0.39518898725509644,-0.09153666347265244,0.49373239278793335,0.3452882766723633,-0.11031139642000198,0.4940638244152069,0.2985922694206238,-0.12371006608009338,0.46838536858558655,0.4859327971935272,-0.06636092066764832,0.44666415452957153,0.43751081824302673,-0.09401488304138184,0.4302462637424469,0.40560072660446167,-0.10888329893350601,0.41901904344558716,0.37400519847869873,-0.11915991455316544
0.47519436478614807,0.6077771186828613,5.840115022692771e-07,0.5258010625839233,0.6260718703269958,-0.0450437068939209,0.5750554203987122,0.6135910153388977,-0.07195690274238586,0.6182295680046082,0.6053425669670105,-0.09375323355197906,0.6548737287521362,0.6077930331230164,-0.11711877584457397,0.5755854249000549,0.5078048706054688,-0.07439235597848892,0.6218062043190002,0.45904988050460815,-0.10468210279941559,0.6499199271202087,0.42495983839035034,-0.12294742465019226,0.6725292205810547,0.39110490679740906,-0.13710510730743408,0.5436494946479797,0.47269120812416077,-0.07143645733594894,0.5665872097015381,0.3919079899787903,-0.10133430361747742,0.5818833708763123,0.34062618017196655,-0.12030905485153198,0.5923037528991699,0.29093414545059204,-0.13452306389808655,0.5090066194534302,0.46717366576194763,-0.07080703228712082,0.500724196434021,0.3878824710845947,-0.10182984918355942,0.4969097077846527,0.336143434047699,-0.12249413877725601,0.4959675967693329,0.2883222699165344,-0.13726186752319336,0.4760112762451172,0.4836486876010895,-0.07319754362106323,0.4514310956001282,0.43492192029953003,-0.10316155105829239,0.4336758852005005,0.4032749533653259,-0.11953510344028473,0.4210917353630066,0.3726103603839874,-0.13099883496761322
0.47389301657676697,0.6095940470695496,6.026662049407605e-07,0.525111734867096,0.6292933821678162,-0.04544699937105179,0.5753651261329651,0.6192213892936707,-0.07280290871858597,0.6194538474082947,0.6139541864395142,-0.09461899846792221,0.657423734664917,0.6175094246864319,-0.11814350634813309,0.5758363008499146,0.512628436088562,-0.07767036557197571,0.6264520883560181,0.4699326157569885,-0.10878263413906097,0.6578048467636108,0.4394645690917969,-0.12737470865249634,0.682974100112915,0.40792766213417053,-0.14160847663879395,0.543574333190918,0.47663450241088867,-0.07441692799329758,0.5679823756217957,0.3955908715724945,-0.10549870133399963,0.5834582448005676,0.3433235287666321,-0.12526920437812805,0.5928053855895996,0.29267698526382446,-0.1399882733821869,0.5088722705841064,0.4708503782749176,-0.07314787805080414,0.4993656873703003,0.39260557293891907,-0.10527908802032471,0.4950125813484192,0.33966606855392456,-0.1265689730644226,0.49313390254974365,0.2907342314720154,-0.14168022572994232,0.4761248826980591,0.487184077501297,-0.07474297285079956,0.4501815438270569,0.44051748514175415,-0.10500970482826233,0.4316999316215515,0.40991324186325073,-0.12124630063772202,0.4180983901023865,0.38041549921035767,-0.13264794647693634
0.47310003638267517,0.5983870029449463,7.364290013356367e-07,0.5154364109039307,0.6167075037956238,-0.04722418263554573,0.5538007020950317,0.6224757432937622,-0.08009497076272964,0.5870609283447266,0.6425043940544128,-0.1081605777144432,0.6185753345489502,0.6627496480941772,-0.13717924058437347,0.5804024338722229,0.5024914741516113,-0.07568997889757156,0.6341268420219421,0.4685394763946533,-0.10797011107206345,0.6682121753692627,0.44548463821411133,-0.12832650542259216,0.6961078643798828,0.42319542169570923,-0.14360910654067993,0.5500785708427429,0.4638558626174927,-0.07313185185194016,0.5747436285018921,0.38528114557266235,-0.10345336049795151,0.5905072689056396,0.3343890607357025,-0.1245260015130043,0.6012698411941528,0.286653071641922,-0.1400347203016281,0.515098512172699,0.457038938999176,-0.07313043624162674,0.5082910656929016,0.3774350583553314,-0.10447465628385544,0.5050466656684875,0.324493944644928,-0.1282026320695877,0.5047410726547241,0.2769782841205597,-0.144964337348938,0.48122960329055786,0.47519251704216003,-0.07618976384401321,0.45644688606262207,0.4305249750614166,-0.1059328019618988,0.4384424388408661,0.40029415488243103,-0.12322457134723663,0.4254952669143677,0.3718890845775604,-0.13522844016551971
0.46871447563171387,0.5833690762519836,7.404190114357334e-07,0.5136443972587585,0.5976952910423279,-0.04602888599038124,0.5546627044677734,0.5980458855628967,-0.0775681585073471,0.5918972492218018,0.6153690218925476,-0.10466283559799194,0.6251006126403809,0.6397008299827576,-0.13262560963630676,0.5727561712265015,0.47520655393600464,-0.07100130617618561,0.6243035793304443,0.4358523190021515,-0.10161392390727997,0.65733802318573,0.4085082411766052,-0.12048959732055664,0.6835142374038696,0.3826900124549866,-0.1346725970506668,0.5413081049919128,0.4393795132637024,-0.06845562160015106,0.5632166862487793,0.3600171208381653,-0.09717689454555511,0.5773444771766663,0.308080792427063,-0.11555685102939606,0.5853867530822754,0.2605343461036682,-0.1287742257118225,0.5063813924789429,0.435567706823349,-0.0687926784157753,0.4959373474121094,0.35712260007858276,-0.09886869788169861,0.4905477464199066,0.30482402443885803,-0.12013410776853561,0.48753273487091064,0.25762462615966797,-0.13481757044792175,0.4728452265262604,0.4558921158313751,-0.07237951457500458,0.4467068910598755,0.41277483105659485,-0.10142212361097336,0.42840293049812317,0.3835104703903198,-0.11766224354505539,0.4147050678730011,0.3556406795978546,-0.12856122851371765
0.5229633450508118,0.5970238447189331,3.6300252759247087e-07,0.4845714867115021,0.612155020236969,-0.019053669646382332,0.4436340630054474,0.6117476224899292,-0.030203230679035187,0.41117581725120544,0.6112785935401917,-0.040022898465394974,0.38601037859916687,0.6266516447067261,-0.05112846940755844,0.4374796450138092,0.5078502297401428,-0.023853443562984467,0.4053926467895508,0.4607521891593933,-0.034795213490724564,0.3864629864692688,0.4305626451969147,-0.04315635934472084,0.3725680112838745,0.4034940302371979,-0.050295390188694,0.46111810207366943,0.4790748953819275,-0.02632354199886322,0.4377330243587494,0.4169420003890991,-0.034908685833215714,0.42336174845695496,0.3769194781780243,-0.0447063073515892,0.41380202770233154,0.3431840240955353,-0.05363397300243378,0.4876581132411957,0.4692475497722626,-0.03077547624707222,0.4860542118549347,0.40534305572509766,-0.04501701518893242,0.48367738723754883,0.3642289936542511,-0.05930982530117035,0.4811149537563324,0.32940784096717834,-0.07044559717178345,0.5150050520896912,0.47593146562576294,-0.03637237101793289,0.5324828624725342,0.4326573312282562,-0.053412191569805145,0.544548749923706,0.4054323434829712,-0.06326943635940552,0.5539005398750305,0.3804565668106079,-0.07029129564762115
0.4759952127933502,0.6003086566925049,3.9823152064855094e-07,0.4415367543697357,0.6223772168159485,-0.0218820683658123,0.40466344356536865,0.6268811225891113,-0.0347292497754097,0.37389469146728516,0.6276047229766846,-0.04553889483213425,0.3493357002735138,0.641377866268158,-0.05727904289960861,0.38120830059051514,0.5291751623153687,-0.026568038389086723,0.3457052707672119,0.48893600702285767,-0.039360564202070236,0.3238295316696167,0.4627552330493927,-0.049068551510572433,0.306235134601593,0.43925774097442627,-0.05683137848973274,0.40049099922180176,0.4956549406051636,-0.02723480388522148,0.374862939119339,0.43669891357421875,-0.0374394953250885,0.3586321175098419,0.39966875314712524,-0.047284603118896484,0.34535232186317444,0.36810222268104553,-0.055609334260225296,0.42397162318229675,0.4800132215023041,-0.03014771081507206,0.41212931275367737,0.4172772169113159,-0.04455440863966942,0.40306833386421204,0.3803222179412842,-0.05744658410549164,0.39407801628112793,0.348527729511261,-0.06714070588350296,0.4501137435436249,0.4795166254043579,-0.03457483649253845,0.45794761180877686,0.4315326511859894,-0.050980113446712494,0.4634735584259033,0.40048351883888245,-0.06013407185673714,0.46639204025268555,0.372292697429657,-0.06632334738969803
0.5126517415046692,0.5949751734733582,3.0091899816397927e-07,0.4715113937854767,0.6136538982391357,-0.018133195117115974,0.4295220971107483,0.6003062725067139,-0.024965249001979828,0.39524829387664795,0.5792816281318665,-0.03050519898533821,0.36457380652427673,0.57608562707901,-0.03546919673681259,0.41204753518104553,0.518522322177887,-0.006478859577327967,0.37884312868118286,0.4768829345703125,-0.015493028797209263,0.35897934436798096,0.45041805505752563,-0.024463703855872154,0.34210020303726196,0.42728865146636963,-0.031260836869478226,0.4271162450313568,0.49320706725120544,-0.005692546255886555,0.3919263780117035,0.4481828510761261,-0.01042421255260706,0.36857762932777405,0.42205020785331726,-0.016694175079464912,0.3482802212238312,0.40260231494903564,-0.021866630762815475,0.4473540186882019,0.47824105620384216,-0.008059287443757057,0.41749274730682373,0.4375942349433899,-0.013342917896807194,0.3959629237651825,0.4147769510746002,-0.017747579142451286,0.37634512782096863,0.39711111783981323,-0.021976543590426445,0.47277647256851196,0.4708099961280823,-0.012909332290291786,0.4635903835296631,0.435189425945282,-0.01842889003455639,0.45545363426208496,0.41159379482269287,-0.020995501428842545,0.4477582573890686,0.39039915800094604,-0.023023877292871475
0.5195432305335999,0.596087634563446,3.0930743832868757e-07,0.47949039936065674,0.6139650344848633,-0.01860382780432701,0.43917855620384216,0.6046606302261353,-0.027710918337106705,0.40342363715171814,0.5923852324485779,-0.03567381575703621,0.3738842010498047,0.5908209681510925,-0.043174635618925095,0.42453283071517944,0.5148656368255615,-0.012157677672803402,0.393370121717453,0.47084811329841614,-0.023541750386357307,0.3748522400856018,0.4403807520866394,-0.033609289675951004,0.3596172034740448,0.4125587046146393,-0.04157111793756485,0.4402109384536743,0.48743540048599243,-0.012199441902339458,0.4052954316139221,0.44412761926651,-0.021115468814969063,0.3818782866001129,0.4157719016075134,-0.029750190675258636,0.36070215702056885,0.39114099740982056,-0.0365559346973896,0.46310994029045105,0.47257083654403687,-0.015014023520052433,0.44924598932266235,0.4175370931625366,-0.026662535965442657,0.43956366181373596,0.38226068019866943,-0.03497854992747307,0.42917725443840027,0.3535888195037842,-0.04090014100074768,0.48945164680480957,0.4701720178127289,-0.019671812653541565,0.4923359751701355,0.42744922637939453,-0.03193986043334007,0.49290385842323303,0.40065205097198486,-0.03774568438529968,0.49165892601013184,0.3752899765968323,-0.04129906743764877
0.5274894833564758,0.6004601120948792,3.393969336684677e-07,0.4873039126396179,0.6169584393501282,-0.020031454041600227,0.4475001096725464,0.6039913296699524,-0.029976285994052887,0.413884699344635,0.5877233743667603,-0.038308288902044296,0.38523876667022705,0.5842384099960327,-0.04649462550878525,0.4359929859638214,0.5118402242660522,-0.018566478043794632,0.40744736790657043,0.4634476900100708,-0.03135434538125992,0.39028701186180115,0.4305732548236847,-0.04163772612810135,0.3765346109867096,0.4011770486831665,-0.04966578632593155,0.45449939370155334,0.48580530285835266,-0.018905164673924446,0.4227559566497803,0.4370407462120056,-0.030037948861718178,0.4003424048423767,0.4064491093158722,-0.04058642312884331,0.37989696860313416,0.37906771898269653,-0.048604775220155716,0.4791800081729889,0.4735644459724426,-0.021635472774505615,0.4701145887374878,0.413699209690094,-0.03720633313059807,0.4630065858364105,0.37628090381622314,-0.049142900854349136,0.45436108112335205,0.3450222313404083,-0.057152967900037766,0.5068372488021851,0.4752879738807678,-0.025795264169573784,0.5170448422431946,0.4287512004375458,-0.042963527143001556,0.5230529308319092,0.4004287123680115,-0.05189896747469902,0.5257164835929871,0.37370139360427856,-0.05710579827427864
0.5556490421295166,0.6110011339187622,2.2860805870550394e-07,0.5131688714027405,0.6230621933937073,-0.014740057289600372,0.474723219871521,0.6044932007789612,-0.02134210802614689,0.4517691731452942,0.5819465517997742,-0.026737825945019722,0.42974671721458435,0.5646226406097412,-0.03237602859735489,0.46302253007888794,0.5151340961456299,-0.01029819156974554,0.4333820939064026,0.46831414103507996,-0.020644936710596085,0.4150189161300659,0.4385595917701721,-0.03004305623471737,0.3990582227706909,0.41290563344955444,-0.03718145564198494,0.4832863211631775,0.4899141490459442,-0.013069010339677334,0.45751142501831055,0.4318850338459015,-0.020934542641043663,0.4401441812515259,0.39563506841659546,-0.030217396095395088,0.42421039938926697,0.36742669343948364,-0.037830449640750885,0.5053043961524963,0.4796208441257477,-0.018412739038467407,0.48396751284599304,0.42455214262008667,-0.028239842504262924,0.46436959505081177,0.39079204201698303,-0.037992924451828,0.4459872245788574,0.3642333745956421,-0.045511867851018906,0.5281833410263062,0.4789976179599762,-0.025105180218815804,0.5079952478408813,0.4394511878490448,-0.0345495268702507,0.4939851462841034,0.41573232412338257,-0.03941876068711281,0.48037785291671753,0.3962710499763489,-0.0432574599981308
0.5892670154571533,0.6120524406433105,3.1327360261457216e-07,0.5487784743309021,0.6195071339607239,-0.018607765436172485,0.5121919512748718,0.5979461073875427,-0.025828169658780098,0.48853862285614014,0.5714799165725708,-0.03120838850736618,0.4679874777793884,0.5508667230606079,-0.036294613033533096,0.4990907311439514,0.5162074565887451,-0.012044287286698818,0.4649899899959564,0.4740009903907776,-0.02363186702132225,0.4428100883960724,0.44579988718032837,-0.03355741500854492,0.42531582713127136,0.42138907313346863,-0.04056861251592636,0.5197688937187195,0.4888114929199219,-0.011553110554814339,0.4964607357978821,0.4288840889930725,-0.01828169636428356,0.4803328812122345,0.39094769954681396,-0.02618134208023548,0.4664395749568939,0.36154165863990784,-0.03230790048837662,0.5432167053222656,0.47761717438697815,-0.014038539491593838,0.5275035500526428,0.42376139760017395,-0.021951068192720413,0.5136926174163818,0.38878491520881653,-0.030321815982460976,0.5005004405975342,0.3602704405784607,-0.03699326515197754,0.5684857964515686,0.4795216917991638,-0.018504653126001358,0.5705593228340149,0.439553439617157,-0.02607387863099575,0.5698932409286499,0.41218259930610657,-0.030367866158485413,0.5685161352157593,0.3872898519039154,-0.03358509764075279
0.6110754609107971,0.6295795440673828,2.9538148282881593e-07,0.5655911564826965,0.6281735897064209,-0.017460137605667114,0.5290084481239319,0.5941401124000549,-0.02468332089483738,0.5035604238510132,0.5575131773948669,-0.030875641852617264,0.47680196166038513,0.5403739809989929,-0.03674361854791641,0.5316663384437561,0.5105359554290771,-0.0064919753931462765,0.516243040561676,0.4528844356536865,-0.01750877872109413,0.5077149868011475,0.41705963015556335,-0.028503866866230965,0.5002807378768921,0.3852553069591522,-0.03664093837141991,0.5513346195220947,0.4907916188240051,-0.007293609902262688,0.5336563587188721,0.42642587423324585,-0.01502580102533102,0.5204300284385681,0.3874910771846771,-0.023747200146317482,0.508121132850647,0.3558604121208191,-0.030439229682087898,0.5724524259567261,0.4844319224357605,-0.011223144829273224,0.5548123717308044,0.42762601375579834,-0.01856643334031105,0.5405389070510864,0.3921961784362793,-0.024112572893500328,0.5269048810005188,0.3622097671031952,-0.02880360372364521,0.5963739156723022,0.4883880615234375,-0.017508549615740776,0.5868526697158813,0.44456058740615845,-0.023708872497081757,0.5790524482727051,0.41650351881980896,-0.02573424018919468,0.5709635019302368,0.3913505971431732,-0.027439339086413383
0.6051315665245056,0.6457982063293457,2.7941899816141813e-07,0.5610151290893555,0.6289187073707581,-0.018294204026460648,0.5355784296989441,0.5820046067237854,-0.02452440746128559,0.524016261100769,0.5315884947776794,-0.02970052883028984,0.5047016143798828,0.49626174569129944,-0.034262992441654205,0.5435197353363037,0.5069867968559265,-0.0010965666733682156,0.5357829928398132,0.44823816418647766,-0.012165036052465439,0.5334613919258118,0.41094765067100525,-0.02456367202103138,0.5325154066085815,0.37648460268974304,-0.0338478684425354,0.5654870867729187,0.49307742714881897,-0.0008793646120466292,0.5563048124313354,0.4256465435028076,-0.00847309734672308,0.5504124164581299,0.384644478559494,-0.01928742043673992,0.5440949201583862,0.3483974039554596,-0.028046302497386932,0.5860005617141724,0.49299612641334534,-0.004369889851659536,0.5775126218795776,0.4328216314315796,-0.01196221262216568,0.5692134499549866,0.3941325545310974,-0.01952291652560234,0.5610876083374023,0.3614426851272583,-0.025963669642806053,0.6088844537734985,0.5023233294487,-0.010391214862465858,0.6020407676696777,0.45724213123321533,-0.016771720722317696,0.595481276512146,0.42781153321266174,-0.0202614925801754,0.587798535823822,0.40086662769317627,-0.023536441847682
0.6059423685073853,0.6541773080825806,2.6969408395416394e-07,0.5654017329216003,0.6439033150672913,-0.018364068120718002,0.5313147306442261,0.6032025814056396,-0.02501109056174755,0.5038402676582336,0.5652544498443604,-0.030001992359757423,0.4752552807331085,0.5452628135681152,-0.03477184474468231,0.5433200001716614,0.5194818377494812,-0.009141411632299423,0.5220491886138916,0.4645773470401764,-0.0179717056453228,0.5098305940628052,0.43092653155326843,-0.026324862614274025,0.5005735158920288,0.4005715250968933,-0.033311616629362106,0.5701726078987122,0.5027787089347839,-0.00946237612515688,0.5583877563476562,0.4385717511177063,-0.01578790694475174,0.5499253869056702,0.39649197459220886,-0.024008894339203835,0.5420075058937073,0.3626594543457031,-0.030972467735409737,0.5966712236404419,0.504245936870575,-0.012720436789095402,0.6006255745887756,0.4446256756782532,-0.022511541843414307,0.6001200079917908,0.404270201921463,-0.03137800842523575,0.5969278216362,0.36931926012039185,-0.038293544203042984,0.6207886934280396,0.5183498859405518,-0.01767965778708458,0.6346012353897095,0.47706934809684753,-0.028314994648098946,0.6422814726829529,0.4485100209712982,-0.03358057141304016,0.6474112272262573,0.42123401165008545,-0.03740260750055313
0.6173516511917114,0.6629919409751892,2.794874092160171e-07,0.5769399404525757,0.6518452167510986,-0.01825595833361149,0.5424380898475647,0.6115328073501587,-0.024998739361763,0.5142302513122559,0.5747087001800537,-0.030288219451904297,0.48569995164871216,0.5547297596931458,-0.0352635458111763,0.5559196472167969,0.5270217061042786,-0.007784254848957062,0.5353295803070068,0.47300803661346436,-0.016960324719548225,0.5228998064994812,0.4390667974948883,-0.025660552084445953,0.5134983658790588,0.40914544463157654,-0.032727889716625214,0.582197904586792,0.5113619565963745,-0.008154095150530338,0.5718947052955627,0.44771647453308105,-0.01405300758779049,0.5641120672225952,0.4060294032096863,-0.021435916423797607,0.5569937229156494,0.37308257818222046,-0.027542537078261375,0.608497142791748,0.5130262970924377,-0.011743156239390373,0.608374297618866,0.4551447033882141,-0.02106669545173645,0.6053271293640137,0.416556715965271,-0.02948608621954918,0.6006368398666382,0.38261568546295166,-0.03602008894085884,0.6334127187728882,0.5270271897315979,-0.017189038917422295,0.6474990844726562,0.4884055554866791,-0.027808621525764465,0.6558735370635986,0.4617437422275543,-0.03339783847332001,0.6623427271842957,0.4360043406486511,-0.03726121038198471
0.6410326361656189,0.6791183948516846,2.7753773679251026e-07,0.600911021232605,0.6663505434989929,-0.017958344891667366,0.5668213963508606,0.6270812153816223,-0.025326337665319443,0.5379349589347839,0.5914376974105835,-0.03135138750076294,0.5098675489425659,0.5705299377441406,-0.03705226257443428,0.5804527997970581,0.5408949851989746,-0.008867328986525536,0.5597562789916992,0.4862566590309143,-0.018368171527981758,0.547249972820282,0.45239898562431335,-0.027125705033540726,0.537775456905365,0.42236363887786865,-0.034307222813367844,0.6073466539382935,0.5259714126586914,-0.00979438703507185,0.5966126918792725,0.4624154567718506,-0.016533736139535904,0.5888822078704834,0.42053067684173584,-0.02448640577495098,0.5813735723495483,0.38704147934913635,-0.031000636518001556,0.6340199708938599,0.5287035703659058,-0.01381572987884283,0.6370366215705872,0.47029340267181396,-0.024316048249602318,0.6370055675506592,0.43091800808906555,-0.03323942422866821,0.634360671043396,0.3963284492492676,-0.039919283241033554,0.6585290431976318,0.5437607169151306,-0.019543051719665527,0.6735730171203613,0.5040522217750549,-0.03141779080033302,0.6827660202980042,0.47684940695762634,-0.0375097282230854,0.6896649599075317,0.4504186809062958,-0.041536156088113785
0.6459602117538452,0.6815385222434998,3.1511788733951107e-07,0.6056005954742432,0.6693884134292603,-0.018371032550930977,0.570264995098114,0.6340111494064331,-0.02657727338373661,0.5393773317337036,0.6028710603713989,-0.03362099826335907,0.5104779601097107,0.5852989554405212,-0.04029432684183121,0.5862710475921631,0.5421679019927979,-0.009393595159053802,0.5658373236656189,0.48729783296585083,-0.018697131425142288,0.5536755919456482,0.4527381360530853,-0.026963219046592712,0.5454185009002686,0.4231323003768921,-0.033559344708919525,0.6135216355323792,0.5273794531822205,-0.010115247219800949,0.6042154431343079,0.4639025628566742,-0.015656528994441032,0.5977298021316528,0.42201852798461914,-0.02219991944730282,0.5925153493881226,0.388761967420578,-0.02767280861735344,0.6406572461128235,0.5296900272369385,-0.014142985455691814,0.6452085375785828,0.472906231880188,-0.023734835907816887,0.6455693244934082,0.43641263246536255,-0.03220602497458458,0.6439984440803528,0.4048862159252167,-0.03866829723119736,0.6657083034515381,0.5447186827659607,-0.02007557451725006,0.6843132376670837,0.5090373158454895,-0.03200909495353699,0.6951828002929688,0.4848029315471649,-0.03864436596632004,0.7038089036941528,0.4603581130504608,-0.04291326552629471
0.6477046608924866,0.6829825639724731,3.2686384088265186e-07,0.6068490147590637,0.6690838932991028,-0.019013263285160065,0.573928952217102,0.632307231426239,-0.027839554473757744,0.54494309425354,0.6007317900657654,-0.03525291755795479,0.5166856646537781,0.5850174427032471,-0.04273701459169388,0.5937427878379822,0.541047990322113,-0.01301776897162199,0.5755935311317444,0.48530876636505127,-0.022556418552994728,0.5651066899299622,0.449063241481781,-0.03067069686949253,0.5579462647438049,0.4188840687274933,-0.03740483522415161,0.6225478649139404,0.5283738970756531,-0.01382510643452406,0.6176679730415344,0.46428102254867554,-0.020753905177116394,0.6138668656349182,0.4225814640522003,-0.028435606509447098,0.6104344129562378,0.38919878005981445,-0.03475577384233475,0.6496464610099792,0.5332836508750916,-0.01760416105389595,0.6600068807601929,0.47604987025260925,-0.029612865298986435,0.6636720299720764,0.43765345215797424,-0.040633413940668106,0.6650983095169067,0.4036473035812378,-0.048774514347314835,0.6731792688369751,0.5518617033958435,-0.022960051894187927,0.6976317167282104,0.517901599407196,-0.0381019152700901,0.7123894095420837,0.4938804507255554,-0.047065962105989456,0.724230945110321,0.4691799283027649,-0.0528564378619194
0.6482694149017334,0.6831607818603516,3.1178782933238836e-07,0.6095223426818848,0.6697444915771484,-0.019477898254990578,0.5770063400268555,0.631808876991272,-0.02769821509718895,0.550659716129303,0.5978617072105408,-0.03417782485485077,0.5251044631004333,0.5758631229400635,-0.04017870873212814,0.5904797911643982,0.5420081615447998,-0.009648459032177925,0.5716175436973572,0.48459017276763916,-0.01911076158285141,0.5605860948562622,0.4483809471130371,-0.027805529534816742,0.5526992678642273,0.41785818338394165,-0.034534379839897156,0.6171954870223999,0.5276970267295837,-0.009464816190302372,0.6091567873954773,0.46166491508483887,-0.01485574059188366,0.6032595038414001,0.41881877183914185,-0.02167115919291973,0.5977712869644165,0.3855900764465332,-0.02731560729444027,0.6431054472923279,0.5307298898696899,-0.01257627084851265,0.6438779830932617,0.4724195599555969,-0.02028498239815235,0.6413546204566956,0.43365752696990967,-0.0279612448066473,0.6371883153915405,0.40036076307296753,-0.034332990646362305,0.667263925075531,0.5463827252388,-0.01779983565211296,0.6813524961471558,0.509689450263977,-0.026709185913205147,0.6894022226333618,0.4838586151599884,-0.03155982866883278,0.6957190632820129,0.45934125781059265,-0.03509530797600746
0.7113117575645447,0.7297710180282593,3.7458292467817955e-07,0.6543258428573608,0.6731904745101929,-0.019463546574115753,0.6313892006874084,0.5932233929634094,-0.027062881737947464,0.6328981518745422,0.522516667842865,-0.03455761820077896,0.6365871429443359,0.46354562044143677,-0.04119792953133583,0.675825834274292,0.4993950128555298,0.001166665693745017,0.681061327457428,0.4169943928718567,-0.014514762908220291,0.691018283367157,0.3697216808795929,-0.031223656609654427,0.7042753100395203,0.32791581749916077,-0.04386872798204422,0.7123583555221558,0.4983166456222534,-0.002546524628996849,0.718854546546936,0.40546298027038574,-0.013349909335374832,0.7249606847763062,0.34933480620384216,-0.02830842137336731,0.7310516834259033,0.299995481967926,-0.04045736789703369,0.744400680065155,0.5145555734634399,-0.010930826887488365,0.7518548965454102,0.4313962459564209,-0.02225072868168354,0.7554907202720642,0.37846624851226807,-0.03216731548309326,0.7585572004318237,0.331859290599823,-0.04085703194141388,0.7756004333496094,0.5453235507011414,-0.022246383130550385,0.7868590950965881,0.48543596267700195,-0.032335065305233,0.7940419912338257,0.4460018277168274,-0.03672732040286064,0.799884021282196,0.408067524433136,-0.04066655784845352
0.6985172629356384,0.7234755754470825,4.771411568071926e-07,0.6367030143737793,0.6852205991744995,-0.021864106878638268,0.5987308621406555,0.6139534711837769,-0.028649935498833656,0.5761999487876892,0.5518282055854797,-0.03530220687389374,0.5511419177055359,0.505271315574646,-0.0417979434132576,0.6437844634056091,0.5113766193389893,-0.0020915681961923838,0.6332061886787415,0.4323175847530365,-0.011978057213127613,0.6292954087257385,0.3812147378921509,-0.021919405087828636,0.6309800148010254,0.338971883058548,-0.030326254665851593,0.6856111884117126,0.5034762620925903,-0.005340420641005039,0.6895390152931213,0.41134655475616455,-0.011327403597533703,0.6934142708778381,0.34987974166870117,-0.020975859835743904,0.6977806687355042,0.30144646763801575,-0.029388345777988434,0.7231135964393616,0.5144674181938171,-0.013793272897601128,0.7389434576034546,0.4339408278465271,-0.027892285957932472,0.7503278851509094,0.3804011940956116,-0.0427665114402771,0.7594747543334961,0.33478856086730957,-0.05398421734571457,0.7556223273277283,0.5401579737663269,-0.02468731440603733,0.7900013327598572,0.491471529006958,-0.04325190559029579,0.8136863708496094,0.4578627943992615,-0.0558236800134182,0.8348350524902344,0.4252919554710388,-0.06459342688322067
0.7108442187309265,0.7151230573654175,3.826937700068811e-07,0.6529596447944641,0.6728641390800476,-0.013160701841115952,0.6283403038978577,0.5908622145652771,-0.008414492942392826,0.622559666633606,0.5230060815811157,-0.004808441270142794,0.6023659706115723,0.4819551706314087,-0.000669616914819926,0.6585914492607117,0.508611798286438,0.016202352941036224,0.6354930996894836,0.4395114779472351,0.012756206095218658,0.626250684261322,0.3917209506034851,0.009543443098664284,0.624768853187561,0.3544599413871765,0.00693120900541544,0.6991150379180908,0.4967757761478424,0.013267810456454754,0.7013382315635681,0.41246551275253296,0.01429153885692358,0.7058729529380798,0.35838907957077026,0.01155826821923256,0.7124606370925903,0.3187851309776306,0.010410644114017487,0.735083818435669,0.5072092413902283,0.005011536180973053,0.7542906403541565,0.4368340075016022,-0.005306394770741463,0.7646163105964661,0.39084169268608093,-0.01635858230292797,0.7738919258117676,0.35337257385253906,-0.022812658920884132,0.7656078934669495,0.5339861512184143,-0.005134365055710077,0.8042159676551819,0.5007606744766235,-0.023449048399925232,0.830164909362793,0.4774320125579834,-0.03540786728262901,0.8526865243911743,0.4549853801727295,-0.041341088712215424
0.7092664241790771,0.7221240997314453,3.4746855703815527e-07,0.6507540941238403,0.6774761080741882,-0.011925061233341694,0.6207456588745117,0.5956242084503174,-0.00748315779492259,0.6084479689598083,0.5283800363540649,-0.00407731207087636,0.5858306288719177,0.48958665132522583,0.0006382816354744136,0.6606635451316833,0.5042305588722229,0.020227691158652306,0.6575397849082947,0.43312638998031616,0.01908303238451481,0.6616469621658325,0.38982677459716797,0.015392888337373734,0.6696672439575195,0.35528135299682617,0.012284060008823872,0.6957051753997803,0.4983135759830475,0.01904413476586342,0.690929114818573,0.41853106021881104,0.024741990491747856,0.6920257806777954,0.37020790576934814,0.026487763971090317,0.6943067312240601,0.3326571583747864,0.027722174301743507,0.7313405275344849,0.5095950365066528,0.012420454993844032,0.7360394597053528,0.43918871879577637,0.010367284528911114,0.7384423017501831,0.3984726667404175,0.007933012209832668,0.7404409646987915,0.36603665351867676,0.006113242357969284,0.7660571336746216,0.5334822535514832,0.0029724088963121176,0.7937690615653992,0.49707120656967163,-0.006197115872055292,0.8122731447219849,0.471879780292511,-0.012404373846948147,0.830447256565094,0.4473097026348114,-0.01526123657822609
0.7182967066764832,0.7173395752906799,4.645513342893537e-07,0.6524070501327515,0.6747604012489319,-0.011935648508369923,0.6152722239494324,0.6018906831741333,-0.00988344568759203,0.595441460609436,0.541337788105011,-0.010545378550887108,0.5725667476654053,0.49399450421333313,-0.009836262091994286,0.6590635776519775,0.50931715965271,0.04056819528341293,0.649833619594574,0.44884389638900757,0.0492638498544693,0.6507136225700378,0.412539541721344,0.05010984092950821,0.6561136841773987,0.3873504400253296,0.050060052424669266,0.6951513886451721,0.5010652542114258,0.038699422031641006,0.6937379240989685,0.42051461338996887,0.059257425367832184,0.6976469159126282,0.3727183938026428,0.06962578743696213,0.7017411589622498,0.3390519618988037,0.07609941810369492,0.7298991084098816,0.5081592798233032,0.029280275106430054,0.7274448871612549,0.43072059750556946,0.04160343110561371,0.72652667760849,0.3856685757637024,0.04767240583896637,0.724549412727356,0.3484656810760498,0.049384139478206635,0.7646375298500061,0.5259974598884583,0.01586247980594635,0.7774586081504822,0.47974926233291626,0.02008572593331337,0.7853049635887146,0.455577552318573,0.023365842178463936,0.7932619452476501,0.4337362051010132,0.025403384119272232
0.7166363596916199,0.7218746542930603,3.6115093848820834e-07,0.6529464721679688,0.676059901714325,-0.010084041394293308,0.6163199543952942,0.6055804491043091,-0.008575879037380219,0.6010152697563171,0.5422760844230652,-0.0098225437104702,0.5842642188072205,0.49071642756462097,-0.010251526720821857,0.6598156690597534,0.5052709579467773,0.033487994223833084,0.6530194282531738,0.4361127018928528,0.03585520759224892,0.6545484066009521,0.39850109815597534,0.030575130134820938,0.6591203212738037,0.36434510350227356,0.025004692375659943,0.6965464949607849,0.4969286024570465,0.027469808235764503,0.7040705680847168,0.4148804247379303,0.03419598937034607,0.7134861946105957,0.36751314997673035,0.030674222856760025,0.7233746647834778,0.33315014839172363,0.02681158296763897,0.7277124524116516,0.5054241418838501,0.015521302819252014,0.7356399893760681,0.4286395311355591,0.01764877513051033,0.7400341033935547,0.38395217061042786,0.01596735790371895,0.7445145845413208,0.3471032977104187,0.013097320683300495,0.7564746141433716,0.5254419445991516,0.00047028055996634066,0.7603750228881836,0.46286851167678833,5.7807414123089984e-05,0.7618504166603088,0.4253232777118683,0.0013334142277017236,0.765060544013977,0.39028266072273254,0.0015725535340607166
0.7158874273300171,0.7150520086288452,4.2831248947550193e-07,0.6557579636573792,0.665820300579071,-0.01874438486993313,0.631535530090332,0.5894680023193359,-0.016917875036597252,0.6277918219566345,0.5221840739250183,-0.015841025859117508,0.6139856576919556,0.46919822692871094,-0.013192057609558105,0.6585707068443298,0.5122374296188354,0.019465789198875427,0.6361358761787415,0.43923550844192505,0.01566135324537754,0.625808596611023,0.38873088359832764,0.010912849567830563,0.6226743459701538,0.3470035791397095,0.007774285972118378,0.6959474682807922,0.501023530960083,0.020040683448314667,0.6893836259841919,0.4189606308937073,0.02400592528283596,0.6887509822845459,0.36652451753616333,0.023510362952947617,0.6905831694602966,0.32879501581192017,0.023767713457345963,0.731964647769928,0.5090901851654053,0.013881141319870949,0.7370854020118713,0.43869301676750183,0.008869796991348267,0.7379187345504761,0.39519309997558594,0.003222825936973095,0.739350438117981,0.36135798692703247,0.00016719599079806358,0.7649996280670166,0.528078019618988,0.00444131949916482,0.7911123633384705,0.48614272475242615,-0.006335705518722534,0.8082565665245056,0.4580448865890503,-0.013372781686484814,0.8242514729499817,0.43152955174446106,-0.016439875587821007
0.7165207862854004,0.7159891128540039,4.1905769876393606e-07,0.6544328927993774,0.6716636419296265,-0.015529238618910313,0.6223677396774292,0.5978039503097534,-0.014750057831406593,0.6092219352722168,0.5311335921287537,-0.01476618554443121,0.5922316908836365,0.48162469267845154,-0.013177807442843914,0.6641233563423157,0.505219578742981,0.017706546932458878,0.6603642702102661,0.43017929792404175,0.013844911009073257,0.6646173000335693,0.38615018129348755,0.007509670685976744,0.6728307008743286,0.35076791048049927,0.003111476544290781,0.6989322304725647,0.4995965361595154,0.017763180658221245,0.6946343779563904,0.41789165139198303,0.021969275549054146,0.6953263878822327,0.36768728494644165,0.021886928007006645,0.6964312791824341,0.33026280999183655,0.021732667461037636,0.7340303063392639,0.5088673233985901,0.011950098909437656,0.7351342439651489,0.4371543526649475,0.010495386086404324,0.7347646951675415,0.39458149671554565,0.008748821914196014,0.7339632511138916,0.3609587550163269,0.0072836377657949924,0.7687029242515564,0.5289201140403748,0.002839496824890375,0.7912871241569519,0.48602548241615295,-0.0032837120816111565,0.8055905103683472,0.45694905519485474,-0.006843781564384699,0.8202322125434875,0.42942142486572266,-0.008139186538755894
0.7161217331886292,0.7180621027946472,4.2429144286870724e-07,0.6530186533927917,0.6730206608772278,-0.01753234677016735,0.6182680130004883,0.6048119068145752,-0.020644797012209892,0.600437581539154,0.5416039824485779,-0.024241136386990547,0.5855432152748108,0.48994573950767517,-0.02607673406600952,0.6646393537521362,0.5067602396011353,0.019897177815437317,0.6620817184448242,0.4365752041339874,0.015799859538674355,0.6677104234695435,0.3971801996231079,0.006626812741160393,0.6775012016296387,0.36515772342681885,-0.0006288898293860257,0.6997135281562805,0.49864959716796875,0.019118109717965126,0.7007781863212585,0.414277583360672,0.023301711305975914,0.7059197425842285,0.36263418197631836,0.020181486383080482,0.7117679715156555,0.3231237530708313,0.016446910798549652,0.7325172424316406,0.5080325603485107,0.012102206237614155,0.7346155643463135,0.4287900924682617,0.011898985132575035,0.7365670204162598,0.38085150718688965,0.00853466521948576,0.7386410236358643,0.3411862254142761,0.003958177752792835,0.7657521367073059,0.5310104489326477,0.001640042755752802,0.7816014289855957,0.48473334312438965,-0.001349960919469595,0.7911200523376465,0.45752865076065063,-0.0024238615296781063,0.8010975122451782,0.4325973391532898,-0.0038517797365784645
0.7095528244972229,0.7221535444259644,3.2191866239372757e-07,0.6473494172096252,0.6811644434928894,-0.0114771518856287,0.6103459000587463,0.6079648733139038,-0.010436730459332466,0.5951183438301086,0.5428406596183777,-0.011234245263040066,0.5801661610603333,0.4916912615299225,-0.011338213458657265,0.6540870666503906,0.5107254385948181,0.024963056668639183,0.6481584906578064,0.43893373012542725,0.023022625595331192,0.650554358959198,0.3989202678203583,0.015021169558167458,0.6562027335166931,0.36250758171081543,0.007526857778429985,0.6894698143005371,0.5009423494338989,0.019536791369318962,0.6957074403762817,0.4167640805244446,0.02113993465900421,0.7040446400642395,0.36529284715652466,0.013885162770748138,0.713002622127533,0.3269771337509155,0.00683359382674098,0.7195797562599182,0.5088260173797607,0.008635345846414566,0.7270476818084717,0.42984411120414734,0.006062483415007591,0.7309589385986328,0.38196617364883423,-0.0003576180315576494,0.7353273034095764,0.3420124650001526,-0.0068459054455161095,0.7476102113723755,0.5287728905677795,-0.0049362583085894585,0.7523959875106812,0.4668852984905243,-0.009336050599813461,0.7541092038154602,0.42740824818611145,-0.011846624314785004,0.7569531202316284,0.39023804664611816,-0.014859763905405998
0.7279858589172363,0.7144927978515625,6.483508627752599e-07,0.6594217419624329,0.6642684936523438,-0.03158660605549812,0.6269986033439636,0.5849655866622925,-0.039158787578344345,0.6147147417068481,0.5140069723129272,-0.046574052423238754,0.5895203351974487,0.45383068919181824,-0.05284089595079422,0.6514615416526794,0.497898131608963,0.012224207632243633,0.6187556385993958,0.41941484808921814,0.006118262652307749,0.6025921702384949,0.3623933792114258,-0.001413616701029241,0.5955546498298645,0.31714653968811035,-0.0070488653145730495,0.6951498985290527,0.4848666787147522,0.013521075248718262,0.6850125789642334,0.38806697726249695,0.016444656997919083,0.6820328831672668,0.324213445186615,0.012951069511473179,0.6817312836647034,0.27856358885765076,0.010455614887177944,0.7361087203025818,0.4918278157711029,0.006339046638458967,0.7318421602249146,0.40805861353874207,0.0009528561495244503,0.7279524207115173,0.3571735620498657,-0.0061646741814911366,0.723019540309906,0.3146349787712097,-0.011431989260017872,0.7736495137214661,0.5094498991966248,-0.005629359744489193,0.7876887321472168,0.4544994533061981,-0.015631722286343575,0.7959600687026978,0.4191382825374603,-0.02178785763680935,0.8027210831642151,0.3844048082828522,-0.025610677897930145
0.7130945920944214,0.7305605411529541,4.067537702212576e-07,0.6522358059883118,0.6821359395980835,-0.020037837326526642,0.6182049512863159,0.6024925708770752,-0.02650838904082775,0.6033830642700195,0.5290108919143677,-0.032809779047966,0.5892726182937622,0.47023820877075195,-0.03761637955904007,0.6626476049423218,0.49556490778923035,0.003934995736926794,0.6639304161071777,0.41056573390960693,-0.010018485598266125,0.6711080074310303,0.3615187406539917,-0.025409290567040443,0.6816538572311401,0.31881436705589294,-0.03706730157136917,0.6997048258781433,0.4899594783782959,0.0009493574616499245,0.7000421285629272,0.3946799039840698,-0.007845069281756878,0.7032569050788879,0.33688151836395264,-0.019947949796915054,0.7071563005447388,0.2886105179786682,-0.029819538816809654,0.7339763045310974,0.5027784109115601,-0.007176033686846495,0.7365558743476868,0.41592147946357727,-0.017414728179574013,0.7377429008483887,0.3611627519130707,-0.024996040388941765,0.7391138076782227,0.31494224071502686,-0.0318123921751976,0.7690973877906799,0.5317555665969849,-0.01845957152545452,0.7831499576568604,0.4707987308502197,-0.028024090453982353,0.793323278427124,0.4308227002620697,-0.03130784630775452,0.8026142120361328,0.3939134478569031,-0.03401999548077583
0.6994019746780396,0.7293532490730286,3.7282737253008236e-07,0.6409475803375244,0.6848416328430176,-0.019658410921692848,0.6103513240814209,0.5966721773147583,-0.021111590787768364,0.6066054701805115,0.5184764266014099,-0.02260802499949932,0.5950791239738464,0.4564524292945862,-0.02319764904677868,0.6431131958961487,0.5008396506309509,0.0037408028729259968,0.617143452167511,0.4223278760910034,-0.006232726387679577,0.6041688919067383,0.37133193016052246,-0.015515605919063091,0.5976722240447998,0.3265395760536194,-0.023125475272536278,0.6850746273994446,0.4866606295108795,0.0006462307064794004,0.6815696954727173,0.3926906883716583,-0.0044653164222836494,0.6826149225234985,0.33340519666671753,-0.0131802624091506,0.6864966750144958,0.2875920534133911,-0.020019475370645523,0.722969651222229,0.4986723065376282,-0.007705044001340866,0.7360931634902954,0.41828763484954834,-0.021708309650421143,0.7443721294403076,0.3652682304382324,-0.03529863804578781,0.7524558901786804,0.3207441568374634,-0.04499398171901703,0.7567176818847656,0.5311262607574463,-0.018387647345662117,0.7939094305038452,0.4867851138114929,-0.036431316286325455,0.8201708793640137,0.45480769872665405,-0.04722633957862854,0.8421667814254761,0.42467832565307617,-0.05398201942443848
0.5760295987129211,0.9342124462127686,5.823515039082849e-07,0.49263086915016174,0.8823402523994446,-0.031170880421996117,0.44056856632232666,0.7793906331062317,-0.04831082746386528,0.413139283657074,0.6867815852165222,-0.06442306935787201,0.4000244736671448,0.6041484475135803,-0.07964737713336945,0.470054566860199,0.6412746906280518,-0.017401788383722305,0.45890262722969055,0.5214008092880249,-0.04665560647845268,0.4574786424636841,0.4481322765350342,-0.0722758024930954,0.4619777202606201,0.3813815712928772,-0.09062054008245468,0.515080451965332,0.627644419670105,-0.023126903921365738,0.5031003355979919,0.4901103973388672,-0.044832028448581696,0.49760735034942627,0.4045359790325165,-0.06600778549909592,0.49413058161735535,0.32986539602279663,-0.0822581797838211,0.5596218109130859,0.6401260495185852,-0.034766729921102524,0.5484963655471802,0.5122772455215454,-0.05433819442987442,0.5414802432060242,0.43221527338027954,-0.06756050139665604,0.5352296829223633,0.36316248774528503,-0.07847680896520615,0.6049081087112427,0.6734644174575806,-0.05053082853555679,0.5979758501052856,0.5778475403785706,-0.06714038550853729,0.5924761891365051,0.513088583946228,-0.07386171817779541,0.5865724086761475,0.4538070857524872,-0.07941921800374985
0.5695456266403198,0.9164419174194336,5.030651095694338e-07,0.48641011118888855,0.8691525459289551,-0.022753167897462845,0.42960163950920105,0.768454372882843,-0.03232996538281441,0.3990330100059509,0.6806910634040833,-0.04188843071460724,0.366802841424942,0.6140769124031067,-0.05106522515416145,0.46596670150756836,0.6275482177734375,-0.00808023102581501,0.4469327926635742,0.5118513703346252,-0.0285981222987175,0.4386751055717468,0.44124260544776917,-0.04726089537143707,0.43578672409057617,0.378176748752594,-0.061681848019361496,0.5141289830207825,0.6133133172988892,-0.016594812273979187,0.4990551471710205,0.4821585714817047,-0.03345397487282753,0.49244508147239685,0.39831119775772095,-0.05220344662666321,0.4883984327316284,0.32893577218055725,-0.0668802559375763,0.5616286396980286,0.6246364116668701,-0.030118724331259727,0.5519952178001404,0.503872275352478,-0.04892000928521156,0.5451706647872925,0.4241654872894287,-0.06418151408433914,0.5388074517250061,0.35533225536346436,-0.07658886909484863,0.6094987988471985,0.655807375907898,-0.04648585990071297,0.6150212287902832,0.5657137632369995,-0.06450541317462921,0.6185294389724731,0.5029838681221008,-0.07319391518831253,0.6214180588722229,0.4439583420753479,-0.08009020984172821
0.5625517964363098,0.9076772332191467,5.423113407232449e-07,0.483333945274353,0.863454282283783,-0.0270246434956789,0.42723530530929565,0.7655609250068665,-0.03627518564462662,0.3970130681991577,0.6813081502914429,-0.044588107615709305,0.36030930280685425,0.6214279532432556,-0.05283617600798607,0.4645629823207855,0.6225807666778564,-0.010903690941631794,0.4374701678752899,0.5144243836402893,-0.029463285580277443,0.4235081970691681,0.44647425413131714,-0.046371519565582275,0.41603589057922363,0.3854164183139801,-0.06036335974931717,0.513786792755127,0.604607880115509,-0.017886925488710403,0.5030602216720581,0.474353164434433,-0.0339263379573822,0.49667033553123474,0.3885916769504547,-0.0531790591776371,0.49377384781837463,0.3178030252456665,-0.06865136325359344,0.5596940517425537,0.617054283618927,-0.030192231759428978,0.5657521486282349,0.49382734298706055,-0.053001366555690765,0.5691061019897461,0.4120865762233734,-0.07412509620189667,0.5722819566726685,0.34071192145347595,-0.09030811488628387,0.6030576825141907,0.6544259786605835,-0.04511735960841179,0.6352822780609131,0.5746907591819763,-0.06987903267145157,0.6575499176979065,0.5155199766159058,-0.0847286805510521,0.6766141653060913,0.4595547616481781,-0.09574121236801147
0.5465458035469055,0.9035341739654541,5.126269115862669e-07,0.46931299567222595,0.855498194694519,-0.02440953068435192,0.4139195680618286,0.7606373429298401,-0.03625902906060219,0.38232433795928955,0.682113528251648,-0.04776140674948692,0.35099315643310547,0.618889331817627,-0.058856189250946045,0.4519631862640381,0.6174160242080688,-0.011910974979400635,0.43481776118278503,0.5100230574607849,-0.03325611725449562,0.4249228537082672,0.44243741035461426,-0.05213984102010727,0.4198375344276428,0.3811850845813751,-0.0668163001537323,0.49569010734558105,0.6056629419326782,-0.019858678802847862,0.49611061811447144,0.4798740744590759,-0.03642567992210388,0.5011530518531799,0.3988226652145386,-0.05240877345204353,0.5079964399337769,0.3320440649986267,-0.06491969525814056,0.536254346370697,0.6223568320274353,-0.033081233501434326,0.5372388958930969,0.5051239132881165,-0.050545115023851395,0.5384340882301331,0.4290604591369629,-0.06210481375455856,0.54044109582901,0.36210575699806213,-0.07166552543640137,0.5746802687644958,0.6603638529777527,-0.04959161952137947,0.5752269625663757,0.5730542540550232,-0.06592032313346863,0.574491024017334,0.5115305185317993,-0.07211693376302719,0.5736969709396362,0.45489436388015747,-0.07718642055988312
0.5325875878334045,0.9047399759292603,5.630614055007754e-07,0.45678043365478516,0.8627574443817139,-0.02695506438612938,0.40220293402671814,0.7707508206367493,-0.037884145975112915,0.3706640303134918,0.6909494996070862,-0.04801612347364426,0.3366643190383911,0.6324883699417114,-0.05746131017804146,0.4414466619491577,0.6263025403022766,-0.011660188436508179,0.42441338300704956,0.5171506404876709,-0.030866287648677826,0.41792434453964233,0.4494818150997162,-0.04803536459803581,0.4171280264854431,0.38978442549705505,-0.06178589165210724,0.48599088191986084,0.6122086048126221,-0.017859088256955147,0.4748762547969818,0.48615938425064087,-0.034233562648296356,0.47038549184799194,0.4054092466831207,-0.05206099525094032,0.4688834547996521,0.3376370966434479,-0.06624961644411087,0.5293847322463989,0.6239519715309143,-0.029434219002723694,0.5328166484832764,0.5029938817024231,-0.05146704614162445,0.5363335609436035,0.42484384775161743,-0.0700320228934288,0.5395493507385254,0.3565763235092163,-0.08433736115694046,0.5717946290969849,0.6588835716247559,-0.04384288191795349,0.6021324396133423,0.5791860222816467,-0.06738947331905365,0.6240481734275818,0.5210765600204468,-0.08123145252466202,0.6429281234741211,0.46658778190612793,-0.09136947244405746
0.5316176414489746,0.8892977237701416,5.846191015734803e-07,0.45764070749282837,0.843368649482727,-0.02557547762989998,0.4041428864002228,0.7573208212852478,-0.0389220304787159,0.3752793073654175,0.6864314675331116,-0.05186399072408676,0.35491079092025757,0.6246692538261414,-0.06387294083833694,0.45159396529197693,0.6091786623001099,-0.009864184074103832,0.45019564032554626,0.504640519618988,-0.030800161883234978,0.45315802097320557,0.4394567608833313,-0.05073385313153267,0.45924845337867737,0.38272973895072937,-0.0657830461859703,0.4938190281391144,0.6010934710502625,-0.01656024530529976,0.5002924799919128,0.47870105504989624,-0.03316078707575798,0.5076066255569458,0.39909541606903076,-0.04994324594736099,0.515940248966217,0.3331698179244995,-0.06242011487483978,0.5327706336975098,0.6172549724578857,-0.028811434283852577,0.5322329998016357,0.5015078186988831,-0.0464719794690609,0.5337426066398621,0.4235962927341461,-0.05960991606116295,0.5379943251609802,0.3543287217617035,-0.06985854357481003,0.5708094239234924,0.6548104286193848,-0.044458236545324326,0.5787760615348816,0.5710326433181763,-0.06139218807220459,0.5843420028686523,0.5115682482719421,-0.0690956711769104,0.5909634232521057,0.45478346943855286,-0.07470852136611938
0.5343087315559387,0.8841391801834106,5.238999847279047e-07,0.45930370688438416,0.8375658988952637,-0.025324294343590736,0.4073779881000519,0.7524026036262512,-0.0356316938996315,0.3784399628639221,0.6786699891090393,-0.04520581662654877,0.35810476541519165,0.6158313751220703,-0.05375583469867706,0.45276859402656555,0.6076480150222778,-0.007420599926263094,0.43943655490875244,0.5032433867454529,-0.023772703483700752,0.43280500173568726,0.43937575817108154,-0.039491161704063416,0.43167299032211304,0.3831292390823364,-0.05218527093529701,0.49880489706993103,0.5954543352127075,-0.013127925805747509,0.4939131736755371,0.4746941328048706,-0.026545563712716103,0.4920807182788849,0.39578887820243835,-0.04284464195370674,0.49302375316619873,0.3320179283618927,-0.05598801374435425,0.5421665906906128,0.6085140705108643,-0.024207262322306633,0.5513593554496765,0.4976199269294739,-0.04306204244494438,0.5576407313346863,0.42524343729019165,-0.060133710503578186,0.563114583492279,0.3628878593444824,-0.07323622703552246,0.5817694664001465,0.6430120468139648,-0.03806748613715172,0.6089898943901062,0.5675769448280334,-0.058234378695487976,0.629204273223877,0.5147797465324402,-0.0698663666844368,0.6475008726119995,0.4654024839401245,-0.07826662808656693
0.5270068049430847,0.8737314343452454,4.91254240841954e-07,0.4564773738384247,0.8243610858917236,-0.022288795560598373,0.40704402327537537,0.7391774654388428,-0.03494942560791969,0.38015615940093994,0.66922926902771,-0.047373246401548386,0.3609394431114197,0.6087192893028259,-0.0591634102165699,0.45205849409103394,0.6008941531181335,-0.010934386402368546,0.4477446973323822,0.4974679946899414,-0.03141385689377785,0.4470977783203125,0.43406379222869873,-0.049998268485069275,0.450029194355011,0.37855425477027893,-0.06366316974163055,0.49440112709999084,0.5918169617652893,-0.01825277879834175,0.49859029054641724,0.4722628593444824,-0.032637760043144226,0.50481116771698,0.39651674032211304,-0.04649214446544647,0.5123905539512634,0.3362652063369751,-0.05736623331904411,0.5332857966423035,0.6074009537696838,-0.03056156076490879,0.5379164218902588,0.4948046803474426,-0.04435491934418678,0.541222870349884,0.4238295555114746,-0.053189415484666824,0.5443903803825378,0.3620290458202362,-0.06108803674578667,0.5696797370910645,0.6423797607421875,-0.046089448034763336,0.5741389989852905,0.5598535537719727,-0.05874811112880707,0.5758711695671082,0.5027859210968018,-0.06280000507831573,0.5773555040359497,0.45021355152130127,-0.06623782217502594
0.5363034009933472,0.8678969144821167,5.865609864486032e-07,0.4605121314525604,0.8160373568534851,-0.026058195158839226,0.4186708927154541,0.7238081097602844,-0.03635890781879425,0.40174299478530884,0.6413914561271667,-0.046270765364170074,0.3791314959526062,0.5749042630195618,-0.0556015819311142,0.4607868194580078,0.5979229807853699,-0.009012696333229542,0.45331624150276184,0.4935397505760193,-0.027606042101979256,0.45343074202537537,0.42956966161727905,-0.044649168848991394,0.4580629765987396,0.3732837736606598,-0.058283522725105286,0.5057533979415894,0.5881342887878418,-0.015111519955098629,0.504880428314209,0.46971097588539124,-0.031536102294921875,0.5070158243179321,0.3931173086166382,-0.050775185227394104,0.5113293528556824,0.3280573785305023,-0.06617386639118195,0.5467733144760132,0.6021336913108826,-0.026599982753396034,0.5568095445632935,0.49297571182250977,-0.04883009195327759,0.5633689761161804,0.42271772027015686,-0.06895402073860168,0.5698758363723755,0.3610578775405884,-0.084332674741745,0.5862586498260498,0.6365788578987122,-0.040835946798324585,0.6210644841194153,0.5658960938453674,-0.06442183256149292,0.6453744173049927,0.5150210857391357,-0.0793265700340271,0.6668328046798706,0.46677538752555847,-0.09033232182264328
0.6498157382011414,0.8167605996131897,4.95215147111594e-07,0.5821208357810974,0.7563582062721252,-0.020651282742619514,0.5491197109222412,0.6495580077171326,-0.02614947222173214,0.5374295711517334,0.563071072101593,-0.03181925043463707,0.510659396648407,0.5052659511566162,-0.038179077208042145,0.6039339303970337,0.5353677272796631,-0.005724536720663309,0.5972771048545837,0.43266910314559937,-0.02152593433856964,0.5974716544151306,0.3665580749511719,-0.035813938826322556,0.6028499007225037,0.31126099824905396,-0.04776369035243988,0.6543972492218018,0.5288000106811523,-0.013832795433700085,0.6654729247093201,0.4084092676639557,-0.027937166392803192,0.6742873191833496,0.3294619917869568,-0.04538755491375923,0.6846376657485962,0.26579099893569946,-0.059181977063417435,0.6987672448158264,0.5493547320365906,-0.026517745107412338,0.7208342552185059,0.43879321217536926,-0.04882383719086647,0.7344198226928711,0.3628271818161011,-0.07131846249103546,0.7475290894508362,0.2968580722808838,-0.08826430141925812,0.7374745607376099,0.593735933303833,-0.0409143790602684,0.78609699010849,0.5349870920181274,-0.06537561863660812,0.8213156461715698,0.48926806449890137,-0.08157027512788773,0.8525496125221252,0.44568932056427,-0.09348806738853455
0.6565446257591248,0.8042571544647217,5.177791422283917e-07,0.5883949995040894,0.7498916387557983,-0.028084352612495422,0.5474635362625122,0.6606188416481018,-0.03896823525428772,0.5262024402618408,0.5782853364944458,-0.048751138150691986,0.5029951333999634,0.5096617341041565,-0.05789725482463837,0.5938855409622192,0.5383451581001282,-0.008600854314863682,0.5813369750976562,0.4378695785999298,-0.027778729796409607,0.5766835808753967,0.3746684193611145,-0.04560484737157822,0.5774454474449158,0.3180497884750366,-0.05967263504862785,0.642106294631958,0.5285053253173828,-0.012733745388686657,0.6456668972969055,0.4131981134414673,-0.027970662340521812,0.649364709854126,0.3386211097240448,-0.045928459614515305,0.6533985733985901,0.2760169208049774,-0.060276713222265244,0.6849509477615356,0.5436140894889832,-0.02248476631939411,0.691830575466156,0.437080442905426,-0.04247204586863518,0.6943934559822083,0.3679611086845398,-0.059645213186740875,0.696664571762085,0.30636274814605713,-0.07292486727237701,0.7249757647514343,0.5786275267601013,-0.03520701825618744,0.7520532608032227,0.5098225474357605,-0.05525347590446472,0.7718188762664795,0.4603705108165741,-0.06646156311035156,0.7898383140563965,0.4130079746246338,-0.07484631985425949
0.6511313915252686,0.8030264973640442,4.842136149818543e-07,0.5844528675079346,0.7491462230682373,-0.024524401873350143,0.544080913066864,0.6588376760482788,-0.03509441018104553,0.5228396654129028,0.5772750377655029,-0.04515678435564041,0.5016049742698669,0.5109570622444153,-0.05425793305039406,0.5919073224067688,0.5352903604507446,-0.0076156058348715305,0.5899472832679749,0.43090149760246277,-0.02805344946682453,0.5947687029838562,0.36882922053337097,-0.047099918127059937,0.6035557389259338,0.3146168887615204,-0.06117327883839607,0.6348841190338135,0.5288056135177612,-0.012183457612991333,0.6327109336853027,0.4114534854888916,-0.027784869074821472,0.6330814361572266,0.33914682269096375,-0.04453397914767265,0.6340287923812866,0.2785469591617584,-0.0573999360203743,0.6757286787033081,0.5441387891769409,-0.021868912503123283,0.6787924766540527,0.4369472861289978,-0.03842838853597641,0.6799380779266357,0.36901819705963135,-0.050384119153022766,0.6802634596824646,0.31060662865638733,-0.0600583478808403,0.716145396232605,0.5790247917175293,-0.034795042127370834,0.7353346943855286,0.5070376992225647,-0.050074003636837006,0.748767614364624,0.4574199914932251,-0.05681470036506653,0.7604367733001709,0.4112503230571747,-0.061827998608350754
0.659180760383606,0.7984308004379272,4.512115481247747e-07,0.5924395322799683,0.7382342219352722,-0.02063547819852829,0.5546877384185791,0.6466655135154724,-0.029559118673205376,0.5354273915290833,0.5657581090927124,-0.03864464536309242,0.5140453577041626,0.5029516220092773,-0.04696425050497055,0.6031656861305237,0.5274602174758911,-0.0004613859346136451,0.6052809953689575,0.42387092113494873,-0.01960705779492855,0.6129141449928284,0.3633533716201782,-0.03902891278266907,0.6241944432258606,0.31006762385368347,-0.05341275781393051,0.6457948088645935,0.5233848094940186,-0.006112396251410246,0.6474431753158569,0.40770483016967773,-0.018826354295015335,0.6515151262283325,0.3377363085746765,-0.03417068347334862,0.6556541919708252,0.27821657061576843,-0.04643635451793671,0.6850321292877197,0.5409170389175415,-0.01684299297630787,0.6864897012710571,0.4349615275859833,-0.0292243380099535,0.6878412365913391,0.3684453070163727,-0.03707559406757355,0.6893168091773987,0.31122544407844543,-0.044464483857154846,0.7244406938552856,0.5773075819015503,-0.030904404819011688,0.7324556708335876,0.5021840333938599,-0.04155704006552696,0.7388204336166382,0.453264057636261,-0.043720535933971405,0.7449740767478943,0.4075074791908264,-0.04584852606058121
0.6613075137138367,0.7932910323143005,4.2580947479109454e-07,0.5947843194007874,0.7335194945335388,-0.01933760941028595,0.5549971461296082,0.6443795561790466,-0.029125962406396866,0.5336931943893433,0.5666519999504089,-0.03945671394467354,0.5139586925506592,0.5035299062728882,-0.049469687044620514,0.6046719551086426,0.5263251662254333,-0.003626542631536722,0.6064866185188293,0.4246624708175659,-0.024181002750992775,0.6133246421813965,0.3647427558898926,-0.044297363609075546,0.6238822937011719,0.3115137815475464,-0.059181973338127136,0.647548258304596,0.5216923356056213,-0.01086462289094925,0.6489935517311096,0.4078260064125061,-0.025768987834453583,0.6527835130691528,0.3374297618865967,-0.042558424174785614,0.6564826369285583,0.2772328853607178,-0.05591973662376404,0.686767578125,0.537600576877594,-0.022872989997267723,0.6890474557876587,0.43296438455581665,-0.037279874086380005,0.6901220679283142,0.36530226469039917,-0.04773178696632385,0.6904860734939575,0.30630674958229065,-0.05690205469727516,0.725222647190094,0.5715125799179077,-0.03784175217151642,0.7324079275131226,0.4945562779903412,-0.050926756113767624,0.7369855046272278,0.44274216890335083,-0.055773310363292694,0.7406172156333923,0.39397263526916504,-0.05983523651957512
0.6636832356452942,0.7846554517745972,5.213850045038271e-07,0.596462070941925,0.7342193126678467,-0.027586357668042183,0.5547307729721069,0.6482717990875244,-0.038058310747146606,0.5331466794013977,0.56873619556427,-0.04743867367506027,0.5102874636650085,0.5018175840377808,-0.05618186667561531,0.6012290716171265,0.528145432472229,-0.008463206700980663,0.5854898691177368,0.43269962072372437,-0.02570616826415062,0.5792276859283447,0.371324360370636,-0.041145503520965576,0.5789175033569336,0.31858718395233154,-0.053411077708005905,0.6496798992156982,0.5178403854370117,-0.01234674546867609,0.6528187394142151,0.4064774811267853,-0.025826040655374527,0.656136691570282,0.3340280055999756,-0.04164552688598633,0.6600868105888367,0.2737930715084076,-0.05439735949039459,0.6922110915184021,0.531743049621582,-0.021891368553042412,0.7037888765335083,0.4305049180984497,-0.04213633015751839,0.7103679180145264,0.3624305725097656,-0.060116492211818695,0.7160624265670776,0.3027202785015106,-0.07372599840164185,0.7304277420043945,0.5657499432563782,-0.03416193649172783,0.7653034925460815,0.5041669011116028,-0.055873747915029526,0.7898290157318115,0.457647442817688,-0.06888346374034882,0.8112381100654602,0.413186639547348,-0.07833296060562134
0.6595889925956726,0.7827340364456177,5.250598746897595e-07,0.5944730639457703,0.7323688864707947,-0.02781786397099495,0.5522956848144531,0.648418664932251,-0.03911811113357544,0.5287873148918152,0.5706837177276611,-0.0492541566491127,0.5072820782661438,0.5035026669502258,-0.058655694127082825,0.5983538031578064,0.5279729962348938,-0.009907199069857597,0.5830082893371582,0.4329267144203186,-0.027812030166387558,0.5770814418792725,0.3718591332435608,-0.04363366961479187,0.5772951245307922,0.3193007707595825,-0.056104883551597595,0.6459261775016785,0.5179572701454163,-0.01369208563119173,0.6484066247940063,0.4068015217781067,-0.027917660772800446,0.6516965627670288,0.33433055877685547,-0.043996404856443405,0.6557400822639465,0.27411460876464844,-0.056811802089214325,0.688294529914856,0.5320855379104614,-0.023068921640515327,0.6989222764968872,0.4303307831287384,-0.043880268931388855,0.7052796483039856,0.36103036999702454,-0.06228719279170036,0.7108396291732788,0.30021193623542786,-0.07609531283378601,0.7265533804893494,0.566640317440033,-0.035100191831588745,0.7622827291488647,0.5051292181015015,-0.05712065473198891,0.7877094745635986,0.4583027958869934,-0.07054376602172852,0.80975741147995,0.4139331877231598,-0.08023437857627869
0.6487258076667786,0.7805981636047363,5.067231541033834e-07,0.5840019583702087,0.7312096357345581,-0.025299325585365295,0.5424091219902039,0.6457571983337402,-0.03427290916442871,0.521296501159668,0.5695443749427795,-0.04230552911758423,0.49901339411735535,0.5064930319786072,-0.049960870295763016,0.5903268456459045,0.5297932028770447,-0.009483217261731625,0.5759439468383789,0.4358047842979431,-0.026180392131209373,0.5698642134666443,0.3752209544181824,-0.04086931422352791,0.5690178275108337,0.3234589695930481,-0.05258330702781677,0.6362080574035645,0.520338773727417,-0.013740447349846363,0.6402645707130432,0.41015905141830444,-0.0277915857732296,0.6435944437980652,0.33788007497787476,-0.04384908452630043,0.6476890444755554,0.278411865234375,-0.056495361030101776,0.6770265698432922,0.5343381762504578,-0.023063331842422485,0.6888065934181213,0.43347734212875366,-0.044021155685186386,0.6950680017471313,0.36463865637779236,-0.06325019896030426,0.7006369233131409,0.30485013127326965,-0.07743970304727554,0.7138047218322754,0.5684250593185425,-0.034674253314733505,0.7515240907669067,0.5079395174980164,-0.057080015540122986,0.7778798937797546,0.4613434970378876,-0.07119639217853546,0.8007341623306274,0.4176748991012573,-0.08128558844327927
0.6448680758476257,0.778125524520874,4.904353545498452e-07,0.5802827477455139,0.7307910919189453,-0.02408638596534729,0.5389067530632019,0.6444993615150452,-0.03202684968709946,0.5184128284454346,0.5676540732383728,-0.03911016881465912,0.4946541488170624,0.506634533405304,-0.04607982188463211,0.5861769914627075,0.5303025841712952,-0.008967388421297073,0.5720532536506653,0.43712323904037476,-0.02487962134182453,0.5658763647079468,0.37738102674484253,-0.03906513750553131,0.5645585656166077,0.3258369565010071,-0.05059697851538658,0.6316457986831665,0.5206320285797119,-0.013660706579685211,0.6354954242706299,0.4113749563694,-0.02730255201458931,0.638281524181366,0.3393598794937134,-0.043401844799518585,0.6418023705482483,0.27952635288238525,-0.05621034651994705,0.6719674468040466,0.5343918204307556,-0.023198269307613373,0.6837902665138245,0.4344261884689331,-0.04395130276679993,0.6898521184921265,0.3657580316066742,-0.06364776939153671,0.6951438188552856,0.3055574893951416,-0.07828471064567566,0.7081657648086548,0.5679345726966858,-0.034845300018787384,0.74568110704422,0.5076298117637634,-0.057308949530124664,0.772231936454773,0.4620356261730194,-0.07164154201745987,0.7950668334960938,0.41891539096832275,-0.08197756856679916
0.6456583142280579,0.7728062272071838,4.4351153860588965e-07,0.5818958878517151,0.727484941482544,-0.02357628010213375,0.5413808822631836,0.6434690952301025,-0.0322803258895874,0.5220866203308105,0.5672351717948914,-0.04006563872098923,0.49744662642478943,0.5087530016899109,-0.04777437448501587,0.5869633555412292,0.5285450220108032,-0.009095713496208191,0.5739374756813049,0.4370999038219452,-0.02574746124446392,0.5678709149360657,0.3797439932823181,-0.04111352562904358,0.5668734312057495,0.3289148807525635,-0.05340142920613289,0.6318427920341492,0.5183397531509399,-0.014209272339940071,0.634466826915741,0.4106971025466919,-0.027548419311642647,0.6369519233703613,0.3400091528892517,-0.043083347380161285,0.6403041481971741,0.2820693552494049,-0.05576995760202408,0.6713862419128418,0.5318719148635864,-0.0240979865193367,0.6824151277542114,0.4337029755115509,-0.04186927154660225,0.6884109377861023,0.3695090413093567,-0.05694659799337387,0.6937435865402222,0.31344088912010193,-0.06871488690376282,0.7068918943405151,0.5640462040901184,-0.03647239878773689,0.7316557168960571,0.4978485107421875,-0.0543346032500267,0.7492393255233765,0.4517422318458557,-0.06368712335824966,0.7650096416473389,0.40861034393310547,-0.07080121338367462
0.6485018730163574,0.7705414295196533,3.781221096232912e-07,0.5841686725616455,0.7254121899604797,-0.022618858143687248,0.5422471761703491,0.6446861028671265,-0.03135737404227257,0.5220242738723755,0.569564700126648,-0.03943377360701561,0.5002158880233765,0.5087998509407043,-0.047263253480196,0.5866154432296753,0.5306045413017273,-0.007559467572718859,0.5675947070121765,0.4383805990219116,-0.024506645277142525,0.5577309727668762,0.38048166036605835,-0.040283091366291046,0.5543147921562195,0.32938551902770996,-0.052676454186439514,0.6317580342292786,0.5183121562004089,-0.01286074984818697,0.6295647621154785,0.41112107038497925,-0.025050858035683632,0.6289526224136353,0.3420625925064087,-0.03992513194680214,0.629645824432373,0.2864614725112915,-0.05225220322608948,0.6716389656066895,0.5301990509033203,-0.022924495860934258,0.6770398020744324,0.4339366555213928,-0.03780914470553398,0.6798496246337891,0.37119752168655396,-0.05040816590189934,0.6821128726005554,0.3174136281013489,-0.06096797063946724,0.7082066535949707,0.5607611536979675,-0.0356951467692852,0.7252817153930664,0.4944041073322296,-0.050330955535173416,0.7367877960205078,0.4481179714202881,-0.057252589613199234,0.7471248507499695,0.40495216846466064,-0.06295513361692429
0.653947114944458,0.7477446794509888,4.3730753418458335e-07,0.5882407426834106,0.7069841027259827,-0.026762833818793297,0.5487507581710815,0.6313902735710144,-0.03531936928629875,0.5283859968185425,0.560060977935791,-0.04306134581565857,0.5061390995979309,0.5007843971252441,-0.050374437123537064,0.5906173586845398,0.5237838625907898,-0.004677921533584595,0.5666795372962952,0.440209299325943,-0.01868360862135887,0.5549948215484619,0.38550618290901184,-0.03185088187456131,0.5504465699195862,0.3387027382850647,-0.0424279160797596,0.6356072425842285,0.5111200213432312,-0.007243768312036991,0.6338717341423035,0.4110158085823059,-0.01591632142663002,0.634902834892273,0.34655290842056274,-0.027989812195301056,0.6369291543960571,0.2942730486392975,-0.03821317479014397,0.6750749349594116,0.5219378471374512,-0.015818357467651367,0.6894447207450867,0.43422332406044006,-0.031741030514240265,0.6984122395515442,0.3748972415924072,-0.04724319651722908,0.7056714296340942,0.3228144347667694,-0.05908673256635666,0.7097660899162292,0.5503059029579163,-0.02735539898276329,0.7391114234924316,0.4928526282310486,-0.04562586918473244,0.7587282657623291,0.4522666335105896,-0.056720927357673645,0.7754366397857666,0.41190585494041443,-0.06502317637205124
0.6518274545669556,0.7402904033660889,3.905476830823318e-07,0.5895974636077881,0.7002946138381958,-0.02376502752304077,0.5519458651542664,0.6247586011886597,-0.03032715991139412,0.5311338901519775,0.5569456219673157,-0.03596939519047737,0.5088574886322021,0.5017314553260803,-0.04148196056485176,0.5944408178329468,0.5230879187583923,-0.00365474377758801,0.574899435043335,0.44445377588272095,-0.015390519052743912,0.5650889277458191,0.3944706320762634,-0.027162877842783928,0.5613598227500916,0.35123729705810547,-0.03719308227300644,0.6374348402023315,0.5108295679092407,-0.00644625723361969,0.6368582844734192,0.4148484170436859,-0.015057670883834362,0.6386470198631287,0.35339486598968506,-0.028051618486642838,0.6419897079467773,0.3032405972480774,-0.03894362226128578,0.6750510334968567,0.5216835737228394,-0.014391138218343258,0.6949750781059265,0.43502533435821533,-0.031038807705044746,0.7100260257720947,0.37620943784713745,-0.048418041318655014,0.723101019859314,0.3243429362773895,-0.06126844137907028,0.7073171734809875,0.5496742129325867,-0.024523302912712097,0.7387677431106567,0.4932323098182678,-0.04385508596897125,0.7608156204223633,0.45436692237854004,-0.05577987805008888,0.7795436382293701,0.4164687991142273,-0.06445261836051941
0.6517210602760315,0.7397332191467285,3.8636122212665214e-07,0.5896255373954773,0.7005934715270996,-0.02318582683801651,0.5521649718284607,0.6248735785484314,-0.029461875557899475,0.531214714050293,0.556756854057312,-0.03487608954310417,0.5094786882400513,0.502190113067627,-0.04015043377876282,0.5941709280014038,0.5232607126235962,-0.0031316508539021015,0.574673593044281,0.44452354311943054,-0.01487371139228344,0.5648892521858215,0.39440739154815674,-0.026587113738059998,0.5612822771072388,0.35108038783073425,-0.03653091564774513,0.637158215045929,0.510617733001709,-0.00613768957555294,0.6368445158004761,0.41467735171318054,-0.014714888297021389,0.6385775804519653,0.35333386063575745,-0.027520863339304924,0.6416358947753906,0.3032689094543457,-0.0381493866443634,0.6747605800628662,0.521206259727478,-0.014226861298084259,0.6950682997703552,0.4351636469364166,-0.030720049515366554,0.7096514105796814,0.37579458951950073,-0.04782553017139435,0.7220381498336792,0.32297590374946594,-0.06043658033013344,0.706952691078186,0.5491179823875427,-0.024453070014715195,0.7386440634727478,0.4933238923549652,-0.043656688183546066,0.76043301820755,0.4540148675441742,-0.0553869865834713,0.7788690328598022,0.4152352213859558,-0.06383995711803436
0.6362728476524353,0.7446763515472412,4.1173157683260797e-07,0.5758653879165649,0.7040529251098633,-0.022327905520796776,0.5375866889953613,0.6340280175209045,-0.030123349279165268,0.5153246521949768,0.5725808143615723,-0.03755103796720505,0.49233245849609375,0.5215445160865784,-0.0447949543595314,0.5758176445960999,0.5332956314086914,-0.00499942759051919,0.5584572553634644,0.4538605809211731,-0.01940069906413555,0.5503304600715637,0.4025271236896515,-0.03284263238310814,0.5473309755325317,0.35826238989830017,-0.043447159230709076,0.615768313407898,0.5218626260757446,-0.008683813735842705,0.6134671568870544,0.42600712180137634,-0.019949333742260933,0.6138616800308228,0.36504513025283813,-0.034004610031843185,0.6155762672424316,0.3145787715911865,-0.045166950672864914,0.6522092819213867,0.5305076241493225,-0.017216168344020844,0.6627383828163147,0.4458155930042267,-0.03393974155187607,0.6698724627494812,0.3898581266403198,-0.050300080329179764,0.6752543449401855,0.34092915058135986,-0.06243159621953964,0.6854478120803833,0.5556201934814453,-0.028062965720891953,0.7124690413475037,0.5002269744873047,-0.0454496368765831,0.7313052415847778,0.461556077003479,-0.05633626505732536,0.7467023134231567,0.42453494668006897,-0.0644463449716568
0.6149492263793945,0.7508167028427124,3.7619525983245694e-07,0.5564838647842407,0.7184069752693176,-0.022585924714803696,0.5175074934959412,0.6492195129394531,-0.028781790286302567,0.4953502118587494,0.5867950916290283,-0.03403456136584282,0.4720863997936249,0.5388566851615906,-0.0388898141682148,0.5518922209739685,0.550356388092041,-0.004885721951723099,0.5303690433502197,0.47475218772888184,-0.01875402219593525,0.5200515985488892,0.42506539821624756,-0.031668297946453094,0.5158987045288086,0.3817844092845917,-0.04163404181599617,0.5902523994445801,0.5359610915184021,-0.006695434916764498,0.5858001112937927,0.4449220299720764,-0.016540421172976494,0.5843472480773926,0.3857886791229248,-0.02870924212038517,0.5848568081855774,0.3378973603248596,-0.03836372122168541,0.6255326271057129,0.542585551738739,-0.013281951658427715,0.6337244510650635,0.46028760075569153,-0.0281992107629776,0.637545645236969,0.4070034623146057,-0.04204084351658821,0.6403940916061401,0.36136266589164734,-0.052184782922267914,0.6575950384140015,0.5662612318992615,-0.02227608859539032,0.6816360950469971,0.5132167339324951,-0.03774591162800789,0.6975589990615845,0.4759365916252136,-0.04674293473362923,0.710917592048645,0.44113582372665405,-0.05321958661079407
0.6790227890014648,0.745519757270813,3.608142549182958e-07,0.6211490631103516,0.7100022435188293,-0.022598495706915855,0.5851635336875916,0.6481633186340332,-0.03234740346670151,0.568170428276062,0.5866018533706665,-0.04104381427168846,0.5629266500473022,0.5317593216896057,-0.049397893249988556,0.6209564805030823,0.5525145530700684,-0.008443359285593033,0.6030282974243164,0.47854387760162354,-0.02380167879164219,0.5918393731117249,0.4310397505760193,-0.03818577527999878,0.585912823677063,0.3888530731201172,-0.049663882702589035,0.6579237580299377,0.540306568145752,-0.01125271338969469,0.6532726287841797,0.45164668560028076,-0.02363690175116062,0.6496378183364868,0.39505597949028015,-0.03831246867775917,0.6465192437171936,0.34698963165283203,-0.05012701079249382,0.6916900873184204,0.5472017526626587,-0.01833559013903141,0.6938695907592773,0.4649902582168579,-0.034512873739004135,0.6926702857017517,0.40907078981399536,-0.04905436187982559,0.6911241412162781,0.359028160572052,-0.06027820706367493,0.7234789729118347,0.5696083903312683,-0.0276177991181612,0.7434212565422058,0.5132843852043152,-0.04388762265443802,0.7572880387306213,0.47192704677581787,-0.05342736840248108,0.7693046927452087,0.43232977390289307,-0.0606224425137043
0.6555073857307434,0.7462550401687622,3.9281528074752714e-07,0.6004701256752014,0.7158898115158081,-0.022796526551246643,0.5638492107391357,0.6564024686813354,-0.030894869938492775,0.5458740592002869,0.597692608833313,-0.0376971997320652,0.5388373136520386,0.5452880263328552,-0.04412009194493294,0.5979040265083313,0.5618757009506226,-0.00897795706987381,0.5807165503501892,0.49025946855545044,-0.023195898160338402,0.5711341500282288,0.4434642493724823,-0.03580806776881218,0.5659324526786804,0.40313535928726196,-0.045698583126068115,0.6344602704048157,0.5505335330963135,-0.010246322490274906,0.6324547529220581,0.4661521315574646,-0.021163608878850937,0.6303328275680542,0.41129156947135925,-0.03413742035627365,0.6283212304115295,0.3656364679336548,-0.044256556779146194,0.6677485704421997,0.5578647255897522,-0.015799174085259438,0.6724994778633118,0.4829965829849243,-0.031870611011981964,0.6725990772247314,0.43023502826690674,-0.047451429069042206,0.6722462177276611,0.3839651346206665,-0.05893921107053757,0.6984347105026245,0.58085697889328,-0.023441676050424576,0.725209653377533,0.5364019870758057,-0.04095238819718361,0.7434365153312683,0.5024940967559814,-0.05239390209317207,0.75922030210495,0.47033223509788513,-0.06043500453233719
0.6514081954956055,0.7468270659446716,3.554370948677388e-07,0.5981622934341431,0.7185814380645752,-0.024041496217250824,0.5618106722831726,0.6641947627067566,-0.03370090201497078,0.5425887107849121,0.6073067784309387,-0.04153968393802643,0.5356239676475525,0.5550283193588257,-0.04858463630080223,0.5942009687423706,0.5676522850990295,-0.009904005564749241,0.5770572423934937,0.49868953227996826,-0.02526226080954075,0.5657235980033875,0.4536140561103821,-0.039329156279563904,0.5587242245674133,0.41341012716293335,-0.050094008445739746,0.6292312145233154,0.5558475255966187,-0.01017224881798029,0.6263552308082581,0.47439202666282654,-0.020474566146731377,0.6234471797943115,0.4212648272514343,-0.0322510227560997,0.6204437017440796,0.37708860635757446,-0.04160018637776375,0.6613285541534424,0.5633072257041931,-0.014824326150119305,0.6625699996948242,0.4918777644634247,-0.027766888961195946,0.6606088876724243,0.44288524985313416,-0.038633741438388824,0.6580143570899963,0.39985230565071106,-0.047132644802331924,0.6916248202323914,0.585780680179596,-0.022088561207056046,0.708088755607605,0.5418962240219116,-0.034860461950302124,0.7188242673873901,0.5099018216133118,-0.04153827577829361,0.7285900712013245,0.4792479872703552,-0.04643307998776436
0.6405729651451111,0.78083336353302,4.469267764761753e-07,0.5917215943336487,0.7533410787582397,-0.026550570502877235,0.5602614879608154,0.6926735639572144,-0.040486034005880356,0.5360594987869263,0.6389777064323425,-0.05212699994444847,0.5010660290718079,0.6065937280654907,-0.06392507255077362,0.5865055918693542,0.5848615169525146,-0.019810112193226814,0.5799341201782227,0.5035741329193115,-0.03588160499930382,0.579585075378418,0.45344722270965576,-0.05030479654669762,0.5814794301986694,0.4086068570613861,-0.06172162666916847,0.6231202483177185,0.5771365761756897,-0.021188147366046906,0.6241227388381958,0.4877740144729614,-0.03310137614607811,0.6263797283172607,0.4322311282157898,-0.04604056850075722,0.627271294593811,0.3861083388328552,-0.05687519162893295,0.6554695963859558,0.5889086723327637,-0.026366563513875008,0.6574759483337402,0.5091886520385742,-0.03923884779214859,0.6570516228675842,0.4592106342315674,-0.049526020884513855,0.6548094153404236,0.41397392749786377,-0.05877944454550743,0.6848181486129761,0.6148148775100708,-0.03434092551469803,0.6952968835830688,0.5615767240524292,-0.04652043804526329,0.7024483680725098,0.5264180302619934,-0.05232485756278038,0.7078168392181396,0.4913520812988281,-0.05759378522634506
0.6526880264282227,0.7766939997673035,3.525073566379433e-07,0.6020413637161255,0.7452738285064697,-0.019315697252750397,0.5692254304885864,0.6827982068061829,-0.030828218907117844,0.5456066727638245,0.6280109286308289,-0.04175952821969986,0.5106348395347595,0.597432017326355,-0.0532076396048069,0.5949080586433411,0.5778105854988098,-0.01227316539734602,0.5900543928146362,0.49821239709854126,-0.02842061035335064,0.5913424491882324,0.450923353433609,-0.043985314667224884,0.5950628519058228,0.4078044891357422,-0.056045979261398315,0.6285785436630249,0.5694690346717834,-0.016826355829834938,0.6242056488990784,0.48105984926223755,-0.028809281066060066,0.6233164072036743,0.4272601306438446,-0.041978850960731506,0.6218274831771851,0.3814137578010559,-0.052973952144384384,0.6594392657279968,0.5788785219192505,-0.024754224345088005,0.6566064357757568,0.4984859526157379,-0.03587803989648819,0.6536225080490112,0.4489961862564087,-0.0441439263522625,0.6491457223892212,0.40530961751937866,-0.052033498883247375,0.6894670128822327,0.6015996932983398,-0.03521251305937767,0.6896265745162964,0.5424427390098572,-0.044829078018665314,0.6888092160224915,0.5033356547355652,-0.04865320026874542,0.6866154670715332,0.46593132615089417,-0.052563074976205826
0.6586071252822876,0.7717321515083313,3.7613159520333284e-07,0.6110064387321472,0.7419416308403015,-0.022833334282040596,0.5807945132255554,0.682398796081543,-0.03556211292743683,0.5588841438293457,0.6291686296463013,-0.04692353680729866,0.5258593559265137,0.5945848226547241,-0.05837735906243324,0.6039894223213196,0.5737289190292358,-0.01284213550388813,0.5968096256256104,0.4960115849971771,-0.027121594175696373,0.5968826413154602,0.4505841135978699,-0.04123225808143616,0.6001885533332825,0.408474326133728,-0.05264584720134735,0.6394147276878357,0.5654914975166321,-0.01570168510079384,0.6367377638816833,0.47817403078079224,-0.025837823748588562,0.6377071142196655,0.425967276096344,-0.03842773661017418,0.6383110880851746,0.3820865750312805,-0.04949629306793213,0.6707572340965271,0.5763158798217773,-0.02242392860352993,0.6703736782073975,0.4983508586883545,-0.0329446867108345,0.6692242622375488,0.4502425193786621,-0.04225119203329086,0.6668286919593811,0.4069880247116089,-0.051388055086135864,0.7001351714134216,0.600081741809845,-0.03187396004796028,0.7040038704872131,0.5445016622543335,-0.0416046604514122,0.7066558599472046,0.5082435011863708,-0.046498700976371765,0.7081125974655151,0.4721054434776306,-0.05165814608335495
0.6413030028343201,0.8352842330932617,4.5822409333595715e-07,0.5925746560096741,0.8174989819526672,-0.025051113218069077,0.5559868216514587,0.7733868360519409,-0.03879966586828232,0.5303840637207031,0.731592059135437,-0.05030684545636177,0.5042912364006042,0.6964367628097534,-0.06097463518381119,0.5721196532249451,0.6613056063652039,-0.01738082803785801,0.5611900687217712,0.5888565182685852,-0.033356763422489166,0.5596117973327637,0.5439419746398926,-0.04745035246014595,0.5623169541358948,0.5047869086265564,-0.057657089084386826,0.6056082248687744,0.6487199664115906,-0.018053751438856125,0.5984472036361694,0.5662047863006592,-0.028894176706671715,0.5962468981742859,0.5144593715667725,-0.0402023121714592,0.5952160954475403,0.4728161692619324,-0.049290385097265244,0.6369239687919617,0.653679609298706,-0.0226956345140934,0.6333118677139282,0.5795275568962097,-0.03415018692612648,0.6295860409736633,0.533095121383667,-0.042962394654750824,0.6254716515541077,0.49350860714912415,-0.050580304116010666,0.6672885417938232,0.6730527281761169,-0.030110184103250504,0.6748626828193665,0.6228407025337219,-0.04061095044016838,0.6794552206993103,0.5896654725074768,-0.04535946622490883,0.6822324991226196,0.5587655901908875,-0.049260176718235016
0.6197136640548706,0.8636223077774048,4.698876807651686e-07,0.5720564126968384,0.8500719666481018,-0.024411924183368683,0.5327942371368408,0.8102625012397766,-0.03755129128694534,0.5084187388420105,0.7720195055007935,-0.04824662208557129,0.48730117082595825,0.7416722178459167,-0.058794181793928146,0.5529380440711975,0.6984690427780151,-0.022424494847655296,0.5464233160018921,0.6263949871063232,-0.03770828992128372,0.5472626686096191,0.5819098353385925,-0.05060359090566635,0.5506505370140076,0.5425254106521606,-0.0603240504860878,0.5871278643608093,0.6874086260795593,-0.023699086159467697,0.5912604331970215,0.6053580045700073,-0.03475542366504669,0.5977430939674377,0.5543135404586792,-0.04576579108834267,0.6041848659515381,0.5119699239730835,-0.05489056929945946,0.6168970465660095,0.6943897604942322,-0.02850753627717495,0.6280702948570251,0.6199259757995605,-0.0411481074988842,0.6347662210464478,0.5728038549423218,-0.05145635828375816,0.6394984126091003,0.5316484570503235,-0.05977240577340126,0.6428259611129761,0.7147610187530518,-0.03568672016263008,0.6534446477890015,0.662177324295044,-0.0476846769452095,0.6607083082199097,0.6274383068084717,-0.0532449446618557,0.6662028431892395,0.595707356929779,-0.05772419646382332
0.6291141510009766,0.8600826263427734,4.6212849724724947e-07,0.5798664093017578,0.8491537570953369,-0.023150734603405,0.5412884950637817,0.8131712675094604,-0.03596801683306694,0.515902042388916,0.7760224342346191,-0.04681413248181343,0.4937448501586914,0.7485353350639343,-0.05724004656076431,0.5584140419960022,0.6992030143737793,-0.01774122565984726,0.5475172400474548,0.6283929347991943,-0.03223169222474098,0.5458790063858032,0.5838507413864136,-0.04548544064164162,0.547151505947113,0.5449853539466858,-0.05543696507811546,0.5912454724311829,0.6851070523262024,-0.019056567922234535,0.5859706997871399,0.6043686866760254,-0.02853967249393463,0.5854716897010803,0.5535808205604553,-0.03900190815329552,0.5856066346168518,0.5124393701553345,-0.047911159694194794,0.6217358708381653,0.688523530960083,-0.02401379682123661,0.6187822222709656,0.6151599884033203,-0.03400621935725212,0.6163343191146851,0.5713964700698853,-0.04255707561969757,0.6136791706085205,0.533599317073822,-0.050340715795755386,0.6511530876159668,0.7058746814727783,-0.0316336490213871,0.6588208079338074,0.6559481620788574,-0.041495636105537415,0.6642696261405945,0.6231456398963928,-0.04627973213791847,0.6686875820159912,0.5918998122215271,-0.050442617386579514
0.22492235898971558,0.8119898438453674,4.270904980785417e-07,0.2776051163673401,0.7728995084762573,-0.029874561354517937,0.3109859824180603,0.709290087223053,-0.039727143943309784,0.3385534882545471,0.6494373083114624,-0.04726804792881012,0.36284366250038147,0.6030176877975464,-0.0536651611328125,0.2772398591041565,0.6077045202255249,-0.008620483800768852,0.2819884121417999,0.5297932624816895,-0.02068977802991867,0.2813335359096527,0.48133933544158936,-0.03419600427150726,0.27993273735046387,0.4387313723564148,-0.044821567833423615,0.2444658875465393,0.6026031374931335,-0.005090546328574419,0.2498135268688202,0.5194775462150574,-0.014264359138906002,0.2524572014808655,0.4631364345550537,-0.027152901515364647,0.2551116943359375,0.41701650619506836,-0.03751986473798752,0.21177756786346436,0.615646481513977,-0.006494702771306038,0.21405325829982758,0.5386907458305359,-0.017474066466093063,0.21898122131824493,0.4908604621887207,-0.02886265330016613,0.22500184178352356,0.4505077004432678,-0.03752770647406578,0.17848271131515503,0.6410070061683655,-0.011345640756189823,0.17434461414813995,0.5881202220916748,-0.023274000734090805,0.17338155210018158,0.5517680644989014,-0.030375350266695023,0.17458516359329224,0.516272246837616,-0.035473305732011795
0.19992084801197052,0.8105656504631042,3.562853407856892e-07,0.2490852326154709,0.7765372395515442,-0.027050329372286797,0.28139856457710266,0.7170016169548035,-0.03738528862595558,0.309078574180603,0.6594486832618713,-0.04590189456939697,0.33204352855682373,0.6123933792114258,-0.05339791625738144,0.25352591276168823,0.6103499531745911,-0.010074176825582981,0.25734150409698486,0.5348053574562073,-0.024034224450588226,0.2569493055343628,0.48785102367401123,-0.0380248948931694,0.2565184533596039,0.4466117024421692,-0.04855457693338394,0.22321751713752747,0.602509081363678,-0.007942833006381989,0.22898581624031067,0.5205577611923218,-0.01890815794467926,0.2335730493068695,0.4675360918045044,-0.031195566058158875,0.23883852362632751,0.4228140413761139,-0.04070763289928436,0.19277358055114746,0.6129807233810425,-0.010343823581933975,0.19637534022331238,0.5367958545684814,-0.022457366809248924,0.20337355136871338,0.48890969157218933,-0.032640960067510605,0.21170033514499664,0.4480299651622772,-0.04008970037102699,0.16129997372627258,0.6369260549545288,-0.01587081514298916,0.15951435267925262,0.5818700194358826,-0.028324412181973457,0.15957674384117126,0.5439209938049316,-0.03477153554558754,0.1606452316045761,0.5073177218437195,-0.03902528062462807
0.19615517556667328,0.8195360898971558,4.0359748254559236e-07,0.24805966019630432,0.7969527244567871,-0.03263848274946213,0.2875743806362152,0.7495524883270264,-0.04681968316435814,0.322326123714447,0.7024526596069336,-0.058183517307043076,0.35323426127433777,0.6643593311309814,-0.06873626261949539,0.2695069909095764,0.6342796683311462,-0.018722238019108772,0.2797155976295471,0.5585576891899109,-0.03426844999194145,0.28339093923568726,0.5099021792411804,-0.049433883279561996,0.2866840362548828,0.46716219186782837,-0.06102948635816574,0.23962238430976868,0.6216110587120056,-0.014971617609262466,0.2523277997970581,0.5387247204780579,-0.027679581195116043,0.2616218030452728,0.48397746682167053,-0.04185234382748604,0.27042821049690247,0.43915465474128723,-0.053099244832992554,0.20800407230854034,0.6264936923980713,-0.015863314270973206,0.21873179078102112,0.5486977100372314,-0.029403677210211754,0.2295801043510437,0.5006012916564941,-0.04234060272574425,0.2410646229982376,0.46026337146759033,-0.05207762494683266,0.17456834018230438,0.6432575583457947,-0.020211022347211838,0.17655974626541138,0.5868551731109619,-0.034158848226070404,0.17974016070365906,0.5488622784614563,-0.04293452948331833,0.18504109978675842,0.5124476552009583,-0.04928857088088989
0.2088632881641388,0.8071807026863098,4.450863571037189e-07,0.2605751156806946,0.7923592925071716,-0.03255915269255638,0.30297088623046875,0.7517855167388916,-0.04719886556267738,0.34225714206695557,0.7120581269264221,-0.05890794098377228,0.3772267997264862,0.6848351359367371,-0.06992638856172562,0.2862916588783264,0.6356835961341858,-0.022651344537734985,0.3040280044078827,0.5614768266677856,-0.03926217183470726,0.3121006190776825,0.5128853917121887,-0.054642513394355774,0.3189539313316345,0.47013843059539795,-0.06635461002588272,0.25749239325523376,0.6191394329071045,-0.019294537603855133,0.27473607659339905,0.5371580719947815,-0.03349980339407921,0.2868196964263916,0.48127683997154236,-0.04808276519179344,0.29712754487991333,0.4360406994819641,-0.059380389750003815,0.226404070854187,0.6203057765960693,-0.020202459767460823,0.23830239474773407,0.5444785356521606,-0.034574124962091446,0.25131890177726746,0.4971814751625061,-0.04754820466041565,0.26446014642715454,0.45818084478378296,-0.05709915980696678,0.1932416558265686,0.6334231495857239,-0.024512235075235367,0.195601224899292,0.5782808065414429,-0.03847571462392807,0.20002980530261993,0.5408709049224854,-0.04694328457117081,0.2072199285030365,0.5056229829788208,-0.053022243082523346
0.24710215628147125,0.802603006362915,3.7452937817761267e-07,0.29971081018447876,0.7924277782440186,-0.03002135269343853,0.34352055191993713,0.7577311396598816,-0.0424075573682785,0.37861543893814087,0.7199299335479736,-0.05210142955183983,0.405678391456604,0.6843845844268799,-0.060721367597579956,0.3369641900062561,0.6462474465370178,-0.01678886078298092,0.3572380244731903,0.5772618055343628,-0.031491998583078384,0.36632388830184937,0.5325577259063721,-0.04539477452635765,0.37343552708625793,0.49344590306282043,-0.05565671995282173,0.31038224697113037,0.6284223198890686,-0.013545208610594273,0.3322104811668396,0.5547146201133728,-0.025818826630711555,0.34605643153190613,0.5052099823951721,-0.03920330852270126,0.35763025283813477,0.4653015732765198,-0.0493757501244545,0.2799110412597656,0.6263160109519958,-0.014612361788749695,0.29864251613616943,0.5574589967727661,-0.027600150555372238,0.31425464153289795,0.513858437538147,-0.03974517807364464,0.3289990723133087,0.4781705439090729,-0.04845498874783516,0.24622704088687897,0.6350541114807129,-0.01877637580037117,0.2530607283115387,0.5830061435699463,-0.032413315027952194,0.25924932956695557,0.5467835664749146,-0.04068245366215706,0.26675108075141907,0.5128429532051086,-0.04610534757375717
0.2659640312194824,0.7893763780593872,4.275932212749467e-07,0.31768229603767395,0.7810534238815308,-0.02723376639187336,0.3621094524860382,0.748296856880188,-0.040066979825496674,0.3973960280418396,0.7140111327171326,-0.05068378150463104,0.42392227053642273,0.6835188865661621,-0.060890648514032364,0.3514711260795593,0.6439563632011414,-0.026013970375061035,0.37922871112823486,0.5794591307640076,-0.04319189861416817,0.3937496840953827,0.5369245409965515,-0.05649828165769577,0.40394142270088196,0.4986836910247803,-0.06632304936647415,0.32375743985176086,0.6234698295593262,-0.02575450949370861,0.35133540630340576,0.5509862899780273,-0.041183535009622574,0.3676959276199341,0.5028744339942932,-0.054956283420324326,0.37960660457611084,0.4599969983100891,-0.06518451869487762,0.2908499538898468,0.6204219460487366,-0.028813906013965607,0.3008304834365845,0.5511670708656311,-0.04583217576146126,0.30895212292671204,0.5038479566574097,-0.06128297001123428,0.3165474832057953,0.4634350538253784,-0.07205265015363693,0.2546258568763733,0.6314380764961243,-0.03414667025208473,0.2462887167930603,0.5792871713638306,-0.051649272441864014,0.23941266536712646,0.5434258580207825,-0.06234319880604744,0.23448780179023743,0.5087107419967651,-0.06943809986114502
0.28820884227752686,0.796910285949707,3.8446637518063653e-07,0.340195894241333,0.7884773015975952,-0.025555891916155815,0.3845875561237335,0.757454514503479,-0.036687012761831284,0.42101410031318665,0.7216372489929199,-0.045887839049100876,0.44863176345825195,0.6916034817695618,-0.05443977937102318,0.3724518418312073,0.6559480428695679,-0.0176965594291687,0.39743903279304504,0.594026505947113,-0.03233751654624939,0.4096437096595764,0.5522373914718628,-0.04483503848314285,0.419113427400589,0.5150437355041504,-0.0539977103471756,0.34662365913391113,0.6352768540382385,-0.015828199684619904,0.3712329864501953,0.5669402480125427,-0.028255632147192955,0.3867492973804474,0.5218332409858704,-0.04000676050782204,0.3991585969924927,0.48314744234085083,-0.04855595901608467,0.31683650612831116,0.6304440498352051,-0.01742083579301834,0.3284626007080078,0.5628715753555298,-0.030025748535990715,0.33875539898872375,0.5177176594734192,-0.04086815193295479,0.349082350730896,0.47989195585250854,-0.04853085055947304,0.2850269377231598,0.6376147270202637,-0.0215977281332016,0.28252509236335754,0.5883262157440186,-0.03359123691916466,0.2826380133628845,0.554465651512146,-0.04004620015621185,0.28489723801612854,0.5238530039787292,-0.04414338245987892
0.2901161313056946,0.7907463312149048,4.558308717150794e-07,0.3416030704975128,0.7841069102287292,-0.02926887758076191,0.3857765793800354,0.7556121349334717,-0.04102693498134613,0.4217347204685211,0.7245293855667114,-0.050502777099609375,0.45106184482574463,0.6943353414535522,-0.05933399498462677,0.3776455521583557,0.6534246206283569,-0.01853465847671032,0.4067663848400116,0.5946435332298279,-0.03393707424402237,0.4235125780105591,0.5562751293182373,-0.0472513847053051,0.43773210048675537,0.521568238735199,-0.05659448355436325,0.34990912675857544,0.6360175609588623,-0.016101671382784843,0.367586225271225,0.5620566606521606,-0.030480753630399704,0.38115715980529785,0.5123213529586792,-0.045137278735637665,0.39275121688842773,0.4718030095100403,-0.055848199874162674,0.31955012679100037,0.6350549459457397,-0.017666814848780632,0.32828283309936523,0.5760788321495056,-0.034363698214292526,0.3369291126728058,0.5399584174156189,-0.04717696085572243,0.3462279438972473,0.5090727806091309,-0.05475553497672081,0.2882777452468872,0.6425923705101013,-0.022109368816018105,0.2940272390842438,0.5905581712722778,-0.03755607828497887,0.2978310286998749,0.5548533201217651,-0.0457509346306324,0.30389291048049927,0.5200585126876831,-0.05058154836297035
0.2928203344345093,0.7926390171051025,2.933056180154381e-07,0.3434772491455078,0.7871242165565491,-0.025311969220638275,0.3893609642982483,0.7587906122207642,-0.03575307875871658,0.42609071731567383,0.7248102426528931,-0.04417174682021141,0.45372211933135986,0.6983771920204163,-0.051926691085100174,0.37532997131347656,0.6564382910728455,-0.014672812074422836,0.39406344294548035,0.5939739942550659,-0.02618156187236309,0.40139806270599365,0.5523779988288879,-0.037297334522008896,0.4068732261657715,0.5156277418136597,-0.04609959200024605,0.350020170211792,0.6363404393196106,-0.012048548087477684,0.3661172688007355,0.5693903565406799,-0.022026848047971725,0.37475278973579407,0.5240986347198486,-0.033327583223581314,0.3819939196109772,0.4864824414253235,-0.041908927261829376,0.32186412811279297,0.6303523182868958,-0.012652745470404625,0.3387347161769867,0.5642016530036926,-0.023397350683808327,0.3500592112541199,0.5214608907699585,-0.03360576555132866,0.3607335388660431,0.4854452311992645,-0.041209783405065536,0.29071590304374695,0.6358654499053955,-0.01579160802066326,0.2898554801940918,0.5901838541030884,-0.027548614889383316,0.2899794280529022,0.5599362850189209,-0.03382878750562668,0.2912293076515198,0.5332326889038086,-0.03759021311998367
0.28311604261398315,0.7944252490997314,4.5263473680279276e-07,0.33506348729133606,0.7908366322517395,-0.02712303400039673,0.37916576862335205,0.7695299983024597,-0.039271820336580276,0.41814228892326355,0.7427129745483398,-0.049395784735679626,0.4496591091156006,0.7256293296813965,-0.0585656501352787,0.36807548999786377,0.6528714895248413,-0.01281046960502863,0.3942984938621521,0.5912368297576904,-0.024827051907777786,0.40763401985168457,0.5519297122955322,-0.03714373707771301,0.41930660605430603,0.5172520279884338,-0.04659472778439522,0.3446776270866394,0.6325035095214844,-0.00969394389539957,0.37219104170799255,0.5655040740966797,-0.019317155703902245,0.39172178506851196,0.5210544466972351,-0.030878225341439247,0.40923872590065,0.48644912242889404,-0.03978549689054489,0.3168026804924011,0.627445638179779,-0.010516803711652756,0.3369976282119751,0.5623339414596558,-0.02115313708782196,0.35432517528533936,0.5233847498893738,-0.03249577805399895,0.3714277744293213,0.4939979910850525,-0.040684331208467484,0.2851777672767639,0.6339478492736816,-0.014196525327861309,0.28550976514816284,0.5882043838500977,-0.025356153026223183,0.2882530689239502,0.5569814443588257,-0.03239789977669716,0.2938705086708069,0.5296623706817627,-0.03702009841799736
0.2670305669307709,0.7866368293762207,4.1654467963780917e-07,0.3168073296546936,0.7846726775169373,-0.027785083279013634,0.3581560254096985,0.766654908657074,-0.043427616357803345,0.39343369007110596,0.7472929358482361,-0.057368867099285126,0.4262528419494629,0.7404130101203918,-0.0713082030415535,0.3458428978919983,0.6465715765953064,-0.022536490112543106,0.36407503485679626,0.5800374150276184,-0.03951472043991089,0.373878538608551,0.5378173589706421,-0.054207101464271545,0.3831309378147125,0.500008761882782,-0.06513490527868271,0.32157987356185913,0.6278673410415649,-0.02142472192645073,0.3401840031147003,0.5546454191207886,-0.03722791001200676,0.353227436542511,0.505327582359314,-0.0522698275744915,0.3653029203414917,0.4639573097229004,-0.06337771564722061,0.29452022910118103,0.6249383687973022,-0.023499656468629837,0.3099445700645447,0.5577905178070068,-0.03854605555534363,0.3246522843837738,0.516253650188446,-0.050468795001506805,0.3390248119831085,0.480926513671875,-0.05846911296248436,0.2646496891975403,0.6324784159660339,-0.028318854048848152,0.2757040560245514,0.5802051424980164,-0.04160310700535774,0.2852820158004761,0.546918511390686,-0.048453979194164276,0.2965204119682312,0.5157223343849182,-0.052844639867544174
0.2620038390159607,0.7798353433609009,4.4498142415250186e-07,0.31161367893218994,0.7806044220924377,-0.03274285048246384,0.35111820697784424,0.764315664768219,-0.05212059244513512,0.38473448157310486,0.7480326294898987,-0.06866834312677383,0.41777417063713074,0.7419111132621765,-0.08552166819572449,0.34999340772628784,0.6445764899253845,-0.03431004285812378,0.38646042346954346,0.5959934592247009,-0.05347162485122681,0.4072304964065552,0.5617501735687256,-0.06984560191631317,0.42314618825912476,0.5274853706359863,-0.08303902298212051,0.3203808665275574,0.6203847527503967,-0.03160715848207474,0.3261314332485199,0.5450509190559387,-0.05190129578113556,0.326600044965744,0.496085524559021,-0.06966299563646317,0.3270112872123718,0.4536409080028534,-0.08315468579530716,0.28938454389572144,0.6193181872367859,-0.03151969239115715,0.29512739181518555,0.5524822473526001,-0.051237378269433975,0.3031078577041626,0.5071666836738586,-0.06467529386281967,0.31102120876312256,0.465297132730484,-0.07390785962343216,0.2589413821697235,0.633351743221283,-0.03404882177710533,0.2636511027812958,0.581643283367157,-0.05193871632218361,0.2685289978981018,0.5458508133888245,-0.060264989733695984,0.27609336376190186,0.5103240013122559,-0.06555085629224777
0.25815802812576294,0.7739060521125793,5.000445639780082e-07,0.30378010869026184,0.7742267847061157,-0.035496603697538376,0.34203046560287476,0.7592384815216064,-0.05851684510707855,0.37659913301467896,0.7444907426834106,-0.07812537252902985,0.4106140732765198,0.7428892254829407,-0.09797906875610352,0.343966543674469,0.6436495184898376,-0.04393138363957405,0.38455092906951904,0.5980473756790161,-0.06657321006059647,0.4096311628818512,0.5684458017349243,-0.08437950164079666,0.4296399652957916,0.5398780107498169,-0.09782607108354568,0.3139796853065491,0.6158173084259033,-0.03993600606918335,0.3200412094593048,0.5386838912963867,-0.06223126873373985,0.32107993960380554,0.4911433458328247,-0.07947006821632385,0.3223290741443634,0.4497379660606384,-0.09236795455217361,0.2826254665851593,0.6119979619979858,-0.03830065578222275,0.28629106283187866,0.5426462888717651,-0.05839674174785614,0.29295262694358826,0.4973887801170349,-0.07065297663211823,0.2999074459075928,0.4573858380317688,-0.07915264368057251,0.2529890537261963,0.6235750913619995,-0.03950665518641472,0.25639808177948,0.5712226629257202,-0.056245364248752594,0.26053982973098755,0.5356199741363525,-0.06336303055286407,0.26691243052482605,0.5021212100982666,-0.06796026229858398
0.2560866177082062,0.7769936919212341,5.218973910814384e-07,0.30395591259002686,0.777242124080658,-0.03840434178709984,0.3447461426258087,0.7595862746238708,-0.057938385754823685,0.3825637996196747,0.7392012476921082,-0.07317531108856201,0.41735538840293884,0.7292943596839905,-0.08779748529195786,0.33374589681625366,0.6457108855247498,-0.03332911804318428,0.3586317300796509,0.582554042339325,-0.051350947469472885,0.3742331564426422,0.5421149134635925,-0.06692752987146378,0.38828396797180176,0.5057958364486694,-0.07843019813299179,0.3113683760166168,0.6240880489349365,-0.02600828744471073,0.3355328440666199,0.5533010363578796,-0.04251613840460777,0.3551187813282013,0.5071516633033752,-0.05768278241157532,0.3734639883041382,0.46947550773620605,-0.06906463205814362,0.28565412759780884,0.6174589395523071,-0.022549130022525787,0.30792051553726196,0.552112340927124,-0.038281623274087906,0.32938089966773987,0.5120695233345032,-0.05173952877521515,0.3497300148010254,0.4806826114654541,-0.06099586561322212,0.25697579979896545,0.619865894317627,-0.022595684975385666,0.2695532441139221,0.5703832507133484,-0.03633822500705719,0.2800232470035553,0.5370991826057434,-0.04485003650188446,0.29223698377609253,0.5070881247520447,-0.05086284503340721
0.2499203085899353,0.7788737416267395,3.9445345123567677e-07,0.29264765977859497,0.7693688869476318,-0.0325072705745697,0.32827335596084595,0.7324632406234741,-0.04520415887236595,0.3505849838256836,0.6848753094673157,-0.05445758253335953,0.3579999804496765,0.6380535960197449,-0.06263696402311325,0.32980024814605713,0.6362074017524719,-0.02517530880868435,0.35692015290260315,0.5752269625663757,-0.04195907339453697,0.3708420395851135,0.533928632736206,-0.055706579238176346,0.3820059895515442,0.49730587005615234,-0.06556587666273117,0.30501529574394226,0.6139106750488281,-0.01992037333548069,0.33008670806884766,0.5453947186470032,-0.03327213227748871,0.3458355665206909,0.49865275621414185,-0.04552358388900757,0.35908642411231995,0.45982351899147034,-0.054607875645160675,0.2762216627597809,0.6094668507575989,-0.018641427159309387,0.29108214378356934,0.5430614948272705,-0.032276660203933716,0.3031119406223297,0.5003892183303833,-0.04486725479364395,0.31500211358070374,0.4652249813079834,-0.05397238954901695,0.24539104104042053,0.6196455359458923,-0.02057194709777832,0.2430897206068039,0.575293779373169,-0.03525453805923462,0.24171309173107147,0.5426777601242065,-0.04500580206513405,0.24147847294807434,0.5125957727432251,-0.051458679139614105
0.2517929971218109,0.7853782176971436,3.640092529622052e-07,0.29928281903266907,0.7795144319534302,-0.029146762564778328,0.340491384267807,0.7420865297317505,-0.0408996045589447,0.37312382459640503,0.6992726922035217,-0.04971267655491829,0.4026435315608978,0.6731119155883789,-0.05769117921590805,0.33334842324256897,0.6422218084335327,-0.023982707411050797,0.3624058961868286,0.5820301175117493,-0.03902660310268402,0.3774239718914032,0.5409425497055054,-0.051133301109075546,0.38821566104888916,0.5053831338882446,-0.060401931405067444,0.30524611473083496,0.61958247423172,-0.02069411426782608,0.3271377384662628,0.5470600128173828,-0.03383677825331688,0.3398086726665497,0.5003851652145386,-0.04480614885687828,0.3493005931377411,0.46176886558532715,-0.05284878611564636,0.2750735878944397,0.6155887246131897,-0.020875651389360428,0.28655973076820374,0.5469088554382324,-0.0349494069814682,0.2962207794189453,0.5020228624343872,-0.04662551358342171,0.3055249750614166,0.46421560645103455,-0.05490722507238388,0.24344658851623535,0.6265040040016174,-0.02383487857878208,0.23696929216384888,0.5780297517776489,-0.038837824016809464,0.23281051218509674,0.5427725315093994,-0.047722723335027695,0.23063641786575317,0.5092912912368774,-0.05334194749593735
0.25315579771995544,0.7890688180923462,4.464573351015133e-07,0.3061589002609253,0.783536434173584,-0.03134370967745781,0.349172443151474,0.7569122314453125,-0.04718126729130745,0.38628798723220825,0.7305899262428284,-0.060518618673086166,0.42043083906173706,0.719112753868103,-0.07395686954259872,0.3320942521095276,0.6448251605033875,-0.02733314409852028,0.35400286316871643,0.5787978172302246,-0.04458588734269142,0.36503520607948303,0.5368445515632629,-0.05946884676814079,0.37469154596328735,0.4983025789260864,-0.07105177640914917,0.30372872948646545,0.6270042061805725,-0.024714436382055283,0.31645214557647705,0.5506802201271057,-0.0424671471118927,0.32466134428977966,0.4987729787826538,-0.05931180715560913,0.33223414421081543,0.4541700482368469,-0.07177521288394928,0.27386847138404846,0.6274464130401611,-0.02524055354297161,0.2836697995662689,0.5600574016571045,-0.04277478903532028,0.2952178716659546,0.5163268446922302,-0.056632835417985916,0.306907594203949,0.47789493203163147,-0.06585347652435303,0.24286141991615295,0.639150083065033,-0.028626542538404465,0.24973803758621216,0.5866428017616272,-0.04452430456876755,0.256455659866333,0.5520336627960205,-0.05327105522155762,0.2654424011707306,0.5187012553215027,-0.058975644409656525
0.2559242844581604,0.7852573990821838,3.71727537640254e-07,0.3079175651073456,0.7826974391937256,-0.028554625809192657,0.35152703523635864,0.75931715965271,-0.04340272396802902,0.3890988528728485,0.737259030342102,-0.056164953857660294,0.42247480154037476,0.7287723422050476,-0.06921864300966263,0.34174224734306335,0.643945574760437,-0.025413615629076958,0.36780962347984314,0.5820300579071045,-0.041989319026470184,0.3809618353843689,0.5414643287658691,-0.05616733804345131,0.39080262184143066,0.5048513412475586,-0.06744954735040665,0.31275203824043274,0.6234080195426941,-0.023941971361637115,0.3221089839935303,0.5458494424819946,-0.04124600067734718,0.3254540264606476,0.4963124096393585,-0.05704490467905998,0.32807081937789917,0.45406579971313477,-0.06863106042146683,0.283034086227417,0.6226964592933655,-0.025360029190778732,0.2915332317352295,0.5530704855918884,-0.042390376329422,0.29881343245506287,0.5072581768035889,-0.05504332855343819,0.3058986961841583,0.4653676152229309,-0.06354369223117828,0.2527075409889221,0.6360827088356018,-0.029339805245399475,0.2596604526042938,0.5830889940261841,-0.0451512448489666,0.26549848914146423,0.5472279787063599,-0.05315780267119408,0.2730127274990082,0.5118160843849182,-0.05813830345869064
0.25614237785339355,0.7862144708633423,3.212331876056851e-07,0.3042469024658203,0.7834526300430298,-0.025480734184384346,0.3477071225643158,0.7532451152801514,-0.03658893331885338,0.3869989514350891,0.7214282751083374,-0.0458817221224308,0.4200345277786255,0.7051636576652527,-0.054703239351511,0.33780068159103394,0.6471998691558838,-0.01662851870059967,0.3554210066795349,0.582362711429596,-0.030727608129382133,0.3642043173313141,0.5399925708770752,-0.04348776862025261,0.37155744433403015,0.502499520778656,-0.05324200913310051,0.31489109992980957,0.6260159015655518,-0.015216484665870667,0.33559802174568176,0.5536969900131226,-0.027909206226468086,0.3503574728965759,0.5058236718177795,-0.040020305663347244,0.36342906951904297,0.46667248010635376,-0.049020521342754364,0.2881973683834076,0.6204040050506592,-0.017264919355511665,0.30796971917152405,0.5531469583511353,-0.030237065628170967,0.32450732588768005,0.5115184783935547,-0.04064296558499336,0.3397335708141327,0.47743135690689087,-0.04785868525505066,0.25719887018203735,0.6263211369514465,-0.022032037377357483,0.2657851278781891,0.5746500492095947,-0.034757714718580246,0.2720751166343689,0.5398827195167542,-0.04147986322641373,0.278790682554245,0.5076826214790344,-0.045746371150016785
0.2552078366279602,0.7864782214164734,4.5661070657843084e-07,0.3044552803039551,0.7857990264892578,-0.033764053136110306,0.347565621137619,0.7611265778541565,-0.050188805907964706,0.38623425364494324,0.7354351878166199,-0.06309565156698227,0.42099499702453613,0.7219012379646301,-0.07556334882974625,0.3401651084423065,0.651980459690094,-0.029997676610946655,0.3659617304801941,0.5906916260719299,-0.04785075783729553,0.3801388144493103,0.5494123697280884,-0.06285487860441208,0.3920981287956238,0.51300448179245,-0.07392146438360214,0.31532421708106995,0.6302350759506226,-0.025600196793675423,0.34224840998649597,0.562776505947113,-0.04120742902159691,0.3616620600223541,0.5160290002822876,-0.05516977235674858,0.3785645365715027,0.4779056906700134,-0.0657554566860199,0.28623324632644653,0.6241157650947571,-0.025049196556210518,0.30714550614356995,0.5591233372688293,-0.04083062335848808,0.32525014877319336,0.5175343155860901,-0.054457832127809525,0.34219130873680115,0.4848269820213318,-0.06398314237594604,0.2542768120765686,0.6292228698730469,-0.02764284797012806,0.25904878973960876,0.5782977342605591,-0.043061453849077225,0.2637251019477844,0.5430912971496582,-0.052594445645809174,0.27031204104423523,0.5109016299247742,-0.059066321700811386
0.25873491168022156,0.786368191242218,4.091272387540812e-07,0.3092058300971985,0.7869533896446228,-0.02932102605700493,0.3546227216720581,0.762901246547699,-0.04298151656985283,0.39418473839759827,0.7383745312690735,-0.05431683734059334,0.427835613489151,0.7278817892074585,-0.06552671641111374,0.34851348400115967,0.6532460451126099,-0.02356039546430111,0.37718263268470764,0.5917657017707825,-0.040015384554862976,0.39290350675582886,0.5515097379684448,-0.05436104163527489,0.40616512298583984,0.5163718461990356,-0.06505695730447769,0.32231828570365906,0.6306487321853638,-0.02103382535278797,0.3444543778896332,0.5573690533638,-0.0357813835144043,0.35861897468566895,0.509076714515686,-0.05005500093102455,0.3701837360858917,0.4702560305595398,-0.060626544058322906,0.29367387294769287,0.6244950890541077,-0.021887876093387604,0.31115221977233887,0.5581043362617493,-0.03625022619962692,0.32633379101753235,0.5163243412971497,-0.048310961574316025,0.34016311168670654,0.4818534255027771,-0.056642401963472366,0.2625685930252075,0.6297557950019836,-0.025672243908047676,0.27253562211990356,0.5789678692817688,-0.0392458513379097,0.2808346748352051,0.5449132919311523,-0.04677636921405792,0.29016298055648804,0.5137987732887268,-0.05158592015504837
0.25774556398391724,0.7836060523986816,4.647384059808246e-07,0.3071882128715515,0.7892799377441406,-0.03114701807498932,0.3527209758758545,0.7706674337387085,-0.04632428288459778,0.3929053544998169,0.7478042840957642,-0.058768436312675476,0.4266625642776489,0.7383718490600586,-0.07088051736354828,0.3497072458267212,0.6613171696662903,-0.027884026989340782,0.3844550549983978,0.6053208708763123,-0.04573720321059227,0.40480661392211914,0.5670915842056274,-0.06035952642560005,0.4210774302482605,0.5329688191413879,-0.0711890161037445,0.32495391368865967,0.6335499286651611,-0.02442532405257225,0.3526149094104767,0.5627016425132751,-0.0405057929456234,0.3705103397369385,0.5153748989105225,-0.054479748010635376,0.3840633034706116,0.4762042164802551,-0.06446191668510437,0.2964610755443573,0.6236692667007446,-0.024322403594851494,0.3119014799594879,0.5545504093170166,-0.040136635303497314,0.32434991002082825,0.5092668533325195,-0.05273840203881264,0.33603352308273315,0.4710354208946228,-0.061302024871110916,0.26545000076293945,0.6272276043891907,-0.027124693617224693,0.26939499378204346,0.5772319436073303,-0.04207370802760124,0.2725660502910614,0.5434500575065613,-0.050212323665618896,0.2774765193462372,0.5125683546066284,-0.05522460117936134
0.2585446834564209,0.7861290574073792,4.4547292077368184e-07,0.306672602891922,0.7911808490753174,-0.03228830173611641,0.3517589569091797,0.770149290561676,-0.04805655777454376,0.392506867647171,0.7476494908332825,-0.060697298496961594,0.4270707070827484,0.7379364967346191,-0.07283256947994232,0.3481906056404114,0.660456657409668,-0.029694780707359314,0.37810465693473816,0.5998725891113281,-0.04816131293773651,0.39549556374549866,0.5584495067596436,-0.06314891576766968,0.40964657068252563,0.5220158100128174,-0.07404866069555283,0.3251299560070038,0.6355337500572205,-0.025950416922569275,0.3552494943141937,0.5676633715629578,-0.04207692667841911,0.37597933411598206,0.520828366279602,-0.05570143088698387,0.39274781942367554,0.4829722046852112,-0.06552441418170929,0.2973668873310089,0.6262365579605103,-0.025745196267962456,0.31995049118995667,0.559968113899231,-0.04153243452310562,0.3383353650569916,0.5179181694984436,-0.05401231348514557,0.35477960109710693,0.4843120574951172,-0.06239895895123482,0.2660083472728729,0.6288838982582092,-0.02858724631369114,0.27111291885375977,0.5783816576004028,-0.04395582154393196,0.27576103806495667,0.5432502031326294,-0.052515484392642975,0.2813829183578491,0.5116350650787354,-0.0577881783246994
0.25987744331359863,0.7861769795417786,4.251812413258449e-07,0.30919113755226135,0.7899003624916077,-0.027560537680983543,0.35438650846481323,0.7670668363571167,-0.041029635816812515,0.3951931297779083,0.742884635925293,-0.0523676760494709,0.4290482997894287,0.7321307063102722,-0.06318563222885132,0.34920603036880493,0.6591196060180664,-0.023273874074220657,0.3773282766342163,0.598449170589447,-0.039972707629203796,0.3932444751262665,0.5573623180389404,-0.0534433089196682,0.40602731704711914,0.5213472843170166,-0.06334362179040909,0.3263627588748932,0.6344255208969116,-0.02136518619954586,0.35635906457901,0.5671282410621643,-0.036255016922950745,0.37755927443504333,0.5217148661613464,-0.04855930805206299,0.39486902952194214,0.48475009202957153,-0.05724773183465004,0.2983647882938385,0.6254043579101562,-0.022823186591267586,0.31788331270217896,0.5571804046630859,-0.03756459057331085,0.3340179920196533,0.5150311589241028,-0.048670750111341476,0.3492359519004822,0.48097261786460876,-0.055982496589422226,0.2668256163597107,0.6290878057479858,-0.027011994272470474,0.2704237401485443,0.5781525373458862,-0.04139427840709686,0.27421659231185913,0.5429858565330505,-0.0489930585026741,0.2795848548412323,0.5110107660293579,-0.05349848419427872
0.2616615891456604,0.7848418951034546,4.010647955965396e-07,0.30899354815483093,0.7900923490524292,-0.0310827549546957,0.35330620408058167,0.7684224247932434,-0.04606553912162781,0.3938489556312561,0.7446631193161011,-0.058202024549245834,0.42856454849243164,0.7345383167266846,-0.06969735026359558,0.35316768288612366,0.6599260568618774,-0.027054255828261375,0.3804026246070862,0.5976133346557617,-0.044188570231199265,0.3953782320022583,0.555244505405426,-0.058088332414627075,0.40766653418540955,0.5184263586997986,-0.06843234598636627,0.3311018943786621,0.6353980898857117,-0.023710057139396667,0.3593786358833313,0.56706303358078,-0.039228856563568115,0.37931713461875916,0.5199838876724243,-0.05251814052462578,0.3959255516529083,0.48214656114578247,-0.06222758814692497,0.3041743040084839,0.6261430978775024,-0.02391999028623104,0.3269299268722534,0.5607556700706482,-0.03947124257683754,0.3450590670108795,0.5193676352500916,-0.05228143557906151,0.36125656962394714,0.4866941273212433,-0.06097938492894173,0.2735253572463989,0.628241240978241,-0.027079729363322258,0.27854979038238525,0.5779667496681213,-0.042656075209379196,0.2826329469680786,0.5430744886398315,-0.0519939661026001,0.2875535190105438,0.5117098093032837,-0.05789358168840408
0.26315969228744507,0.7853555679321289,3.8443266703325207e-07,0.3137451410293579,0.7882272601127625,-0.03223594278097153,0.35815489292144775,0.7684471607208252,-0.047946952283382416,0.3964073956012726,0.7465426921844482,-0.06056014820933342,0.4300370216369629,0.7363033294677734,-0.07309065014123917,0.3550671935081482,0.6605283617973328,-0.02725910395383835,0.3760596811771393,0.5958026051521301,-0.044107720255851746,0.38603755831718445,0.5535151958465576,-0.05918261036276817,0.3946569859981537,0.5149984359741211,-0.07072768360376358,0.3308539390563965,0.6381968259811401,-0.02335209958255291,0.3518664240837097,0.5659489631652832,-0.04007800295948982,0.36545315384864807,0.5170857906341553,-0.05676638334989548,0.3771951198577881,0.4752124845981598,-0.06926269829273224,0.30291545391082764,0.6311154365539551,-0.022768497467041016,0.3220287561416626,0.565485954284668,-0.038765061646699905,0.3371989130973816,0.5236589908599854,-0.052832309156656265,0.35119888186454773,0.4873637557029724,-0.06265226006507874,0.27287372946739197,0.6331878900527954,-0.025147415697574615,0.289712518453598,0.5824225544929504,-0.03939453139901161,0.30083733797073364,0.5509306788444519,-0.04806681349873543,0.31291866302490234,0.5211853384971619,-0.054188162088394165
0.2640555500984192,0.7843876481056213,4.006462575034675e-07,0.31350889801979065,0.7894803285598755,-0.029697446152567863,0.3577965199947357,0.7680081725120544,-0.04461098089814186,0.3964771330356598,0.7466243505477905,-0.057081952691078186,0.43055230379104614,0.7376964092254639,-0.06993912160396576,0.36193785071372986,0.6624590754508972,-0.029378071427345276,0.39387935400009155,0.6059815883636475,-0.04795172065496445,0.4120118319988251,0.5675791501998901,-0.06349543482065201,0.42676854133605957,0.5328325629234314,-0.07558299601078033,0.3359377682209015,0.6360064744949341,-0.028008921071887016,0.3589402437210083,0.5617162585258484,-0.046094637364149094,0.3729923367500305,0.5144684910774231,-0.06250586360692978,0.38435715436935425,0.47470158338546753,-0.0746762603521347,0.3064275085926056,0.6289923191070557,-0.029628124088048935,0.3230246603488922,0.5606663823127747,-0.0475977398455143,0.3373588025569916,0.5171470046043396,-0.061805229634046555,0.35088974237442017,0.4790323078632355,-0.07182787358760834,0.27499258518218994,0.6356303691864014,-0.03386141359806061,0.2872617542743683,0.586061954498291,-0.05063765123486519,0.2970965504646301,0.5539149045944214,-0.060038454830646515,0.30847790837287903,0.5235073566436768,-0.06651991605758667
0.2603934407234192,0.7837631702423096,3.8160357007654966e-07,0.30708277225494385,0.7896919846534729,-0.027396006509661674,0.35219770669937134,0.7676224708557129,-0.040103137493133545,0.392477810382843,0.7432006597518921,-0.05059770494699478,0.42598092555999756,0.732495129108429,-0.060718391090631485,0.3561989367008209,0.6671561598777771,-0.023919522762298584,0.39021462202072144,0.6152017116546631,-0.04138324037194252,0.4105914831161499,0.578249990940094,-0.055631089955568314,0.42718154191970825,0.545850932598114,-0.06624381244182587,0.3340490460395813,0.6383190751075745,-0.022849412634968758,0.364543616771698,0.5689531564712524,-0.03858092799782753,0.3843386173248291,0.5228942632675171,-0.05181499198079109,0.40007102489471436,0.4848141074180603,-0.06120464205741882,0.3069738447666168,0.6267381310462952,-0.025031840428709984,0.3299544155597687,0.5596911311149597,-0.0411427803337574,0.34719011187553406,0.5170237421989441,-0.05335363745689392,0.36283209919929504,0.4816506505012512,-0.061518821865320206,0.27593564987182617,0.6282528638839722,-0.029811646789312363,0.28020599484443665,0.5778098106384277,-0.045854602009058,0.28489556908607483,0.5426302552223206,-0.054421212524175644,0.2912328541278839,0.5109764933586121,-0.059582747519016266
0.2583853304386139,0.7816222906112671,3.78321061589304e-07,0.30311936140060425,0.7850757837295532,-0.036504969000816345,0.34407564997673035,0.7608305215835571,-0.05102302506566048,0.3729196786880493,0.7217304706573486,-0.06116311997175217,0.3886905312538147,0.6787908673286438,-0.07045956701040268,0.356536865234375,0.6650720238685608,-0.03050096519291401,0.3882962167263031,0.6097041964530945,-0.047440700232982635,0.40519094467163086,0.5705369710922241,-0.06139548122882843,0.418643057346344,0.5359852313995361,-0.07168657332658768,0.3344898521900177,0.6375443339347839,-0.023628441616892815,0.3654603660106659,0.5727604627609253,-0.03803374618291855,0.3846302032470703,0.5275295376777649,-0.05225970223546028,0.40074560046195984,0.4896273910999298,-0.06313895434141159,0.30678534507751465,0.6256006956100464,-0.020726250484585762,0.33084118366241455,0.5635403990745544,-0.03564581647515297,0.34824585914611816,0.5229959487915039,-0.051060717552900314,0.36432504653930664,0.4901437759399414,-0.06244244426488876,0.2753877341747284,0.625474750995636,-0.02110895700752735,0.2789975106716156,0.579321026802063,-0.03739204630255699,0.2820965051651001,0.5456050634384155,-0.04946962743997574,0.2866952419281006,0.515243649482727,-0.05792102962732315
0.6453408002853394,0.7652459740638733,3.252560247801739e-07,0.5912845134735107,0.7354247570037842,-0.02023906074464321,0.5547114610671997,0.6799484491348267,-0.029165567830204964,0.5315821170806885,0.6224761605262756,-0.037304285913705826,0.5099250674247742,0.5737560391426086,-0.044253021478652954,0.5770295858383179,0.578059732913971,-0.0011392392916604877,0.5637374520301819,0.5049676895141602,-0.01451482530683279,0.5584238767623901,0.4614526927471161,-0.028508463874459267,0.5570393800735474,0.42125797271728516,-0.03912763297557831,0.6088765859603882,0.5654942989349365,-0.003064044751226902,0.5970890522003174,0.4844399690628052,-0.011666209436953068,0.5908148288726807,0.43393033742904663,-0.023171469569206238,0.5857340097427368,0.39134687185287476,-0.03254939988255501,0.6399272084236145,0.5698149800300598,-0.009394073858857155,0.6306264996528625,0.4968379735946655,-0.01839311048388481,0.6233882308006287,0.4499041438102722,-0.02551431581377983,0.6160805821418762,0.4086619019508362,-0.03205299749970436,0.6715584397315979,0.58720862865448,-0.01854754611849785,0.6698722839355469,0.5344631671905518,-0.02671995386481285,0.6685603260993958,0.5001080632209778,-0.029576538130640984,0.6672447323799133,0.46733948588371277,-0.0321248434484005
0.6761776208877563,0.7573524117469788,3.260620076162013e-07,0.6216671466827393,0.7185734510421753,-0.01932426542043686,0.5919008851051331,0.6466476321220398,-0.024616464972496033,0.5784062147140503,0.5753301382064819,-0.02925300970673561,0.558825671672821,0.5202646255493164,-0.03243580088019371,0.6170957684516907,0.5476722121238708,0.0028961224015802145,0.6064241528511047,0.46915826201438904,-0.00799612607806921,0.6024162769317627,0.4233015179634094,-0.020426392555236816,0.6013354659080505,0.3806475102901459,-0.030311886221170425,0.6506756544113159,0.5387622117996216,0.0016356123378500342,0.6397785544395447,0.4526112675666809,-0.00429965415969491,0.6337285041809082,0.4003937840461731,-0.014370236545801163,0.6277664303779602,0.35587167739868164,-0.02293391525745392,0.683624804019928,0.5487204790115356,-0.004094741307199001,0.6774747967720032,0.4714638590812683,-0.012221623212099075,0.6723588705062866,0.42490679025650024,-0.01916571334004402,0.665937066078186,0.38502103090286255,-0.02548215724527836,0.7183586359024048,0.572727620601654,-0.012717637233436108,0.728990375995636,0.5189552307128906,-0.02085011638700962,0.7343921065330505,0.4839420020580292,-0.02443709410727024,0.7374939918518066,0.451500803232193,-0.027372298762202263
0.6968020796775818,0.7519882917404175,3.788455558151327e-07,0.6406136751174927,0.7050532698631287,-0.02345089428126812,0.6124521493911743,0.6265064477920532,-0.027674581855535507,0.6045709848403931,0.5532912611961365,-0.031003665179014206,0.600976288318634,0.4936690330505371,-0.03269181773066521,0.641036331653595,0.5357621312141418,0.003721188521012664,0.6196353435516357,0.457309365272522,-0.007402600720524788,0.6090050339698792,0.4065325856208801,-0.017962472513318062,0.6045316457748413,0.36231479048728943,-0.02576616033911705,0.6817642450332642,0.5253917574882507,0.004450291395187378,0.6764735579490662,0.43738245964050293,0.0003504244959913194,0.6747486591339111,0.38320744037628174,-0.006961345672607422,0.6742936968803406,0.34121325612068176,-0.012402297928929329,0.7198663353919983,0.5379502773284912,-0.0004247327451594174,0.727851152420044,0.4659698009490967,-0.010345504619181156,0.7290005683898926,0.42052724957466125,-0.01920381933450699,0.7291564345359802,0.38214218616485596,-0.025366369634866714,0.7540650367736816,0.5672865509986877,-0.008329570293426514,0.7796041369438171,0.5266963839530945,-0.020131662487983704,0.7964067459106445,0.49908363819122314,-0.025960953906178474,0.8110833168029785,0.47243523597717285,-0.02910528890788555
0.6951390504837036,0.7634889483451843,3.974047615429299e-07,0.6371316313743591,0.7232785820960999,-0.02217581681907177,0.6017441153526306,0.6533603072166443,-0.030930552631616592,0.5827192068099976,0.5857706665992737,-0.038784902542829514,0.5618498921394348,0.5315699577331543,-0.045205008238554,0.631817638874054,0.5426453948020935,-0.0015867615584284067,0.6255010366439819,0.4593617022037506,-0.016162032261490822,0.6261811852455139,0.41013702750205994,-0.03166462108492851,0.6298241019248962,0.3657204508781433,-0.04357806220650673,0.6673991680145264,0.5344156622886658,-0.0032210396602749825,0.6599674224853516,0.44197651743888855,-0.012223443947732449,0.6563927531242371,0.3862471282482147,-0.024477744475007057,0.6524089574813843,0.3390246629714966,-0.03447602689266205,0.7017839550971985,0.5450444221496582,-0.009596072137355804,0.695959210395813,0.46126440167427063,-0.019327668473124504,0.69028240442276,0.4095468819141388,-0.026786360889673233,0.6835501194000244,0.3644322156906128,-0.033730775117874146,0.7378872036933899,0.571526288986206,-0.019176283851265907,0.746184229850769,0.5156752467155457,-0.0283270962536335,0.7502593994140625,0.4790365695953369,-0.0317436046898365,0.7525409460067749,0.4445888102054596,-0.03465719148516655
0.7001555562019348,0.757566511631012,4.112016540602781e-07,0.6431187391281128,0.7229558825492859,-0.02450251393020153,0.605882465839386,0.6541295647621155,-0.031877581030130386,0.585510790348053,0.5879481434822083,-0.03766131028532982,0.5616549849510193,0.5347595810890198,-0.04219552502036095,0.6328130960464478,0.5457266569137573,-0.0026381390634924173,0.6133832335472107,0.46542271971702576,-0.01366505678743124,0.6048008799552917,0.41543424129486084,-0.024558598175644875,0.6013035774230957,0.3724808692932129,-0.03331034630537033,0.674183189868927,0.5314587354660034,-0.00348501349799335,0.6664842367172241,0.43787044286727905,-0.009032279253005981,0.6628404855728149,0.37922877073287964,-0.01894727535545826,0.6603370308876038,0.3326524496078491,-0.027366088703274727,0.7121093273162842,0.5407463312149048,-0.009372079744935036,0.718982458114624,0.4586790204048157,-0.020113537088036537,0.7212241888046265,0.40453606843948364,-0.03176238015294075,0.7217884659767151,0.35784369707107544,-0.041320353746414185,0.7472252249717712,0.5681199431419373,-0.018011365085840225,0.7691247463226318,0.52044278383255,-0.03103264793753624,0.7833608984947205,0.48730865120887756,-0.038302332162857056,0.7951419949531555,0.45562607049942017,-0.043614357709884644
0.7025986909866333,0.7605547904968262,4.0467980966241157e-07,0.6456115245819092,0.7216030955314636,-0.023144293576478958,0.6111937165260315,0.6554151177406311,-0.03420760855078697,0.5931650400161743,0.5926740169525146,-0.04393470659852028,0.5716763734817505,0.5419003963470459,-0.05230123549699783,0.6424009203910828,0.5418702960014343,-0.005582330282777548,0.6391450762748718,0.4591158628463745,-0.021535489708185196,0.6422011256217957,0.4106845259666443,-0.038077905774116516,0.6484118700027466,0.3670230805873871,-0.050623513758182526,0.678409218788147,0.5337022542953491,-0.0076052350923419,0.6741617321968079,0.4406265914440155,-0.017707448452711105,0.6734045147895813,0.3847684860229492,-0.030567623674869537,0.6723926067352295,0.33717480301856995,-0.0411885529756546,0.7115797996520996,0.5450078248977661,-0.014270919375121593,0.7084803581237793,0.4592202603816986,-0.024625957012176514,0.7055976986885071,0.4059416651725769,-0.03212315961718559,0.7020475268363953,0.35916730761528015,-0.03935190662741661,0.7459023594856262,0.572028636932373,-0.024111242964863777,0.7515859007835388,0.514556348323822,-0.03357330337166786,0.7548118233680725,0.477365642786026,-0.03657315671443939,0.7569900751113892,0.4415876269340515,-0.03939973935484886
0.7014616131782532,0.7557588815689087,3.4769868761941325e-07,0.6458274722099304,0.7191095352172852,-0.0201705452054739,0.6098741888999939,0.6538055539131165,-0.029792020097374916,0.5926012992858887,0.5939496159553528,-0.03866978734731674,0.5739776492118835,0.5424613952636719,-0.046930279582738876,0.6396443843841553,0.5406704545021057,-0.004816807806491852,0.6327592730522156,0.4600837230682373,-0.018422933295369148,0.6328226923942566,0.4135355055332184,-0.032477252185344696,0.6364017724990845,0.3710925281047821,-0.043663665652275085,0.6769952178001404,0.5309621095657349,-0.008918370120227337,0.677725076675415,0.43990808725357056,-0.01795574277639389,0.6814337968826294,0.3857525587081909,-0.02998855896294117,0.6844422221183777,0.34160637855529785,-0.04034799709916115,0.7098361253738403,0.5413388609886169,-0.01744491420686245,0.710883617401123,0.45737534761428833,-0.02737560123205185,0.7096167206764221,0.40574949979782104,-0.03640422597527504,0.7070115804672241,0.3594788908958435,-0.044984396547079086,0.7408168911933899,0.5668713450431824,-0.028643110767006874,0.7421035766601562,0.5044237375259399,-0.038819052278995514,0.7419610023498535,0.46327751874923706,-0.04369683191180229,0.7409454584121704,0.42338505387306213,-0.04832229018211365
0.7052951455116272,0.7529628872871399,3.537095949468494e-07,0.6481314301490784,0.7162296772003174,-0.023105841130018234,0.6130305528640747,0.6533684134483337,-0.03267880529165268,0.5959266424179077,0.5924650430679321,-0.04102761670947075,0.5781059265136719,0.5398528575897217,-0.047885410487651825,0.6410782933235168,0.5404424667358398,-0.0026970296166837215,0.6302351951599121,0.460942804813385,-0.016210466623306274,0.6275814771652222,0.4139799475669861,-0.030670249834656715,0.6294036507606506,0.37131911516189575,-0.041806235909461975,0.679328441619873,0.5294190645217896,-0.004136699717491865,0.6698498725891113,0.4409886598587036,-0.01256515458226204,0.6659718751907349,0.38531026244163513,-0.024718526750802994,0.6633489727973938,0.3387584686279297,-0.03497316688299179,0.7144997715950012,0.538299024105072,-0.01043825875967741,0.7160556316375732,0.4592108428478241,-0.02023852989077568,0.7159744501113892,0.4096706211566925,-0.028960127383470535,0.7139496207237244,0.3664517402648926,-0.036815058439970016,0.7481545805931091,0.5627822875976562,-0.01978844776749611,0.7565593719482422,0.5077725052833557,-0.029257597401738167,0.7606996297836304,0.4711174964904785,-0.03337888419628143,0.7630976438522339,0.43565231561660767,-0.036964040249586105
0.7036569714546204,0.7505009770393372,3.788202320720302e-07,0.6491896510124207,0.7071404457092285,-0.02077624946832657,0.6214261054992676,0.6296075582504272,-0.02652597241103649,0.6117080450057983,0.5587702989578247,-0.03217978775501251,0.6080832481384277,0.5026223063468933,-0.036282237619161606,0.6461045742034912,0.5367280840873718,0.0023763980716466904,0.6373744010925293,0.45913007855415344,-0.012578064575791359,0.6388368010520935,0.4095292091369629,-0.02658475749194622,0.6449989676475525,0.36665672063827515,-0.03653396666049957,0.6806899309158325,0.5274289846420288,0.001489497721195221,0.6688504815101624,0.4419141113758087,-0.005815128330141306,0.663438081741333,0.38921302556991577,-0.01391110010445118,0.6593162417411804,0.34477126598358154,-0.02003401331603527,0.7169281840324402,0.5369967222213745,-0.004813129547983408,0.7162923812866211,0.4578758776187897,-0.0156413521617651,0.7143319845199585,0.4092729389667511,-0.022591160610318184,0.7118679285049438,0.3687339127063751,-0.02777193672955036,0.7530579566955566,0.5631953477859497,-0.01428409107029438,0.7742016315460205,0.516205906867981,-0.026342513039708138,0.7879268527030945,0.48441779613494873,-0.03193739429116249,0.7996624708175659,0.45435500144958496,-0.03512808680534363
0.7044889330863953,0.748845100402832,3.854678709558357e-07,0.646342933177948,0.7101113796234131,-0.02189667895436287,0.6144664883613586,0.6355983018875122,-0.02494136244058609,0.6026219725608826,0.5656731724739075,-0.026883114129304886,0.5859108567237854,0.5091826319694519,-0.027552584186196327,0.6456441879272461,0.5373326539993286,0.004114604089409113,0.6291404962539673,0.4596550464630127,-0.0038856833707541227,0.6237134337425232,0.4116174578666687,-0.012660671956837177,0.6228175163269043,0.3709336817264557,-0.019581621512770653,0.686012864112854,0.5279256701469421,0.004073151387274265,0.6794673204421997,0.44020241498947144,0.0020269493106752634,0.6774340271949768,0.3862511217594147,-0.005230265203863382,0.6765779256820679,0.34530502557754517,-0.011371866799890995,0.7232205867767334,0.539374828338623,-0.001201858976855874,0.7268409132957458,0.4634748101234436,-0.00951530784368515,0.7257017493247986,0.4164190888404846,-0.01935926079750061,0.7238103151321411,0.37651199102401733,-0.027171188965439796,0.7579835057258606,0.565636157989502,-0.00927131250500679,0.7805265784263611,0.5220385789871216,-0.020885484293103218,0.7951306104660034,0.49206817150115967,-0.028083650395274162,0.8082436919212341,0.46256569027900696,-0.03289089724421501
0.7092601656913757,0.752469539642334,3.837432984710176e-07,0.6510041356086731,0.7108398079872131,-0.02016555890440941,0.6162286996841431,0.6380311250686646,-0.025959813967347145,0.594682514667511,0.5718724131584167,-0.031103815883398056,0.5661523342132568,0.5283604860305786,-0.03469099849462509,0.6491101384162903,0.5363706350326538,0.005953718908131123,0.6429407596588135,0.457255482673645,-0.004318306688219309,0.6443390250205994,0.4116199016571045,-0.017170755192637444,0.6478055715560913,0.36948955059051514,-0.027470536530017853,0.6840710639953613,0.5303528904914856,0.005213536787778139,0.6774705052375793,0.4444250166416168,3.6577018818206852e-06,0.6749421954154968,0.39273375272750854,-0.009373287670314312,0.6712352633476257,0.3485046625137329,-0.017219197005033493,0.7173523902893066,0.5420380234718323,-0.00040543373324908316,0.7117782831192017,0.46529701352119446,-0.007204518653452396,0.7055391669273376,0.41845348477363586,-0.011717854999005795,0.6987265348434448,0.3787943124771118,-0.016249580308794975,0.7532886266708374,0.5675407648086548,-0.009282004088163376,0.76231849193573,0.5150740742683411,-0.015233252197504044,0.7665098309516907,0.4815356135368347,-0.016228482127189636,0.7696086764335632,0.45033127069473267,-0.017317987978458405
0.7040466666221619,0.7515922784805298,3.754979616132914e-07,0.6470199823379517,0.7199388742446899,-0.021309463307261467,0.6076498031616211,0.6501216888427734,-0.026415454223752022,0.5822937488555908,0.5854862332344055,-0.030662473291158676,0.5509802103042603,0.5427241921424866,-0.03420358523726463,0.6355203986167908,0.5441998243331909,0.0014527449384331703,0.6114360690116882,0.4692406952381134,-0.006790924351662397,0.6008017063140869,0.4224187731742859,-0.0157368965446949,0.5955585837364197,0.38211876153945923,-0.023510178551077843,0.6777631640434265,0.5294651389122009,-0.0006984056090004742,0.6698967814445496,0.4420280456542969,-0.0041300393640995026,0.667206883430481,0.3860474228858948,-0.012176447547972202,0.6657595038414001,0.3425391912460327,-0.019291209056973457,0.7166261076927185,0.5386297702789307,-0.007790805771946907,0.7263193726539612,0.4595470130443573,-0.01848212443292141,0.7314086556434631,0.407604843378067,-0.029416324570775032,0.7343229651451111,0.36180612444877625,-0.03798907622694969,0.7514926791191101,0.5652889609336853,-0.017256487160921097,0.7743817567825317,0.5163482427597046,-0.031106963753700256,0.7897930145263672,0.4831637740135193,-0.038327235728502274,0.8021222352981567,0.4504879117012024,-0.04328358918428421
0.6985597014427185,0.7566576600074768,3.0072339995967923e-07,0.6415790319442749,0.7152218818664551,-0.01758979633450508,0.6090874671936035,0.6417824625968933,-0.02391985058784485,0.5924727916717529,0.5737563967704773,-0.030155645683407784,0.5681467056274414,0.5264434218406677,-0.035781439393758774,0.6419110894203186,0.5433730483055115,0.0026271722745150328,0.6400250792503357,0.4649936258792877,-0.009971396997570992,0.6437340378761292,0.4192712903022766,-0.02423955127596855,0.6496545672416687,0.37692970037460327,-0.03551516681909561,0.6768049597740173,0.5350888967514038,-0.001085093361325562,0.6748751401901245,0.4477299451828003,-0.009188605472445488,0.6752749681472778,0.39540737867355347,-0.020909776911139488,0.6746654510498047,0.35061633586883545,-0.030844366177916527,0.708572268486023,0.5443089008331299,-0.00915510207414627,0.7053914070129395,0.46403008699417114,-0.017852600663900375,0.7011103630065918,0.4140666127204895,-0.024726521223783493,0.6956631541252136,0.37025171518325806,-0.03136209398508072,0.740842342376709,0.567726731300354,-0.02000458538532257,0.7391620874404907,0.5065240263938904,-0.02832740917801857,0.736446738243103,0.46740663051605225,-0.031028639525175095,0.7321100234985352,0.4307917058467865,-0.03370402380824089
0.6988901495933533,0.7551714777946472,2.8806994123442564e-07,0.6415725350379944,0.7177504897117615,-0.018008509650826454,0.6093127727508545,0.6460497379302979,-0.023640908300876617,0.593974232673645,0.5779345035552979,-0.029379524290561676,0.5672164559364319,0.5310474634170532,-0.03472556546330452,0.6396133303642273,0.5473532676696777,0.005388614721596241,0.6306413412094116,0.46968942880630493,-0.005462142173200846,0.6290998458862305,0.4243023991584778,-0.018663572147488594,0.6306108832359314,0.3824121654033661,-0.02963878959417343,0.6746388077735901,0.5383840203285217,0.0014050460886210203,0.6679742932319641,0.45199552178382874,-0.006451442837715149,0.6663345694541931,0.39948752522468567,-0.019437436014413834,0.6646565198898315,0.3548852801322937,-0.0305014718323946,0.705969512462616,0.5466591119766235,-0.007219705730676651,0.7017437219619751,0.46902477741241455,-0.01660393550992012,0.6973468065261841,0.41941291093826294,-0.02622375451028347,0.6924059391021729,0.3756360411643982,-0.0350726917386055,0.7376430630683899,0.567577064037323,-0.018559139221906662,0.7363806962966919,0.5095188021659851,-0.02756272628903389,0.7342019081115723,0.47167152166366577,-0.03238163888454437,0.7315363883972168,0.43525010347366333,-0.037150293588638306
0.6941090226173401,0.7511565089225769,3.942351156638324e-07,0.639560878276825,0.7212249636650085,-0.023788433521986008,0.6015762090682983,0.6567466855049133,-0.03179425746202469,0.5756396651268005,0.596319317817688,-0.03850923478603363,0.5453082323074341,0.5530527234077454,-0.044275667518377304,0.6262860894203186,0.5533630847930908,-0.00580771965906024,0.6028206944465637,0.48058339953422546,-0.016172900795936584,0.5924737453460693,0.43409985303878784,-0.025802042335271835,0.5878262519836426,0.39397525787353516,-0.033998481929302216,0.6684463024139404,0.5384741425514221,-0.007218567188829184,0.6618461012840271,0.4540695250034332,-0.01327427476644516,0.6613974571228027,0.3998886048793793,-0.022644532844424248,0.661990761756897,0.35665854811668396,-0.030793242156505585,0.7068085670471191,0.5474015474319458,-0.013403549790382385,0.7246695756912231,0.4727053940296173,-0.028115438297390938,0.738958477973938,0.4236774444580078,-0.04105326905846596,0.7495002746582031,0.38085511326789856,-0.050110824406147,0.7395897507667542,0.5738379955291748,-0.021746715530753136,0.7673172354698181,0.5224222540855408,-0.03959716111421585,0.7866736650466919,0.48901134729385376,-0.04913385957479477,0.8019251823425293,0.45631664991378784,-0.05521359667181969
0.6944676041603088,0.7505844831466675,3.9104187976590765e-07,0.6393043994903564,0.7220114469528198,-0.02246220037341118,0.6011803150177002,0.6594339609146118,-0.030364084988832474,0.5749027729034424,0.5997276306152344,-0.03684619814157486,0.5433602929115295,0.5609086155891418,-0.04253790155053139,0.6291687488555908,0.5547946691513062,-0.0030836937949061394,0.6159089207649231,0.47835853695869446,-0.013440657407045364,0.6106998920440674,0.43217140436172485,-0.024348901584744453,0.6087038516998291,0.3914201557636261,-0.03327060118317604,0.6662335395812988,0.5438789129257202,-0.0038662285078316927,0.6600061058998108,0.4594476819038391,-0.009835395961999893,0.6570400595664978,0.4068876802921295,-0.019177773967385292,0.6544387340545654,0.3653535842895508,-0.027253231033682823,0.7006205320358276,0.5517298579216003,-0.009143429808318615,0.6992111802101135,0.47650963068008423,-0.018174530938267708,0.6958256363868713,0.42860645055770874,-0.02627745270729065,0.6916623711585999,0.3871650695800781,-0.033528346568346024,0.7338106632232666,0.5732501745223999,-0.01720348186790943,0.7470543384552002,0.5232091546058655,-0.026857806369662285,0.7554850578308105,0.48880285024642944,-0.03148410841822624,0.7625508904457092,0.4556621313095093,-0.035326920449733734
0.6948816776275635,0.7545353770256042,3.38309888547883e-07,0.6422456502914429,0.717607319355011,-0.018037250265479088,0.607714056968689,0.6520795226097107,-0.026000147685408592,0.5868396759033203,0.5922784209251404,-0.0336325578391552,0.5618782639503479,0.5496110320091248,-0.04054603725671768,0.6382556557655334,0.5517529249191284,-0.0013838200829923153,0.6340093612670898,0.4751436710357666,-0.015224223025143147,0.6365256905555725,0.4299274981021881,-0.029859883710741997,0.6421418190002441,0.3895447552204132,-0.041034597903490067,0.6712397336959839,0.5437427759170532,-0.004772570449858904,0.6665792465209961,0.45748788118362427,-0.013857729732990265,0.6658706665039062,0.4050379991531372,-0.025473235175013542,0.6654081344604492,0.36129939556121826,-0.03500864654779434,0.7024270296096802,0.5528774261474609,-0.012272612191736698,0.6984188556671143,0.4732033908367157,-0.02170243114233017,0.695417046546936,0.42373383045196533,-0.028392253443598747,0.6922435164451599,0.38096731901168823,-0.034673482179641724,0.7345354557037354,0.5761969089508057,-0.022450417280197144,0.7371883988380432,0.5189988017082214,-0.031029999256134033,0.7386683821678162,0.48162129521369934,-0.033646371215581894,0.7395430207252502,0.44626307487487793,-0.03609452396631241
0.6978287100791931,0.7509447336196899,3.555366845375829e-07,0.644380509853363,0.7174551486968994,-0.020544206723570824,0.6097038984298706,0.6557648181915283,-0.028742551803588867,0.5883941650390625,0.5964514017105103,-0.0361129455268383,0.5653870701789856,0.5494624972343445,-0.04233619570732117,0.6372824311256409,0.5537981390953064,-0.0016174520133063197,0.6291395425796509,0.4787728488445282,-0.014427571557462215,0.6290363669395447,0.43413466215133667,-0.02809290401637554,0.6321058869361877,0.39405590295791626,-0.03863372653722763,0.6702263355255127,0.5449100732803345,-0.0033325254917144775,0.6611242294311523,0.4611482322216034,-0.011962711811065674,0.6567210555076599,0.40962058305740356,-0.023557323962450027,0.6526683568954468,0.3663948178291321,-0.03295784071087837,0.7022829651832581,0.5531535148620605,-0.009416828863322735,0.6973437666893005,0.4762020707130432,-0.019462980329990387,0.6928310394287109,0.42816099524497986,-0.027547594159841537,0.6874316930770874,0.3863679766654968,-0.034551553428173065,0.7355588674545288,0.5753704905509949,-0.018273117020726204,0.743385910987854,0.5221440196037292,-0.027869315817952156,0.7480819225311279,0.4870833158493042,-0.032008588314056396,0.7513375878334045,0.4538542628288269,-0.035353884100914
0.699656069278717,0.7510983347892761,3.358470621606102e-07,0.6454784870147705,0.717437207698822,-0.020320188254117966,0.6109038591384888,0.6571453809738159,-0.02703511342406273,0.5913423299789429,0.5982934236526489,-0.03272496163845062,0.5693308115005493,0.5501189231872559,-0.03707439824938774,0.6342620849609375,0.5558881759643555,0.00299037410877645,0.6179434657096863,0.48466256260871887,-0.006416568998247385,0.6102188229560852,0.44250422716140747,-0.017642730847001076,0.6062585711479187,0.40398550033569336,-0.02665410377085209,0.6697484850883484,0.5448447465896606,0.0017538247630000114,0.6620925068855286,0.46168798208236694,-0.0028101508505642414,0.6580512523651123,0.410388708114624,-0.012029759585857391,0.6543159484863281,0.36913275718688965,-0.019983867183327675,0.702605128288269,0.5528308749198914,-0.004152792505919933,0.6966891884803772,0.47870150208473206,-0.010825768113136292,0.6903476119041443,0.4318666160106659,-0.01754968799650669,0.6836487650871277,0.3906156122684479,-0.02398565597832203,0.7351981997489929,0.5738987326622009,-0.012901073321700096,0.7394660115242004,0.5223093032836914,-0.01981043815612793,0.7409811615943909,0.4880965054035187,-0.022434094920754433,0.7420618534088135,0.4547625184059143,-0.024982064962387085
0.7027135491371155,0.7499229311943054,3.588623371797439e-07,0.6491480469703674,0.7150958180427551,-0.02078058570623398,0.6168859601020813,0.6554890871047974,-0.029405497014522552,0.598375678062439,0.5977228879928589,-0.03691408783197403,0.5788533687591553,0.5498332977294922,-0.042921729385852814,0.6459009647369385,0.5489131212234497,-0.0015599577454850078,0.6406601071357727,0.47376999258995056,-0.014336341992020607,0.6421002149581909,0.43051064014434814,-0.02843770943582058,0.6462298631668091,0.3910636901855469,-0.03922564163804054,0.6793384552001953,0.541958749294281,-0.002370478818193078,0.6737075448036194,0.4598408341407776,-0.009357988834381104,0.6713274121284485,0.4106132388114929,-0.019629547372460365,0.6681738495826721,0.3687613010406494,-0.028387337923049927,0.710425615310669,0.5523487329483032,-0.007608450949192047,0.7059792876243591,0.47969672083854675,-0.014954212121665478,0.7010594010353088,0.4342498779296875,-0.02022406831383705,0.6952665448188782,0.3948638439178467,-0.025720566511154175,0.7429484724998474,0.5765451788902283,-0.015946753323078156,0.7497101426124573,0.5254455208778381,-0.022464193403720856,0.7526587247848511,0.49268481135368347,-0.024079879745841026,0.7544828057289124,0.4615439176559448,-0.025832897052168846
0.7038614153862,0.7462620139122009,4.1264092942583375e-07,0.6498072743415833,0.7140824794769287,-0.024167900905013084,0.6182445287704468,0.6545699238777161,-0.03233461454510689,0.6004731059074402,0.5961940884590149,-0.03897171840071678,0.5806751847267151,0.5459367036819458,-0.044220298528671265,0.6444151997566223,0.5527707934379578,-0.001487593399360776,0.6286282539367676,0.4803534150123596,-0.011057144962251186,0.6214497089385986,0.43568700551986694,-0.02110154740512371,0.6192063093185425,0.39699888229370117,-0.029075173661112785,0.6830779314041138,0.5421273708343506,-0.0010843141935765743,0.6787752509117126,0.46003010869026184,-0.004481361713260412,0.677838146686554,0.40742355585098267,-0.012320371344685555,0.6773106455802917,0.36586636304855347,-0.019447242841124535,0.7173170447349548,0.5515697002410889,-0.005827666260302067,0.7257766127586365,0.482529878616333,-0.0140755670145154,0.7301551699638367,0.43663159012794495,-0.02314688079059124,0.732272744178772,0.3969306945800781,-0.03073265217244625,0.7481211423873901,0.5753418207168579,-0.01351542491465807,0.7683252692222595,0.530549943447113,-0.024041758850216866,0.781505823135376,0.500298261642456,-0.03003409318625927,0.7925126552581787,0.47069644927978516,-0.03443898633122444
0.7038061618804932,0.7471950054168701,4.165734992511716e-07,0.6504268646240234,0.7122485637664795,-0.02310877852141857,0.6185076236724854,0.6512860655784607,-0.0328451506793499,0.6003599762916565,0.5909795165061951,-0.04125473275780678,0.5821097493171692,0.5402911305427551,-0.04818284139037132,0.6497852802276611,0.5486743450164795,-0.00506144342944026,0.6469314694404602,0.47251999378204346,-0.019169844686985016,0.6503424644470215,0.42753690481185913,-0.03321540728211403,0.6564357280731201,0.38828063011169434,-0.04378984495997429,0.6824966073036194,0.5429022312164307,-0.005209185183048248,0.6791579127311707,0.4585697650909424,-0.014261152595281601,0.6782302856445312,0.4078673720359802,-0.025268593803048134,0.6770081520080566,0.36499449610710144,-0.034173160791397095,0.7134385704994202,0.5530973076820374,-0.009928504936397076,0.7122526168823242,0.478902131319046,-0.020465299487113953,0.7095058560371399,0.43292564153671265,-0.028375472873449326,0.7061513662338257,0.3936050236225128,-0.035181429237127304,0.7459277510643005,0.5771256685256958,-0.01771428808569908,0.7599591016769409,0.5293719172477722,-0.02820172719657421,0.7693524360656738,0.49843600392341614,-0.03305858373641968,0.7772899866104126,0.4694860875606537,-0.036670491099357605
0.7085866332054138,0.7490947246551514,3.2558446605435165e-07,0.6558887362480164,0.7136808633804321,-0.0211505014449358,0.6240019202232361,0.6520588397979736,-0.029224392026662827,0.6091678142547607,0.5921978950500488,-0.03622466325759888,0.5920605659484863,0.5412437319755554,-0.042045675218105316,0.6460937261581421,0.5535447597503662,0.000595155346672982,0.6264294385910034,0.4857490658760071,-0.01016650814563036,0.6154641509056091,0.44390252232551575,-0.02214111015200615,0.6090782880783081,0.4050120711326599,-0.031887348741292953,0.6826643943786621,0.542326033115387,-0.001134946709498763,0.6783723831176758,0.4599848687648773,-0.007215566001832485,0.6777832508087158,0.4097120761871338,-0.017220215871930122,0.6772799491882324,0.3673914074897766,-0.02564350888133049,0.715250551700592,0.5513108968734741,-0.007538757752627134,0.7108761072158813,0.4774458110332489,-0.016169775277376175,0.7069684863090515,0.42994844913482666,-0.02387608028948307,0.7024163603782654,0.3859306573867798,-0.03074445016682148,0.7462434768676758,0.5740202069282532,-0.016690870746970177,0.7482864260673523,0.5213885307312012,-0.02557036466896534,0.7503005266189575,0.48658236861228943,-0.02883351407945156,0.7522424459457397,0.45186787843704224,-0.03170284256339073
0.7050961256027222,0.7452498078346252,3.780978943268565e-07,0.6524549722671509,0.7133706212043762,-0.020858019590377808,0.6204265356063843,0.6532889008522034,-0.026797598227858543,0.6039016246795654,0.5947667360305786,-0.031854383647441864,0.5857760310173035,0.5438984632492065,-0.03549882397055626,0.6459818482398987,0.5519435405731201,0.004677812103182077,0.628142774105072,0.48390311002731323,-0.001963286893442273,0.6211633682250977,0.44195371866226196,-0.010023864917457104,0.619305431842804,0.4069361388683319,-0.016695410013198853,0.684197187423706,0.5403121113777161,0.003782289568334818,0.6784859895706177,0.45889151096343994,0.0032360954210162163,0.6782935857772827,0.4077832102775574,-0.0024835907388478518,0.6793326735496521,0.3688969314098358,-0.007976860739290714,0.7184518575668335,0.5494930148124695,-0.002287291456013918,0.7283854484558105,0.47805607318878174,-0.008822105824947357,0.7343267798423767,0.4299808144569397,-0.017240239307284355,0.7382218241691589,0.38852787017822266,-0.024554386734962463,0.74936842918396,0.5740688443183899,-0.011032325215637684,0.7704501748085022,0.5309575200080872,-0.021094998344779015,0.7844984531402588,0.5017456412315369,-0.02672257088124752,0.7961044311523438,0.47310155630111694,-0.030827166512608528
0.7073385715484619,0.7428187727928162,3.284006027115538e-07,0.6548716425895691,0.7093325853347778,-0.016858911141753197,0.6224786043167114,0.6473780274391174,-0.020615587010979652,0.6078009009361267,0.5895490646362305,-0.024155763909220695,0.5937495231628418,0.5400416851043701,-0.025924526154994965,0.653314471244812,0.5506795048713684,0.012148555368185043,0.6447206735610962,0.4897891879081726,0.00967151764780283,0.6438401341438293,0.4538600444793701,0.003652848768979311,0.6459707617759705,0.4236878752708435,-0.001957616535946727,0.6869407296180725,0.5427632331848145,0.010617122054100037,0.6846851110458374,0.46787816286087036,0.013644080609083176,0.6866676211357117,0.42382967472076416,0.011093751527369022,0.6889657378196716,0.38999104499816895,0.007945953868329525,0.717399001121521,0.5519117116928101,0.004028512164950371,0.7145475149154663,0.47883832454681396,0.0015686157857999206,0.711554229259491,0.4339504837989807,-0.0025996938347816467,0.7080091238021851,0.39458131790161133,-0.007531001698225737,0.7475634813308716,0.5736814141273499,-0.005228695925325155,0.7550292015075684,0.5288631916046143,-0.010988171212375164,0.7594661712646484,0.5013406872749329,-0.01330425776541233,0.7633697390556335,0.47448837757110596,-0.015548340044915676
0.2158491015434265,0.7559325098991394,4.373926572043274e-07,0.2777688801288605,0.7520713806152344,-0.029878750443458557,0.3311512768268585,0.7148228287696838,-0.04270350560545921,0.376870334148407,0.6845915913581848,-0.053706951439380646,0.41585153341293335,0.673880934715271,-0.06498268246650696,0.32323387265205383,0.5960701704025269,-0.021780937910079956,0.3544507622718811,0.5237590074539185,-0.0387921966612339,0.3709661662578583,0.4778129458427429,-0.054541461169719696,0.3853561282157898,0.4372063875198364,-0.06709864735603333,0.2915521562099457,0.5713143348693848,-0.02096513845026493,0.31456077098846436,0.4847385287284851,-0.037166986614465714,0.3287365138530731,0.42940545082092285,-0.05395256355404854,0.3400471806526184,0.38515210151672363,-0.06686597317457199,0.2568158805370331,0.566025972366333,-0.024009300395846367,0.27536413073539734,0.48604080080986023,-0.04090981185436249,0.2911944091320038,0.43672722578048706,-0.055865686386823654,0.3056790828704834,0.3950972259044647,-0.06674925982952118,0.21976840496063232,0.5739572048187256,-0.030109647661447525,0.23300698399543762,0.5154623985290527,-0.04650057107210159,0.24277663230895996,0.47641703486442566,-0.05619927495718002,0.25368502736091614,0.4397090971469879,-0.06313280016183853
0.23283714056015015,0.7632505297660828,4.025216355785233e-07,0.2915950417518616,0.7566483020782471,-0.025920044630765915,0.3452087640762329,0.7157800197601318,-0.03796852380037308,0.39218828082084656,0.6845083236694336,-0.048758286982774734,0.43071627616882324,0.6763150691986084,-0.05965476110577583,0.3372029662132263,0.6012122631072998,-0.022589359432458878,0.3651576638221741,0.5286628007888794,-0.03978419676423073,0.378885418176651,0.48033416271209717,-0.053917158395051956,0.3884655833244324,0.4379119873046875,-0.06493741273880005,0.3073214888572693,0.5781354904174805,-0.02367524616420269,0.3371886909008026,0.4984962046146393,-0.039450716227293015,0.3563351333141327,0.4446437954902649,-0.05275547504425049,0.37060052156448364,0.39943528175354004,-0.06266035884618759,0.2721782326698303,0.5730228424072266,-0.028378460556268692,0.2876416742801666,0.49341148138046265,-0.04467274248600006,0.30093804001808167,0.44158661365509033,-0.05848272889852524,0.31324121356010437,0.3982670307159424,-0.06827180087566376,0.23326829075813293,0.5822762250900269,-0.035777486860752106,0.23138746619224548,0.5218222141265869,-0.052070777863264084,0.23027178645133972,0.4793107509613037,-0.06169547885656357,0.23107710480690002,0.4394962787628174,-0.06825936585664749
0.2502502501010895,0.7305399179458618,3.648308393167099e-07,0.3064981997013092,0.7205250859260559,-0.029246289283037186,0.35588711500167847,0.670304536819458,-0.03988714888691902,0.39905688166618347,0.6235489249229431,-0.04789600893855095,0.4351744055747986,0.5945338606834412,-0.055158477276563644,0.3494403660297394,0.5575234889984131,-0.02040865086019039,0.3736840486526489,0.48210597038269043,-0.03458096832036972,0.38357996940612793,0.43302881717681885,-0.047280870378017426,0.3899857997894287,0.39021703600883484,-0.05747291073203087,0.31968140602111816,0.5361813306808472,-0.018614452332258224,0.3471311926841736,0.4558560252189636,-0.030705155804753304,0.3643696904182434,0.40132200717926025,-0.042925819754600525,0.37847357988357544,0.3564741611480713,-0.05265653133392334,0.2844732403755188,0.532996654510498,-0.02100100927054882,0.30670166015625,0.4557572901248932,-0.03562624379992485,0.32391467690467834,0.4068337082862854,-0.05013775825500488,0.3399137854576111,0.3675925135612488,-0.060882583260536194,0.2445795089006424,0.5433055758476257,-0.026229584589600563,0.23915165662765503,0.4867953956127167,-0.04344666376709938,0.23510923981666565,0.4465831518173218,-0.05478771775960922,0.2328242063522339,0.4092307984828949,-0.06244892627000809
0.25660067796707153,0.7239817380905151,4.0096264797284675e-07,0.31576278805732727,0.7113234996795654,-0.030468622222542763,0.3636627495288849,0.6646684408187866,-0.04260646924376488,0.4059583246707916,0.6205166578292847,-0.052430059760808945,0.44333916902542114,0.5922833681106567,-0.06183696538209915,0.3514408767223358,0.5513700842857361,-0.01745286025106907,0.37041905522346497,0.4732357859611511,-0.033378325402736664,0.37823817133903503,0.4234433174133301,-0.048385705798864365,0.3840012550354004,0.3796986937522888,-0.05986829102039337,0.3201799988746643,0.5330305695533752,-0.01560025941580534,0.3422424793243408,0.4495049715042114,-0.029431158676743507,0.35656002163887024,0.3931833505630493,-0.043884482234716415,0.3681037127971649,0.3469068109989166,-0.05508434399962425,0.285429447889328,0.5320985317230225,-0.018354058265686035,0.3058171570301056,0.4542219638824463,-0.03336102142930031,0.32295551896095276,0.4055593013763428,-0.04657084867358208,0.33876270055770874,0.3645862340927124,-0.056209396570920944,0.2475266456604004,0.5424902439117432,-0.024337181821465492,0.2560373544692993,0.48454105854034424,-0.03987136110663414,0.26327964663505554,0.4460793137550354,-0.04881564900279045,0.27177780866622925,0.4097133278846741,-0.0549921840429306
0.25526562333106995,0.7154310941696167,3.01873910757422e-07,0.3153277039527893,0.7076709866523743,-0.02155725657939911,0.367802232503891,0.6658869385719299,-0.03105868399143219,0.4134214222431183,0.6341530680656433,-0.04024229571223259,0.4527750313282013,0.6216648817062378,-0.05013120546936989,0.36343348026275635,0.5465822219848633,-0.013758892193436623,0.3974260985851288,0.4826286733150482,-0.02792976424098015,0.41355282068252563,0.44032710790634155,-0.04142459109425545,0.4250711500644684,0.4011805057525635,-0.05307526886463165,0.33109375834465027,0.5234328508377075,-0.016814878210425377,0.3430359363555908,0.4358294904232025,-0.03227253630757332,0.3455873727798462,0.38193005323410034,-0.04731497913599014,0.34585317969322205,0.3357032537460327,-0.058707114309072495,0.29705557227134705,0.5229002833366394,-0.02300410531461239,0.30720072984695435,0.4432458281517029,-0.03956109657883644,0.31497976183891296,0.39275676012039185,-0.051572535187006,0.32185763120651245,0.3450503945350647,-0.06019999459385872,0.2618931531906128,0.538885772228241,-0.03141149878501892,0.27126166224479675,0.4812786281108856,-0.04780084267258644,0.27911460399627686,0.4438653588294983,-0.05534673482179642,0.2876744568347931,0.40573829412460327,-0.060232095420360565
0.24949327111244202,0.6965873837471008,4.973937279828533e-07,0.3126586675643921,0.698292076587677,-0.03276385739445686,0.3654477596282959,0.6657112240791321,-0.047765884548425674,0.41208508610725403,0.6378785967826843,-0.06055024638772011,0.45238399505615234,0.6362242698669434,-0.07372184097766876,0.3650389611721039,0.5498216152191162,-0.02816596068441868,0.4123910665512085,0.5004740357398987,-0.04751620069146156,0.44032081961631775,0.46360185742378235,-0.06400049477815628,0.46070581674575806,0.43090522289276123,-0.07683952897787094,0.33103296160697937,0.5170026421546936,-0.026991067454218864,0.35026872158050537,0.427734375,-0.04496004804968834,0.36121901869773865,0.3727567195892334,-0.05976550653576851,0.3678210973739624,0.32909107208251953,-0.07051828503608704,0.29419973492622375,0.5094953775405884,-0.029898667708039284,0.30371174216270447,0.4269108772277832,-0.049499139189720154,0.3127633333206177,0.3760385513305664,-0.06322410702705383,0.3213416337966919,0.3324800729751587,-0.07231675833463669,0.2575632333755493,0.520103931427002,-0.036011796444654465,0.2594086229801178,0.46015897393226624,-0.055510591715574265,0.2618996500968933,0.41987112164497375,-0.0653570294380188,0.26637282967567444,0.38200652599334717,-0.07136598974466324
0.24653811752796173,0.6966848373413086,4.998610165785067e-07,0.3078923523426056,0.6945797204971313,-0.029564017429947853,0.3622186779975891,0.6628387570381165,-0.04266880080103874,0.41039031744003296,0.6374766826629639,-0.053788088262081146,0.44981688261032104,0.6311149597167969,-0.06448593735694885,0.3545687794685364,0.5434867143630981,-0.020179633051156998,0.3862057626247406,0.4749103784561157,-0.03591518476605415,0.40199166536331177,0.4288678765296936,-0.04990347847342491,0.41371220350265503,0.3885229229927063,-0.06060689315199852,0.32613155245780945,0.5170943737030029,-0.01866479590535164,0.36215248703956604,0.4419345259666443,-0.03219003602862358,0.384925901889801,0.3903612494468689,-0.044674571603536606,0.4026277959346771,0.3483806550502777,-0.05380631983280182,0.2907007336616516,0.508423924446106,-0.021416328847408295,0.3137368857860565,0.4333587884902954,-0.035877324640750885,0.3316819667816162,0.38648051023483276,-0.04917756840586662,0.34830981492996216,0.34833353757858276,-0.05847279727458954,0.25021639466285706,0.5142245292663574,-0.027303047478199005,0.25086337327957153,0.4598146080970764,-0.04212221875786781,0.25137725472450256,0.42144453525543213,-0.05095066502690315,0.25379735231399536,0.3854449391365051,-0.056777000427246094
0.24455121159553528,0.6923936605453491,4.471901320357574e-07,0.3030381500720978,0.6852235794067383,-0.03512999042868614,0.3490249514579773,0.6452273726463318,-0.047966085374355316,0.38326746225357056,0.5942322015762329,-0.057901401072740555,0.41426923871040344,0.555133044719696,-0.06701065599918365,0.3557322919368744,0.5397677421569824,-0.01793954148888588,0.3888989984989166,0.4733220040798187,-0.032483670860528946,0.405762255191803,0.4275068938732147,-0.04571250081062317,0.41741472482681274,0.3893260359764099,-0.05594393238425255,0.32450467348098755,0.5125935673713684,-0.013663009740412235,0.3551972806453705,0.4324858784675598,-0.02565346471965313,0.37328439950942993,0.381112277507782,-0.03918972238898277,0.38786351680755615,0.3385095000267029,-0.049596551805734634,0.28795692324638367,0.5041714310646057,-0.014679285697638988,0.3083361089229584,0.42713791131973267,-0.030777249485254288,0.32265332341194153,0.37726569175720215,-0.048152972012758255,0.3358716070652008,0.33739233016967773,-0.06060332432389259,0.2472841590642929,0.5094720721244812,-0.019067887216806412,0.2431076467037201,0.4525379240512848,-0.038535937666893005,0.23882333934307098,0.41133248805999756,-0.05271472409367561,0.23742307722568512,0.3730623126029968,-0.062290724366903305
0.2475149929523468,0.6869882345199585,3.58828003754752e-07,0.3050770163536072,0.6814751625061035,-0.023422101512551308,0.3551580309867859,0.6312887072563171,-0.03013741225004196,0.39561766386032104,0.5897443890571594,-0.03551245853304863,0.4312054216861725,0.5812709927558899,-0.04081150144338608,0.3544638156890869,0.5308310985565186,-0.014476182870566845,0.3883051872253418,0.46532297134399414,-0.0259736068546772,0.40531104803085327,0.42008697986602783,-0.0364224873483181,0.41594743728637695,0.3820214867591858,-0.0452035591006279,0.3223389685153961,0.5051707029342651,-0.01502110157161951,0.3503240644931793,0.4256901144981384,-0.025203784927725792,0.3647705316543579,0.3743213415145874,-0.0354422964155674,0.37405380606651306,0.333141565322876,-0.04337764531373978,0.28613489866256714,0.4984714686870575,-0.019143136218190193,0.3051912486553192,0.4226008355617523,-0.03216231241822243,0.31850534677505493,0.37299227714538574,-0.0452517494559288,0.32905927300453186,0.33294016122817993,-0.05491898953914642,0.2446216344833374,0.5058586597442627,-0.025714628398418427,0.237920880317688,0.44784051179885864,-0.041477348655462265,0.23302537202835083,0.4055737257003784,-0.05172617733478546,0.23025372624397278,0.3659402132034302,-0.05865000933408737
0.24887697398662567,0.6913965940475464,3.1110224085750815e-07,0.3059569299221039,0.6835304498672485,-0.022944679483771324,0.35397589206695557,0.6327263116836548,-0.02881438471376896,0.3855745196342468,0.5780249238014221,-0.033204369246959686,0.4165528118610382,0.5516562461853027,-0.037463270127773285,0.3568565249443054,0.5329176187515259,-0.014549351297318935,0.39225029945373535,0.4676123261451721,-0.027344774454832077,0.41065311431884766,0.4235650897026062,-0.03816356882452965,0.42357879877090454,0.3863316774368286,-0.047019898891448975,0.3245626389980316,0.5059943199157715,-0.014905082993209362,0.35195064544677734,0.4260398745536804,-0.026392262428998947,0.3669743537902832,0.37516236305236816,-0.037515707314014435,0.37758034467697144,0.33544260263442993,-0.04606986045837402,0.2886490821838379,0.4994092285633087,-0.01876685582101345,0.30706027150154114,0.42285704612731934,-0.03334301337599754,0.31962698698043823,0.3730599284172058,-0.047580454498529434,0.33085331320762634,0.33366841077804565,-0.05800646170973778,0.24827919900417328,0.508720874786377,-0.02481716312468052,0.24043989181518555,0.4519277811050415,-0.0429152175784111,0.23455917835235596,0.41067391633987427,-0.05494971573352814,0.23121488094329834,0.3720371127128601,-0.0627826526761055
0.24726493656635284,0.6860194206237793,3.8870112462063844e-07,0.3071366250514984,0.6802229285240173,-0.023364651948213577,0.35706770420074463,0.6338194012641907,-0.029964955523610115,0.39940816164016724,0.5990875363349915,-0.035568881779909134,0.43524977564811707,0.595975399017334,-0.04121711477637291,0.3549162447452545,0.5307146906852722,-0.010887142270803452,0.3881632685661316,0.4672374725341797,-0.021058667451143265,0.40520942211151123,0.4233400523662567,-0.031489238142967224,0.4162369668483734,0.3865516781806946,-0.040479447692632675,0.32338666915893555,0.5059354901313782,-0.011516385711729527,0.3507995307445526,0.4274451732635498,-0.020488908514380455,0.3648970127105713,0.37592801451683044,-0.031146163120865822,0.37396636605262756,0.3348386287689209,-0.039558883756399155,0.2872982323169708,0.49969664216041565,-0.016012147068977356,0.30767038464546204,0.4253091812133789,-0.028601035475730896,0.3212362825870514,0.37715309858322144,-0.0427139587700367,0.3315640687942505,0.3386387526988983,-0.053058214485645294,0.24554477632045746,0.5063923001289368,-0.023016981780529022,0.23922045528888702,0.45031455159187317,-0.03859514743089676,0.2341870367527008,0.4090169668197632,-0.04944046214222908,0.2314738929271698,0.37061607837677,-0.05687665939331055
0.24333003163337708,0.688823938369751,3.537190309543803e-07,0.3007364571094513,0.6783658266067505,-0.023353710770606995,0.3504047393798828,0.6313952207565308,-0.03271789103746414,0.39420193433761597,0.5971758365631104,-0.04093483090400696,0.4324403405189514,0.5911820530891418,-0.04929766058921814,0.34856486320495605,0.5270905494689941,-0.017676427960395813,0.374960333108902,0.45551323890686035,-0.031630173325538635,0.38575562834739685,0.40864133834838867,-0.04441213235259056,0.39254772663116455,0.36838674545288086,-0.054820023477077484,0.3190320134162903,0.505272388458252,-0.01911059580743313,0.34988266229629517,0.4288492500782013,-0.031074343249201775,0.36776474118232727,0.37774354219436646,-0.043193455785512924,0.3816073536872864,0.3352152407169342,-0.052884653210639954,0.2834661900997162,0.5002239942550659,-0.02406073361635208,0.3086080253124237,0.42611074447631836,-0.03805718570947647,0.3267950117588043,0.3796687722206116,-0.052311331033706665,0.34268641471862793,0.3424224257469177,-0.06305490434169769,0.24208001792430878,0.5077739953994751,-0.031382061541080475,0.23972904682159424,0.45160606503486633,-0.04719100147485733,0.23693063855171204,0.41271543502807617,-0.057415109127759933,0.23551231622695923,0.3765263557434082,-0.06465794146060944
0.24916687607765198,0.6867662668228149,3.7280364040270797e-07,0.3086874485015869,0.677612841129303,-0.024415869265794754,0.35746434330940247,0.6323097348213196,-0.033771999180316925,0.3999354839324951,0.5987117290496826,-0.04208844527602196,0.4374731183052063,0.5945281386375427,-0.05084525793790817,0.34960100054740906,0.525402307510376,-0.013742871582508087,0.37208622694015503,0.4538210928440094,-0.02692830003798008,0.3821028769016266,0.40847551822662354,-0.04015802592039108,0.3899978995323181,0.368534117937088,-0.05106086656451225,0.32003453373908997,0.506819486618042,-0.014820211566984653,0.3445909023284912,0.4284522831439972,-0.027094939723610878,0.35988283157348633,0.3746679425239563,-0.04111550748348236,0.37218183279037476,0.33010804653167725,-0.05229383707046509,0.28625714778900146,0.5043393969535828,-0.01972116343677044,0.31047841906547546,0.4304058849811554,-0.03389037400484085,0.3289485573768616,0.38295167684555054,-0.048280589282512665,0.34547051787376404,0.34296247363090515,-0.0588749498128891,0.24751940369606018,0.5129595994949341,-0.027245406061410904,0.2556832432746887,0.45558515191078186,-0.042669255286455154,0.26188990473747253,0.41575610637664795,-0.05262738838791847,0.26934295892715454,0.37771719694137573,-0.059782933443784714
0.24537712335586548,0.6839586496353149,3.5091881045445916e-07,0.3070834279060364,0.6769577264785767,-0.020850790664553642,0.3573383688926697,0.6312215328216553,-0.027704089879989624,0.4007933735847473,0.6000431180000305,-0.03447172790765762,0.43787503242492676,0.595729649066925,-0.0420883446931839,0.35105985403060913,0.5253410935401917,-0.009834465570747852,0.3791743516921997,0.4559946060180664,-0.021965358406305313,0.3925427198410034,0.4115552306175232,-0.03464454784989357,0.40289291739463806,0.3722851872444153,-0.045650970190763474,0.32044413685798645,0.5040035843849182,-0.012570365332067013,0.3411828875541687,0.4211990237236023,-0.025213809683918953,0.3525027930736542,0.36669084429740906,-0.040327414870262146,0.36010780930519104,0.3220813274383545,-0.05219871923327446,0.2866508960723877,0.5011773705482483,-0.01868782564997673,0.30592963099479675,0.42508256435394287,-0.03332994505763054,0.32089963555336,0.377835750579834,-0.04750533401966095,0.33377328515052795,0.3357526659965515,-0.05801151692867279,0.2500797510147095,0.511395275592804,-0.027090637013316154,0.2629433870315552,0.45520225167274475,-0.04243551939725876,0.2723489999771118,0.4182080924510956,-0.051648061722517014,0.2828426659107208,0.38161128759384155,-0.05839821323752403
0.24277257919311523,0.6810302734375,3.4645512414499535e-07,0.3082919120788574,0.6756937503814697,-0.022873982787132263,0.35842010378837585,0.6331465244293213,-0.03170052915811539,0.40122079849243164,0.6041290760040283,-0.04016425833106041,0.4397161602973938,0.5983315706253052,-0.05001033470034599,0.3525839149951935,0.5271700024604797,-0.015030347742140293,0.3844755291938782,0.4604271650314331,-0.02896766923367977,0.4002658426761627,0.41617435216903687,-0.04284173250198364,0.4118128716945648,0.37636882066726685,-0.0551924854516983,0.32139062881469727,0.505013108253479,-0.01823090948164463,0.33783939480781555,0.41837430000305176,-0.03349069133400917,0.34538692235946655,0.36159321665763855,-0.05071058124303818,0.34987741708755493,0.31457996368408203,-0.06442902982234955,0.28677284717559814,0.5032734274864197,-0.024887410923838615,0.3026891052722931,0.42413976788520813,-0.04263889789581299,0.3149460554122925,0.3722912669181824,-0.05966511741280556,0.32591211795806885,0.32422345876693726,-0.07242211699485779,0.2506334185600281,0.5155565142631531,-0.03371136263012886,0.2627629041671753,0.4584561884403229,-0.05299750342965126,0.27139464020729065,0.4197065830230713,-0.06528764963150024,0.2820405662059784,0.37953779101371765,-0.0744105875492096
0.24318471550941467,0.6860525012016296,3.988662058418413e-07,0.3015112578868866,0.6755371689796448,-0.023998791351914406,0.3516816198825836,0.6296212077140808,-0.0325845442712307,0.3975869417190552,0.5945302248001099,-0.03987118974328041,0.43653395771980286,0.5884109735488892,-0.04713205620646477,0.34859970211982727,0.5264900326728821,-0.013936775736510754,0.37647750973701477,0.4552553594112396,-0.02603192813694477,0.38864466547966003,0.4081012010574341,-0.03797616809606552,0.3972991108894348,0.366953045129776,-0.04778924584388733,0.3200978934764862,0.5034513473510742,-0.014006925746798515,0.3509003221988678,0.4257179796695709,-0.024157647043466568,0.3695984482765198,0.37268099188804626,-0.03602423146367073,0.3847237527370453,0.3280775547027588,-0.04542248696088791,0.2853904068470001,0.49682390689849854,-0.017735617235302925,0.3104686141014099,0.4233650267124176,-0.02974211610853672,0.3284330666065216,0.37668436765670776,-0.04350478574633598,0.34428906440734863,0.3391702175140381,-0.05383888632059097,0.24484233558177948,0.5020917654037476,-0.02402159385383129,0.2432185709476471,0.44939368963241577,-0.03755323588848114,0.24136364459991455,0.4127463698387146,-0.04669788479804993,0.2411002665758133,0.3789471983909607,-0.053147073835134506
0.24217519164085388,0.6800059080123901,4.298058229323942e-07,0.30592048168182373,0.6734278202056885,-0.024430710822343826,0.3562352657318115,0.6285805702209473,-0.03134474530816078,0.4010647237300873,0.5923705101013184,-0.03746753931045532,0.4394054412841797,0.5862540602684021,-0.04385453462600708,0.35141924023628235,0.5247135758399963,-0.006724874954670668,0.3837619721889496,0.4567423164844513,-0.01742519997060299,0.4001929759979248,0.4120042324066162,-0.030008094385266304,0.4131394922733307,0.37207263708114624,-0.041000865399837494,0.32052409648895264,0.5009275674819946,-0.006787839345633984,0.3438408672809601,0.41718578338623047,-0.017412615939974785,0.3568670153617859,0.36113107204437256,-0.03214958682656288,0.36582255363464355,0.31589335203170776,-0.04373349994421005,0.28580442070961,0.49591371417045593,-0.010864069685339928,0.3062936067581177,0.4193613827228546,-0.024119488894939423,0.3221529722213745,0.36969679594039917,-0.03854633495211601,0.3357771039009094,0.32748672366142273,-0.04912380501627922,0.24780383706092834,0.5032920241355896,-0.017706727609038353,0.2580477297306061,0.4480871856212616,-0.032161176204681396,0.26509547233581543,0.4099307358264923,-0.04146503284573555,0.27393585443496704,0.3734702467918396,-0.0481005497276783
0.24248172342777252,0.6788333058357239,3.358021842814196e-07,0.3077934980392456,0.6704545021057129,-0.019417010247707367,0.35663193464279175,0.62455815076828,-0.025103654712438583,0.3997027277946472,0.5886046290397644,-0.03085804171860218,0.4374834895133972,0.5813746452331543,-0.03754177689552307,0.3516414761543274,0.5202495455741882,-0.005700119771063328,0.3817596435546875,0.45183998346328735,-0.015871817246079445,0.39612752199172974,0.40538811683654785,-0.027413537725806236,0.4061899185180664,0.36417216062545776,-0.03798483684659004,0.31924009323120117,0.4975835680961609,-0.008404060266911983,0.33218619227409363,0.41085177659988403,-0.019945746287703514,0.33693239092826843,0.3539477586746216,-0.034137386828660965,0.33889737725257874,0.30784857273101807,-0.045227691531181335,0.2839970886707306,0.4953318238258362,-0.014529978856444359,0.2960047125816345,0.4159354269504547,-0.029007062315940857,0.3059427738189697,0.3643861413002014,-0.042223937809467316,0.31400808691978455,0.3175213932991028,-0.05187187343835831,0.24848949909210205,0.5065383315086365,-0.022816695272922516,0.25955730676651,0.44865402579307556,-0.03840019553899765,0.26655539870262146,0.4114953577518463,-0.04703478887677193,0.2747557461261749,0.37433335185050964,-0.05302809551358223
0.2435101419687271,0.6756886839866638,3.769190186631022e-07,0.30596107244491577,0.6670688390731812,-0.022798724472522736,0.3556504547595978,0.6225907802581787,-0.030445337295532227,0.40013888478279114,0.5850754976272583,-0.03772632032632828,0.43955594301223755,0.5771157145500183,-0.04556142911314964,0.3530687987804413,0.5184364318847656,-0.009219803847372532,0.38778257369995117,0.4535261392593384,-0.022233746945858,0.40664923191070557,0.4095139503479004,-0.03577126935124397,0.4212982952594757,0.36992454528808594,-0.047441478818655014,0.322005957365036,0.4936334490776062,-0.010788165032863617,0.3394879400730133,0.4076054096221924,-0.02441093698143959,0.34868162870407104,0.3526022732257843,-0.039619773626327515,0.3549424707889557,0.3078751862049103,-0.05122344195842743,0.2878377139568329,0.489510178565979,-0.0160320196300745,0.3031884729862213,0.41052860021591187,-0.031738970428705215,0.3156430125236511,0.3579725921154022,-0.04549090564250946,0.3265620768070221,0.3121728301048279,-0.055361125618219376,0.2518959641456604,0.4998204708099365,-0.0237614493817091,0.2611318528652191,0.4421765208244324,-0.04003845900297165,0.26771363615989685,0.402596116065979,-0.04914579540491104,0.275688111782074,0.3640306890010834,-0.05532759800553322
0.24475708603858948,0.6726589202880859,4.217848186272022e-07,0.30076611042022705,0.6629651188850403,-0.024950504302978516,0.35158291459083557,0.6143326163291931,-0.034213826060295105,0.3975904881954193,0.5750208497047424,-0.04259476810693741,0.43507957458496094,0.566453218460083,-0.05029530078172684,0.3435211181640625,0.5147603750228882,-0.010266323573887348,0.35851001739501953,0.4378746747970581,-0.023289337754249573,0.3657049536705017,0.38333451747894287,-0.03504984825849533,0.3708328306674957,0.33916789293289185,-0.04345440864562988,0.31672051548957825,0.4914788603782654,-0.00734458165243268,0.347082257270813,0.4145735502243042,-0.012537550181150436,0.36729878187179565,0.3649587631225586,-0.015477369539439678,0.3859981298446655,0.3195217251777649,-0.01719643734395504,0.2853793501853943,0.48350030183792114,-0.009209360927343369,0.3088538646697998,0.40974366664886475,-0.015626342967152596,0.3251349925994873,0.3646325170993805,-0.019123706966638565,0.34001731872558594,0.328321635723114,-0.02136506699025631,0.24696233868598938,0.48782408237457275,-0.01470984611660242,0.2476343959569931,0.43723055720329285,-0.023199019953608513,0.24507354199886322,0.40394270420074463,-0.025758596137166023,0.24368657171726227,0.3747909665107727,-0.02641899883747101
0.2456846535205841,0.6742852330207825,5.072152475804614e-07,0.30654579401016235,0.6671481132507324,-0.028076644986867905,0.3558638393878937,0.6249537467956543,-0.035988062620162964,0.40274137258529663,0.5918355584144592,-0.04215549677610397,0.4417673647403717,0.5871635675430298,-0.04772590845823288,0.35587945580482483,0.5233429670333862,-0.00641288049519062,0.3923797309398651,0.46105220913887024,-0.014325816184282303,0.4115362763404846,0.4173353314399719,-0.024077046662569046,0.4253162741661072,0.3810662627220154,-0.03230131044983864,0.326480507850647,0.4976872503757477,-0.0033835279755294323,0.3591405749320984,0.42109936475753784,-0.008104263804852962,0.37788063287734985,0.37049728631973267,-0.01688184216618538,0.3920707702636719,0.3295832574367523,-0.02386796660721302,0.291534960269928,0.4897942543029785,-0.005245546344667673,0.3151880204677582,0.4181487560272217,-0.013773281127214432,0.3315974771976471,0.3722245395183563,-0.026530612260103226,0.34537273645401,0.3346770405769348,-0.03621300682425499,0.2522832155227661,0.4940832555294037,-0.010462366044521332,0.25116345286369324,0.4462396204471588,-0.022197391837835312,0.2484874427318573,0.41125577688217163,-0.031132234260439873,0.2484649419784546,0.3783825635910034,-0.03742602840065956
0.2461385428905487,0.6761364936828613,4.1146964235849737e-07,0.3031772971153259,0.6672409176826477,-0.022700101137161255,0.35383015871047974,0.6231263875961304,-0.03067646361887455,0.4006861448287964,0.589438796043396,-0.037839893251657486,0.4396686851978302,0.5831782221794128,-0.04478665813803673,0.35149210691452026,0.5202767252922058,-0.010170673951506615,0.38122299313545227,0.4536837041378021,-0.02153393253684044,0.3944278359413147,0.4091428816318512,-0.03308723866939545,0.4036375880241394,0.37053391337394714,-0.04244169220328331,0.3242011070251465,0.4965326488018036,-0.010739384219050407,0.3580402731895447,0.4231886863708496,-0.019773952662944794,0.37794914841651917,0.3726364076137543,-0.0305374376475811,0.39389824867248535,0.3290362060070038,-0.03894186392426491,0.29013490676879883,0.4887520670890808,-0.015161662362515926,0.3141733407974243,0.4163813591003418,-0.026211101561784744,0.3302138149738312,0.3702004551887512,-0.038963913917541504,0.3446037471294403,0.3318694829940796,-0.04850460961461067,0.25006794929504395,0.4933035969734192,-0.022192703559994698,0.24719369411468506,0.44211095571517944,-0.03481093421578407,0.24389566481113434,0.40538254380226135,-0.043208345770835876,0.24239325523376465,0.3709809184074402,-0.049066778272390366
0.2456788420677185,0.6749712228775024,4.151316659317672e-07,0.30355608463287354,0.6660240292549133,-0.023822706192731857,0.3550703525543213,0.6233428716659546,-0.03204534575343132,0.4023788869380951,0.592586874961853,-0.0391981266438961,0.44132107496261597,0.5884925127029419,-0.04598131403326988,0.35343486070632935,0.5173832774162292,-0.009437337517738342,0.38266342878341675,0.44920310378074646,-0.01971244439482689,0.3956095576286316,0.40467122197151184,-0.03107837773859501,0.4051554799079895,0.3657798171043396,-0.04051009565591812,0.32574522495269775,0.4943159818649292,-0.009007995016872883,0.3583544194698334,0.42132896184921265,-0.01665150374174118,0.3775150179862976,0.3717852234840393,-0.027267834171652794,0.3928705155849457,0.33078452944755554,-0.03581530600786209,0.29166772961616516,0.48702526092529297,-0.012559917755424976,0.3171941339969635,0.4167245030403137,-0.022266004234552383,0.33425596356391907,0.37252503633499146,-0.03471451997756958,0.34917062520980835,0.33707454800605774,-0.04421429708600044,0.25139349699020386,0.49201202392578125,-0.018906988203525543,0.2513602077960968,0.4410937428474426,-0.030485302209854126,0.24962103366851807,0.4049336314201355,-0.03850292041897774,0.24925705790519714,0.3715168535709381,-0.0441429428756237
0.24561241269111633,0.6739935278892517,4.214643638533744e-07,0.30449873208999634,0.6650117635726929,-0.02321167103946209,0.35620617866516113,0.6218706369400024,-0.030410846695303917,0.4038242697715759,0.5910677909851074,-0.03670823201537132,0.44252195954322815,0.5881031155586243,-0.042730070650577545,0.3538859486579895,0.5170698165893555,-0.006781559903174639,0.38271504640579224,0.4491438567638397,-0.015869140625,0.3955179750919342,0.40483391284942627,-0.026700077578425407,0.4051936864852905,0.3663035035133362,-0.035892169922590256,0.32611283659935,0.4940543472766876,-0.006294181104749441,0.3582519590854645,0.4207582473754883,-0.012903667986392975,0.37754231691360474,0.37100672721862793,-0.023377304896712303,0.39335617423057556,0.3300691545009613,-0.03188547119498253,0.2920202910900116,0.486890971660614,-0.00987009797245264,0.31728628277778625,0.41653117537498474,-0.018984263762831688,0.3344394564628601,0.3723948001861572,-0.03173127397894859,0.34957215189933777,0.3370477259159088,-0.041476406157016754,0.2517456114292145,0.49191051721572876,-0.01623043790459633,0.2513006925582886,0.44140350818634033,-0.027496566995978355,0.24930895864963531,0.40572088956832886,-0.0356934517621994,0.24898214638233185,0.3726852238178253,-0.041543710976839066
0.24616897106170654,0.6751352548599243,4.218250069243368e-07,0.3040451109409332,0.6663156151771545,-0.024009790271520615,0.35562023520469666,0.6223292350769043,-0.0317348912358284,0.40322455763816833,0.5908909440040588,-0.03838897496461868,0.44180771708488464,0.5861536264419556,-0.04460853338241577,0.3541129529476166,0.5170691609382629,-0.0075514293275773525,0.38289976119995117,0.4494083523750305,-0.016863027587532997,0.39579394459724426,0.40515339374542236,-0.027755623683333397,0.4052175283432007,0.36702609062194824,-0.03685690835118294,0.32641518115997314,0.49409210681915283,-0.006764936726540327,0.3588738739490509,0.42108070850372314,-0.013273063115775585,0.3782506585121155,0.3714432120323181,-0.02339267171919346,0.39385294914245605,0.3304687738418579,-0.03162787854671478,0.292291522026062,0.48699018359184265,-0.010156863369047642,0.31761085987091064,0.41611814498901367,-0.019146820530295372,0.33427736163139343,0.37146294116973877,-0.031712908297777176,0.34867867827415466,0.3354378938674927,-0.041373785585165024,0.2519453763961792,0.4921693801879883,-0.016419269144535065,0.25164857506752014,0.4413573443889618,-0.027734337374567986,0.24953263998031616,0.4048845171928406,-0.03602225333452225,0.2488446831703186,0.3710002303123474,-0.04193994402885437
0.24680158495903015,0.6769986152648926,4.063197707182553e-07,0.30695265531539917,0.6696314215660095,-0.027515513822436333,0.3539304733276367,0.6247938275337219,-0.03485070541501045,0.3944435119628906,0.5796818137168884,-0.040544670075178146,0.4309889078140259,0.5587140321731567,-0.045373354107141495,0.35862651467323303,0.5232007503509521,-0.005640210118144751,0.39477667212486267,0.4634210169315338,-0.013771983794867992,0.41377177834510803,0.4207666516304016,-0.022927645593881607,0.4264616370201111,0.38620081543922424,-0.030680302530527115,0.32755792140960693,0.4963293671607971,-0.0030129372607916594,0.3549240231513977,0.41888123750686646,-0.008140611462295055,0.36924949288368225,0.3692673146724701,-0.015879571437835693,0.3794478178024292,0.33025604486465454,-0.022029224783182144,0.2920354902744293,0.48872172832489014,-0.005353179760277271,0.3134477734565735,0.41651397943496704,-0.015113024972379208,0.32757797837257385,0.37080690264701843,-0.02680255100131035,0.3391975462436676,0.3336157202720642,-0.03554878756403923,0.25209879875183105,0.49537330865859985,-0.010909335687756538,0.24907168745994568,0.44431301951408386,-0.02508794516324997,0.24490293860435486,0.40788063406944275,-0.034755099564790726,0.24260783195495605,0.3737448453903198,-0.041039127856492996
0.24593302607536316,0.6785694360733032,4.2809290334844263e-07,0.30367693305015564,0.6710408926010132,-0.03111094981431961,0.34943050146102905,0.6288889050483704,-0.04075455293059349,0.3819744288921356,0.5740759372711182,-0.048077069222927094,0.4112761616706848,0.5337861180305481,-0.054090674966573715,0.3574677109718323,0.5260772109031677,-0.011693505570292473,0.39860308170318604,0.46921905875205994,-0.025016658008098602,0.4209241271018982,0.427869975566864,-0.037108924239873886,0.4372562766075134,0.39261168241500854,-0.0463598296046257,0.32696548104286194,0.49656081199645996,-0.007972290739417076,0.3554691672325134,0.4198347330093384,-0.018019847571849823,0.3719422221183777,0.37078285217285156,-0.028243878856301308,0.38500848412513733,0.33211883902549744,-0.03578367829322815,0.2913550138473511,0.48729416728019714,-0.009286711923778057,0.31278327107429504,0.41437581181526184,-0.022330671548843384,0.32734376192092896,0.36722487211227417,-0.03437855839729309,0.3407497704029083,0.3288697600364685,-0.04298999905586243,0.2521994411945343,0.49467048048973083,-0.014010352082550526,0.24851354956626892,0.44502803683280945,-0.030217567458748817,0.24525274336338043,0.4083886742591858,-0.039944324642419815,0.2434692233800888,0.3744712173938751,-0.04573063179850578
0.24327558279037476,0.6711937189102173,4.043774310957815e-07,0.3022148609161377,0.664838433265686,-0.025907043367624283,0.35222452878952026,0.6243653893470764,-0.0342438630759716,0.3969898521900177,0.585624635219574,-0.04111051186919212,0.43388956785202026,0.570524275302887,-0.047548163682222366,0.3515487313270569,0.5215750932693481,-0.009945177473127842,0.38729506731033325,0.4603206515312195,-0.02161499857902527,0.40533506870269775,0.41735854744911194,-0.033965833485126495,0.41818517446517944,0.37963977456092834,-0.04406574368476868,0.32129421830177307,0.49617889523506165,-0.00889975018799305,0.3452766239643097,0.4135921001434326,-0.019656173884868622,0.3588000237941742,0.35846731066703796,-0.03278256580233574,0.3681674599647522,0.31249046325683594,-0.04265088215470314,0.28700685501098633,0.4889156222343445,-0.011782871559262276,0.3086102306842804,0.4151339530944824,-0.024845464155077934,0.32566094398498535,0.36566534638404846,-0.037969425320625305,0.34029901027679443,0.32414931058883667,-0.0472172312438488,0.24879813194274902,0.4943804442882538,-0.017434563487768173,0.2511730194091797,0.4416603446006775,-0.031712111085653305,0.25324103236198425,0.40373218059539795,-0.04003506898880005,0.25703707337379456,0.3689801096916199,-0.04523920640349388
0.24398082494735718,0.6708356738090515,4.0577003801445244e-07,0.3025243282318115,0.6640645861625671,-0.026278693228960037,0.35259926319122314,0.6234778761863708,-0.035082172602415085,0.3975337743759155,0.5851802825927734,-0.04242084175348282,0.4350278973579407,0.5705482363700867,-0.04940854012966156,0.35240665078163147,0.5210688710212708,-0.011284117586910725,0.38875794410705566,0.46002429723739624,-0.02361055463552475,0.40736624598503113,0.4175191819667816,-0.03625332564115524,0.4208614230155945,0.3799395263195038,-0.04660194367170334,0.32173457741737366,0.4953075051307678,-0.010390504263341427,0.34592345356941223,0.41303980350494385,-0.02201697789132595,0.35942941904067993,0.3582565188407898,-0.03546866402029991,0.3687609136104584,0.3123215436935425,-0.04557114839553833,0.28712886571884155,0.4883211851119995,-0.013405232690274715,0.3086530566215515,0.41474610567092896,-0.027068451046943665,0.32599636912345886,0.3651333451271057,-0.040101196616888046,0.34108954668045044,0.3230705261230469,-0.04932525008916855,0.24889975786209106,0.49433067440986633,-0.019237812608480453,0.2519163489341736,0.44147980213165283,-0.03384337201714516,0.2545996904373169,0.40336012840270996,-0.04208933562040329,0.2590126395225525,0.36818939447402954,-0.04728878289461136
0.24372327327728271,0.670961320400238,4.0024508507485734e-07,0.3019445240497589,0.6648062467575073,-0.02583269402384758,0.35231199860572815,0.6234630942344666,-0.03435571491718292,0.3976912498474121,0.5848769545555115,-0.04144486039876938,0.4353574812412262,0.5706787705421448,-0.048160675913095474,0.3530782163143158,0.5212659239768982,-0.011073892004787922,0.3903878927230835,0.4606517255306244,-0.02324645034968853,0.4096916615962982,0.41840437054634094,-0.03578013926744461,0.42368870973587036,0.3809468150138855,-0.046101342886686325,0.32272765040397644,0.49517372250556946,-0.010272493585944176,0.3468654751777649,0.4131505489349365,-0.021751681342720985,0.3603803813457489,0.35823971033096313,-0.0350668840110302,0.3697564899921417,0.3119065761566162,-0.045124638825654984,0.28830790519714355,0.48781806230545044,-0.013318216428160667,0.3099564015865326,0.41433677077293396,-0.026814661920070648,0.32754039764404297,0.3648949861526489,-0.03973538428544998,0.34277287125587463,0.3228486180305481,-0.0489480122923851,0.2501317858695984,0.4936369061470032,-0.019138973206281662,0.25310686230659485,0.4408835172653198,-0.033675432205200195,0.2558213174343109,0.4028448462486267,-0.041894905269145966,0.2601107656955719,0.3678252100944519,-0.047092653810977936
0.24389997124671936,0.6700521111488342,3.9604529433745483e-07,0.30221986770629883,0.6643919944763184,-0.02528334967792034,0.3524802029132843,0.6234568953514099,-0.033496007323265076,0.3975203335285187,0.5847793817520142,-0.040383338928222656,0.4349997937679291,0.5699747204780579,-0.046877868473529816,0.35380494594573975,0.520482063293457,-0.009847145527601242,0.3913310170173645,0.4606412351131439,-0.021738016977906227,0.4108567237854004,0.41885635256767273,-0.03420398384332657,0.42514002323150635,0.38200002908706665,-0.04448898136615753,0.3237241208553314,0.49371108412742615,-0.00918823666870594,0.34832310676574707,0.41231533885002136,-0.02030119113624096,0.36208459734916687,0.3580162227153778,-0.03343535587191582,0.3717632293701172,0.3128386437892914,-0.04336942359805107,0.2893933057785034,0.4860275983810425,-0.012383152730762959,0.3118561804294586,0.4126802682876587,-0.025567447766661644,0.32988452911376953,0.3645651340484619,-0.0381401889026165,0.34559735655784607,0.32410210371017456,-0.04715521261096001,0.2513432502746582,0.49214211106300354,-0.018325069919228554,0.25461235642433167,0.43963733315467834,-0.032729048281908035,0.25751203298568726,0.4019816517829895,-0.04074916988611221,0.26202329993247986,0.3673217296600342,-0.04578812047839165
0.244031623005867,0.6693571209907532,3.9371155935441493e-07,0.3020457327365875,0.6628411412239075,-0.0248725526034832,0.35174399614334106,0.6225864887237549,-0.03319743275642395,0.39638829231262207,0.5839605331420898,-0.040298253297805786,0.43403729796409607,0.5684293508529663,-0.04695611819624901,0.3538748323917389,0.5193086266517639,-0.009068796411156654,0.391509085893631,0.4595116376876831,-0.020794440060853958,0.4111391305923462,0.41797590255737305,-0.033220790326595306,0.42561888694763184,0.3810896575450897,-0.04349643364548683,0.3237813413143158,0.4928472936153412,-0.008512935601174831,0.348535418510437,0.41276153922080994,-0.01954713650047779,0.362457275390625,0.3591535687446594,-0.03260320425033569,0.3723849654197693,0.31424909830093384,-0.04256504029035568,0.2895301878452301,0.48543381690979004,-0.011804291978478432,0.3120482861995697,0.4126678705215454,-0.024656863883137703,0.3301907777786255,0.3648136854171753,-0.0366402193903923,0.34615275263786316,0.3243391513824463,-0.04533568024635315,0.25173643231391907,0.49158036708831787,-0.017867133021354675,0.2563681900501251,0.43831872940063477,-0.03181716427206993,0.26067766547203064,0.40020933747291565,-0.03939953073859215,0.26661425828933716,0.3649762272834778,-0.044204387813806534
0.244034543633461,0.6661940217018127,4.950471748088603e-07,0.30427300930023193,0.6605565547943115,-0.030759211629629135,0.35106080770492554,0.6217729449272156,-0.04155995324254036,0.39384591579437256,0.5842730402946472,-0.05054561421275139,0.4349365830421448,0.5645671486854553,-0.05920322611927986,0.35679876804351807,0.5210842490196228,-0.008733888156712055,0.39292436838150024,0.4585544466972351,-0.020079264417290688,0.4139052629470825,0.4151409864425659,-0.03331013023853302,0.43076807260513306,0.37729722261428833,-0.044776108115911484,0.32711565494537354,0.49616989493370056,-0.006649303715676069,0.3534832000732422,0.41390547156333923,-0.01677612029016018,0.3701116442680359,0.36100393533706665,-0.031243151053786278,0.3835201859474182,0.3185218572616577,-0.043228328227996826,0.2933182716369629,0.48915714025497437,-0.009740357287228107,0.3162365257740021,0.4143572449684143,-0.024267464876174927,0.33409789204597473,0.36854177713394165,-0.03929352015256882,0.3505564332008362,0.32871413230895996,-0.05064074322581291,0.25830215215682983,0.49318861961364746,-0.016177183017134666,0.27492326498031616,0.43965473771095276,-0.03271235525608063,0.2857327163219452,0.40483003854751587,-0.043736014515161514,0.298401415348053,0.37063702940940857,-0.05200560390949249
0.2445627897977829,0.6687557101249695,4.927182430947141e-07,0.3049542009830475,0.6640220284461975,-0.031661506742239,0.3539920449256897,0.6258301734924316,-0.0426785834133625,0.39741578698158264,0.5882468819618225,-0.05118931084871292,0.4372284710407257,0.569442093372345,-0.05922781676054001,0.35744136571884155,0.5247153639793396,-0.01618744432926178,0.39861080050468445,0.4673193693161011,-0.030585618689656258,0.4220721423625946,0.42701590061187744,-0.044593535363674164,0.4402128756046295,0.39048710465431213,-0.05603061243891716,0.3259901702404022,0.49493157863616943,-0.013624373823404312,0.35491085052490234,0.41186800599098206,-0.02661430649459362,0.372080534696579,0.3600999712944031,-0.04055927321314812,0.38395237922668457,0.31801795959472656,-0.05125308781862259,0.2903114855289459,0.48708921670913696,-0.01583622582256794,0.30698955059051514,0.40934690833091736,-0.03232940658926964,0.3201505243778229,0.3596062660217285,-0.04693619906902313,0.33254313468933105,0.3160841166973114,-0.05730607360601425,0.25392138957977295,0.4930627942085266,-0.02128439024090767,0.26302939653396606,0.43758147954940796,-0.03886399045586586,0.2687888443470001,0.40042418241500854,-0.049289390444755554,0.27671441435813904,0.364044189453125,-0.05652492120862007
0.6590690612792969,0.7633233070373535,3.2425566587335197e-07,0.6060842871665955,0.7260748147964478,-0.016955388709902763,0.5764826536178589,0.6585915684700012,-0.02407948672771454,0.5661492943763733,0.5937880873680115,-0.031106194481253624,0.5504466891288757,0.5399405360221863,-0.03731340169906616,0.5967202186584473,0.564427375793457,-0.0011106478050351143,0.589074969291687,0.4867057800292969,-0.016342071816325188,0.5907491445541382,0.4413142800331116,-0.03128356859087944,0.5965865850448608,0.40089738368988037,-0.042136602103710175,0.6277931332588196,0.554015040397644,-0.005085051525384188,0.6198675632476807,0.4668220281600952,-0.015448695048689842,0.6185010075569153,0.41462987661361694,-0.027944203466176987,0.6189544796943665,0.36971598863601685,-0.037709131836891174,0.6575368046760559,0.5613040328025818,-0.013101667165756226,0.6511721014976501,0.4801580309867859,-0.02350499853491783,0.6475226879119873,0.4298474192619324,-0.031078193336725235,0.644799530506134,0.3854193687438965,-0.03766823559999466,0.6884928345680237,0.58303302526474,-0.023681532591581345,0.685984194278717,0.5232922434806824,-0.032701894640922546,0.684131383895874,0.48427101969718933,-0.03559144586324692,0.6816606521606445,0.4479314088821411,-0.0380936823785305
0.6688412427902222,0.7629004716873169,3.346484618305112e-07,0.6151557564735413,0.7262297868728638,-0.019749056547880173,0.5819550156593323,0.6564990878105164,-0.02773320861160755,0.5661489367485046,0.5911441445350647,-0.03510972112417221,0.5455417633056641,0.5394761562347412,-0.04163958877325058,0.6055122017860413,0.5614303350448608,-0.0035008518025279045,0.5967726707458496,0.48248809576034546,-0.018964122980833054,0.5979850888252258,0.43650710582733154,-0.03378762677311897,0.603575587272644,0.39494800567626953,-0.04489338770508766,0.6377049684524536,0.5516414046287537,-0.0066400798968970776,0.6294077634811401,0.464347779750824,-0.017887694761157036,0.6283018589019775,0.41156286001205444,-0.030715908855199814,0.6289862394332886,0.3656620979309082,-0.040807414799928665,0.6684857606887817,0.559942364692688,-0.014130814000964165,0.6617239713668823,0.47715047001838684,-0.026240408420562744,0.6583775281906128,0.4253108501434326,-0.034882552921772,0.6558259725570679,0.3783411383628845,-0.04212142154574394,0.700377345085144,0.5823256373405457,-0.02427959255874157,0.6992675065994263,0.5203105211257935,-0.03531941771507263,0.6991881132125854,0.47996455430984497,-0.03963528200984001,0.6983323097229004,0.4415379762649536,-0.04316895082592964
0.6689593195915222,0.7617011666297913,3.8871553442731965e-07,0.6147387623786926,0.7287155389785767,-0.020691340789198875,0.5799152851104736,0.6648032069206238,-0.02815568633377552,0.5599192380905151,0.6012961864471436,-0.035053376108407974,0.5366805791854858,0.5504761934280396,-0.040464308112859726,0.6028880476951599,0.5629482269287109,-0.000853195262607187,0.5919792056083679,0.48695725202560425,-0.014126486144959927,0.5907784104347229,0.4409905672073364,-0.02737283520400524,0.5933142304420471,0.4004055857658386,-0.03709492087364197,0.6349621415138245,0.5530729293823242,-0.001957929227501154,0.6219702363014221,0.46833544969558716,-0.009152538143098354,0.6167428493499756,0.4158911108970642,-0.018333526328206062,0.6126218438148499,0.3723610043525696,-0.02561487816274166,0.6681280732154846,0.5601908564567566,-0.007729526609182358,0.65957111120224,0.4849846661090851,-0.016699811443686485,0.6545591950416565,0.4386218786239624,-0.022987760603427887,0.6494909524917603,0.3993387818336487,-0.02844013273715973,0.7032595872879028,0.5815410017967224,-0.016598189249634743,0.7140219807624817,0.5326612591743469,-0.025819336995482445,0.7214190363883972,0.5001892447471619,-0.029574567452073097,0.7279842495918274,0.4702041745185852,-0.032148025929927826
0.6763231158256531,0.7629199624061584,3.7146759268580354e-07,0.6204039454460144,0.7319633960723877,-0.022487282752990723,0.5834949016571045,0.6710599064826965,-0.0322098471224308,0.5609662532806396,0.6092824339866638,-0.040644824504852295,0.5361031293869019,0.5601212978363037,-0.047615356743335724,0.6090094447135925,0.5619314908981323,-0.003705293172970414,0.6004543304443359,0.48479241132736206,-0.01757131889462471,0.6006788611412048,0.4396842122077942,-0.032266683876514435,0.6042513847351074,0.39859968423843384,-0.04363425448536873,0.6429016590118408,0.551580548286438,-0.005035894922912121,0.6335111260414124,0.4652962386608124,-0.013418566435575485,0.6297520399093628,0.41421419382095337,-0.024652086198329926,0.626391589641571,0.37141352891921997,-0.034217335283756256,0.675361156463623,0.5598517060279846,-0.010981591418385506,0.6674636006355286,0.4814281463623047,-0.02038213051855564,0.6613903641700745,0.4336935877799988,-0.02705306001007557,0.6553236842155457,0.39224663376808167,-0.03361842781305313,0.7099269032478333,0.5826366543769836,-0.020069627091288567,0.7147461771965027,0.5279548764228821,-0.028997771441936493,0.7173296213150024,0.49270331859588623,-0.032142654061317444,0.7189093828201294,0.45944035053253174,-0.03506156802177429
0.6763855218887329,0.7606396079063416,4.1853277821246593e-07,0.6214803457260132,0.7324966788291931,-0.023633098229765892,0.582905650138855,0.6756998300552368,-0.03284916281700134,0.5593887567520142,0.617387056350708,-0.04023507609963417,0.534140944480896,0.5701923370361328,-0.046583082526922226,0.608782172203064,0.5625755786895752,-0.004524252377450466,0.594150185585022,0.48750215768814087,-0.014342941343784332,0.5877108573913574,0.44291192293167114,-0.025304418057203293,0.5858094096183777,0.4027416706085205,-0.03465166315436363,0.6482090353965759,0.5495250225067139,-0.0055451588705182076,0.6452362537384033,0.4644520878791809,-0.010651943273842335,0.644923746585846,0.41016048192977905,-0.020665699616074562,0.645706832408905,0.3672367334365845,-0.0299118272960186,0.6833478808403015,0.5577369928359985,-0.011236770078539848,0.6910260319709778,0.48094916343688965,-0.020997628569602966,0.6950454115867615,0.43138521909713745,-0.03170682117342949,0.6973190307617188,0.3876992464065552,-0.04114050045609474,0.7154495716094971,0.581809401512146,-0.019590534269809723,0.7334086894989014,0.5325233340263367,-0.031659673899412155,0.7454370260238647,0.49925878643989563,-0.038567569106817245,0.7554762363433838,0.4664180874824524,-0.04409429058432579
0.6767467260360718,0.7641788125038147,4.383299767596327e-07,0.6218280792236328,0.7300971746444702,-0.02177152782678604,0.5865095257759094,0.6667007207870483,-0.03225744888186455,0.5655338764190674,0.6051000952720642,-0.04199937731027603,0.54004967212677,0.556913435459137,-0.050481732934713364,0.6120697259902954,0.564100980758667,-0.007061567157506943,0.61146080493927,0.4827692210674286,-0.023222561925649643,0.6161174178123474,0.43397265672683716,-0.038473960012197495,0.6223558783531189,0.39063629508018494,-0.049460142850875854,0.6430715322494507,0.5553810596466064,-0.00946980994194746,0.6345803141593933,0.4642148017883301,-0.02097250707447529,0.632702648639679,0.4074976444244385,-0.03281533718109131,0.6309047341346741,0.3604657053947449,-0.041647206991910934,0.6754721403121948,0.5634530782699585,-0.01622745953500271,0.6661405563354492,0.48215797543525696,-0.028532635420560837,0.6613914370536804,0.430794358253479,-0.03572900965809822,0.6566166281700134,0.38696369528770447,-0.04137394204735756,0.7117708921432495,0.5853956937789917,-0.025912417098879814,0.7156202793121338,0.526771068572998,-0.03624381124973297,0.7181023359298706,0.48924678564071655,-0.03896751627326012,0.7194033265113831,0.4555782675743103,-0.04083263501524925
0.6797434687614441,0.7582600116729736,3.622101303335512e-07,0.6268507242202759,0.723958432674408,-0.024121999740600586,0.5947033762931824,0.6529479026794434,-0.029704835265874863,0.5839827060699463,0.584054708480835,-0.03393155708909035,0.5660736560821533,0.5278126001358032,-0.036798588931560516,0.6124516725540161,0.5592153072357178,-0.002606465946882963,0.5875749588012695,0.4871537685394287,-0.014557409100234509,0.5757660269737244,0.43950939178466797,-0.025221247225999832,0.5695368051528931,0.396907240152359,-0.03346903622150421,0.649901807308197,0.544511616230011,-0.0025999327190220356,0.6369839906692505,0.460306853055954,-0.009057089686393738,0.6320091485977173,0.4082098603248596,-0.018126368522644043,0.6297722458839417,0.36589139699935913,-0.025341592729091644,0.6858298182487488,0.5524976253509521,-0.007712316699326038,0.6872864365577698,0.4804002046585083,-0.019910385832190514,0.6865683197975159,0.43393439054489136,-0.0311192087829113,0.68565434217453,0.3935354948043823,-0.039546772837638855,0.7195993065834045,0.5773626565933228,-0.01564263552427292,0.7419532537460327,0.5344141721725464,-0.029732361435890198,0.7574582695960999,0.5048094987869263,-0.03781538084149361,0.7699936032295227,0.47651615738868713,-0.04325989633798599
0.6814237236976624,0.7593407034873962,4.0212972862718743e-07,0.6273144483566284,0.7318211793899536,-0.02274909056723118,0.5868898034095764,0.665981650352478,-0.029721403494477272,0.5610840320587158,0.6031067371368408,-0.03530799597501755,0.5303855538368225,0.5614187717437744,-0.04008026048541069,0.6117351055145264,0.5610935091972351,-0.003954002633690834,0.589432418346405,0.48797422647476196,-0.01394137553870678,0.5794433355331421,0.44190916419029236,-0.0235275961458683,0.5741881132125854,0.4021487534046173,-0.03143513575196266,0.65078204870224,0.5473283529281616,-0.004833967890590429,0.6423490047454834,0.46137741208076477,-0.009560039266943932,0.6387150883674622,0.40748316049575806,-0.01744760572910309,0.6363075971603394,0.36571067571640015,-0.02426178567111492,0.6877835988998413,0.555536687374115,-0.010351992212235928,0.6870704293251038,0.4811564087867737,-0.020433198660612106,0.6833814978599548,0.43252936005592346,-0.030553333461284637,0.6793988347053528,0.39037811756134033,-0.038807645440101624,0.7224386930465698,0.5800593495368958,-0.01847316324710846,0.7416667342185974,0.5348038673400879,-0.030778827145695686,0.7543113827705383,0.5027324557304382,-0.037910960614681244,0.7651771903038025,0.4722929894924164,-0.04304990544915199
0.6882087588310242,0.7603957653045654,4.237619180003094e-07,0.6325064301490784,0.7316921949386597,-0.023706117644906044,0.592176079750061,0.6712620258331299,-0.0346253365278244,0.5642074942588806,0.611507773399353,-0.044065218418836594,0.5332328081130981,0.5703284740447998,-0.05249498412013054,0.6208159327507019,0.5585563778877258,-0.008969426155090332,0.6125266551971436,0.4779173731803894,-0.024307047948241234,0.6142206192016602,0.4309055209159851,-0.03933305665850639,0.6191256046295166,0.3886008560657501,-0.050736185163259506,0.6550922989845276,0.5487331748008728,-0.009969049133360386,0.6461262106895447,0.4601192772388458,-0.01953827403485775,0.6427291035652161,0.4072188138961792,-0.03066316805779934,0.640040934085846,0.3631665110588074,-0.039906952530145645,0.6886641383171082,0.5570775270462036,-0.015410850755870342,0.6806390285491943,0.47795480489730835,-0.02586003765463829,0.6739786863327026,0.42948248982429504,-0.03308518975973129,0.6680463552474976,0.3878367841243744,-0.0398644283413887,0.7240425944328308,0.5802813768386841,-0.02402210794389248,0.731991171836853,0.5280570387840271,-0.033841922879219055,0.7374792098999023,0.4941713809967041,-0.03757595270872116,0.742416501045227,0.4626408517360687,-0.04075441136956215
0.6848986744880676,0.7625312209129333,4.021347592697566e-07,0.6304807066917419,0.7321891188621521,-0.023956861346960068,0.5916166305541992,0.6730707883834839,-0.037094030529260635,0.5670663714408875,0.6158692240715027,-0.04888644441962242,0.5394717454910278,0.5689939856529236,-0.059745240956544876,0.6180774569511414,0.5607688426971436,-0.011086735874414444,0.6129550337791443,0.4800245761871338,-0.02756604179739952,0.6149742603302002,0.43294286727905273,-0.043054789304733276,0.6205464005470276,0.39021429419517517,-0.054739464074373245,0.651136577129364,0.550807774066925,-0.013775989413261414,0.6477164626121521,0.4608182907104492,-0.02511460892856121,0.649940550327301,0.40708276629447937,-0.036593589931726456,0.6528312563896179,0.3627547025680542,-0.046148631721735,0.6819229125976562,0.5592085123062134,-0.02113235555589199,0.6780219078063965,0.4759391248226166,-0.03218838945031166,0.6763526797294617,0.42481350898742676,-0.039038289338350296,0.675004780292511,0.3791767358779907,-0.04565538838505745,0.7132126092910767,0.5813266038894653,-0.03171764686703682,0.7096866965293884,0.5184106826782227,-0.04185764864087105,0.7081442475318909,0.47742241621017456,-0.04553797096014023,0.7065999507904053,0.4384436309337616,-0.0490247905254364
0.6893359422683716,0.756519079208374,4.3323078102730506e-07,0.6327802538871765,0.7256886959075928,-0.024098798632621765,0.5975487232208252,0.6619725227355957,-0.03298461437225342,0.578758716583252,0.59654700756073,-0.04070804640650749,0.5584911108016968,0.5415202379226685,-0.04706696420907974,0.6188112497329712,0.5593658685684204,-0.004178614821285009,0.6085950136184692,0.4818350076675415,-0.019108576700091362,0.6083599925041199,0.43419966101646423,-0.033397018909454346,0.6119116544723511,0.3927636742591858,-0.0439600944519043,0.652138888835907,0.5490307807922363,-0.004533599130809307,0.6397049427032471,0.4627406597137451,-0.014428050257265568,0.6348715424537659,0.40900564193725586,-0.02624586969614029,0.6314802765846252,0.3634881377220154,-0.03540001064538956,0.6859483122825623,0.5559390783309937,-0.009803012013435364,0.6786266565322876,0.47781381011009216,-0.02240290492773056,0.6739452481269836,0.42857423424720764,-0.032307833433151245,0.6695788502693176,0.38571810722351074,-0.040156587958335876,0.7216843366622925,0.5772547125816345,-0.01812346652150154,0.7343605756759644,0.527880072593689,-0.03136175870895386,0.7436408996582031,0.49407607316970825,-0.0382029265165329,0.7518782615661621,0.4621313512325287,-0.04289355129003525
0.6875367760658264,0.7560321092605591,4.0442208160129667e-07,0.6331197619438171,0.7251255512237549,-0.02219587005674839,0.5966583490371704,0.6607910990715027,-0.029808808118104935,0.575860321521759,0.5968656539916992,-0.03624708950519562,0.5498368144035339,0.5504627823829651,-0.041624195873737335,0.6198732256889343,0.5595385432243347,-0.004509990103542805,0.6091474890708923,0.483284592628479,-0.01783999428153038,0.6081138253211975,0.43706023693084717,-0.030981101095676422,0.6101647019386292,0.3959994614124298,-0.04113668203353882,0.6537060737609863,0.5489844679832458,-0.005796633195132017,0.6418591141700745,0.4626932442188263,-0.015332411043345928,0.6365735530853271,0.40914902091026306,-0.027388188987970352,0.63276606798172,0.36432331800460815,-0.036893945187330246,0.6876742839813232,0.5562437772750854,-0.011449596844613552,0.6817373633384705,0.4786772131919861,-0.02388782612979412,0.6770167946815491,0.42974692583084106,-0.03434603661298752,0.6726133227348328,0.3874083161354065,-0.04269061237573624,0.7231743931770325,0.5779755115509033,-0.019818346947431564,0.7373368144035339,0.5291557908058167,-0.03232460841536522,0.7472329139709473,0.4955930709838867,-0.038876790553331375,0.7560213804244995,0.4638282358646393,-0.04367202892899513
0.6872380971908569,0.7595540285110474,3.988529329035373e-07,0.6316059231758118,0.7270858287811279,-0.022454243153333664,0.5967357158660889,0.6598526239395142,-0.02965463697910309,0.5800768136978149,0.5926446914672852,-0.035844843834638596,0.5623154044151306,0.5373152494430542,-0.040707118809223175,0.6173089146614075,0.5603619813919067,-0.0037068279925733805,0.6084457635879517,0.48263686895370483,-0.017391568049788475,0.6072404384613037,0.4352110028266907,-0.0303292665630579,0.6086863875389099,0.39372289180755615,-0.04021367058157921,0.6512744426727295,0.5489681959152222,-0.004840382840484381,0.6397200226783752,0.4629351496696472,-0.014279196970164776,0.6343227028846741,0.4095349907875061,-0.025557275861501694,0.6297907829284668,0.36388424038887024,-0.03444211930036545,0.6853958368301392,0.5558767318725586,-0.01065354235470295,0.6792432069778442,0.4768276512622833,-0.02375238575041294,0.6752734780311584,0.4280403256416321,-0.03430778533220291,0.6709496974945068,0.38525015115737915,-0.04260433092713356,0.7212335467338562,0.5778658986091614,-0.019241463392972946,0.7368226647377014,0.5287454128265381,-0.03346922621130943,0.7479283809661865,0.49531424045562744,-0.04123186692595482,0.7571730017662048,0.4641054570674896,-0.046575624495744705
0.6864100694656372,0.7579164505004883,4.0345247498407844e-07,0.6313369870185852,0.725842297077179,-0.022117236629128456,0.5960466265678406,0.6592597365379333,-0.028987839818000793,0.5771731734275818,0.5939403176307678,-0.034920111298561096,0.5554335117340088,0.5425503253936768,-0.039677903056144714,0.6175655722618103,0.5597596764564514,-0.003186269896104932,0.6079344749450684,0.48326441645622253,-0.016871312633156776,0.6068023443222046,0.43654775619506836,-0.0300751905888319,0.6087366938591003,0.3956510126590729,-0.04011315479874611,0.6515784859657288,0.548734724521637,-0.00437735253944993,0.639975368976593,0.4627642333507538,-0.013707712292671204,0.6347996592521667,0.40926453471183777,-0.0251571424305439,0.6308763027191162,0.3640493154525757,-0.03411230817437172,0.6859294176101685,0.5558059215545654,-0.010197723284363747,0.6803808808326721,0.47821107506752014,-0.022852659225463867,0.6763625144958496,0.43037867546081543,-0.03313179314136505,0.672306478023529,0.38884082436561584,-0.04118327051401138,0.7215571999549866,0.5778366327285767,-0.018836505711078644,0.737064003944397,0.530060350894928,-0.032526612281799316,0.747976541519165,0.49716806411743164,-0.039885785430669785,0.757660984992981,0.46598973870277405,-0.04490019753575325
0.6847285032272339,0.7594231963157654,4.0170471038436517e-07,0.6290262341499329,0.7314965128898621,-0.021821768954396248,0.5904324054718018,0.6684218049049377,-0.02942764386534691,0.566013514995575,0.606972873210907,-0.03599269688129425,0.5366928577423096,0.5656245946884155,-0.041424721479415894,0.6141521334648132,0.5631217360496521,-0.002339801983907819,0.6037116646766663,0.48612844944000244,-0.015054894611239433,0.6030230522155762,0.4397279918193817,-0.028412185609340668,0.6050870418548584,0.398375928401947,-0.03875981271266937,0.6471463441848755,0.5522531270980835,-0.003095171879976988,0.6346701383590698,0.4669172167778015,-0.011017180047929287,0.628860592842102,0.41492944955825806,-0.021598942577838898,0.6236895322799683,0.37234482169151306,-0.030151212587952614,0.6803216934204102,0.558856189250946,-0.008369122631847858,0.6712018847465515,0.4832950532436371,-0.01809064671397209,0.664351224899292,0.43715688586235046,-0.025579465553164482,0.6577327251434326,0.39806538820266724,-0.032100092619657516,0.7160431146621704,0.5794589519500732,-0.016683729365468025,0.7251713275909424,0.5299290418624878,-0.02626650407910347,0.7309460043907166,0.4975493848323822,-0.030492283403873444,0.7357558012008667,0.46738094091415405,-0.033770572394132614
0.6908273100852966,0.7601088285446167,3.6972380712541053e-07,0.6347691416740417,0.7333940267562866,-0.02410222217440605,0.5956050157546997,0.6757793426513672,-0.034118082374334335,0.5704503655433655,0.6171959638595581,-0.04260054975748062,0.5396946668624878,0.5726132988929749,-0.0501825213432312,0.6160569190979004,0.5679894685745239,-0.0048139868304133415,0.5939740538597107,0.4945910573005676,-0.017174912616610527,0.5825299620628357,0.45036470890045166,-0.030045906081795692,0.5756226181983948,0.4084899425506592,-0.040491823107004166,0.6538434624671936,0.5513283014297485,-0.006492096930742264,0.6430102586746216,0.46463021636009216,-0.013709086924791336,0.6379428505897522,0.40883415937423706,-0.024647580459713936,0.6339530944824219,0.36332887411117554,-0.03433835506439209,0.6886789798736572,0.5572168827056885,-0.01298611517995596,0.6859222650527954,0.480293333530426,-0.02262953855097294,0.6832566261291504,0.42972618341445923,-0.031397745013237,0.6791266798973083,0.3846631944179535,-0.03955824673175812,0.7219098806381226,0.5784340500831604,-0.022430317476391792,0.7261158227920532,0.5247224569320679,-0.03208819031715393,0.7279620170593262,0.489180326461792,-0.036039799451828,0.7284548878669739,0.45451414585113525,-0.03986859694123268
0.6887490749359131,0.7588670253753662,4.124370889257989e-07,0.6344834566116333,0.7329304814338684,-0.026187336072325706,0.5955382585525513,0.6753933429718018,-0.03651086241006851,0.5705648064613342,0.6166584491729736,-0.044700123369693756,0.5422338247299194,0.5694870948791504,-0.05207769200205803,0.6160206198692322,0.5676987171173096,-0.010063436813652515,0.5953453779220581,0.49442845582962036,-0.022803956642746925,0.5853097438812256,0.4488115906715393,-0.03498700633645058,0.5799342393875122,0.4071492552757263,-0.044992055743932724,0.6548720002174377,0.5514388084411621,-0.01070097740739584,0.6449874639511108,0.46493369340896606,-0.01903066225349903,0.6398090124130249,0.4090912938117981,-0.030929796397686005,0.635991096496582,0.3631665110588074,-0.041121747344732285,0.6910380125045776,0.5580219030380249,-0.01593036949634552,0.695570170879364,0.48119503259658813,-0.029232243075966835,0.6975928544998169,0.42918097972869873,-0.04230933263897896,0.6978257298469543,0.38252729177474976,-0.05281909555196762,0.724798321723938,0.5812869668006897,-0.023724142462015152,0.7433258891105652,0.5319857597351074,-0.038749486207962036,0.7561739683151245,0.4979258179664612,-0.04716541990637779,0.766179621219635,0.46479079127311707,-0.05345677211880684
0.6893362402915955,0.7585029602050781,4.377574214231572e-07,0.6348504424095154,0.7312536835670471,-0.027666272595524788,0.5961673855781555,0.6736047863960266,-0.03859211131930351,0.5709753632545471,0.6145193576812744,-0.04722938686609268,0.5433394908905029,0.5668895840644836,-0.05486211180686951,0.6182534694671631,0.5661634206771851,-0.01122205425053835,0.5989713072776794,0.49087804555892944,-0.024408893659710884,0.5899974703788757,0.4437849521636963,-0.03670736402273178,0.5858666896820068,0.40114453434944153,-0.04670462757349014,0.6576906442642212,0.5505329966545105,-0.01091880351305008,0.6490722894668579,0.4632236063480377,-0.01908470131456852,0.6451257467269897,0.40703147649765015,-0.03052540123462677,0.64243084192276,0.36034315824508667,-0.040405526757240295,0.6943352818489075,0.5574190616607666,-0.015402491204440594,0.6999430060386658,0.4812067449092865,-0.02850375697016716,0.7026617527008057,0.429856538772583,-0.041260648518800735,0.7035802602767944,0.3839811086654663,-0.051506128162145615,0.7284096479415894,0.5811090469360352,-0.022692443802952766,0.7499053478240967,0.5335118174552917,-0.03780151158571243,0.7643867135047913,0.5000046491622925,-0.046601537615060806,0.7760785818099976,0.4675082564353943,-0.05305500328540802
0.6908389925956726,0.7577050924301147,4.405101208249107e-07,0.6357586979866028,0.7313481569290161,-0.025723526254296303,0.5958299040794373,0.6733983755111694,-0.035739313811063766,0.5709593892097473,0.6154119968414307,-0.043786317110061646,0.5440893769264221,0.5696206092834473,-0.050995852798223495,0.6198207139968872,0.565121591091156,-0.009976833127439022,0.6009823679924011,0.4911014139652252,-0.023027125746011734,0.5921862125396729,0.44435417652130127,-0.0350952111184597,0.5880900621414185,0.40318065881729126,-0.04463377967476845,0.6585817933082581,0.5506145358085632,-0.010425555519759655,0.6510105133056641,0.4629950225353241,-0.018438540399074554,0.6469031572341919,0.40618348121643066,-0.029092319309711456,0.6438407301902771,0.36053529381752014,-0.037957269698381424,0.6949079036712646,0.5574875473976135,-0.01557733304798603,0.6968557834625244,0.4808569550514221,-0.028224756941199303,0.6964251399040222,0.4291638135910034,-0.040384095162153244,0.694852352142334,0.38367098569869995,-0.05008444935083389,0.729284405708313,0.5803470611572266,-0.02343771792948246,0.7502620220184326,0.5334832072257996,-0.03810875862836838,0.763578474521637,0.5001643300056458,-0.0467321053147316,0.7745732665061951,0.4679325819015503,-0.05291832983493805
