0.6697200536727905,0.9097388386726379,3.4481493571547617e-07,0.6189917325973511,0.8668579459190369,-0.025861581787467003,0.5876366496086121,0.7914290428161621,-0.03546656668186188,0.6230184435844421,0.7407374978065491,-0.042524922639131546,0.6743358969688416,0.7125049829483032,-0.05002753436565399,0.6032348871231079,0.6389706134796143,-0.016768572852015495,0.5733506083488464,0.53896564245224,-0.028363576158881187,0.5629908442497253,0.4760008454322815,-0.038280993700027466,0.5541619062423706,0.4205329418182373,-0.04834360629320145,0.6545649170875549,0.6264821887016296,-0.025516677647829056,0.6534949541091919,0.5038210153579712,-0.0361337885260582,0.6567984819412231,0.4314280152320862,-0.047222040593624115,0.6572574377059937,0.3718971014022827,-0.05616125836968422,0.6969918012619019,0.6507042646408081,-0.03892587870359421,0.7211309671401978,0.5456286668777466,-0.06459537148475647,0.7305980920791626,0.47582513093948364,-0.08689088374376297,0.7367085814476013,0.4115062654018402,-0.10238640755414963,0.7326319813728333,0.7053337693214417,-0.05357078090310097,0.7277789115905762,0.6423503160476685,-0.0813654214143753,0.7078051567077637,0.6802001595497131,-0.08488444983959198,0.6894338130950928,0.7253170013427734,-0.08680865913629532
0.6770148277282715,0.8872376680374146,4.581224288813246e-07,0.630760133266449,0.8485207557678223,-0.03282987326383591,0.6066098213195801,0.7722965478897095,-0.04720905423164368,0.6452192068099976,0.7155705690383911,-0.0580473393201828,0.69077467918396,0.6778531670570374,-0.06915152817964554,0.6190648674964905,0.6153395175933838,-0.02735288441181183,0.5963260531425476,0.5193934440612793,-0.043571438640356064,0.5879092216491699,0.4574185907840729,-0.05653434991836548,0.5815668702125549,0.4032149314880371,-0.06887654215097427,0.6718167066574097,0.6113801598548889,-0.03262833133339882,0.685008704662323,0.49675583839416504,-0.043984897434711456,0.6983535289764404,0.4259325861930847,-0.057423241436481476,0.7081250548362732,0.36711040139198303,-0.06914188712835312,0.7109062075614929,0.6460357308387756,-0.04290720820426941,0.7300980091094971,0.5592758059501648,-0.06804812699556351,0.7407215237617493,0.5001986026763916,-0.09203905612230301,0.7505676746368408,0.44166073203086853,-0.10997793823480606,0.7394152879714966,0.7020474672317505,-0.0551656149327755,0.7298504710197449,0.6641616225242615,-0.08730237185955048,0.7108617424964905,0.6767510771751404,-0.10009825229644775,0.6940970420837402,0.6863203048706055,-0.10868433117866516
0.6870984435081482,0.8747888207435608,3.8642201616312377e-07,0.6419889330863953,0.8295126557350159,-0.03388356417417526,0.6205604672431946,0.7505291104316711,-0.04861459136009216,0.6477032899856567,0.67735755443573,-0.05961817130446434,0.6817117929458618,0.618851900100708,-0.07081682235002518,0.6169093251228333,0.6148175597190857,-0.024265430867671967,0.603927493095398,0.5138952732086182,-0.04000096768140793,0.599403440952301,0.4507046341896057,-0.05394986644387245,0.5969945788383484,0.39567044377326965,-0.06714676320552826,0.6635227203369141,0.6030421853065491,-0.027968471869826317,0.6601642966270447,0.48991549015045166,-0.03780306503176689,0.6595233082771301,0.41951438784599304,-0.054541174322366714,0.658517062664032,0.3607574701309204,-0.06984960287809372,0.703508734703064,0.6265261769294739,-0.03650577366352081,0.7134929895401001,0.5263996720314026,-0.056914832442998886,0.7145849466323853,0.4582473039627075,-0.08364924788475037,0.7163405418395996,0.3964983820915222,-0.10604982823133469,0.7366727590560913,0.6731519103050232,-0.04727928340435028,0.7213752269744873,0.6359476447105408,-0.07692395895719528,0.7027223706245422,0.6320350170135498,-0.09416252374649048,0.6866461038589478,0.6290503144264221,-0.10723354667425156
0.6972951889038086,0.8729886412620544,4.1354113022862293e-07,0.6538870334625244,0.8230161070823669,-0.032564591616392136,0.6325305104255676,0.7444505095481873,-0.04674722999334335,0.667264461517334,0.6762537956237793,-0.05762358754873276,0.7080090045928955,0.6277366876602173,-0.06890717893838882,0.6324574947357178,0.6074122786521912,-0.024233566597104073,0.6170104742050171,0.5045864582061768,-0.04034094139933586,0.6099690198898315,0.44064345955848694,-0.05442027747631073,0.6050417423248291,0.3858104348182678,-0.06777794659137726,0.6799473762512207,0.5968103408813477,-0.02882974036037922,0.6793134212493896,0.4820336103439331,-0.03900834172964096,0.6790679097175598,0.41130363941192627,-0.05578446015715599,0.6785751581192017,0.3528740406036377,-0.07079973071813583,0.7197287082672119,0.6231151223182678,-0.038072045892477036,0.7343615889549255,0.526518702507019,-0.057895611971616745,0.7398785352706909,0.4586687684059143,-0.08371753990650177,0.7458088994026184,0.3953472971916199,-0.10527697950601578,0.7509100437164307,0.6740643978118896,-0.04957062378525734,0.7426160573959351,0.6394027471542358,-0.0774552971124649,0.730167806148529,0.6304043531417847,-0.09313685446977615,0.720149040222168,0.620067298412323,-0.10523106157779694
0.38539665937423706,0.7723676562309265,5.317670002114028e-07,0.3192761540412903,0.7148634195327759,-0.0182973463088274,0.28805091977119446,0.6283182501792908,-0.03072766587138176,0.29290303587913513,0.5509443879127502,-0.04529900103807449,0.32096725702285767,0.4949193000793457,-0.05760727450251579,0.31575244665145874,0.5017651319503784,-0.009218337945640087,0.28715047240257263,0.40082651376724243,-0.025254424661397934,0.26955342292785645,0.3411399722099304,-0.03294150158762932,0.25791531801223755,0.28715845942497253,-0.038202058523893356,0.36752745509147644,0.4967013895511627,-0.01818981021642685,0.37151196599006653,0.37984198331832886,-0.03899306803941727,0.36867016553878784,0.3019813895225525,-0.052309293299913406,0.36451709270477295,0.2362661361694336,-0.05805377662181854,0.4100417196750641,0.5202221870422363,-0.030824290588498116,0.37291404604911804,0.4689747989177704,-0.06484515219926834,0.34170714020729065,0.47611263394355774,-0.07626483589410782,0.32055991888046265,0.48351094126701355,-0.07518710196018219,0.4384167194366455,0.5567560195922852,-0.044479720294475555,0.3833407759666443,0.5296481251716614,-0.07230812311172485,0.34559372067451477,0.5224286913871765,-0.07870859652757645,0.3175026774406433,0.5157718658447266,-0.07768852263689041
0.6752124428749084,0.8206900358200073,4.738963639283611e-07,0.6356416344642639,0.762892484664917,-0.03330477699637413,0.6264839768409729,0.6843562722206116,-0.048056334257125854,0.6754212379455566,0.629611611366272,-0.05931459367275238,0.721548318862915,0.5926635265350342,-0.07104770094156265,0.626561164855957,0.5501717329025269,-0.02846441976726055,0.6109375357627869,0.44305622577667236,-0.04585230350494385,0.6021137237548828,0.3760586380958557,-0.059783268719911575,0.5952327251434326,0.31704697012901306,-0.07235486805438995,0.6769396662712097,0.5444339513778687,-0.03247378021478653,0.6837359070777893,0.42562931776046753,-0.043811287730932236,0.689336359500885,0.3505866527557373,-0.059781529009342194,0.6932046413421631,0.2889876961708069,-0.0735059306025505,0.7156153321266174,0.5768062472343445,-0.04089345782995224,0.7403455376625061,0.486450731754303,-0.06212238222360611,0.7587178349494934,0.4208723306655884,-0.0859210342168808,0.7749665975570679,0.3611169457435608,-0.10443830490112305,0.7432153224945068,0.6320338845252991,-0.051625099033117294,0.7429831027984619,0.59270840883255,-0.0778839960694313,0.7357711791992188,0.5864135026931763,-0.08924528956413269,0.7294020056724548,0.5812292098999023,-0.09747116267681122
0.6654101610183716,0.8832554817199707,3.4990154063052614e-07,0.6297680139541626,0.8534345626831055,-0.02382453717291355,0.615522563457489,0.8039397597312927,-0.034719984978437424,0.6456903219223022,0.7685871720314026,-0.042944103479385376,0.6760998964309692,0.7414467930793762,-0.05092814937233925,0.6205636858940125,0.6939446926116943,-0.021767444908618927,0.6045011281967163,0.6177762746810913,-0.03406736999750137,0.5969362854957581,0.5682724714279175,-0.042654719203710556,0.5903795957565308,0.525237500667572,-0.050600565969944,0.657227635383606,0.6860681176185608,-0.026067495346069336,0.659552276134491,0.5962463021278381,-0.036986805498600006,0.6631927490234375,0.5382815599441528,-0.04802801460027695,0.6647040843963623,0.49122875928878784,-0.056626636534929276,0.6858398914337158,0.7080833911895752,-0.033624067902565,0.7036119699478149,0.6462187767028809,-0.0535307303071022,0.7161480188369751,0.6014115214347839,-0.07203511148691177,0.7248853445053101,0.5585463643074036,-0.08490768820047379,0.7087390422821045,0.7488306164741516,-0.04240047559142113,0.7063337564468384,0.7255511283874512,-0.06385849416255951,0.692755937576294,0.7420387268066406,-0.07117888331413269,0.6792293190956116,0.7578372955322266,-0.07599924504756927
0.6702046990394592,0.8924505710601807,3.32052877638489e-07,0.6360666155815125,0.8627631664276123,-0.024499719962477684,0.6223945617675781,0.8143956065177917,-0.035516511648893356,0.6512921452522278,0.7816187143325806,-0.043659962713718414,0.6787949204444885,0.7542724609375,-0.05170883610844612,0.6291292309761047,0.70958012342453,-0.023109251633286476,0.6143345832824707,0.6359609365463257,-0.03585568815469742,0.6079514026641846,0.5874001383781433,-0.04484047368168831,0.6034476161003113,0.5449767708778381,-0.053079940378665924,0.6657584309577942,0.702714204788208,-0.026565516367554665,0.6689444184303284,0.6174135208129883,-0.037326350808143616,0.6733034253120422,0.56273353099823,-0.048700109124183655,0.6761863827705383,0.5172431468963623,-0.05779697746038437,0.6937826871871948,0.7246071100234985,-0.033283576369285583,0.7123412489891052,0.6674219369888306,-0.05308227986097336,0.7241081595420837,0.6262697577476501,-0.07222792506217957,0.7329185605049133,0.5860443115234375,-0.08584364503622055,0.715564489364624,0.7640501856803894,-0.041257232427597046,0.7115036249160767,0.7457671761512756,-0.06408927589654922,0.6967577934265137,0.7604798078536987,-0.07353805005550385,0.6828734874725342,0.7725573778152466,-0.07981713116168976
0.6842667460441589,0.8681528568267822,2.93069405188362e-07,0.6499117016792297,0.8395059108734131,-0.023289088159799576,0.6335464119911194,0.7874316573143005,-0.03201897442340851,0.6600537300109863,0.7462190985679626,-0.03808391094207764,0.6902819871902466,0.7170953750610352,-0.04391537234187126,0.6350897550582886,0.677059531211853,-0.01510713342577219,0.6179218888282776,0.6003760695457458,-0.02378576435148716,0.6110475063323975,0.552014946937561,-0.03143182769417763,0.6047371029853821,0.5102419853210449,-0.03891000524163246,0.6718621850013733,0.6658748984336853,-0.019128018990159035,0.6709602475166321,0.5741335153579712,-0.025431593880057335,0.6727076172828674,0.5207095146179199,-0.03393461927771568,0.6719200015068054,0.47810256481170654,-0.0414995476603508,0.7021570205688477,0.6816258430480957,-0.026809120550751686,0.7216382622718811,0.6035001277923584,-0.04290078580379486,0.7302701473236084,0.5556466579437256,-0.05832657590508461,0.7359151244163513,0.5120111703872681,-0.070102758705616,0.7276332974433899,0.7184467911720276,-0.03602152317762375,0.7298207879066467,0.6733763813972473,-0.05383927375078201,0.7206390500068665,0.6973133683204651,-0.05639692395925522,0.7118993401527405,0.7255967855453491,-0.0585002601146698
0.6686467528343201,0.8370705246925354,3.24488837577519e-07,0.6315471529960632,0.8080068230628967,-0.024799847975373268,0.6136499047279358,0.7514477372169495,-0.03564134240150452,0.642357587814331,0.7054130434989929,-0.044210247695446014,0.6752066612243652,0.6756221652030945,-0.05379079282283783,0.6182940602302551,0.6496124863624573,-0.017891230061650276,0.621984601020813,0.5744462013244629,-0.031038139015436172,0.6292140483856201,0.5271780490875244,-0.04438208043575287,0.6344934105873108,0.483736515045166,-0.05608971789479256,0.6521080732345581,0.6397630572319031,-0.021649541333317757,0.6559786796569824,0.5538479685783386,-0.031342074275016785,0.6589195728302002,0.5011259913444519,-0.044697269797325134,0.657854437828064,0.4533325433731079,-0.05610715597867966,0.6811443567276001,0.6513689160346985,-0.028940262272953987,0.6897982358932495,0.5699769258499146,-0.04699387773871422,0.687923014163971,0.5205585360527039,-0.0658104345202446,0.6841576099395752,0.475056529045105,-0.08045966178178787,0.7079252600669861,0.681252121925354,-0.03814869001507759,0.7055624127388,0.6337856650352478,-0.06062132865190506,0.6927722096443176,0.6570127606391907,-0.06808651238679886,0.680986225605011,0.6849194169044495,-0.073296919465065
0.7247505784034729,0.8151769042015076,3.659821459223167e-07,0.6892449259757996,0.7733824253082275,-0.023815754801034927,0.6765470504760742,0.709630012512207,-0.03342296555638313,0.700916588306427,0.6539466977119446,-0.04085536673665047,0.7281367778778076,0.6141565442085266,-0.048377033323049545,0.6656896471977234,0.6251413822174072,-0.013149821199476719,0.6641531586647034,0.5473249554634094,-0.025530697777867317,0.665244996547699,0.5000665187835693,-0.03752797842025757,0.6665911674499512,0.45957931876182556,-0.0479925163090229,0.698225736618042,0.6160066723823547,-0.014784581027925014,0.6945524215698242,0.5322085022926331,-0.022940155118703842,0.6918901205062866,0.48024582862854004,-0.0366830974817276,0.6892696022987366,0.43622106313705444,-0.048440370708703995,0.728293240070343,0.6299631595611572,-0.019851980730891228,0.7347486615180969,0.5531571507453918,-0.032660290598869324,0.7339749336242676,0.5037109851837158,-0.05009714141488075,0.7335424423217773,0.4591960310935974,-0.06461932510137558,0.7546827793121338,0.6617899537086487,-0.026944860816001892,0.7508809566497803,0.6319482922554016,-0.0442892350256443,0.7440515160560608,0.6131576299667358,-0.05533119663596153,0.7379645705223083,0.5941129922866821,-0.0637587234377861
0.7265928387641907,0.8246028423309326,3.1017853530102e-07,0.6928785443305969,0.7851333022117615,-0.024405382573604584,0.681419849395752,0.7262287139892578,-0.034117136150598526,0.7125959992408752,0.6753370761871338,-0.041062451899051666,0.7437313199043274,0.6408368945121765,-0.04780728742480278,0.6714682579040527,0.6330761909484863,-0.017023811116814613,0.656034529209137,0.5546436905860901,-0.026780668646097183,0.6467786431312561,0.5078925490379333,-0.03521125018596649,0.639068603515625,0.4674510359764099,-0.04356669634580612,0.7058960199356079,0.6225575804710388,-0.019219404086470604,0.6957464814186096,0.5365123748779297,-0.026149382814764977,0.6904824376106262,0.4824525713920593,-0.03825889527797699,0.6867495179176331,0.4384131133556366,-0.04881469905376434,0.7369740009307861,0.6390846967697144,-0.02468540146946907,0.7543774247169495,0.5666564702987671,-0.04080142825841904,0.7675058245658875,0.5185045003890991,-0.060410287231206894,0.7789009213447571,0.47661322355270386,-0.07521705329418182,0.7622062563896179,0.6736858487129211,-0.031543537974357605,0.7617037296295166,0.6446129083633423,-0.05244318023324013,0.7596151828765869,0.6343532800674438,-0.06403151154518127,0.7590280175209045,0.6237446069717407,-0.07228216528892517
0.7299292087554932,0.8252326846122742,3.947655216052226e-07,0.6952151656150818,0.7810660004615784,-0.0222859475761652,0.6832686066627502,0.717072606086731,-0.03274926543235779,0.7097811698913574,0.6638237237930298,-0.04149499163031578,0.7392145395278931,0.6245041489601135,-0.050564542412757874,0.6742845773696899,0.6329769492149353,-0.014067833311855793,0.6791793704032898,0.5569769740104675,-0.029115229845046997,0.6856431365013123,0.5098152756690979,-0.04346095025539398,0.6925534009933472,0.4695272445678711,-0.055483706295490265,0.7055559754371643,0.6258307695388794,-0.016763124614953995,0.7081586122512817,0.5436158776283264,-0.027247073128819466,0.7101668119430542,0.4917004704475403,-0.042419832199811935,0.7118374705314636,0.4453590214252472,-0.05504932627081871,0.7340470552444458,0.640143632888794,-0.02271614968776703,0.7385779023170471,0.5624634027481079,-0.03639272600412369,0.7381572127342224,0.5135483741760254,-0.053761038929224014,0.7383102178573608,0.46754884719848633,-0.06827149540185928,0.7605580687522888,0.6722912192344666,-0.030707715079188347,0.7590848803520203,0.6441509127616882,-0.0486275814473629,0.7531233429908752,0.6229279637336731,-0.06054219976067543,0.7480575442314148,0.5996785163879395,-0.06959307938814163
0.741061270236969,0.8454546928405762,2.6167768396589963e-07,0.7013363838195801,0.8123320937156677,-0.02710370533168316,0.6828702092170715,0.7521459460258484,-0.03575979918241501,0.7189951539039612,0.7106035947799683,-0.041002389043569565,0.7578672766685486,0.6917250752449036,-0.04578842967748642,0.6909293532371521,0.6389428377151489,-0.017138905823230743,0.6640483736991882,0.5604509115219116,-0.027362247928977013,0.6515525579452515,0.5122859477996826,-0.03690190240740776,0.6422027349472046,0.4706643223762512,-0.045607466250658035,0.7318874001502991,0.6272468566894531,-0.020146362483501434,0.7284807562828064,0.5320107936859131,-0.026292260736227036,0.7290511131286621,0.4744529724121094,-0.035948168486356735,0.7280858755111694,0.42819344997406006,-0.04455915093421936,0.765235185623169,0.6443949937820435,-0.02761010453104973,0.7895181775093079,0.5639811754226685,-0.04476810619235039,0.8003195524215698,0.5122591257095337,-0.06375212222337723,0.8057628870010376,0.4653583765029907,-0.07775989174842834,0.7944083213806152,0.685824453830719,-0.03703462705016136,0.8048589825630188,0.6341806650161743,-0.05523185431957245,0.793156623840332,0.6572688221931458,-0.058822151273489,0.7772261500358582,0.6889777183532715,-0.06194879114627838
0.7412153482437134,0.843092679977417,3.590932351471565e-07,0.702848494052887,0.8091575503349304,-0.029672326520085335,0.6872907876968384,0.7475664615631104,-0.041609879583120346,0.7228458523750305,0.702942430973053,-0.050203852355480194,0.7596229314804077,0.6776424050331116,-0.05936967954039574,0.69627845287323,0.6340242624282837,-0.021605828776955605,0.6999598741531372,0.5492329597473145,-0.03527985140681267,0.7068652510643005,0.4979385733604431,-0.049204085022211075,0.7116072773933411,0.45146507024765015,-0.06097489967942238,0.733103334903717,0.6278212070465088,-0.02323881722986698,0.7355839610099792,0.5332394242286682,-0.03163086995482445,0.7376688718795776,0.47611063718795776,-0.04436197131872177,0.7364418506622314,0.4247833490371704,-0.05535409599542618,0.7646217346191406,0.6436183452606201,-0.02885591611266136,0.772369921207428,0.5537303686141968,-0.046399109065532684,0.7701078653335571,0.4997052550315857,-0.0652819275856018,0.7653783559799194,0.4509657621383667,-0.07996416091918945,0.7949634194374084,0.678539514541626,-0.0369500070810318,0.7997539043426514,0.6256330013275146,-0.05922222509980202,0.7895232439041138,0.648999035358429,-0.06549741327762604,0.7786545753479004,0.6804563999176025,-0.06952673196792603
0.8268553614616394,0.8629674911499023,3.104955794697162e-07,0.7924057245254517,0.8274531364440918,-0.0371692031621933,0.7830256819725037,0.7637900114059448,-0.047083668410778046,0.8239848017692566,0.7146185636520386,-0.05101344361901283,0.8597038984298706,0.684612512588501,-0.053194500505924225,0.7745274305343628,0.6473910808563232,-0.019094372168183327,0.7674012184143066,0.5591179132461548,-0.030977211892604828,0.7655531167984009,0.5061505436897278,-0.0433797650039196,0.7642431259155273,0.4594809412956238,-0.05329614505171776,0.8123000860214233,0.6362730860710144,-0.016569212079048157,0.8066753149032593,0.5382474660873413,-0.022299468517303467,0.8054978847503662,0.4797232151031494,-0.03336994722485542,0.802452564239502,0.42887526750564575,-0.04269101843237877,0.8444341421127319,0.6483370065689087,-0.019759368151426315,0.8483980894088745,0.559872031211853,-0.03857748582959175,0.8475797176361084,0.5061458945274353,-0.06076150760054588,0.8421763181686401,0.45468419790267944,-0.07619886100292206,0.8793854713439941,0.6818784475326538,-0.025857549160718918,0.8868998289108276,0.6232510209083557,-0.04518897831439972,0.8819601535797119,0.6479164361953735,-0.05031337961554527,0.8736275434494019,0.6844385266304016,-0.05368154123425484
0.6051915287971497,0.9878785610198975,5.088594434710103e-07,0.5440853834152222,0.9621333479881287,-0.022027431055903435,0.5121161341667175,0.9120764136314392,-0.03784607723355293,0.5092282891273499,0.8637425899505615,-0.05349885672330856,0.5018279552459717,0.8255394697189331,-0.0694948211312294,0.5313909649848938,0.7727726101875305,-0.03709835931658745,0.5151984691619873,0.6914137601852417,-0.06435172259807587,0.5021211504936218,0.6356135606765747,-0.08420295268297195,0.4946785569190979,0.5865496397018433,-0.09640997648239136,0.5646817088127136,0.7719506025314331,-0.04464927688241005,0.5368813276290894,0.6812071204185486,-0.06830615550279617,0.514683187007904,0.620858907699585,-0.08336882293224335,0.49683842062950134,0.5740789771080017,-0.09154348820447922,0.590998649597168,0.8004212379455566,-0.05376122519373894,0.5316621661186218,0.7802200317382812,-0.08063099533319473,0.5060973167419434,0.8080909848213196,-0.08677106350660324,0.4981093108654022,0.8317208886146545,-0.08497454971075058,0.6044365167617798,0.8539725542068481,-0.06505779922008514,0.5389800071716309,0.8641946315765381,-0.08682804554700851,0.5114330053329468,0.8922588229179382,-0.08792699873447418,0.5031164288520813,0.9177298545837402,-0.08346394449472427
0.1896411031484604,0.9988319873809814,6.131297141109826e-07,0.23807406425476074,0.9676333665847778,-0.031844399869441986,0.26473209261894226,0.9114068746566772,-0.04311741143465042,0.2263711392879486,0.8757165670394897,-0.04905518889427185,0.18157681822776794,0.8568532466888428,-0.055700965225696564,0.2536650598049164,0.7615011930465698,-0.030054830014705658,0.2615072429180145,0.6583465337753296,-0.04494934156537056,0.2634263038635254,0.5937085747718811,-0.05593791976571083,0.26173242926597595,0.5354616641998291,-0.0637422725558281,0.21146535873413086,0.757055401802063,-0.03258902207016945,0.21658775210380554,0.6361668705940247,-0.04799916595220566,0.21506215631961823,0.5610114932060242,-0.06300156563520432,0.21315962076187134,0.49572986364364624,-0.0709030032157898,0.1734381914138794,0.7779839038848877,-0.037824057042598724,0.16398149728775024,0.6813191771507263,-0.0655754953622818,0.1634584367275238,0.6110836863517761,-0.08892662078142166,0.16208861768245697,0.5450735688209534,-0.10179869085550308,0.13954152166843414,0.8249616026878357,-0.04450158029794693,0.152326300740242,0.7793523669242859,-0.07133832573890686,0.1700955033302307,0.8186213970184326,-0.07258880138397217,0.1815345287322998,0.8649013042449951,-0.06917116045951843
0.17384573817253113,0.9790393114089966,5.803082103739143e-07,0.2224654108285904,0.941402018070221,-0.03496694937348366,0.24882633984088898,0.8587402701377869,-0.045887380838394165,0.21009129285812378,0.7980024814605713,-0.05194346606731415,0.16315250098705292,0.7680885195732117,-0.05851670727133751,0.2424858957529068,0.7183205485343933,-0.02501247636973858,0.25994157791137695,0.614338755607605,-0.03813238814473152,0.2702332139015198,0.55003821849823,-0.05035213381052017,0.27374863624572754,0.49196523427963257,-0.06023866683244705,0.1947387158870697,0.7077369689941406,-0.025454746559262276,0.1989368051290512,0.5867767333984375,-0.034873273223638535,0.20092369616031647,0.5159105062484741,-0.04860926419496536,0.19990088045597076,0.45359528064727783,-0.05871664360165596,0.15215402841567993,0.7268829345703125,-0.029471945017576218,0.14828191697597504,0.6287243366241455,-0.05222522094845772,0.15233291685581207,0.5586675405502319,-0.07520342618227005,0.1529719978570938,0.4953138828277588,-0.09104453772306442,0.11289842426776886,0.7678945660591125,-0.03577273339033127,0.12427669763565063,0.7137597799301147,-0.06379508227109909,0.14397193491458893,0.7463433742523193,-0.06942175328731537,0.15685081481933594,0.7865238785743713,-0.07081539183855057
0.17802633345127106,0.9700453877449036,6.244651444831106e-07,0.22309304773807526,0.9285216927528381,-0.029883364215493202,0.24708294868469238,0.8557258248329163,-0.04071176424622536,0.20719721913337708,0.802998960018158,-0.048248179256916046,0.1629267781972885,0.7665240168571472,-0.05619412288069725,0.240736186504364,0.7097253203392029,-0.022158192470669746,0.2649771273136139,0.6092747449874878,-0.03641556575894356,0.2783186137676239,0.5441250801086426,-0.048837367445230484,0.2831515967845917,0.48610785603523254,-0.05904695764183998,0.1909632682800293,0.7037031054496765,-0.025545546784996986,0.1864030510187149,0.5838358998298645,-0.037926070392131805,0.17999692261219025,0.512462854385376,-0.05445728823542595,0.17160716652870178,0.4502701461315155,-0.06600490212440491,0.15167754888534546,0.7314245700836182,-0.03192593902349472,0.14005519449710846,0.6450110077857971,-0.05730824172496796,0.13723596930503845,0.5781217217445374,-0.08244290202856064,0.12994670867919922,0.5184180736541748,-0.09880320727825165,0.1212715432047844,0.781196117401123,-0.03995282202959061,0.1372264325618744,0.7445471882820129,-0.07003657519817352,0.1586877852678299,0.7702991366386414,-0.07897039502859116,0.16997919976711273,0.8002527356147766,-0.08202264457941055
0.15270045399665833,0.946103572845459,3.314273726573447e-07,0.19927585124969482,0.9057626724243164,-0.030838625505566597,0.2248857021331787,0.8216735124588013,-0.03850053250789642,0.205463707447052,0.7453539967536926,-0.042965758591890335,0.1727057248353958,0.6852805018424988,-0.04661913216114044,0.23937514424324036,0.6996377110481262,-0.007516293786466122,0.2464100420475006,0.6046029925346375,-0.019889477640390396,0.24345213174819946,0.5476121306419373,-0.033722423017024994,0.2358437031507492,0.494809091091156,-0.045235760509967804,0.20517316460609436,0.6870563626289368,-0.0071711759082973,0.2144102305173874,0.5845141410827637,-0.016308801248669624,0.21424457430839539,0.5189065337181091,-0.0319710448384285,0.21098549664020538,0.4592004120349884,-0.04434496909379959,0.16823790967464447,0.7014006972312927,-0.011755392886698246,0.17710480093955994,0.6101652979850769,-0.03183216229081154,0.18317794799804688,0.5509874820709229,-0.054192956537008286,0.18311132490634918,0.4964469075202942,-0.06986340135335922,0.13053709268569946,0.7329034805297852,-0.01869201846420765,0.1472182720899582,0.6902930736541748,-0.04543545842170715,0.1612977683544159,0.6971874833106995,-0.05764075741171837,0.16759565472602844,0.7054648995399475,-0.06431332230567932
0.18063762784004211,0.9427143335342407,4.344710191617196e-07,0.22977429628372192,0.9003751277923584,-0.027680575847625732,0.25039535760879517,0.8282548189163208,-0.039073117077350616,0.2266344577074051,0.7714889049530029,-0.048240963369607925,0.19475556910037994,0.7233375906944275,-0.05750526487827301,0.25213560461997986,0.6905632019042969,-0.018290484324097633,0.2528780698776245,0.5963445901870728,-0.03631305322051048,0.2488519847393036,0.5369521379470825,-0.05223050341010094,0.2404790222644806,0.48611199855804443,-0.06452887505292892,0.21340198814868927,0.6843405961990356,-0.022845672443509102,0.21709021925926208,0.581297755241394,-0.03804555907845497,0.2152782380580902,0.5132807493209839,-0.05690250173211098,0.2115490883588791,0.4551997184753418,-0.07057540118694305,0.1748402714729309,0.7085997462272644,-0.031346309930086136,0.17569102346897125,0.6184072494506836,-0.05620711296796799,0.17612223327159882,0.5542071461677551,-0.08248060941696167,0.17398856580257416,0.49764949083328247,-0.10059906542301178,0.13847169280052185,0.7542001605033875,-0.04148188233375549,0.15622135996818542,0.7236927151679993,-0.07221540808677673,0.17436064779758453,0.7201780676841736,-0.08823651075363159,0.18799124658107758,0.7163950204849243,-0.09751129150390625
0.18426987528800964,0.937793493270874,3.5600058367890597e-07,0.2328442484140396,0.9080421328544617,-0.028827086091041565,0.2634161710739136,0.8377880454063416,-0.03855808824300766,0.23881259560585022,0.7758302092552185,-0.04492723196744919,0.19974923133850098,0.7359516024589539,-0.052237313240766525,0.26421666145324707,0.7055227756500244,-0.01766572892665863,0.26761263608932495,0.6104922294616699,-0.03046051599085331,0.2642207145690918,0.5531964898109436,-0.04270936921238899,0.2563282549381256,0.5019224286079407,-0.052346520125865936,0.229515939950943,0.6938044428825378,-0.019702963531017303,0.23626409471035004,0.5896263718605042,-0.029278960078954697,0.23373669385910034,0.5249730348587036,-0.043637391179800034,0.22901445627212524,0.4650960862636566,-0.054193511605262756,0.19323059916496277,0.7075111865997314,-0.02516132965683937,0.20156197249889374,0.617639422416687,-0.04713628441095352,0.2047622948884964,0.5590894222259521,-0.06827756762504578,0.20369036495685577,0.502169668674469,-0.08252068608999252,0.1552860140800476,0.7400340437889099,-0.03231922537088394,0.1721733957529068,0.6934794783592224,-0.0593973770737648,0.18862995505332947,0.7243493795394897,-0.06567488610744476,0.19840602576732635,0.7595089673995972,-0.06736783683300018
0.1774265617132187,0.9414427280426025,3.4118170333385933e-07,0.2254108041524887,0.910858690738678,-0.029140308499336243,0.25428521633148193,0.8377646207809448,-0.03784704953432083,0.2296316921710968,0.7728656530380249,-0.04294609650969505,0.1898055225610733,0.7317690253257751,-0.04874221608042717,0.2633906602859497,0.707410454750061,-0.014460419304668903,0.2667287588119507,0.6115982532501221,-0.02639302797615528,0.26370617747306824,0.5538015365600586,-0.03866707161068916,0.256545752286911,0.500991940498352,-0.04849132150411606,0.22796912491321564,0.6938871145248413,-0.016387097537517548,0.23417489230632782,0.589278519153595,-0.025137504562735558,0.23286765813827515,0.5244384407997131,-0.03924369439482689,0.22993433475494385,0.4639856815338135,-0.04947790503501892,0.19013197720050812,0.705842137336731,-0.02206132747232914,0.19658714532852173,0.6153603792190552,-0.04460277035832405,0.20168496668338776,0.5557127594947815,-0.06648782640695572,0.20225459337234497,0.49628329277038574,-0.08098580688238144,0.15031540393829346,0.7368156313896179,-0.02950277365744114,0.16802246868610382,0.6903848052024841,-0.05768948793411255,0.18208317458629608,0.7268006801605225,-0.06400462985038757,0.18787389993667603,0.7647647857666016,-0.06547289341688156
0.20629729330539703,0.8921347856521606,6.361830173773342e-07,0.2580280601978302,0.8538239002227783,-0.03288175165653229,0.2837584316730499,0.779484748840332,-0.045275039970874786,0.25456133484840393,0.7158904671669006,-0.053395383059978485,0.2100338637828827,0.6719748973846436,-0.062077686190605164,0.28630149364471436,0.6458974480628967,-0.02622559294104576,0.2956680655479431,0.5444862842559814,-0.04063549265265465,0.29841095209121704,0.4797753095626831,-0.05278044566512108,0.29722124338150024,0.42046284675598145,-0.06270170956850052,0.24275216460227966,0.6328648924827576,-0.028102299198508263,0.25341057777404785,0.5188014507293701,-0.04070325568318367,0.2576775550842285,0.44541847705841064,-0.0570693165063858,0.2592453062534332,0.3811878561973572,-0.06874516606330872,0.20061057806015015,0.6507310271263123,-0.03325046971440315,0.18777155876159668,0.5522882342338562,-0.060694850981235504,0.18438422679901123,0.48375439643859863,-0.08695584535598755,0.17899581789970398,0.42225977778434753,-0.10432100296020508,0.16114594042301178,0.6900078058242798,-0.040001388639211655,0.1775863766670227,0.6386405825614929,-0.07313767820596695,0.19705861806869507,0.6739065647125244,-0.08299849927425385,0.20872879028320312,0.712440013885498,-0.08688504248857498
0.17973455786705017,0.8728013634681702,4.653043106372934e-07,0.23359844088554382,0.8476599454879761,-0.03633422031998634,0.26342615485191345,0.7808825969696045,-0.0511600598692894,0.22380010783672333,0.7251465916633606,-0.06083304062485695,0.1800219714641571,0.6834399104118347,-0.07177619636058807,0.2710752487182617,0.6336203217506409,-0.03149164468050003,0.2759466767311096,0.5304577350616455,-0.048150207847356796,0.2730999290943146,0.466006338596344,-0.06301193684339523,0.26659253239631653,0.40588879585266113,-0.07448805868625641,0.2299773246049881,0.6202812194824219,-0.03279447555541992,0.23993578553199768,0.5037939548492432,-0.04621210694313049,0.24147874116897583,0.428605318069458,-0.06333276629447937,0.24176019430160522,0.3600752651691437,-0.07558469474315643,0.18917176127433777,0.633366048336029,-0.0375712588429451,0.19808411598205566,0.5334252119064331,-0.06514345109462738,0.20509812235832214,0.46675851941108704,-0.09001501649618149,0.20837917923927307,0.4025671184062958,-0.1063673347234726,0.14896413683891296,0.6671434044837952,-0.04431437328457832,0.17061543464660645,0.6213016510009766,-0.07650535553693771,0.18253327906131744,0.6647638082504272,-0.08258194476366043,0.18604548275470734,0.7103877067565918,-0.08353864401578903
0.2806112468242645,0.7397363781929016,4.5627791678271024e-07,0.3349062502384186,0.7103453874588013,-0.018579190596938133,0.3733121156692505,0.6448656320571899,-0.024247530847787857,0.36791545152664185,0.5768213868141174,-0.028618086129426956,0.3474653363227844,0.5229949951171875,-0.035015739500522614,0.38926631212234497,0.5125977993011475,-0.007149888668209314,0.40311652421951294,0.4185728132724762,-0.016117114573717117,0.4069221615791321,0.3569362163543701,-0.02719162218272686,0.40719130635261536,0.30119460821151733,-0.036129143089056015,0.3536073565483093,0.49747347831726074,-0.013034663163125515,0.3696387708187103,0.39116400480270386,-0.019240524619817734,0.374799907207489,0.32161304354667664,-0.033432167023420334,0.3802557587623596,0.2592356204986572,-0.043912291526794434,0.3130783438682556,0.5042487382888794,-0.021381832659244537,0.3325998783111572,0.4018893241882324,-0.0439528226852417,0.3468543291091919,0.33853769302368164,-0.06742045283317566,0.3566262722015381,0.2809334397315979,-0.08301980793476105,0.2679457664489746,0.5291529297828674,-0.029828529804944992,0.3001406490802765,0.47635528445243835,-0.056873518973588943,0.3146594762802124,0.5158566832542419,-0.06182148680090904,0.3197522759437561,0.5592955350875854,-0.06244292110204697
0.2579462230205536,0.6595736742019653,3.6865236552330316e-07,0.31007224321365356,0.6334161162376404,-0.03028458170592785,0.34424880146980286,0.5607801079750061,-0.03896934539079666,0.32279258966445923,0.4900640547275543,-0.04377476125955582,0.2909604609012604,0.4497850239276886,-0.05005188658833504,0.35847780108451843,0.44375598430633545,-0.018069881945848465,0.36924096941947937,0.35465380549430847,-0.02871682122349739,0.3729674518108368,0.2962460517883301,-0.04000936448574066,0.373291939496994,0.2433905154466629,-0.04972920939326286,0.3239896595478058,0.4308960437774658,-0.019124867394566536,0.33920103311538696,0.33167019486427307,-0.029343131929636,0.3439366817474365,0.26575198769569397,-0.043777722865343094,0.348004549741745,0.2075406014919281,-0.05455116182565689,0.2872632145881653,0.43973949551582336,-0.023701492697000504,0.30539295077323914,0.3473520874977112,-0.047226399183273315,0.3203498423099518,0.2822137475013733,-0.07128307223320007,0.33197471499443054,0.2227782905101776,-0.08813820779323578,0.24621954560279846,0.46673014760017395,-0.029985055327415466,0.2698061764240265,0.42015862464904785,-0.058605145663022995,0.2854108512401581,0.457590252161026,-0.0674261599779129,0.2956254482269287,0.5012814998626709,-0.07192960381507874
0.138301819562912,0.7004649639129639,4.3159289475624973e-07,0.19109462201595306,0.6710560321807861,-0.04186192527413368,0.21363922953605652,0.5977885723114014,-0.0570317767560482,0.17867524921894073,0.5315945148468018,-0.06582812964916229,0.13685022294521332,0.4872799217700958,-0.07512428611516953,0.22116459906101227,0.4627094566822052,-0.028686843812465668,0.22410929203033447,0.36269715428352356,-0.0454021655023098,0.22028294205665588,0.3010520339012146,-0.061105843633413315,0.2134508490562439,0.24831892549991608,-0.07274376600980759,0.18247415125370026,0.45054271817207336,-0.02548503316938877,0.18774685263633728,0.34070804715156555,-0.03783421218395233,0.1869237720966339,0.2714059054851532,-0.054331157356500626,0.18711666762828827,0.209711492061615,-0.06591241806745529,0.14233680069446564,0.4628843367099762,-0.027085216715931892,0.14581270515918732,0.36093026399612427,-0.05472131818532944,0.1485590934753418,0.2968178391456604,-0.08038564771413803,0.14979243278503418,0.23610004782676697,-0.0969909206032753,0.10205690562725067,0.49483776092529297,-0.031112028285861015,0.11396202445030212,0.4448634386062622,-0.06546972692012787,0.1270635426044464,0.4850495755672455,-0.07471416890621185,0.13344991207122803,0.5289891362190247,-0.07750225812196732
0.18548476696014404,0.9626091122627258,4.420800223670085e-07,0.23180316388607025,0.9430089592933655,-0.030311359092593193,0.26430797576904297,0.8952500820159912,-0.04304444417357445,0.2365497499704361,0.8614129424095154,-0.051384177058935165,0.19951529800891876,0.8340082168579102,-0.061521876603364944,0.26027432084083557,0.7553826570510864,-0.03140062838792801,0.2653006911277771,0.6665745973587036,-0.04668736457824707,0.262988805770874,0.6099265813827515,-0.05902104452252388,0.25741496682167053,0.557976484298706,-0.0682116225361824,0.2208717316389084,0.748437762260437,-0.034910425543785095,0.22313997149467468,0.6389214992523193,-0.049003180116415024,0.21962043642997742,0.5706204175949097,-0.06603671610355377,0.21547728776931763,0.5100131034851074,-0.0775812491774559,0.18403255939483643,0.7656577229499817,-0.04083998501300812,0.18380597233772278,0.6783740520477295,-0.06887226551771164,0.18243658542633057,0.6176151037216187,-0.09453447163105011,0.1788959503173828,0.5593488216400146,-0.11061668395996094,0.14968952536582947,0.8030871152877808,-0.04789901524782181,0.17036572098731995,0.7660982608795166,-0.07864225655794144,0.18164509534835815,0.8056175112724304,-0.08572320640087128,0.18622876703739166,0.8468449711799622,-0.0875011533498764
0.39192378520965576,0.9521274566650391,4.346666742094385e-07,0.4465996026992798,0.9367056488990784,-0.021903935819864273,0.4892590045928955,0.8989018201828003,-0.03681870549917221,0.5000520348548889,0.8594892621040344,-0.050846539437770844,0.47702664136886597,0.8291860222816467,-0.06779046356678009,0.49205607175827026,0.7602301239967346,-0.030679164454340935,0.5100717544555664,0.6703870892524719,-0.0476917065680027,0.5185546875,0.614327609539032,-0.0616828128695488,0.5236970782279968,0.5659144520759583,-0.07209646701812744,0.45846888422966003,0.7495437860488892,-0.039492085576057434,0.4639592468738556,0.6405191421508789,-0.0542190819978714,0.46384313702583313,0.568291425704956,-0.07318668812513351,0.4639306962490082,0.5070026516914368,-0.08764413744211197,0.42189091444015503,0.7651150822639465,-0.049496814608573914,0.4290992319583893,0.6736468076705933,-0.07534562051296234,0.43671914935112,0.6084231734275818,-0.10213836282491684,0.44228601455688477,0.552827000617981,-0.12131685763597488,0.3864738345146179,0.801419734954834,-0.05996314063668251,0.41443318128585815,0.7671152353286743,-0.08922790735960007,0.4366110563278198,0.7974281907081604,-0.09967423230409622,0.4506506621837616,0.8352479934692383,-0.10542309284210205
0.5264811515808105,0.9578700065612793,3.874275193993526e-07,0.5829632878303528,0.947184145450592,-0.012969393283128738,0.6299336552619934,0.9116265773773193,-0.02152201160788536,0.6515613794326782,0.8843282461166382,-0.030877700075507164,0.6339893341064453,0.8560853004455566,-0.04171144962310791,0.631790816783905,0.7664158344268799,-0.013637918047606945,0.6549469828605652,0.688204288482666,-0.026043154299259186,0.665012538433075,0.6371647715568542,-0.03753169625997543,0.6686563491821289,0.5910003185272217,-0.04775895178318024,0.5976670384407043,0.7541583180427551,-0.026037875562906265,0.6021612882614136,0.6514690518379211,-0.039943963289260864,0.6028719544410706,0.5863699316978455,-0.059122294187545776,0.6002803444862366,0.5301816463470459,-0.07474331557750702,0.5628189444541931,0.7693480849266052,-0.03988960385322571,0.5796094536781311,0.6976901292800903,-0.06665322929620743,0.5932186841964722,0.6431674957275391,-0.09383548051118851,0.6008623242378235,0.5937601327896118,-0.11308253556489944,0.5314421057701111,0.8058759570121765,-0.05364847183227539,0.5732920169830322,0.7934283018112183,-0.08434958010911942,0.6019963622093201,0.8212917447090149,-0.09911173582077026,0.6191108226776123,0.8501952886581421,-0.10860137641429901
0.500466525554657,0.8953038454055786,4.555337795864034e-07,0.5487714409828186,0.8833574652671814,-0.020129907876253128,0.5855579972267151,0.8488759994506836,-0.03172764554619789,0.5915879011154175,0.8143836259841919,-0.042433250695466995,0.5803432464599609,0.7716140747070312,-0.05523576959967613,0.6051008701324463,0.7019844651222229,-0.022633980959653854,0.6330280303955078,0.622557520866394,-0.036904189735651016,0.6492106318473816,0.5706161260604858,-0.04966247081756592,0.6594051718711853,0.5248101353645325,-0.05974774435162544,0.5693654417991638,0.6869456171989441,-0.030237160623073578,0.5762409567832947,0.5894211530685425,-0.043240390717983246,0.5755001306533813,0.5274415612220764,-0.06200603395700455,0.5746425986289978,0.47699061036109924,-0.07642129808664322,0.5318433046340942,0.698051393032074,-0.039663560688495636,0.5437571406364441,0.615795373916626,-0.06530433893203735,0.5536098480224609,0.5536888241767883,-0.09402156621217728,0.5592058897018433,0.5023829936981201,-0.11459516733884811,0.4941239356994629,0.7286105751991272,-0.049308426678180695,0.5248721837997437,0.7173279523849487,-0.07993578910827637,0.5475128889083862,0.7481775879859924,-0.09463076293468475,0.5612661242485046,0.7827363014221191,-0.10328606516122818
0.27684155106544495,0.8214126229286194,6.536451451211178e-07,0.3270230293273926,0.8025078773498535,-0.03547574207186699,0.35662034153938293,0.7486703395843506,-0.047965120524168015,0.3187161684036255,0.6950652003288269,-0.054408106952905655,0.2794088125228882,0.6558977961540222,-0.06155426427721977,0.369175523519516,0.6065990328788757,-0.03553412854671478,0.4050281047821045,0.5126951932907104,-0.051357559859752655,0.42472705245018005,0.45337361097335815,-0.06284909695386887,0.4377945065498352,0.3966086506843567,-0.07121509313583374,0.32743921875953674,0.588686466217041,-0.03548241779208183,0.3520490527153015,0.47388458251953125,-0.05090479552745819,0.36362412571907043,0.4028220474720001,-0.0657854676246643,0.3731473982334137,0.341606467962265,-0.07438693940639496,0.2890942692756653,0.5991273522377014,-0.0383131168782711,0.2895375192165375,0.5006876587867737,-0.06498271226882935,0.29490238428115845,0.4313144087791443,-0.08849142491817474,0.30052271485328674,0.3687558174133301,-0.10250954329967499,0.25236761569976807,0.6357349157333374,-0.0429815910756588,0.26401999592781067,0.5908221006393433,-0.06883362680673599,0.27239516377449036,0.6309264302253723,-0.07186189293861389,0.2760733366012573,0.6778444051742554,-0.07070363312959671
0.2671043276786804,0.80599045753479,7.185068398030126e-07,0.30958837270736694,0.7856616973876953,-0.042823582887649536,0.3274317681789398,0.7305908203125,-0.06197291240096092,0.2864401340484619,0.6802964210510254,-0.07467971742153168,0.24548594653606415,0.6397303342819214,-0.08805844187736511,0.34123000502586365,0.5957353711128235,-0.04457807168364525,0.36999285221099854,0.5058146715164185,-0.06463868916034698,0.38753312826156616,0.4482106864452362,-0.07936853915452957,0.40029335021972656,0.3941747546195984,-0.09049654006958008,0.30130648612976074,0.5765485763549805,-0.041678350418806076,0.3179205358028412,0.46974194049835205,-0.059255246073007584,0.3273702561855316,0.4012661576271057,-0.0761924535036087,0.3359427750110626,0.34113168716430664,-0.08717329800128937,0.26394903659820557,0.5871955156326294,-0.0423014797270298,0.2528877556324005,0.494239866733551,-0.07151252776384354,0.25156980752944946,0.4278131127357483,-0.09818648546934128,0.2527582049369812,0.36866670846939087,-0.1155613362789154,0.23003756999969482,0.620633602142334,-0.04531952738761902,0.2309175729751587,0.5889490842819214,-0.07959579676389694,0.24100737273693085,0.6276611089706421,-0.09134329110383987,0.249826118350029,0.666521430015564,-0.09625237435102463
0.6427603363990784,0.9449692368507385,4.7276802206397406e-07,0.5979064702987671,0.9236848950386047,-0.03158193454146385,0.5667787194252014,0.8721947073936462,-0.04625837877392769,0.5936838388442993,0.8298343420028687,-0.05664116144180298,0.6336312890052795,0.7997023463249207,-0.06833544373512268,0.5649898648262024,0.7337853908538818,-0.032336462289094925,0.5534984469413757,0.640497088432312,-0.04802657291293144,0.5525472164154053,0.5791442394256592,-0.060855764895677567,0.5502251982688904,0.5239922404289246,-0.07210550457239151,0.6076558232307434,0.7172930836677551,-0.03623213246464729,0.6029567122459412,0.6111738681793213,-0.04745626449584961,0.6040951013565063,0.5426487922668457,-0.06011191010475159,0.6022785305976868,0.4840730130672455,-0.0711127519607544,0.6434155702590942,0.731549084186554,-0.04395454004406929,0.6579916477203369,0.6428284049034119,-0.06695029884576797,0.6622329950332642,0.5815339088439941,-0.09010394662618637,0.663120687007904,0.5268681049346924,-0.107668936252594,0.6743298768997192,0.7686925530433655,-0.05357490852475166,0.6670041084289551,0.7367793321609497,-0.08382593840360641,0.6558310389518738,0.7765965461730957,-0.09423348307609558,0.646013081073761,0.8157225251197815,-0.10092217475175858
0.683556854724884,0.9068280458450317,4.5776181423207163e-07,0.6427991986274719,0.8877100944519043,-0.04443076252937317,0.6221097707748413,0.8367053270339966,-0.061193909496068954,0.6649314165115356,0.7884505987167358,-0.07043151557445526,0.7091856002807617,0.7494432330131531,-0.07888082414865494,0.6061420440673828,0.6949971914291382,-0.037892743945121765,0.5864465832710266,0.5974534153938293,-0.05619923397898674,0.5770438313484192,0.5364639759063721,-0.06939858198165894,0.5681137442588806,0.48216569423675537,-0.08022894710302353,0.6467196941375732,0.6752735376358032,-0.03535434976220131,0.6302282810211182,0.5691729784011841,-0.04861399158835411,0.6227388978004456,0.5015155076980591,-0.06259995698928833,0.6144818663597107,0.44332262873649597,-0.07363484054803848,0.681452214717865,0.6909708976745605,-0.038201671093702316,0.7002435922622681,0.6162413358688354,-0.06497801840305328,0.7076704502105713,0.5580020546913147,-0.09173058718442917,0.7081208229064941,0.5012321472167969,-0.11031486093997955,0.7133698463439941,0.7309551239013672,-0.043971192091703415,0.7160905599594116,0.7158889770507812,-0.07677024602890015,0.7095754146575928,0.7532881498336792,-0.09016820788383484,0.6991017460823059,0.7880311608314514,-0.09817901253700256
0.713590145111084,0.8692690134048462,5.585356461779156e-07,0.6750344038009644,0.8332623839378357,-0.0385008305311203,0.661300778388977,0.7703197598457336,-0.05685900151729584,0.7001730799674988,0.7126466035842896,-0.07015446573495865,0.7365379333496094,0.668485701084137,-0.08363290131092072,0.6470980644226074,0.6501569747924805,-0.03233849257230759,0.6579617261886597,0.5608876347541809,-0.05318514630198479,0.6694713234901428,0.504346489906311,-0.0725320354104042,0.6798297166824341,0.4534044861793518,-0.0880836471915245,0.6844357252120972,0.6362873911857605,-0.030318506062030792,0.6885432600975037,0.5378371477127075,-0.04479597136378288,0.6928239464759827,0.4753788709640503,-0.06300409883260727,0.6939620971679688,0.41680872440338135,-0.07785721123218536,0.7174084782600403,0.6494796872138977,-0.032604578882455826,0.7246385216712952,0.5646899938583374,-0.052515044808387756,0.7280105948448181,0.5084863901138306,-0.07366210967302322,0.7270585894584656,0.4548411965370178,-0.0903625637292862,0.7489710450172424,0.6840611100196838,-0.0381452776491642,0.7555742263793945,0.6475626826286316,-0.0636877790093422,0.7546988129615784,0.6463969349861145,-0.07583405077457428,0.7495790123939514,0.6447516083717346,-0.08378380537033081
0.7174349427223206,0.8345999717712402,4.850358550356759e-07,0.6802794933319092,0.7955516576766968,-0.031234966591000557,0.668147623538971,0.7342346906661987,-0.04603814706206322,0.706836998462677,0.683239758014679,-0.05711666867136955,0.7443304657936096,0.6485381126403809,-0.06808334589004517,0.6600537300109863,0.6170470714569092,-0.026449888944625854,0.6645180583000183,0.5282942652702332,-0.04315054044127464,0.671236515045166,0.4730335474014282,-0.05740330368280411,0.6760944724082947,0.42387861013412476,-0.06956804543733597,0.6984041929244995,0.6078940033912659,-0.028344960883259773,0.6957828998565674,0.5076626539230347,-0.04022188112139702,0.6961255669593811,0.4466387629508972,-0.05418357253074646,0.6945085525512695,0.3940190076828003,-0.06572192162275314,0.7323346138000488,0.627636730670929,-0.03405250236392021,0.751043975353241,0.5476729869842529,-0.054001305252313614,0.7615213394165039,0.49447107315063477,-0.07309811562299728,0.7676941156387329,0.44449275732040405,-0.08777783066034317,0.7616400718688965,0.667898416519165,-0.042090825736522675,0.7682088017463684,0.6411769986152649,-0.06764239817857742,0.7655181288719177,0.6424444317817688,-0.07827400416135788,0.7603182792663574,0.6407456994056702,-0.08511616289615631
0.6777003407478333,0.750505268573761,5.326670589056448e-07,0.6443344950675964,0.7174403667449951,-0.03631008043885231,0.6381280422210693,0.6615546941757202,-0.054223064333200455,0.6759475469589233,0.6147680878639221,-0.06695578992366791,0.7108267545700073,0.5745578408241272,-0.08000609278678894,0.6345695853233337,0.5328817963600159,-0.03316809982061386,0.6403228044509888,0.4413677453994751,-0.05168728530406952,0.6488773822784424,0.38151606917381287,-0.06821814924478531,0.6557860970497131,0.3289670944213867,-0.08126632869243622,0.6739099025726318,0.5296582579612732,-0.03302149474620819,0.6850659847259521,0.43022042512893677,-0.044112008064985275,0.6891933083534241,0.369462251663208,-0.05825109779834747,0.690064549446106,0.3129878640174866,-0.07088637351989746,0.7048317193984985,0.551057755947113,-0.037061963230371475,0.733552098274231,0.4735972583293915,-0.05631328001618385,0.742162823677063,0.4179828464984894,-0.07565750926733017,0.7481843829154968,0.3671547770500183,-0.09174423664808273,0.7292987704277039,0.5932897925376892,-0.043834228068590164,0.736129641532898,0.5629634261131287,-0.06732655316591263,0.7234782576560974,0.5896012783050537,-0.07427932322025299,0.7131219506263733,0.6158584952354431,-0.07951509207487106
0.4750240445137024,0.707335352897644,6.865337809358607e-07,0.4072110652923584,0.66517174243927,-0.023820526897907257,0.38256558775901794,0.591873824596405,-0.04381859302520752,0.3921884000301361,0.5333938002586365,-0.06512829661369324,0.413701593875885,0.49493521451950073,-0.08604830503463745,0.40039318799972534,0.47448092699050903,-0.03508925065398216,0.3973352313041687,0.3814416527748108,-0.06611289083957672,0.3999212980270386,0.32166242599487305,-0.08694469183683395,0.4071587920188904,0.2669624090194702,-0.09960988909006119,0.44339919090270996,0.4763401746749878,-0.04506884515285492,0.43700265884399414,0.3772578239440918,-0.0781436637043953,0.4323138892650604,0.3114021420478821,-0.09895996004343033,0.42979738116264343,0.2569088935852051,-0.11037808656692505,0.4780659079551697,0.506274938583374,-0.05760856345295906,0.44220778346061707,0.46443724632263184,-0.10195514559745789,0.4214783012866974,0.5138420462608337,-0.11320674419403076,0.4130590856075287,0.5541753172874451,-0.11056273430585861,0.4994124472141266,0.5548462867736816,-0.07099366188049316,0.44861093163490295,0.5264033675193787,-0.1035395935177803,0.4142868220806122,0.5496432185173035,-0.10580270737409592,0.3942778706550598,0.5712060928344727,-0.10133940726518631
0.36046817898750305,0.8787312507629395,4.106944402337831e-07,0.312286376953125,0.8665233850479126,-0.02463759109377861,0.2684290409088135,0.8340518474578857,-0.04285585880279541,0.25472164154052734,0.7922468185424805,-0.05983422324061394,0.26502594351768494,0.7456129193305969,-0.07662441581487656,0.25463831424713135,0.6861757636070251,-0.030556567013263702,0.2325858473777771,0.5994393825531006,-0.054328907281160355,0.22461029887199402,0.5438069701194763,-0.07206811010837555,0.2216847687959671,0.4938276708126068,-0.08563895523548126,0.2914396822452545,0.6716203093528748,-0.039222829043865204,0.2657969295978546,0.5789077877998352,-0.05901956558227539,0.2515082359313965,0.516575813293457,-0.07569688558578491,0.2417299747467041,0.46087247133255005,-0.0875917449593544,0.32884860038757324,0.6839580535888672,-0.051506396383047104,0.29729270935058594,0.6212841272354126,-0.07691672444343567,0.275173157453537,0.568118691444397,-0.09675833582878113,0.2602790892124176,0.5167497396469116,-0.11078198254108429,0.36504316329956055,0.7172179818153381,-0.0657886192202568,0.32691407203674316,0.7123121023178101,-0.09542398899793625,0.29628267884254456,0.7132136225700378,-0.10988922417163849,0.272720605134964,0.7117434740066528,-0.11847856640815735
0.5011947154998779,0.9358350038528442,3.9275619201362133e-07,0.4358353018760681,0.9055682420730591,-0.01530915591865778,0.3967225253582001,0.8492223620414734,-0.02841070666909218,0.38499075174331665,0.8054291605949402,-0.04218316450715065,0.3842429518699646,0.7695634365081787,-0.05880230292677879,0.4129787087440491,0.7272941470146179,-0.03083094023168087,0.3983454704284668,0.6407973766326904,-0.05518210306763649,0.387455552816391,0.5823419690132141,-0.07617828249931335,0.37881749868392944,0.5288794636726379,-0.09188881516456604,0.4543054699897766,0.7261369824409485,-0.04440119117498398,0.4367370903491974,0.6322845816612244,-0.06323900818824768,0.42134594917297363,0.5672563314437866,-0.08311291038990021,0.4085237681865692,0.5162515640258789,-0.09909873455762863,0.4915647804737091,0.7529074549674988,-0.059662312269210815,0.46958127617836,0.6830350160598755,-0.08368143439292908,0.4492810368537903,0.635454535484314,-0.10430920869112015,0.43363866209983826,0.6028509140014648,-0.11918928474187851,0.5193482041358948,0.8013355135917664,-0.07560859620571136,0.48431068658828735,0.7785128355026245,-0.10139831155538559,0.4538554847240448,0.7818655371665955,-0.11155857145786285,0.4300447106361389,0.7938695549964905,-0.11805987358093262
0.19268149137496948,0.9312930107116699,6.070843596717168e-07,0.23482157289981842,0.9093391299247742,-0.03185589239001274,0.2584967017173767,0.8593602180480957,-0.045079536736011505,0.22520577907562256,0.8326902985572815,-0.05338475853204727,0.18561920523643494,0.8109638690948486,-0.06301649659872055,0.24978689849376678,0.7226893901824951,-0.034572966396808624,0.25918978452682495,0.6355900168418884,-0.04958174377679825,0.26289060711860657,0.5797352194786072,-0.05978712439537048,0.26311299204826355,0.5271140933036804,-0.06755449622869492,0.20971287786960602,0.7154521942138672,-0.03656861186027527,0.21412572264671326,0.61091548204422,-0.05169123783707619,0.2137511819601059,0.5444669127464294,-0.0670551285147667,0.21250814199447632,0.4844166338443756,-0.07634840905666351,0.175226092338562,0.7352198362350464,-0.04105734825134277,0.15885038673877716,0.653366208076477,-0.06980151683092117,0.15078425407409668,0.5937139391899109,-0.09599083662033081,0.14348098635673523,0.5366033315658569,-0.11201681941747665,0.14649920165538788,0.7766610383987427,-0.04675222188234329,0.1575266718864441,0.7492601871490479,-0.07763442397117615,0.17177513241767883,0.7912514209747314,-0.08614165335893631,0.18120506405830383,0.8318167328834534,-0.08889605104923248
0.19845226407051086,0.9160147905349731,6.022035563546524e-07,0.2412463128566742,0.8931839466094971,-0.03049452230334282,0.2646748721599579,0.8432430028915405,-0.042969711124897,0.23108187317848206,0.8141613602638245,-0.050543878227472305,0.19281300902366638,0.7901580929756165,-0.05931643769145012,0.2562025785446167,0.7093538045883179,-0.03377540037035942,0.268368661403656,0.6232436299324036,-0.0480884350836277,0.2732194662094116,0.568682849407196,-0.05747111886739731,0.27482056617736816,0.5168556571006775,-0.06473059207201004,0.21682608127593994,0.7018150091171265,-0.03596414625644684,0.22387748956680298,0.5990180969238281,-0.05133239924907684,0.22433681786060333,0.5336893796920776,-0.06624673306941986,0.22441896796226501,0.47438639402389526,-0.07509724795818329,0.1828894317150116,0.721412181854248,-0.040472112596035004,0.16674838960170746,0.6387506723403931,-0.06933541595935822,0.15775743126869202,0.5792854428291321,-0.09473562985658646,0.1507238745689392,0.521735429763794,-0.10999716073274612,0.15399552881717682,0.7635664939880371,-0.045993007719516754,0.16305221617221832,0.7316749691963196,-0.07593123614788055,0.17638391256332397,0.7728230953216553,-0.08343653380870819,0.1863672286272049,0.8132491111755371,-0.0855611190199852
0.1895330399274826,0.8207204937934875,6.084356982682948e-07,0.23388801515102386,0.7924836874008179,-0.0325574055314064,0.25225400924682617,0.7364999651908875,-0.04593590646982193,0.21527360379695892,0.6977065205574036,-0.054140157997608185,0.1742112934589386,0.6675862669944763,-0.06328897178173065,0.2453518509864807,0.6067973375320435,-0.03416474163532257,0.25285157561302185,0.5158964395523071,-0.049615275114774704,0.25558269023895264,0.4595493674278259,-0.06099574267864227,0.2549241781234741,0.4064016342163086,-0.06959707289934158,0.20699098706245422,0.5992735624313354,-0.03550758585333824,0.21345415711402893,0.4937569499015808,-0.049098219722509384,0.21465666592121124,0.42671555280685425,-0.06454157829284668,0.21519865095615387,0.3668043911457062,-0.07451466470956802,0.1721424162387848,0.6191850304603577,-0.03941052034497261,0.15750139951705933,0.5321199297904968,-0.06613965332508087,0.1512315273284912,0.4699096977710724,-0.0912378653883934,0.14565035700798035,0.41194474697113037,-0.10714203864336014,0.14220283925533295,0.6611155867576599,-0.04468649998307228,0.15119758248329163,0.6237612962722778,-0.07510814070701599,0.16758328676223755,0.6614116430282593,-0.08287998288869858,0.17922307550907135,0.7012333869934082,-0.08501376211643219
0.20186594128608704,0.9094039797782898,6.752605941073853e-07,0.2394961714744568,0.8852217793464661,-0.029864342883229256,0.26014265418052673,0.8401638269424438,-0.04653003066778183,0.22793222963809967,0.8109962344169617,-0.05988491699099541,0.18657760322093964,0.7857938408851624,-0.07509428262710571,0.2579267919063568,0.7034735679626465,-0.03882952407002449,0.2780100107192993,0.6145108938217163,-0.05672703683376312,0.28651395440101624,0.5593427419662476,-0.06903146207332611,0.29152441024780273,0.5064151883125305,-0.07859993726015091,0.21567951142787933,0.6929147243499756,-0.043585360050201416,0.21983511745929718,0.5892128944396973,-0.06022066995501518,0.2189001590013504,0.520586371421814,-0.07721301168203354,0.21740229427814484,0.46113407611846924,-0.08851094543933868,0.18146702647209167,0.7149142622947693,-0.050276950001716614,0.15459881722927094,0.6341411471366882,-0.08043365180492401,0.1368120163679123,0.5745199918746948,-0.10850628465414047,0.12298022210597992,0.5217767953872681,-0.1270345002412796,0.15621772408485413,0.7593134045600891,-0.05790715292096138,0.15920281410217285,0.7415735721588135,-0.09295754134654999,0.17291457951068878,0.7806904315948486,-0.10517363995313644,0.1840592622756958,0.8169627785682678,-0.11066696047782898
0.25214841961860657,1.037703514099121,7.772795242999564e-07,0.2828749120235443,1.0145595073699951,-0.024738667532801628,0.3093358874320984,0.9773027896881104,-0.04098913073539734,0.2922930121421814,0.9636763334274292,-0.05519837886095047,0.2584092319011688,0.953486442565918,-0.07245543599128723,0.30092835426330566,0.840429425239563,-0.03726360946893692,0.3235865831375122,0.7591164708137512,-0.054294705390930176,0.3356146216392517,0.7061581015586853,-0.06649087369441986,0.3432043790817261,0.6552120447158813,-0.07609165459871292,0.25796088576316833,0.8318899869918823,-0.04520061984658241,0.25984933972358704,0.7306780815124512,-0.05937636271119118,0.25800564885139465,0.6634594202041626,-0.07699538767337799,0.2552053928375244,0.6040573120117188,-0.08933071047067642,0.22300928831100464,0.8560366630554199,-0.05423871800303459,0.20168536901474,0.7866885662078857,-0.08275067806243896,0.18837100267410278,0.7287483215332031,-0.11298121511936188,0.17690348625183105,0.6765838861465454,-0.13369642198085785,0.19618701934814453,0.9025829434394836,-0.06374956667423248,0.2109796404838562,0.899278461933136,-0.09799221903085709,0.23355558514595032,0.9406672120094299,-0.11178331077098846,0.25165265798568726,0.9788496494293213,-0.11897708475589752
0.32422691583633423,1.0837911367416382,8.909518101063441e-07,0.36672624945640564,1.0663609504699707,-0.035009678453207016,0.3932601809501648,1.0321036577224731,-0.05615457147359848,0.3626739978790283,1.0075265169143677,-0.07350588589906693,0.31606167554855347,0.9908895492553711,-0.09369093179702759,0.3924476206302643,0.8716323375701904,-0.04606984183192253,0.4163494408130646,0.7790812849998474,-0.06602736562490463,0.4279972016811371,0.7197428941726685,-0.0802537128329277,0.43531596660614014,0.6633156538009644,-0.09070845693349838,0.3460272252559662,0.857662558555603,-0.049982424825429916,0.34986981749534607,0.7433843016624451,-0.06716945022344589,0.35017383098602295,0.6671668887138367,-0.08641649037599564,0.3479342758655548,0.6009465456008911,-0.09878961741924286,0.3054759204387665,0.8804861903190613,-0.055714573711156845,0.2820940613746643,0.7977638244628906,-0.08740248531103134,0.26771217584609985,0.7355744242668152,-0.11870720237493515,0.2535589933395386,0.6793462038040161,-0.13852110505104065,0.2717136740684509,0.9294049143791199,-0.0625099465250969,0.2801309823989868,0.9141607880592346,-0.09872997552156448,0.29855623841285706,0.9574586153030396,-0.11129781603813171,0.3110973834991455,1.0012848377227783,-0.11622042208909988
0.38020291924476624,1.08617103099823,9.680969697001274e-07,0.41927382349967957,1.0703537464141846,-0.039926283061504364,0.44570255279541016,1.034346580505371,-0.06572847813367844,0.40607041120529175,1.0087594985961914,-0.08722958713769913,0.35759127140045166,0.9889397025108337,-0.11196674406528473,0.4479905962944031,0.8767326474189758,-0.056288942694664,0.4751310348510742,0.7882005572319031,-0.08393727242946625,0.4905463457107544,0.729974627494812,-0.10426903516054153,0.5014632940292358,0.6733448505401611,-0.1184329241514206,0.3962845206260681,0.8589913249015808,-0.060324858874082565,0.40328294038772583,0.7409018278121948,-0.08314129710197449,0.4059377610683441,0.6613701581954956,-0.10582166165113449,0.4072549641132355,0.5914404988288879,-0.12060826271772385,0.35104265809059143,0.8783808946609497,-0.06660211831331253,0.33309483528137207,0.7922741770744324,-0.10276111215353012,0.32687026262283325,0.7280890941619873,-0.1357816606760025,0.32023364305496216,0.6695310473442078,-0.1569424271583557,0.31247010827064514,0.9250401258468628,-0.07433398067951202,0.3263845443725586,0.9193052053451538,-0.11442281305789948,0.34982240200042725,0.9644461870193481,-0.12850940227508545,0.3662278950214386,1.0063328742980957,-0.1345629245042801
0.3856823146343231,1.0835365056991577,5.912997380619345e-07,0.43066051602363586,1.0626146793365479,-0.027729859575629234,0.46700388193130493,1.0232473611831665,-0.0438481941819191,0.4524250626564026,0.9917210340499878,-0.0564783550798893,0.4219682514667511,0.968245804309845,-0.07107948511838913,0.4681616723537445,0.875091016292572,-0.0321749709546566,0.4801255464553833,0.7843648195266724,-0.04780343547463417,0.4824267625808716,0.728805422782898,-0.059805817902088165,0.4779316782951355,0.6784548163414001,-0.06818292289972305,0.4283680021762848,0.8597169518470764,-0.036801259964704514,0.4441840648651123,0.7542510628700256,-0.05032636597752571,0.4487048387527466,0.6867685317993164,-0.06624838709831238,0.4473106265068054,0.6245204210281372,-0.07635580748319626,0.38579338788986206,0.868179440498352,-0.04329803213477135,0.3986762464046478,0.7919403910636902,-0.06792640686035156,0.41147828102111816,0.7275075316429138,-0.09520851075649261,0.41592392325401306,0.6675251126289368,-0.11381535977125168,0.34222152829170227,0.8979580998420715,-0.05082298442721367,0.3794984817504883,0.8924851417541504,-0.07887019962072372,0.3999645709991455,0.9390647411346436,-0.08788233250379562,0.4082088768482208,0.9837114214897156,-0.09151127934455872
0.35799670219421387,1.0134981870651245,5.38191955001821e-07,0.40734758973121643,0.995661735534668,-0.02420673333108425,0.4447695016860962,0.9631340503692627,-0.04025948792695999,0.43658682703971863,0.9266949892044067,-0.05420336127281189,0.4071044921875,0.8934984803199768,-0.07064799964427948,0.4498923718929291,0.8118276000022888,-0.03218987211585045,0.4609357416629791,0.7165638208389282,-0.04878437891602516,0.462887704372406,0.658342719078064,-0.06156604364514351,0.4596700072288513,0.6085823774337769,-0.07045477628707886,0.413176566362381,0.7997219562530518,-0.03961310163140297,0.4241298735141754,0.6911472082138062,-0.0521642342209816,0.42478471994400024,0.6209907531738281,-0.07018889486789703,0.4229212701320648,0.5621310472488403,-0.08358659595251083,0.37349408864974976,0.8119608163833618,-0.04854264482855797,0.3823075294494629,0.7268542051315308,-0.07252537459135056,0.38869205117225647,0.6596580147743225,-0.10153798013925552,0.39019066095352173,0.6025075912475586,-0.12284809350967407,0.33202165365219116,0.8437293171882629,-0.05809183791279793,0.3645152449607849,0.8320077657699585,-0.08718329668045044,0.3833874464035034,0.8719229698181152,-0.09934341162443161,0.392978698015213,0.9146844148635864,-0.10621356964111328
0.3094259798526764,0.9025396108627319,4.484138571569929e-07,0.35638612508773804,0.8799937963485718,-0.025693118572235107,0.3891965448856354,0.8307446241378784,-0.039541859179735184,0.3689936399459839,0.7903174161911011,-0.05032004043459892,0.3387591540813446,0.7596981525421143,-0.06382140517234802,0.3785705864429474,0.6856895685195923,-0.03416699171066284,0.3803587257862091,0.5915253162384033,-0.05059976875782013,0.37690576910972595,0.5321153998374939,-0.06358937174081802,0.3687814176082611,0.4784846007823944,-0.07290968298912048,0.3440922200679779,0.6819353103637695,-0.040136512368917465,0.3458651006221771,0.5752283334732056,-0.05161524564027786,0.34051162004470825,0.5047960877418518,-0.0684293881058693,0.3349088728427887,0.4442635178565979,-0.0816788375377655,0.3085114657878876,0.7030762434005737,-0.047709912061691284,0.30759498476982117,0.6154873967170715,-0.07125526666641235,0.3091956079006195,0.5464242100715637,-0.09834763407707214,0.3081796169281006,0.48647576570510864,-0.11835829168558121,0.2709004878997803,0.7425658106803894,-0.05610356852412224,0.29665252566337585,0.7130782008171082,-0.08321616798639297,0.3173915147781372,0.7480135560035706,-0.0924813449382782,0.32992732524871826,0.7893672585487366,-0.09794405847787857
0.218325674533844,0.8096804618835449,4.413210774600884e-07,0.26353245973587036,0.7871527671813965,-0.02492322213947773,0.2901155948638916,0.7376158833503723,-0.036631546914577484,0.271900475025177,0.6989428400993347,-0.04520368203520775,0.24293018877506256,0.6693307757377625,-0.054970093071460724,0.28133413195610046,0.6089192032814026,-0.02654421329498291,0.2839822471141815,0.5268230438232422,-0.04034716263413429,0.279696524143219,0.47491008043289185,-0.05061355233192444,0.2717704772949219,0.42786282300949097,-0.058196377009153366,0.24677681922912598,0.6044278144836426,-0.031025048345327377,0.25041911005973816,0.5074595212936401,-0.04354735091328621,0.24851585924625397,0.4468914270401001,-0.0563579685986042,0.24527607858181,0.3939068913459778,-0.06473906338214874,0.2127200961112976,0.6241501569747925,-0.03764038905501366,0.21180371940135956,0.5417381525039673,-0.062313012778759,0.21127000451087952,0.4844217598438263,-0.08261127024888992,0.2082163244485855,0.4325084388256073,-0.09528226405382156,0.1810523271560669,0.6627973318099976,-0.04521704465150833,0.20573729276657104,0.6279834508895874,-0.07232334464788437,0.22015830874443054,0.6638328433036804,-0.0775255635380745,0.22698497772216797,0.7015500664710999,-0.07827230542898178
0.22097192704677582,0.739311158657074,3.6828396332566626e-07,0.261091411113739,0.7274982929229736,-0.022635092958807945,0.28796008229255676,0.6849470734596252,-0.0314469188451767,0.2823849320411682,0.6397297382354736,-0.03762826696038246,0.2655712366104126,0.6002053618431091,-0.044770725071430206,0.2929076552391052,0.5785194039344788,-0.021530576050281525,0.3050168752670288,0.5079936385154724,-0.03346400707960129,0.3088551163673401,0.4626119136810303,-0.04221539571881294,0.3087562918663025,0.42234981060028076,-0.04865395650267601,0.2666919231414795,0.5679091811180115,-0.023409230634570122,0.279500812292099,0.4845717251300812,-0.0333968922495842,0.28456971049308777,0.432468056678772,-0.044435903429985046,0.2869414687156677,0.38886287808418274,-0.05210554227232933,0.2374698966741562,0.578217089176178,-0.027507640421390533,0.2425096035003662,0.5067015886306763,-0.047624457627534866,0.24753926694393158,0.45677870512008667,-0.06602398306131363,0.24982482194900513,0.41365528106689453,-0.07801728695631027,0.20692431926727295,0.6033198237419128,-0.03257391229271889,0.22652098536491394,0.5760620832443237,-0.056552547961473465,0.23990783095359802,0.6002841591835022,-0.06430325657129288,0.24675750732421875,0.6272158026695251,-0.06745392084121704
0.21442566812038422,0.6889164447784424,4.191685150090052e-07,0.25538554787635803,0.6713420152664185,-0.027076270431280136,0.2787550091743469,0.6250659823417664,-0.03920903429389,0.26601868867874146,0.5800992250442505,-0.04792419448494911,0.24473513662815094,0.5409079194068909,-0.05731930211186409,0.2801210284233093,0.5140939354896545,-0.026667103171348572,0.287416934967041,0.4378281235694885,-0.04172176867723465,0.2876654267311096,0.3893983066082001,-0.053342923521995544,0.2847945988178253,0.3482290208339691,-0.0614800825715065,0.25022345781326294,0.5049881935119629,-0.02749311551451683,0.2566938102245331,0.4180981516838074,-0.03912472352385521,0.2576429545879364,0.3634060025215149,-0.05195806547999382,0.2581096887588501,0.3185011148452759,-0.06092335656285286,0.21876826882362366,0.5166959762573242,-0.030894335359334946,0.2189505398273468,0.43971312046051025,-0.05171210318803787,0.2198207676410675,0.38755613565444946,-0.07085985690355301,0.21965835988521576,0.3426150977611542,-0.08367364853620529,0.18726201355457306,0.5442348718643188,-0.035730790346860886,0.20184123516082764,0.513188898563385,-0.06111818924546242,0.21446195244789124,0.5366700291633606,-0.06940591335296631,0.2221069037914276,0.5627161264419556,-0.07267183065414429
0.22038088738918304,0.6079875230789185,4.668686131026334e-07,0.26442283391952515,0.5854594111442566,-0.029573271051049232,0.28597110509872437,0.5323008298873901,-0.04243310168385506,0.2690187394618988,0.4853247106075287,-0.05132085829973221,0.2445145696401596,0.444568008184433,-0.06093250587582588,0.2828492820262909,0.4132053852081299,-0.028681891039013863,0.28922972083091736,0.3294450640678406,-0.043627336621284485,0.2895292341709137,0.27726149559020996,-0.055344387888908386,0.2858869433403015,0.23106788098812103,-0.0639486312866211,0.25081130862236023,0.4050271511077881,-0.0286843404173851,0.2576591968536377,0.3119404911994934,-0.04071875289082527,0.25765687227249146,0.2521021068096161,-0.05527385696768761,0.2565877139568329,0.2007898986339569,-0.06568901240825653,0.21806782484054565,0.41999369859695435,-0.03128425031900406,0.2152789831161499,0.3384764492511749,-0.053921740502119064,0.21420466899871826,0.28105178475379944,-0.07598862797021866,0.2126929610967636,0.230228990316391,-0.09089794754981995,0.18660302460193634,0.45223429799079895,-0.035220928490161896,0.20043036341667175,0.41455817222595215,-0.062307145446538925,0.2161656618118286,0.43889498710632324,-0.07125626504421234,0.22713728249073029,0.4670882225036621,-0.07510779798030853
0.28381335735321045,0.5851691961288452,5.518755301636702e-07,0.3306768834590912,0.5630310773849487,-0.0284627303481102,0.35499462485313416,0.5112248063087463,-0.04171082749962807,0.34671223163604736,0.46009594202041626,-0.05162001773715019,0.3244052529335022,0.41436922550201416,-0.06257187575101852,0.35839560627937317,0.388947993516922,-0.031064454466104507,0.3742634057998657,0.3028622269630432,-0.0479043647646904,0.38167327642440796,0.24809715151786804,-0.060199569910764694,0.3850933313369751,0.20028609037399292,-0.06887182593345642,0.3226562738418579,0.37571394443511963,-0.033461619168519974,0.33143913745880127,0.2729870676994324,-0.04798110947012901,0.3343353867530823,0.2056874781847,-0.06311267614364624,0.3359331488609314,0.15132024884223938,-0.07300668954849243,0.2869129180908203,0.3898487389087677,-0.038234323263168335,0.28179654479026794,0.2985745966434479,-0.06464453041553497,0.27935031056404114,0.23466196656227112,-0.0886111706495285,0.27711474895477295,0.1815115064382553,-0.10397902131080627,0.2532570958137512,0.4244168698787689,-0.04406556859612465,0.2708722651004791,0.384261816740036,-0.07462307065725327,0.2861568033695221,0.4133930504322052,-0.08411210775375366,0.29593658447265625,0.4477269947528839,-0.0875537246465683
0.3615613579750061,0.6010513305664062,5.076897764411115e-07,0.40992864966392517,0.5915409326553345,-0.021599983796477318,0.4448332190513611,0.5517100691795349,-0.032747216522693634,0.4511913061141968,0.5114508271217346,-0.04201542213559151,0.43869808316230774,0.47116371989250183,-0.05321932211518288,0.45579442381858826,0.41569146513938904,-0.03018212877213955,0.4812987744808197,0.3326510787010193,-0.04384143278002739,0.4930689036846161,0.27968794107437134,-0.05315715819597244,0.49952954053878784,0.23145002126693726,-0.060003653168678284,0.42021042108535767,0.3989276885986328,-0.0360063873231411,0.43517327308654785,0.29706576466560364,-0.04819169640541077,0.4419836103916168,0.23145757615566254,-0.06242082640528679,0.4472194314002991,0.17708751559257507,-0.07255801558494568,0.38396939635276794,0.4104958176612854,-0.0431382991373539,0.39035648107528687,0.32202738523483276,-0.06737421452999115,0.3967333436012268,0.25620484352111816,-0.09335906058549881,0.40062472224235535,0.202385812997818,-0.11129961162805557,0.3495944142341614,0.44228509068489075,-0.050580088049173355,0.3834264874458313,0.4166176915168762,-0.07728638499975204,0.4033307731151581,0.4510934352874756,-0.08747779577970505,0.41372764110565186,0.49170249700546265,-0.0929747149348259
0.27131980657577515,0.6513989567756653,3.600683839977137e-07,0.31440597772598267,0.6389614939689636,-0.01772940903902054,0.3442121744155884,0.6008225083351135,-0.026219544932246208,0.35032370686531067,0.5634457468986511,-0.033550821244716644,0.3453132212162018,0.5246094465255737,-0.04270292446017265,0.3553776144981384,0.4850516617298126,-0.021782411262392998,0.37349146604537964,0.41084226965904236,-0.03429005667567253,0.38063621520996094,0.3640601336956024,-0.04408881440758705,0.3837571442127228,0.3224097192287445,-0.05132856220006943,0.32602694630622864,0.4739842116832733,-0.02783823385834694,0.3367493748664856,0.38378411531448364,-0.038805436342954636,0.33925527334213257,0.3251473903656006,-0.053677450865507126,0.34112703800201416,0.275762677192688,-0.06466905027627945,0.2944006621837616,0.484961599111557,-0.035284049808979034,0.301763117313385,0.4058433175086975,-0.05785240978002548,0.3047689199447632,0.34950995445251465,-0.08160053193569183,0.3061137795448303,0.30223387479782104,-0.09776391834020615,0.26246505975723267,0.5119086503982544,-0.0428067147731781,0.2881392538547516,0.4870764911174774,-0.06980709731578827,0.3062504827976227,0.5127288699150085,-0.08093854039907455,0.3178757429122925,0.5428388714790344,-0.086663618683815
0.22369936108589172,0.682786226272583,4.1892877788995975e-07,0.26002568006515503,0.6621664762496948,-0.025092585012316704,0.2758350670337677,0.6133092641830444,-0.035106025636196136,0.25986626744270325,0.5667070746421814,-0.04221498221158981,0.23972435295581818,0.5255579948425293,-0.04932362586259842,0.2809674143791199,0.5042862892150879,-0.020463833585381508,0.28645363450050354,0.4328504800796509,-0.03253771737217903,0.2865692675113678,0.3869858384132385,-0.04203513264656067,0.2842336595058441,0.3458145260810852,-0.04920851066708565,0.25197362899780273,0.49479517340660095,-0.02108892612159252,0.2575427293777466,0.4130832850933075,-0.030790023505687714,0.25948280096054077,0.3607097268104553,-0.04145800694823265,0.26123765110969543,0.31606608629226685,-0.04869028553366661,0.22258099913597107,0.5077669024467468,-0.02460193634033203,0.21537591516971588,0.43281733989715576,-0.04530556499958038,0.21344426274299622,0.3825679123401642,-0.06496920436620712,0.21150673925876617,0.33938777446746826,-0.07768478989601135,0.19480708241462708,0.5371294617652893,-0.029409170150756836,0.20595356822013855,0.5110502243041992,-0.054495781660079956,0.21997299790382385,0.537312388420105,-0.06393847614526749,0.2296818345785141,0.5657144784927368,-0.06811096519231796
0.21758653223514557,0.6462937593460083,4.80851554129913e-07,0.253640741109848,0.6140637993812561,-0.024762574583292007,0.2624703645706177,0.5594263076782227,-0.034825924783945084,0.23335789144039154,0.5203449130058289,-0.04181157052516937,0.2032959759235382,0.4876088500022888,-0.04891369491815567,0.26260390877723694,0.4535079002380371,-0.018021496012806892,0.2613338828086853,0.377920538187027,-0.028096329420804977,0.25869664549827576,0.33175531029701233,-0.0367627777159214,0.25319576263427734,0.29007476568222046,-0.04379316046833992,0.2295493334531784,0.4479956030845642,-0.018366077914834023,0.23097895085811615,0.36373114585876465,-0.027264848351478577,0.22898924350738525,0.3111981153488159,-0.03919501602649689,0.2264561802148819,0.265857458114624,-0.04701365530490875,0.19853274524211884,0.46456378698349,-0.021406713873147964,0.18262846767902374,0.38939085602760315,-0.0414188876748085,0.17447611689567566,0.3379269242286682,-0.06282385438680649,0.16666850447654724,0.29328179359436035,-0.0766632929444313,0.1723542958498001,0.49718400835990906,-0.025479046627879143,0.17858704924583435,0.4679162800312042,-0.04992470517754555,0.19137513637542725,0.4950510859489441,-0.059217050671577454,0.20084580779075623,0.5233156085014343,-0.06318040937185287
0.4119735658168793,0.5893940925598145,6.776062946300954e-07,0.4653218984603882,0.5709964632987976,-0.031075667589902878,0.4983569085597992,0.5204684734344482,-0.04741494730114937,0.497560054063797,0.4747038185596466,-0.06087331101298332,0.4755508005619049,0.43032106757164,-0.0764956995844841,0.4951547384262085,0.3739418089389801,-0.04003232344985008,0.5087209939956665,0.28159940242767334,-0.06125891953706741,0.5141356587409973,0.22218835353851318,-0.07572324573993683,0.5165301561355591,0.16939188539981842,-0.08541101962327957,0.4558175802230835,0.3629183769226074,-0.04532193765044212,0.4609798789024353,0.2502062916755676,-0.0632615014910698,0.4635503888130188,0.1755909025669098,-0.08231467008590698,0.4654136300086975,0.1165304183959961,-0.09493782371282578,0.41630223393440247,0.3828524351119995,-0.053077343851327896,0.40732160210609436,0.28761476278305054,-0.08631453663110733,0.40499961376190186,0.21485336124897003,-0.11936511844396591,0.40177422761917114,0.15623560547828674,-0.1410287618637085,0.380117267370224,0.425241619348526,-0.06150740385055542,0.4086746573448181,0.40619105100631714,-0.1000036746263504,0.4315071105957031,0.4437766969203949,-0.11664842069149017,0.4452854096889496,0.4838355779647827,-0.12526045739650726
0.509685218334198,0.5676403045654297,6.359346684803313e-07,0.5659840703010559,0.5523951053619385,-0.02376268059015274,0.605808675289154,0.5056254863739014,-0.03705563396215439,0.6233074069023132,0.4671596586704254,-0.04874003678560257,0.6061365008354187,0.43298107385635376,-0.06304007023572922,0.6077470183372498,0.3492543399333954,-0.036431387066841125,0.6287217736244202,0.2519305944442749,-0.053545963019132614,0.6387268304824829,0.18977919220924377,-0.06569381803274155,0.6444293856620789,0.13598136603832245,-0.07447292655706406,0.5689377784729004,0.3366240859031677,-0.044102367013692856,0.5789018273353577,0.21893271803855896,-0.05766158178448677,0.5846266746520996,0.14324381947517395,-0.0758015364408493,0.5878095626831055,0.08375123143196106,-0.08944153785705566,0.5291985869407654,0.3550383150577545,-0.052913106977939606,0.5304708480834961,0.2567506730556488,-0.08029275387525558,0.534161388874054,0.17983093857765198,-0.11333141475915909,0.5349204540252686,0.12068161368370056,-0.13693629205226898,0.49279260635375977,0.3953705132007599,-0.06205616891384125,0.5298287868499756,0.3802844285964966,-0.09529408067464828,0.5597526431083679,0.41076529026031494,-0.11319486796855927,0.5788401365280151,0.44740667939186096,-0.12423896789550781
0.5362591743469238,0.5761522650718689,5.586130100709852e-07,0.5977786779403687,0.5605959296226501,-0.02192125841975212,0.6466739773750305,0.5146712064743042,-0.03480537235736847,0.6736441254615784,0.4799253046512604,-0.04674910753965378,0.6556661128997803,0.4425108730792999,-0.06187552586197853,0.6484466195106506,0.35714370012283325,-0.03387371078133583,0.6752731204032898,0.26124468445777893,-0.052985530346632004,0.6889191269874573,0.19767539203166962,-0.0680047795176506,0.6958726644515991,0.14130112528800964,-0.07921931147575378,0.6137438416481018,0.3458235561847687,-0.045127011835575104,0.6351908445358276,0.2290690392255783,-0.0639692023396492,0.644375205039978,0.15090689063072205,-0.0863274484872818,0.6478418707847595,0.08557778596878052,-0.10264599323272705,0.5746128559112549,0.36293429136276245,-0.05744648352265358,0.5970866680145264,0.2691025733947754,-0.08955999463796616,0.6111187934875488,0.19190151989459991,-0.12307275086641312,0.618114709854126,0.12587642669677734,-0.14624375104904175,0.5365503430366516,0.40233543515205383,-0.06978584080934525,0.5829013586044312,0.38226383924484253,-0.10531735420227051,0.6097506284713745,0.41767406463623047,-0.1204201951622963,0.6231420040130615,0.45822879672050476,-0.12916915118694305
0.5686204433441162,0.6918684840202332,4.54483796374916e-07,0.6255569458007812,0.6748049855232239,-0.01518876664340496,0.6715493202209473,0.6319844722747803,-0.025897031649947166,0.6959356069564819,0.6000177264213562,-0.03687172010540962,0.6848357915878296,0.5642349123954773,-0.05051710084080696,0.6732763648033142,0.4897014796733856,-0.025829216465353966,0.6991919875144958,0.39677995443344116,-0.041296977549791336,0.7123257517814636,0.33957135677337646,-0.05345607176423073,0.7176036834716797,0.28809675574302673,-0.06247613579034805,0.6419971585273743,0.4809195399284363,-0.037850622087717056,0.6678895950317383,0.37210702896118164,-0.054662931710481644,0.6770573854446411,0.2987152636051178,-0.0739748552441597,0.6793045997619629,0.23460882902145386,-0.08777596801519394,0.6068722605705261,0.4944795072078705,-0.0504792295396328,0.6337965726852417,0.4073396921157837,-0.07789313793182373,0.650688111782074,0.33948034048080444,-0.10472928732633591,0.660236120223999,0.2814257740974426,-0.12302902340888977,0.5717486143112183,0.5266550183296204,-0.06288909167051315,0.6183784604072571,0.4996304512023926,-0.09099525958299637,0.6425181031227112,0.5330052375793457,-0.09985321015119553,0.6532029509544373,0.572721004486084,-0.10448841005563736
0.5480617880821228,0.7598690390586853,4.048608275297738e-07,0.5989485383033752,0.7431483268737793,-0.017915092408657074,0.636128306388855,0.6939476132392883,-0.024571381509304047,0.6468178629875183,0.6501109600067139,-0.030213743448257446,0.64195716381073,0.6088406443595886,-0.03748854622244835,0.6423347592353821,0.5637474656105042,-0.017367670312523842,0.667792797088623,0.4809335470199585,-0.028198515996336937,0.679198682308197,0.4280746877193451,-0.03809673711657524,0.6850904822349548,0.3802614212036133,-0.045858234167099,0.6114379167556763,0.5514387488365173,-0.02434219792485237,0.6300946474075317,0.45190340280532837,-0.034349408000707626,0.6394472122192383,0.38756439089775085,-0.04966108873486519,0.645065188407898,0.33263230323791504,-0.06119593605399132,0.5777148604393005,0.56177818775177,-0.03300619497895241,0.5954729914665222,0.4722171127796173,-0.05565771833062172,0.606572687625885,0.41030019521713257,-0.08037600666284561,0.6117512583732605,0.3585255444049835,-0.09740778803825378,0.5436731576919556,0.5905720591545105,-0.04189615696668625,0.5815959572792053,0.5571356415748596,-0.06883402168750763,0.6000218987464905,0.5892093777656555,-0.07850811630487442,0.6072426438331604,0.6277086138725281,-0.08330367505550385
0.37163788080215454,0.7752108573913574,6.178425451253133e-07,0.41886502504348755,0.7506052851676941,-0.022110994905233383,0.4453078806400299,0.6916846036911011,-0.030705228447914124,0.4224174916744232,0.6384568214416504,-0.037319377064704895,0.39233720302581787,0.6008471846580505,-0.0458046980202198,0.46288439631462097,0.5782568454742432,-0.02057448774576187,0.49396800994873047,0.49968624114990234,-0.0335460864007473,0.5144728422164917,0.4505285322666168,-0.04421313479542732,0.5297290682792664,0.4083019196987152,-0.051916249096393585,0.424784392118454,0.5604995489120483,-0.024789808318018913,0.44288453459739685,0.46333950757980347,-0.03316380828619003,0.4531734883785248,0.3992016911506653,-0.04613224044442177,0.462490051984787,0.34909796714782715,-0.05573331192135811,0.38601285219192505,0.5701114535331726,-0.03140191361308098,0.38668912649154663,0.4816740155220032,-0.0517827533185482,0.39247778058052063,0.4162536561489105,-0.07734659314155579,0.39717885851860046,0.3639264404773712,-0.09565098583698273,0.3464832007884979,0.5987807512283325,-0.0388580784201622,0.36110708117485046,0.5801617503166199,-0.06509366631507874,0.37560445070266724,0.611221194267273,-0.07706330716609955,0.38459330797195435,0.6456822156906128,-0.08378149569034576
0.2874670624732971,0.7471792697906494,6.135754233582702e-07,0.33128252625465393,0.725712776184082,-0.033213671296834946,0.35174036026000977,0.66424161195755,-0.04568207636475563,0.3176771104335785,0.6066157817840576,-0.054000481963157654,0.28244876861572266,0.565781831741333,-0.06261510401964188,0.3684881925582886,0.5452420115470886,-0.027255626395344734,0.39739519357681274,0.4645361006259918,-0.043148960918188095,0.41481247544288635,0.4093436896800995,-0.05603949353098869,0.42639073729515076,0.36074572801589966,-0.06591159850358963,0.33187878131866455,0.5262040495872498,-0.02603413537144661,0.34760552644729614,0.4301831126213074,-0.039389193058013916,0.35627374053001404,0.36833953857421875,-0.05311155319213867,0.36297619342803955,0.31801125407218933,-0.062008086591959,0.29661864042282104,0.535549521446228,-0.0283290296792984,0.29036712646484375,0.44741782546043396,-0.05135355889797211,0.29264935851097107,0.3912922143936157,-0.07327765226364136,0.29437151551246643,0.3448867201805115,-0.08743206411600113,0.263414204120636,0.56465744972229,-0.03282880410552025,0.2679618000984192,0.5388630032539368,-0.06154429912567139,0.27852633595466614,0.5684070587158203,-0.0729449912905693,0.28565311431884766,0.5995360612869263,-0.0776536837220192
0.21145814657211304,0.7752184867858887,6.395624154720281e-07,0.24490784108638763,0.7596362829208374,-0.04425068572163582,0.25608912110328674,0.7106706500053406,-0.0639854222536087,0.22444961965084076,0.6451556086540222,-0.07758750766515732,0.19734449684619904,0.5913411974906921,-0.0906546339392662,0.296749085187912,0.5904701948165894,-0.03931306302547455,0.33076927065849304,0.5085405707359314,-0.05980917438864708,0.3517618477344513,0.4574003219604492,-0.07560968399047852,0.36951011419296265,0.41082727909088135,-0.08710987865924835,0.2634474039077759,0.5686255097389221,-0.033109404146671295,0.29210364818573,0.4700314998626709,-0.05082489922642708,0.310179203748703,0.4095444679260254,-0.06595601886510849,0.32712194323539734,0.3577037453651428,-0.07544835656881332,0.2289809286594391,0.5736078023910522,-0.031406499445438385,0.23091882467269897,0.4855334162712097,-0.05719224363565445,0.23635317385196686,0.42722299695014954,-0.07893654704093933,0.24371592700481415,0.37779414653778076,-0.09247449785470963,0.198078453540802,0.6001099348068237,-0.032842881977558136,0.2000316083431244,0.5651611685752869,-0.061152782291173935,0.20397168397903442,0.5914775133132935,-0.07107457518577576,0.20695382356643677,0.6203365921974182,-0.07504258304834366
0.2065397948026657,0.859886884689331,6.640817105107999e-07,0.2440435141324997,0.8467755317687988,-0.03650406002998352,0.26245710253715515,0.8051494359970093,-0.053003519773483276,0.22629718482494354,0.7580246925354004,-0.06413388252258301,0.19364193081855774,0.717293918132782,-0.07583785057067871,0.28431862592697144,0.6813663244247437,-0.03785420209169388,0.31871965527534485,0.6089691519737244,-0.05633249133825302,0.34065330028533936,0.5613278746604919,-0.06990624219179153,0.35840946435928345,0.5166785717010498,-0.08010029047727585,0.2495827078819275,0.6592907905578613,-0.03645683825016022,0.2696114778518677,0.5640233755111694,-0.05275240167975426,0.2817241847515106,0.5030585527420044,-0.06862756609916687,0.29297250509262085,0.4493301212787628,-0.07889891415834427,0.21647875010967255,0.6669515371322632,-0.03820217028260231,0.2093469202518463,0.5868338346481323,-0.06462717801332474,0.210418701171875,0.5280985236167908,-0.08907771110534668,0.2136642187833786,0.4748191833496094,-0.10485492646694183,0.18672893941402435,0.6979221701622009,-0.04197805002331734,0.18863382935523987,0.6754031181335449,-0.07113911956548691,0.1962473839521408,0.707771897315979,-0.08175487071275711,0.20225338637828827,0.7394117712974548,-0.08659855276346207
0.6354609131813049,0.8297420144081116,3.243298181132559e-07,0.5930816531181335,0.8030815720558167,-0.027964681386947632,0.566404402256012,0.7417621612548828,-0.03969743475317955,0.5923008322715759,0.6882874369621277,-0.04872521013021469,0.6308832168579102,0.6546291708946228,-0.05845695734024048,0.5694419145584106,0.610797107219696,-0.02038736827671528,0.5559163689613342,0.5197679996490479,-0.03299126401543617,0.5531110167503357,0.46278226375579834,-0.044823307543992996,0.549860954284668,0.4117463231086731,-0.05573452636599541,0.610396146774292,0.597703754901886,-0.02515944093465805,0.6057010293006897,0.4931878447532654,-0.03458036854863167,0.6048982739448547,0.42968660593032837,-0.04672304540872574,0.600858211517334,0.3757324516773224,-0.05741479620337486,0.645639181137085,0.612453043460846,-0.03408912569284439,0.6555675864219666,0.5180296301841736,-0.054450638592243195,0.654931902885437,0.4588594436645508,-0.07473854720592499,0.6524224877357483,0.40627700090408325,-0.09036678820848465,0.6765727996826172,0.648944079875946,-0.044982507824897766,0.6719208359718323,0.5915693640708923,-0.06985677033662796,0.6571916937828064,0.6210155487060547,-0.07614728063344955,0.6442108154296875,0.6586269736289978,-0.0806209146976471
0.6986361742019653,0.9005689024925232,4.7644300593674416e-07,0.6525084376335144,0.8517807722091675,-0.039329588413238525,0.6360429525375366,0.7703752517700195,-0.053574852645397186,0.687403678894043,0.707780659198761,-0.06263657659292221,0.7390409708023071,0.6739534735679626,-0.07130315899848938,0.643885612487793,0.6288263201713562,-0.027686284855008125,0.6526451706886292,0.5176768898963928,-0.04387136548757553,0.6646980047225952,0.45269298553466797,-0.05947155877947807,0.6758764982223511,0.3931053578853607,-0.07299838215112686,0.6917368173599243,0.6252694725990295,-0.027294863015413284,0.6958807110786438,0.5037258863449097,-0.03986572474241257,0.7019398808479309,0.4305878281593323,-0.05658821389079094,0.705402135848999,0.3640879690647125,-0.07067747414112091,0.7325462698936462,0.6470815539360046,-0.03204385191202164,0.7417304515838623,0.5441761612892151,-0.05556941777467728,0.7447069883346558,0.4772922396659851,-0.08022746443748474,0.74503493309021,0.41663581132888794,-0.09811821579933167,0.771278440952301,0.6908957958221436,-0.039970193058252335,0.7748598456382751,0.6160013675689697,-0.06607579439878464,0.7641327381134033,0.6354292035102844,-0.07445696741342545,0.7524763941764832,0.6679415702819824,-0.07992469519376755
0.7170284986495972,0.9326720237731934,3.745186631931574e-07,0.6686432361602783,0.8899385929107666,-0.04481900855898857,0.6494075059890747,0.8150845766067505,-0.05757397040724754,0.704796552658081,0.7672292590141296,-0.0625721737742424,0.7641981840133667,0.7405581474304199,-0.0657707154750824,0.6527621150016785,0.6521808505058289,-0.03182632848620415,0.6251224875450134,0.536474883556366,-0.049343086779117584,0.6127216219902039,0.46748238801956177,-0.06338944286108017,0.6038748025894165,0.405769944190979,-0.07457729429006577,0.7100996375083923,0.6388784646987915,-0.03251614049077034,0.7066237926483154,0.5039652585983276,-0.0432572066783905,0.7071276307106018,0.42593804001808167,-0.055353328585624695,0.7044280767440796,0.35877281427383423,-0.06516800075769424,0.7549191117286682,0.6627508401870728,-0.04006926715373993,0.7856654524803162,0.553469181060791,-0.06590593606233597,0.7983755469322205,0.4833364188671112,-0.09049813449382782,0.8026765584945679,0.41077375411987305,-0.10715210437774658,0.7926685214042664,0.7241830825805664,-0.05098278820514679,0.8057974576950073,0.6530061364173889,-0.07439179718494415,0.7935896515846252,0.6904626488685608,-0.0749802514910698,0.7744157910346985,0.7384567260742188,-0.07545804232358932
0.7147321701049805,0.929142951965332,4.4861238279736426e-07,0.6652166843414307,0.8850835561752319,-0.03972119837999344,0.6421642303466797,0.8025747537612915,-0.054388731718063354,0.688547670841217,0.7400681376457214,-0.06398418545722961,0.7402300238609314,0.7020543217658997,-0.07368532568216324,0.6542853116989136,0.6470949649810791,-0.027639448642730713,0.660417914390564,0.5326676964759827,-0.04572167247533798,0.670907199382782,0.4637458324432373,-0.06316213309764862,0.6795021295547485,0.4003463089466095,-0.07784067094326019,0.7025662660598755,0.6392980813980103,-0.029866525903344154,0.7075415849685669,0.5101566314697266,-0.04232935607433319,0.712004542350769,0.43368393182754517,-0.0576949305832386,0.7129642367362976,0.3640522062778473,-0.07047475129365921,0.7434479594230652,0.6594292521476746,-0.03778606280684471,0.7563666105270386,0.5400761961936951,-0.06333956122398376,0.7531017065048218,0.4688466191291809,-0.08729287981987,0.7480284571647644,0.4007686972618103,-0.10487556457519531,0.782673180103302,0.7067601084709167,-0.04895935580134392,0.7859823703765869,0.6297202110290527,-0.07904528081417084,0.7679182887077332,0.6657194495201111,-0.0857168659567833,0.7502900958061218,0.7117505073547363,-0.08954349905252457
0.6651120781898499,0.8966708183288574,3.989881349752977e-07,0.6180077791213989,0.8610650300979614,-0.030509453266859055,0.5885055065155029,0.7847541570663452,-0.042909760028123856,0.6210252642631531,0.7211889624595642,-0.052988216280937195,0.6677235960960388,0.687817394733429,-0.06395602971315384,0.5929282307624817,0.6401801705360413,-0.01933639496564865,0.592607319355011,0.5361003875732422,-0.03542516008019447,0.6010876297950745,0.4724252223968506,-0.05153278261423111,0.6070301532745361,0.41437166929244995,-0.06539655476808548,0.6356679201126099,0.6282123327255249,-0.02478572353720665,0.6336299777030945,0.511013388633728,-0.036300111562013626,0.6347481608390808,0.44061511754989624,-0.04980311542749405,0.6325194239616394,0.377838671207428,-0.06095978245139122,0.6752772331237793,0.6425073742866516,-0.0351591520011425,0.6791962385177612,0.5317678451538086,-0.05734792351722717,0.6734965443611145,0.4666486382484436,-0.07713034749031067,0.666723370552063,0.40689951181411743,-0.09212319552898407,0.714579701423645,0.6807654500007629,-0.0484248511493206,0.7119977474212646,0.6135246753692627,-0.07536710798740387,0.6959700584411621,0.6494476199150085,-0.08072049915790558,0.6823371648788452,0.6941317915916443,-0.08386670798063278
0.6177246570587158,0.8378150463104248,3.560302559435513e-07,0.5730240941047668,0.8058755993843079,-0.02650233916938305,0.5458881855010986,0.7409932017326355,-0.037982214242219925,0.5712692141532898,0.6807672381401062,-0.04779037833213806,0.6117467880249023,0.6469119787216187,-0.058474645018577576,0.5514833331108093,0.6218091249465942,-0.015917591750621796,0.5486255288124084,0.5303816795349121,-0.03050447627902031,0.5551776885986328,0.4753448963165283,-0.04576084390282631,0.5619456171989441,0.42530086636543274,-0.05890163034200668,0.5874117016792297,0.6118025183677673,-0.021177178248763084,0.5842024087905884,0.5100144147872925,-0.03258378058671951,0.5851917862892151,0.44934216141700745,-0.0479317232966423,0.5853965878486633,0.3934444189071655,-0.06072143837809563,0.6207288503646851,0.6241345405578613,-0.03065399080514908,0.6206306219100952,0.5273779034614563,-0.05095021054148674,0.614213228225708,0.4707263112068176,-0.0713534727692604,0.6094265580177307,0.4185646176338196,-0.086737722158432,0.6533079743385315,0.6569308042526245,-0.04244193062186241,0.6446189284324646,0.5896742343902588,-0.06608951091766357,0.6302334666252136,0.6148117184638977,-0.07261459529399872,0.6200968623161316,0.650809645652771,-0.07709214836359024
0.7179093956947327,0.908882737159729,5.225429049460217e-07,0.6685279607772827,0.8615463376045227,-0.03795023635029793,0.6441029906272888,0.7927698493003845,-0.05283223092556,0.6891293525695801,0.7417993545532227,-0.0625898540019989,0.7433278560638428,0.7117369771003723,-0.07289601117372513,0.6650014519691467,0.6334226727485657,-0.03151893615722656,0.6755411028862,0.5197967290878296,-0.052754439413547516,0.6907942891120911,0.45144832134246826,-0.07238456606864929,0.7042825818061829,0.3875591456890106,-0.08815047889947891,0.713699996471405,0.628758430480957,-0.036162830889225006,0.7241917252540588,0.5009469985961914,-0.053764499723911285,0.7337276339530945,0.4217910170555115,-0.07341745495796204,0.738182544708252,0.3470520079135895,-0.08880250155925751,0.7523180246353149,0.6524006128311157,-0.04610598832368851,0.7742521166801453,0.5468543767929077,-0.07557979971170425,0.7802098989486694,0.47333675622940063,-0.10322999209165573,0.7814223170280457,0.39972543716430664,-0.12238354980945587,0.7855337262153625,0.7061870098114014,-0.0588020496070385,0.7866195440292358,0.6327596306800842,-0.08772563934326172,0.7687819004058838,0.6663558483123779,-0.09352549910545349,0.7504986524581909,0.7095947861671448,-0.09707408398389816
0.7321303486824036,0.9552140235900879,6.105875058892707e-07,0.6789185404777527,0.9147931337356567,-0.03772153705358505,0.6473520994186401,0.848198652267456,-0.05715765058994293,0.6819713115692139,0.8012140989303589,-0.07177922129631042,0.7370047569274902,0.7671708464622498,-0.08684535324573517,0.6690201163291931,0.6680960655212402,-0.03811393305659294,0.676156222820282,0.5495442152023315,-0.06017277017235756,0.6900635361671448,0.47663378715515137,-0.07702774554491043,0.7018883228302002,0.4086838960647583,-0.09103687107563019,0.7199187278747559,0.6627000570297241,-0.04425625503063202,0.7219918966293335,0.5278048515319824,-0.0662124827504158,0.7305286526679993,0.44182172417640686,-0.0833667740225792,0.7339679598808289,0.3643592596054077,-0.0955207496881485,0.7628927230834961,0.6912736296653748,-0.055226653814315796,0.7843789458274841,0.5928936004638672,-0.08941823989152908,0.7944158315658569,0.5174864530563354,-0.1150578111410141,0.7997960448265076,0.4442780613899231,-0.13197067379951477,0.7997931838035583,0.7486609220504761,-0.0684315413236618,0.7915162444114685,0.7001296281814575,-0.10292691737413406,0.7688480615615845,0.745283842086792,-0.10969015955924988,0.7490918040275574,0.7904044389724731,-0.1129460334777832
0.6913868188858032,0.9551209211349487,5.348842933017295e-07,0.6364933848381042,0.9198360443115234,-0.038249339908361435,0.599897027015686,0.8472356796264648,-0.05558235943317413,0.6367915868759155,0.7948796153068542,-0.0686328336596489,0.6906934380531311,0.7610675692558289,-0.08324906975030899,0.6104840636253357,0.6788613796234131,-0.034279245883226395,0.6068112254142761,0.562588095664978,-0.055064037442207336,0.6148732304573059,0.48886966705322266,-0.07379026710987091,0.6200377941131592,0.41972920298576355,-0.08997984230518341,0.659089982509613,0.6660892367362976,-0.03949439525604248,0.6496752500534058,0.5365901589393616,-0.05574744939804077,0.6493383646011353,0.4542314112186432,-0.07428344339132309,0.6454585790634155,0.379855215549469,-0.08957834541797638,0.7028588056564331,0.6867393851280212,-0.049637701362371445,0.7139950394630432,0.5780307054519653,-0.07829931378364563,0.7143431901931763,0.5025558471679688,-0.10595084726810455,0.7126917839050293,0.43095892667770386,-0.12670956552028656,0.7437819838523865,0.7349622249603271,-0.06245627999305725,0.7347981333732605,0.6832239031791687,-0.09728512912988663,0.7176281213760376,0.7273976802825928,-0.10737159103155136,0.7029285430908203,0.7720761895179749,-0.11368338018655777
0.20567989349365234,0.8350662589073181,3.816754770014086e-07,0.25166234374046326,0.8219687938690186,-0.031674690544605255,0.2777329683303833,0.7714395523071289,-0.04534072056412697,0.2593112289905548,0.7239344716072083,-0.05535750463604927,0.23239490389823914,0.6799101829528809,-0.06659286469221115,0.29183509945869446,0.6376683712005615,-0.028194017708301544,0.29749906063079834,0.5479615330696106,-0.04486007243394852,0.29723575711250305,0.4924818277359009,-0.05900586023926735,0.29365479946136475,0.4431297183036804,-0.06948242336511612,0.25910401344299316,0.6254771947860718,-0.029574008658528328,0.2663608491420746,0.5267106294631958,-0.04328001290559769,0.2669282853603363,0.4642966389656067,-0.06027456000447273,0.26708489656448364,0.4086011052131653,-0.07220059633255005,0.2243894636631012,0.6365607380867004,-0.03395999222993851,0.2315250188112259,0.5528270602226257,-0.05875992402434349,0.23656386137008667,0.4967942535877228,-0.0824752226471901,0.23908239603042603,0.4446048438549042,-0.09821891039609909,0.18903446197509766,0.6650865077972412,-0.040063194930553436,0.20613215863704681,0.6382971405982971,-0.07104374468326569,0.21713270246982574,0.6735225915908813,-0.08113940805196762,0.22211599349975586,0.7086429595947266,-0.08488257229328156
0.23413947224617004,0.817965567111969,4.221454048547457e-07,0.27757421135902405,0.8045169115066528,-0.027836797758936882,0.3038828670978546,0.757193386554718,-0.03949679061770439,0.2921503484249115,0.707868754863739,-0.04796101897954941,0.27309274673461914,0.6628462076187134,-0.05681220814585686,0.324240118265152,0.6289536952972412,-0.026054084300994873,0.33716633915901184,0.5406068563461304,-0.04094187170267105,0.3424338400363922,0.4866703748703003,-0.0518965981900692,0.34367692470550537,0.4397047460079193,-0.05967815965414047,0.2930457592010498,0.6132686138153076,-0.027951505035161972,0.30833208560943604,0.5170227289199829,-0.03980213403701782,0.31440842151641846,0.45495155453681946,-0.053020015358924866,0.31939977407455444,0.40261104702949524,-0.06192648783326149,0.25832998752593994,0.6217248439788818,-0.03269697353243828,0.2673393785953522,0.54097580909729,-0.05443412810564041,0.2745727598667145,0.48468244075775146,-0.07633955031633377,0.28034189343452454,0.437054306268692,-0.09093574434518814,0.2220674753189087,0.648504912853241,-0.03905848413705826,0.2382938116788864,0.6284196972846985,-0.06567945331335068,0.25004875659942627,0.6569465398788452,-0.07574551552534103,0.25670790672302246,0.687841534614563,-0.08009449392557144
0.23224909603595734,0.7905961275100708,6.217337045200111e-07,0.27589330077171326,0.7749617099761963,-0.02667020633816719,0.3004243075847626,0.7289620637893677,-0.037470631301403046,0.28371548652648926,0.6782863140106201,-0.04505127668380737,0.2615177035331726,0.6319836974143982,-0.05303226038813591,0.3288113474845886,0.6090854406356812,-0.025397801771759987,0.36410585045814514,0.5327727794647217,-0.0378897599875927,0.3858681917190552,0.4853664040565491,-0.04715154692530632,0.4012816846370697,0.4415607452392578,-0.05461878329515457,0.29267171025276184,0.5862048864364624,-0.027356205508112907,0.3195130527019501,0.4959571957588196,-0.039583541452884674,0.33574798703193665,0.43910253047943115,-0.05380954220890999,0.34827330708503723,0.3895370364189148,-0.06331752985715866,0.2553985118865967,0.5922014713287354,-0.031848397105932236,0.25449714064598083,0.5069564580917358,-0.05685438588261604,0.2584351897239685,0.4445667266845703,-0.08311675488948822,0.2603692412376404,0.39134758710861206,-0.10008849948644638,0.2202426791191101,0.6193976402282715,-0.03716379776597023,0.23576053977012634,0.5882616639137268,-0.06690642237663269,0.24658465385437012,0.6192182302474976,-0.07921015471220016,0.2513372004032135,0.6511329412460327,-0.08504799008369446
0.2353644073009491,0.7927564382553101,4.302852403270663e-07,0.2792958915233612,0.7809937596321106,-0.03174962103366852,0.3084448277950287,0.7284244298934937,-0.044159017503261566,0.29207250475883484,0.6709824204444885,-0.05229274556040764,0.26510927081108093,0.6228975057601929,-0.06100643053650856,0.33033287525177,0.6068302989006042,-0.02645227313041687,0.3456494212150574,0.5210781097412109,-0.04118867591023445,0.35138508677482605,0.4677942991256714,-0.053423281759023666,0.35297656059265137,0.41919320821762085,-0.06268960982561111,0.29913175106048584,0.5880224108695984,-0.02643512561917305,0.319798082113266,0.4941844642162323,-0.03812505304813385,0.33073753118515015,0.43373847007751465,-0.0521099716424942,0.3396924138069153,0.3793574571609497,-0.06185051426291466,0.26379281282424927,0.5930274128913879,-0.0297061987221241,0.2790358066558838,0.5116057395935059,-0.05330467224121094,0.29197555780410767,0.45616474747657776,-0.075779490172863,0.3013545572757721,0.4048976004123688,-0.09056982398033142,0.22654889523983002,0.6152614951133728,-0.0347316637635231,0.2474810928106308,0.5883105397224426,-0.06420522183179855,0.2575225532054901,0.6210477948188782,-0.07372833043336868,0.26022884249687195,0.6532310843467712,-0.07740534096956253
0.2404702752828598,0.7826727628707886,4.967827749169373e-07,0.2849109172821045,0.771959662437439,-0.02851140685379505,0.3142963647842407,0.7178224325180054,-0.03880038857460022,0.30029070377349854,0.6580599546432495,-0.045231010764837265,0.2763712406158447,0.6118795871734619,-0.051690295338630676,0.33983728289604187,0.6009703874588013,-0.02327570877969265,0.3696991205215454,0.5200478434562683,-0.03532266989350319,0.38622552156448364,0.47035443782806396,-0.04489745944738388,0.39588016271591187,0.42517662048339844,-0.05240093171596527,0.3071533739566803,0.5796739459037781,-0.023453641682863235,0.33439743518829346,0.4863870441913605,-0.033846963196992874,0.34963276982307434,0.42966610193252563,-0.04579104483127594,0.36019206047058105,0.37964391708374023,-0.05397430807352066,0.27137354016304016,0.5831440687179565,-0.026593269780278206,0.28356629610061646,0.49952971935272217,-0.04819083958864212,0.29660099744796753,0.44317662715911865,-0.06935226172208786,0.3060884475708008,0.3923148214817047,-0.08331990242004395,0.2346908450126648,0.6039880514144897,-0.031191673129796982,0.25704026222229004,0.5699272155761719,-0.056855157017707825,0.26803112030029297,0.5983120799064636,-0.06503876298666,0.27178120613098145,0.6271448135375977,-0.06847292929887772
0.2616519629955292,0.7622329592704773,5.919362706663378e-07,0.30837488174438477,0.7535346746444702,-0.02853427641093731,0.3408052921295166,0.7099692821502686,-0.040095578879117966,0.3236651122570038,0.651016891002655,-0.048170749098062515,0.3019583821296692,0.6043390035629272,-0.05714075639843941,0.3697914779186249,0.5836113691329956,-0.02688019908964634,0.4106428027153015,0.5125646591186523,-0.04166782274842262,0.43622490763664246,0.4664424955844879,-0.05303499102592468,0.45557481050491333,0.42306214570999146,-0.06185895949602127,0.33444395661354065,0.5556653738021851,-0.029137033969163895,0.36529162526130676,0.4619101583957672,-0.04104283079504967,0.3825133442878723,0.40172845125198364,-0.05501091107726097,0.39706113934516907,0.3494122624397278,-0.06459860503673553,0.29635512828826904,0.5580237507820129,-0.034178681671619415,0.3045484125614166,0.4695379436016083,-0.05832750350236893,0.31456249952316284,0.40642398595809937,-0.08317697793245316,0.32296985387802124,0.35228657722473145,-0.09964250028133392,0.25678926706314087,0.5825032591819763,-0.040497586131095886,0.2715083956718445,0.5530921220779419,-0.07002633810043335,0.2821398675441742,0.58486407995224,-0.08130601793527603,0.2876877784729004,0.6170380115509033,-0.08642029017210007
0.33693549036979675,0.9520816802978516,8.186163995560491e-07,0.3896034061908722,0.9370613098144531,-0.025249013677239418,0.43135809898376465,0.8980876207351685,-0.03997833654284477,0.4186742901802063,0.8569924235343933,-0.05337117612361908,0.3924098610877991,0.8173624277114868,-0.06893236935138702,0.4349139332771301,0.7084623575210571,-0.0319199338555336,0.46991342306137085,0.6130344271659851,-0.04878038540482521,0.4899047017097473,0.5487908124923706,-0.06147387996315956,0.5041003227233887,0.48772335052490234,-0.07116269320249557,0.384948194026947,0.6897183060646057,-0.04147598519921303,0.40058836340904236,0.565986692905426,-0.05384812876582146,0.40620386600494385,0.4863124489784241,-0.07183042913675308,0.4122847318649292,0.41642940044403076,-0.08483465760946274,0.33930930495262146,0.711024284362793,-0.05270185321569443,0.3245551586151123,0.6145908236503601,-0.08016189932823181,0.3174600899219513,0.5368223786354065,-0.11156243830919266,0.31314319372177124,0.46960002183914185,-0.13352805376052856,0.29746994376182556,0.7622947692871094,-0.06475166231393814,0.3156198561191559,0.7397797703742981,-0.09601248800754547,0.3424701988697052,0.7821252346038818,-0.10773681104183197,0.3651994466781616,0.827926754951477,-0.11383882164955139
0.4325963854789734,0.9031082391738892,8.115268315123103e-07,0.48797139525413513,0.8843365907669067,-0.03169301524758339,0.5253053903579712,0.8453514575958252,-0.050908446311950684,0.5222955942153931,0.8100596070289612,-0.06790324300527573,0.4927595555782318,0.7720067501068115,-0.08753619343042374,0.521976113319397,0.6698535680770874,-0.04218941554427147,0.5487158298492432,0.5775212645530701,-0.06357701867818832,0.5623982548713684,0.5147064328193665,-0.07922427356243134,0.5699177384376526,0.4545280635356903,-0.09086713939905167,0.47653162479400635,0.6527120471000671,-0.050493549555540085,0.4872714579105377,0.5316632986068726,-0.06958888471126556,0.48704802989959717,0.45041730999946594,-0.09177535772323608,0.4841544032096863,0.37910741567611694,-0.10721297562122345,0.4336719214916229,0.6745215654373169,-0.06070661172270775,0.41846975684165955,0.5792109966278076,-0.09421603381633759,0.40737879276275635,0.5040907859802246,-0.1285364180803299,0.39793574810028076,0.43770188093185425,-0.1519920825958252,0.39482930302619934,0.7238916754722595,-0.07193637639284134,0.4197569191455841,0.704970121383667,-0.10899972915649414,0.44811317324638367,0.7441030144691467,-0.12429367750883102,0.47171729803085327,0.7851203680038452,-0.1327541470527649
0.4149235486984253,0.899292528629303,6.932841074558382e-07,0.46639662981033325,0.8818396925926208,-0.02538951300084591,0.5041730403900146,0.8449065685272217,-0.040500178933143616,0.506985604763031,0.8108501434326172,-0.054316870868206024,0.48724478483200073,0.7815907001495361,-0.07021502405405045,0.5016171336174011,0.6977457404136658,-0.031638383865356445,0.5300155878067017,0.618144154548645,-0.04797627404332161,0.5462020039558411,0.5674993991851807,-0.06050128862261772,0.5573173761367798,0.5201894640922546,-0.0698503851890564,0.461553692817688,0.6835958361625671,-0.03901681303977966,0.4736858308315277,0.5799980163574219,-0.05314094200730324,0.4769867956638336,0.511110782623291,-0.07214730232954025,0.47724708914756775,0.45349621772766113,-0.08594420552253723,0.422786146402359,0.701337993144989,-0.04808882251381874,0.41975274682044983,0.6188821792602539,-0.07567699998617172,0.4182063639163971,0.5520052313804626,-0.10707257688045502,0.41467905044555664,0.4952842593193054,-0.12870460748672485,0.38693302869796753,0.7416579723358154,-0.05771859735250473,0.4168228507041931,0.7246056795120239,-0.08888550102710724,0.44609299302101135,0.754155158996582,-0.10369036346673965,0.46687740087509155,0.7885003685951233,-0.11236607283353806
0.3221960961818695,0.8482851386070251,6.794912792429386e-07,0.3659454584121704,0.8247151374816895,-0.024282008409500122,0.39330339431762695,0.7806450128555298,-0.03687479346990585,0.3787439465522766,0.7413482666015625,-0.04715658724308014,0.3526458740234375,0.7044762372970581,-0.0587284080684185,0.38385114073753357,0.6389884948730469,-0.030692610889673233,0.40588217973709106,0.5568304061889648,-0.04606187343597412,0.4178977608680725,0.5041382908821106,-0.05653838440775871,0.426097571849823,0.45468568801879883,-0.06442566961050034,0.3411259055137634,0.6277740001678467,-0.03568825498223305,0.34481552243232727,0.5262764096260071,-0.049453265964984894,0.34390324354171753,0.46105268597602844,-0.06458558142185211,0.34307608008384705,0.4062109589576721,-0.07503336668014526,0.30526238679885864,0.6491256356239319,-0.042472608387470245,0.282932847738266,0.5648661255836487,-0.06906583905220032,0.26986774802207947,0.5026135444641113,-0.09520222991704941,0.25948137044906616,0.4518258273601532,-0.11244359612464905,0.27579599618911743,0.6930573582649231,-0.04984867945313454,0.2932604253292084,0.6599298715591431,-0.0797312781214714,0.3204638361930847,0.6856813430786133,-0.09150365740060806,0.3420535922050476,0.7162981033325195,-0.09732629358768463
0.3773658275604248,0.9176030158996582,6.61764090637007e-07,0.4285520315170288,0.8954967856407166,-0.017317697405815125,0.4689440131187439,0.8441324234008789,-0.027292465791106224,0.4716883897781372,0.8001684546470642,-0.03717638924717903,0.44677165150642395,0.7626288533210754,-0.04997144266963005,0.45878511667251587,0.6875343322753906,-0.022663159295916557,0.48938921093940735,0.5955590009689331,-0.03650007024407387,0.5074232816696167,0.5384012460708618,-0.04805571585893631,0.5203523635864258,0.4879383444786072,-0.056536540389060974,0.41634392738342285,0.674545168876648,-0.03253493085503578,0.4278494417667389,0.563083827495575,-0.04167274758219719,0.4309249222278595,0.4889518618583679,-0.05914471298456192,0.4335297644138336,0.42729222774505615,-0.07287628203630447,0.3751625716686249,0.6936879754066467,-0.04360140860080719,0.37369999289512634,0.5968219041824341,-0.06663289666175842,0.3758414387702942,0.5210305452346802,-0.09793448448181152,0.37651097774505615,0.46060383319854736,-0.12104358524084091,0.3348831832408905,0.7356821298599243,-0.054503895342350006,0.36848655343055725,0.7083258628845215,-0.08258423209190369,0.401663213968277,0.7367730736732483,-0.09583025425672531,0.42500463128089905,0.7728267908096313,-0.10404010117053986
0.2924092710018158,0.8913918137550354,4.604311243383563e-07,0.34723132848739624,0.8635796904563904,-0.030988555401563644,0.3776659667491913,0.7925096750259399,-0.04263271018862724,0.3442709445953369,0.7374550700187683,-0.050254080444574356,0.30426472425460815,0.7077600359916687,-0.05952500179409981,0.36953791975975037,0.6405799388885498,-0.028600389137864113,0.3677644431591034,0.5351675748825073,-0.044201891869306564,0.3634433150291443,0.47116655111312866,-0.056967273354530334,0.3541436493396759,0.4141058027744293,-0.06659706681966782,0.32905852794647217,0.6308304667472839,-0.031402215361595154,0.3329917788505554,0.5145807266235352,-0.04191896319389343,0.3292260766029358,0.4414786398410797,-0.05643395707011223,0.3241894245147705,0.3767165243625641,-0.06696093082427979,0.2889176309108734,0.6495963931083679,-0.037163082510232925,0.2894812226295471,0.5541772246360779,-0.0605405829846859,0.292086124420166,0.48547297716140747,-0.08522184938192368,0.2931429445743561,0.42164188623428345,-0.10249461978673935,0.24764961004257202,0.6901118159294128,-0.04462577775120735,0.26353293657302856,0.6550273895263672,-0.07338403910398483,0.28274524211883545,0.6915837526321411,-0.08110582828521729,0.2957632541656494,0.7300887703895569,-0.08409199118614197
0.2764686644077301,0.7947184443473816,3.383335354101291e-07,0.31922805309295654,0.7761169075965881,-0.027970267459750175,0.34597209095954895,0.7182916402816772,-0.03812706470489502,0.3291287422180176,0.6587790846824646,-0.04508865997195244,0.2997724711894989,0.6188563704490662,-0.05304829031229019,0.35340166091918945,0.595932126045227,-0.020435107871890068,0.3597472906112671,0.5109787583351135,-0.033791378140449524,0.35945427417755127,0.45708543062210083,-0.045962076634168625,0.35611045360565186,0.41072267293930054,-0.055361438542604446,0.3219049572944641,0.5842079520225525,-0.021335329860448837,0.3304164707660675,0.49087879061698914,-0.0315869115293026,0.33222171664237976,0.43120062351226807,-0.04514703154563904,0.3334183096885681,0.3800605237483978,-0.05511899292469025,0.28822657465934753,0.5949059724807739,-0.025351861491799355,0.29423290491104126,0.5091648697853088,-0.04577618092298508,0.3002455234527588,0.4537779688835144,-0.06585562229156494,0.30406859517097473,0.4042311906814575,-0.07957927137613297,0.25168001651763916,0.622130811214447,-0.0311330184340477,0.2646217942237854,0.5802632570266724,-0.05691474676132202,0.2798295021057129,0.60275799036026,-0.06537839025259018,0.2901945412158966,0.6300525665283203,-0.06896471977233887
0.2300843596458435,0.8482839465141296,3.8058760765125044e-07,0.27222779393196106,0.8243441581726074,-0.026662031188607216,0.2916022837162018,0.7702111601829529,-0.03736076131463051,0.26656293869018555,0.7266669869422913,-0.04517257213592529,0.23381617665290833,0.6960664391517639,-0.053935129195451736,0.2910178005695343,0.6461317539215088,-0.020662901923060417,0.2922608554363251,0.5633293986320496,-0.03431522101163864,0.288432776927948,0.5121904611587524,-0.046687547117471695,0.28095486760139465,0.46777984499931335,-0.05597153306007385,0.2578723728656769,0.638002872467041,-0.022437170147895813,0.2615751028060913,0.5457350015640259,-0.032161589711904526,0.2606930136680603,0.4870339035987854,-0.04557899385690689,0.25904908776283264,0.4349532723426819,-0.055265285074710846,0.22509518265724182,0.6532570123672485,-0.02723255194723606,0.22485961019992828,0.5716267228126526,-0.04666783660650253,0.22668351233005524,0.5168719291687012,-0.06667305529117584,0.22636336088180542,0.4667593836784363,-0.08034578710794449,0.19305336475372314,0.6853558421134949,-0.03366301581263542,0.2033689022064209,0.6484861373901367,-0.05763307586312294,0.2170613706111908,0.6721935272216797,-0.06454266607761383,0.22632986307144165,0.6997315287590027,-0.06709647178649902
0.23498179018497467,0.8776030540466309,4.3136461158610473e-07,0.27688682079315186,0.8574711680412292,-0.023383883759379387,0.3061434030532837,0.805405855178833,-0.032030314207077026,0.2881430983543396,0.759250283241272,-0.038030870258808136,0.25938862562179565,0.7313762307167053,-0.04514210671186447,0.30678555369377136,0.6883715391159058,-0.01960262842476368,0.3219890892505646,0.6080330014228821,-0.031479861587285995,0.3288607895374298,0.5583868622779846,-0.04179518669843674,0.3297383785247803,0.5129660964012146,-0.04975060373544693,0.27434042096138,0.6775401830673218,-0.022342398762702942,0.2923043668270111,0.585349440574646,-0.030761927366256714,0.30009564757347107,0.5309547185897827,-0.042252566665410995,0.30379152297973633,0.48225677013397217,-0.05090424045920372,0.2403186559677124,0.6892037987709045,-0.02752160094678402,0.24889343976974487,0.6163806319236755,-0.04456767067313194,0.25797930359840393,0.5657483339309692,-0.06180838122963905,0.26355499029159546,0.5188276171684265,-0.07403218001127243,0.2045431137084961,0.7166404724121094,-0.03417729213833809,0.21995069086551666,0.6808279752731323,-0.0539732463657856,0.2334551364183426,0.7009235620498657,-0.058033332228660583,0.24121391773223877,0.7230707406997681,-0.059549372643232346
0.3758114278316498,0.8940072655677795,3.9457376033169567e-07,0.4210246503353119,0.8806800842285156,-0.02104651927947998,0.45972973108291626,0.8344914317131042,-0.030506111681461334,0.4640514552593231,0.7858332395553589,-0.03814386576414108,0.44722381234169006,0.7465565800666809,-0.04728676751255989,0.46160000562667847,0.7110166549682617,-0.019034529104828835,0.4798709750175476,0.6319373250007629,-0.031705550849437714,0.4904773235321045,0.5848734378814697,-0.04306105896830559,0.49766600131988525,0.5439716577529907,-0.05140836164355278,0.42847874760627747,0.6985619068145752,-0.023718345910310745,0.44330015778541565,0.6063219904899597,-0.034520357847213745,0.4510192573070526,0.5485087633132935,-0.04952886700630188,0.4579228162765503,0.49793997406959534,-0.06068108603358269,0.39259257912635803,0.7062944769859314,-0.030344262719154358,0.4112086892127991,0.624149739742279,-0.052363794296979904,0.4254361093044281,0.5696858167648315,-0.07509677112102509,0.4364506006240845,0.5227355360984802,-0.09078579396009445,0.3534572720527649,0.7300989627838135,-0.03750595450401306,0.38365620374679565,0.6962413787841797,-0.06297995150089264,0.40439677238464355,0.7237843871116638,-0.07145281881093979,0.4171574115753174,0.7542436718940735,-0.07563138008117676
0.4308689832687378,0.8803484439849854,4.824194661523507e-07,0.4806998372077942,0.8595941662788391,-0.02591613307595253,0.5202703475952148,0.7982093095779419,-0.03335927799344063,0.5167326331138611,0.7354657053947449,-0.03786670044064522,0.5026179552078247,0.6849523782730103,-0.0431562177836895,0.516355037689209,0.6775275468826294,-0.015879429876804352,0.5311045050621033,0.600547194480896,-0.027120022103190422,0.54050213098526,0.5519848465919495,-0.03755822777748108,0.5475597381591797,0.5080645084381104,-0.04546740651130676,0.48040664196014404,0.664849579334259,-0.017380094155669212,0.4934341609477997,0.5750404000282288,-0.02585758827626705,0.49910253286361694,0.5168406367301941,-0.0388619638979435,0.5051937699317932,0.4653376340866089,-0.04857314005494118,0.44202330708503723,0.6752544045448303,-0.022143317386507988,0.4531623423099518,0.5988843441009521,-0.04467463120818138,0.4633468687534332,0.5434684753417969,-0.06760964542627335,0.47053229808807373,0.4938610792160034,-0.08299627900123596,0.40182602405548096,0.7027502655982971,-0.028181277215480804,0.43162235617637634,0.6727016568183899,-0.05703846737742424,0.4558311402797699,0.7048053741455078,-0.06790275126695633,0.471410870552063,0.73982834815979,-0.07286657392978668
0.27313336730003357,0.8214422464370728,4.849617880609003e-07,0.31922727823257446,0.8064156174659729,-0.034770745784044266,0.3485439717769623,0.7456707954406738,-0.047490883618593216,0.3141406774520874,0.6871396899223328,-0.05491463840007782,0.27707943320274353,0.6465258598327637,-0.06332121789455414,0.3607608675956726,0.6091039776802063,-0.02970830351114273,0.37526842951774597,0.5117001533508301,-0.04423754662275314,0.3813745677471161,0.4504699110984802,-0.05613239109516144,0.3822338581085205,0.39476364850997925,-0.06495712697505951,0.3253265619277954,0.592863142490387,-0.02878948301076889,0.346426397562027,0.4852078855037689,-0.040356896817684174,0.35664233565330505,0.4180912375450134,-0.05315752327442169,0.3653485178947449,0.3578581213951111,-0.06152009963989258,0.2875184416770935,0.5998006463050842,-0.031231986358761787,0.29824692010879517,0.5075404644012451,-0.05595927685499191,0.3101687729358673,0.444694459438324,-0.07862609624862671,0.3202638626098633,0.3851967453956604,-0.09325441718101501,0.2468011975288391,0.6252419948577881,-0.03560308739542961,0.2616817355155945,0.5856395959854126,-0.0651639923453331,0.27223002910614014,0.6294071078300476,-0.07148005813360214,0.2782725691795349,0.67392498254776,-0.07264203578233719
0.2478553205728531,0.836803674697876,6.353087087518361e-07,0.2953876554965973,0.8203689455986023,-0.037948235869407654,0.3217275142669678,0.7677708268165588,-0.05410613864660263,0.2849898636341095,0.7184116840362549,-0.0642460435628891,0.24835942685604095,0.6814681887626648,-0.07511529326438904,0.33767789602279663,0.6272674202919006,-0.03725811839103699,0.3576872944831848,0.5342193841934204,-0.05452718958258629,0.3678847551345825,0.47475525736808777,-0.06784410029649734,0.3721482753753662,0.4183645248413086,-0.07782536745071411,0.2984817922115326,0.6081996560096741,-0.035727739334106445,0.3258667588233948,0.5048608183860779,-0.052117086946964264,0.3414731025695801,0.43909621238708496,-0.06750062108039856,0.3538868725299835,0.3786908984184265,-0.0766945332288742,0.258134126663208,0.6144226789474487,-0.037492457777261734,0.26189708709716797,0.5220524668693542,-0.06545182317495346,0.2705079913139343,0.4585883915424347,-0.08998584747314453,0.2788020968437195,0.39880383014678955,-0.10507527738809586,0.21855631470680237,0.6412343978881836,-0.041228462010622025,0.2291029989719391,0.6055905818939209,-0.07177241146564484,0.23529255390167236,0.6479337215423584,-0.07895302772521973,0.2387406975030899,0.688323974609375,-0.08047468215227127
0.20286041498184204,0.864431619644165,4.3372790514695225e-07,0.2504330575466156,0.8405754566192627,-0.03835323452949524,0.277254194021225,0.7778695821762085,-0.05446380376815796,0.2478971630334854,0.7154386043548584,-0.06560780853033066,0.21782197058200836,0.6612472534179688,-0.0766577497124672,0.29370948672294617,0.6406125426292419,-0.03095504641532898,0.29954254627227783,0.5460145473480225,-0.05096666142344475,0.2977597117424011,0.4843175709247589,-0.06814803928136826,0.2917090654373169,0.42942363023757935,-0.08129958063364029,0.25513309240341187,0.6274247169494629,-0.03091534785926342,0.2650604248046875,0.5229339599609375,-0.04752640053629875,0.2666372060775757,0.4530234932899475,-0.06675161421298981,0.2667614221572876,0.39064428210258484,-0.0805685967206955,0.2159370481967926,0.6421196460723877,-0.03508223965764046,0.2260739803314209,0.5506824254989624,-0.062468647956848145,0.2315506637096405,0.4873602092266083,-0.0880802571773529,0.2336164265871048,0.4295828342437744,-0.10520871728658676,0.17682477831840515,0.676838219165802,-0.04166675731539726,0.19362522661685944,0.6421345472335815,-0.07544457912445068,0.20729553699493408,0.6563283205032349,-0.08919470757246017,0.21477623283863068,0.6702704429626465,-0.09577295929193497
0.6883764266967773,0.8129497766494751,2.5659875291239587e-07,0.6466264128684998,0.7782537937164307,-0.02801542542874813,0.6256728768348694,0.7117155194282532,-0.037857070565223694,0.6585968732833862,0.6568862199783325,-0.04446026310324669,0.6967300772666931,0.6233186721801758,-0.05154041573405266,0.6316426396369934,0.5818154215812683,-0.017846085131168365,0.6120383739471436,0.4905755817890167,-0.028861358761787415,0.6048994064331055,0.4349806606769562,-0.03983822092413902,0.5978359580039978,0.38447150588035583,-0.05023331567645073,0.6736700534820557,0.57060706615448,-0.021940039470791817,0.6673771739006042,0.4654175639152527,-0.029267141595482826,0.6651026606559753,0.40422943234443665,-0.04054727032780647,0.6599776148796082,0.3524072766304016,-0.050559137016534805,0.7097612619400024,0.5881885886192322,-0.030373556539416313,0.7234500050544739,0.49318647384643555,-0.04975656047463417,0.7242193818092346,0.4346792697906494,-0.07017926871776581,0.7217426896095276,0.3799956738948822,-0.08602511137723923,0.7429630756378174,0.6295820474624634,-0.0407547764480114,0.7461511492729187,0.5706340074539185,-0.06475849449634552,0.7331089973449707,0.601158857345581,-0.07017874717712402,0.7191946506500244,0.6386805772781372,-0.074086993932724
0.6910150647163391,0.7957825660705566,2.329542923007466e-07,0.6504161953926086,0.7632842659950256,-0.02724367380142212,0.6327863335609436,0.697114109992981,-0.036601074039936066,0.6639456748962402,0.6403358578681946,-0.04308951273560524,0.7011852860450745,0.6065720915794373,-0.04918403923511505,0.6383711695671082,0.572554349899292,-0.014035995118319988,0.6315963268280029,0.4832942485809326,-0.022990059107542038,0.632980227470398,0.43190592527389526,-0.0334201417863369,0.6346123218536377,0.3858718276023865,-0.04359298199415207,0.6747753620147705,0.563115119934082,-0.01657097414135933,0.6612891554832458,0.4641871154308319,-0.021026216447353363,0.6560366153717041,0.4096064865589142,-0.030810827389359474,0.6512738466262817,0.3655189871788025,-0.04037868231534958,0.7089416980743408,0.5788952708244324,-0.023404670879244804,0.7219081521034241,0.4849052131175995,-0.03904115408658981,0.7222495675086975,0.43307942152023315,-0.05711674317717552,0.7201031446456909,0.3877035975456238,-0.07199009507894516,0.7433739304542542,0.6162261962890625,-0.03246259689331055,0.7497155070304871,0.5595967769622803,-0.05388323590159416,0.7373072504997253,0.5837880373001099,-0.05999566987156868,0.7229500412940979,0.6169450879096985,-0.06457403302192688
0.6921759247779846,0.797447919845581,3.032514541700948e-07,0.6511415839195251,0.7615889310836792,-0.02485712617635727,0.6323273777961731,0.6939607858657837,-0.03324755281209946,0.66472989320755,0.6399030089378357,-0.039339445531368256,0.700553297996521,0.6062553524971008,-0.04590791463851929,0.6393214464187622,0.5738381147384644,-0.011011802591383457,0.6338135600090027,0.4898548722267151,-0.021136073395609856,0.6361332535743713,0.43875670433044434,-0.03231876343488693,0.6377652883529663,0.39315804839134216,-0.04260073974728584,0.6784006953239441,0.5645492076873779,-0.014955591410398483,0.6801912188529968,0.4664807617664337,-0.021502891555428505,0.6842398643493652,0.4085487723350525,-0.03196649253368378,0.685842752456665,0.3579704165458679,-0.04104585573077202,0.7120265960693359,0.5806514620780945,-0.023295631632208824,0.7183206081390381,0.4892353415489197,-0.04166547581553459,0.7157835364341736,0.4347076714038849,-0.06050269305706024,0.7122619152069092,0.38328129053115845,-0.07473113387823105,0.7444078326225281,0.6171566843986511,-0.033477213233709335,0.7448514699935913,0.559673011302948,-0.056317038834095,0.7302985191345215,0.587619423866272,-0.061818383634090424,0.7168141603469849,0.6226361393928528,-0.06544916331768036
0.6969486474990845,0.7981705665588379,2.608899194456171e-07,0.6556176543235779,0.7612926959991455,-0.025810344144701958,0.6358987092971802,0.6908546686172485,-0.034190643578767776,0.6701017618179321,0.6337994933128357,-0.04005955904722214,0.7078439593315125,0.5995334386825562,-0.04605591297149658,0.6424750089645386,0.5720558762550354,-0.012397965416312218,0.6379318833351135,0.4815894067287445,-0.022573305293917656,0.6407310962677002,0.4300087094306946,-0.034009940922260284,0.6432116031646729,0.38336682319641113,-0.04468342289328575,0.6793802976608276,0.5635536313056946,-0.015765376389026642,0.6729046106338501,0.46366530656814575,-0.022985924035310745,0.6712395548820496,0.40599262714385986,-0.034878239035606384,0.6682349443435669,0.355872243642807,-0.045133598148822784,0.7134189605712891,0.5782613754272461,-0.02333306334912777,0.7154203653335571,0.48296889662742615,-0.04123244807124138,0.7114208340644836,0.4293038845062256,-0.05993827432394028,0.7066161632537842,0.37927594780921936,-0.07432162016630173,0.7485388517379761,0.6135972142219543,-0.03301917016506195,0.74820876121521,0.5539118051528931,-0.055375635623931885,0.7337015271186829,0.5814201235771179,-0.06110532209277153,0.7204176187515259,0.6177535057067871,-0.06491748988628387
0.7025340795516968,0.7948980331420898,2.715354128213221e-07,0.6589347124099731,0.7621039748191833,-0.029475713148713112,0.6396575570106506,0.6965417861938477,-0.03976673260331154,0.6746593117713928,0.642839252948761,-0.046340975910425186,0.7133898735046387,0.609726071357727,-0.052470896393060684,0.6462173461914062,0.5707439184188843,-0.017475515604019165,0.638491690158844,0.48097556829452515,-0.02787993848323822,0.6405841112136841,0.42894402146339417,-0.03904817998409271,0.642526388168335,0.38120144605636597,-0.04952719062566757,0.6846973896026611,0.5599545836448669,-0.01923968270421028,0.6733714938163757,0.45884257555007935,-0.025113841518759727,0.6685959100723267,0.40284520387649536,-0.0354209765791893,0.6631680727005005,0.3552513122558594,-0.045139312744140625,0.7202004790306091,0.575799822807312,-0.02543443813920021,0.7398948073387146,0.4836920499801636,-0.04263071343302727,0.7448083162307739,0.43012863397598267,-0.06075753644108772,0.7462294101715088,0.3812425434589386,-0.07519670575857162,0.754331111907959,0.6147103309631348,-0.03389326483011246,0.7624549269676208,0.5578224062919617,-0.055436618626117706,0.751266598701477,0.5860130190849304,-0.05984027683734894,0.7383874654769897,0.620745837688446,-0.06316571682691574
0.7038034200668335,0.7951558828353882,2.982779392368684e-07,0.6616765260696411,0.759693443775177,-0.02541181445121765,0.6423031687736511,0.6902596950531006,-0.0328412801027298,0.6764654517173767,0.6381754875183105,-0.03760256990790367,0.7137950658798218,0.6073658466339111,-0.04310322552919388,0.6460713148117065,0.5702721476554871,-0.011574755422770977,0.6310471296310425,0.48632287979125977,-0.02063099853694439,0.6273624300956726,0.43416720628738403,-0.030869249254465103,0.6236029267311096,0.3880856931209564,-0.0405145101249218,0.6876578330993652,0.560357928276062,-0.015168450772762299,0.6897509694099426,0.4606826603412628,-0.02026836760342121,0.6926708221435547,0.4026091694831848,-0.030656518414616585,0.6923177242279053,0.35249248147010803,-0.03965279832482338,0.7227137684822083,0.5768086910247803,-0.023029983043670654,0.7304716110229492,0.4835379719734192,-0.040874820202589035,0.7275177836418152,0.4280029535293579,-0.06074490025639534,0.7227398157119751,0.37552618980407715,-0.07560154050588608,0.7553920745849609,0.6144407987594604,-0.03260878846049309,0.7574859261512756,0.5563675761222839,-0.05511131510138512,0.7461949586868286,0.5853124856948853,-0.06013048440217972,0.7355021834373474,0.6212760210037231,-0.06335921585559845
0.70644611120224,0.7947588562965393,3.3074354632844916e-07,0.6644631028175354,0.7592552900314331,-0.027247564867138863,0.6459971070289612,0.6905446648597717,-0.036550123244524,0.680691123008728,0.6376640796661377,-0.04277333989739418,0.7181205749511719,0.6047350168228149,-0.04984263330698013,0.6496450304985046,0.5709065198898315,-0.015945924445986748,0.6413776874542236,0.4833754003047943,-0.027331581339240074,0.6418615579605103,0.42895063757896423,-0.03940454125404358,0.6417208313941956,0.380303293466568,-0.05017668008804321,0.6910021901130676,0.5611074566841125,-0.01885761320590973,0.6943509578704834,0.46034371852874756,-0.025074534118175507,0.697774350643158,0.4012339115142822,-0.03659788891673088,0.6977466940879822,0.34962236881256104,-0.04673585668206215,0.7259512543678284,0.5773835182189941,-0.025942323729395866,0.7342621684074402,0.48205867409706116,-0.0443444587290287,0.7320180535316467,0.4257345199584961,-0.06454377621412277,0.7275440692901611,0.37300390005111694,-0.07997164875268936,0.7589851021766663,0.6146040558815002,-0.03486931324005127,0.7616859078407288,0.5567315220832825,-0.05797882750630379,0.7505102753639221,0.5855492353439331,-0.06341996043920517,0.7394947409629822,0.6211886405944824,-0.06705344468355179
0.7165505886077881,0.8055574893951416,3.381525459644763e-07,0.6786037683486938,0.7684162855148315,-0.030493861064314842,0.665869951248169,0.7059056758880615,-0.04262865334749222,0.7097723484039307,0.6569108963012695,-0.050776343792676926,0.7512561678886414,0.6201711893081665,-0.05862518772482872,0.6584639549255371,0.5764585137367249,-0.021269625052809715,0.6322410702705383,0.4945108890533447,-0.03379163518548012,0.6182799339294434,0.44535040855407715,-0.04459328204393387,0.6061901450157166,0.40384846925735474,-0.054546620696783066,0.7038924694061279,0.5650938749313354,-0.024583248421549797,0.7020621299743652,0.46350687742233276,-0.031407374888658524,0.7030513286590576,0.3999152183532715,-0.042767129838466644,0.7025942802429199,0.34880509972572327,-0.05291448533535004,0.7406420111656189,0.5909781455993652,-0.03255051001906395,0.7631053328514099,0.5104029178619385,-0.053158242255449295,0.7784912586212158,0.45239534974098206,-0.07560174912214279,0.7909641861915588,0.3963949680328369,-0.09240155667066574,0.7697814702987671,0.6400473117828369,-0.04218047857284546,0.7698233723640442,0.6074352264404297,-0.06885046511888504,0.7565181851387024,0.6275222301483154,-0.07836566865444183,0.7435413002967834,0.6457366347312927,-0.0847589299082756
0.7127596139907837,0.8033652901649475,4.0438487758365227e-07,0.6744223237037659,0.7670688629150391,-0.0327489972114563,0.659904956817627,0.7079100608825684,-0.04700317233800888,0.7040982246398926,0.6643462777137756,-0.05637037754058838,0.7488158941268921,0.6331689953804016,-0.06526795029640198,0.6622681021690369,0.574083149433136,-0.027545619755983353,0.6394946575164795,0.4914582371711731,-0.04160693287849426,0.6276000142097473,0.43980199098587036,-0.0525880828499794,0.6181581020355225,0.39586809277534485,-0.06265377998352051,0.7093296051025391,0.5662049651145935,-0.030402816832065582,0.7186689972877502,0.4647119641304016,-0.03916306793689728,0.7284284830093384,0.4017810821533203,-0.050072044134140015,0.7359530329704285,0.35156893730163574,-0.059594351798295975,0.7452412247657776,0.5952332019805908,-0.03793564811348915,0.7749099731445312,0.5185163617134094,-0.061552152037620544,0.7969121932983398,0.46399903297424316,-0.08407940715551376,0.8157882690429688,0.41221296787261963,-0.10018624365329742,0.7728952765464783,0.6466542482376099,-0.04710526391863823,0.7693425416946411,0.6156020164489746,-0.07684700936079025,0.7530204653739929,0.640977144241333,-0.08692649751901627,0.7387906312942505,0.6649216413497925,-0.09307775646448135
0.7115363478660583,0.8014683127403259,4.1032535591511987e-07,0.6727657914161682,0.7639981508255005,-0.03071289137005806,0.6585437655448914,0.7023561000823975,-0.04413926973938942,0.7026667594909668,0.6583725810050964,-0.05305146798491478,0.7468469142913818,0.6283640265464783,-0.06176122650504112,0.661817193031311,0.5723690986633301,-0.02720976620912552,0.6390414834022522,0.48942437767982483,-0.04041966050863266,0.6271836757659912,0.43770521879196167,-0.05049314722418785,0.6180358529090881,0.393532931804657,-0.060028061270713806,0.7089241147041321,0.5654758214950562,-0.030830278992652893,0.7199199199676514,0.4641122817993164,-0.03943176195025444,0.7306209206581116,0.4011755585670471,-0.049912940710783005,0.7391455173492432,0.3509218990802765,-0.059087663888931274,0.7449806928634644,0.594726026058197,-0.03878159075975418,0.7749161124229431,0.516623854637146,-0.06195046752691269,0.7968188524246216,0.462394654750824,-0.08391188085079193,0.8160934448242188,0.4114645719528198,-0.09968613088130951,0.7728007435798645,0.6460527181625366,-0.048182837665081024,0.7687811851501465,0.6152072548866272,-0.07744337618350983,0.7513363361358643,0.6405850648880005,-0.08732278645038605,0.7369320392608643,0.6643878221511841,-0.09344782680273056
0.7134296298027039,0.8018369078636169,4.074643413787271e-07,0.6743069291114807,0.7651326060295105,-0.03030105121433735,0.6583702564239502,0.7043724060058594,-0.043877013027668,0.7003346681594849,0.6616249084472656,-0.0532219223678112,0.7436608672142029,0.6313157677650452,-0.06254056841135025,0.6628624200820923,0.5716800689697266,-0.026804275810718536,0.6405580043792725,0.48939254879951477,-0.040614183992147446,0.6287881135940552,0.4376493990421295,-0.05130389332771301,0.619689404964447,0.3936435580253601,-0.06126199662685394,0.7103492021560669,0.564694344997406,-0.030831072479486465,0.72247713804245,0.4633532762527466,-0.039699673652648926,0.7338293790817261,0.39991164207458496,-0.05064430832862854,0.7430059313774109,0.3495461344718933,-0.06025560945272446,0.7464408278465271,0.5945900082588196,-0.039216671139001846,0.7756471037864685,0.5163614153862,-0.06261906027793884,0.7967711091041565,0.4626970887184143,-0.08483049273490906,0.8157891035079956,0.4125601351261139,-0.10085433721542358,0.7737860679626465,0.6462365388870239,-0.049007732421159744,0.7673803567886353,0.6145128011703491,-0.07894206792116165,0.7485487461090088,0.6383577585220337,-0.0894024521112442,0.7332074046134949,0.6605454683303833,-0.09587137401103973
0.7355528473854065,0.7974001169204712,3.7499356153603003e-07,0.6992208957672119,0.7553966641426086,-0.03322121873497963,0.688734233379364,0.6911341547966003,-0.04772980511188507,0.7305983304977417,0.6388675570487976,-0.057676468044519424,0.7707740068435669,0.5988171696662903,-0.06757336854934692,0.682880699634552,0.5663393139839172,-0.02775868959724903,0.6811147332191467,0.4731340706348419,-0.04164252430200577,0.6830454468727112,0.41671204566955566,-0.05371631309390068,0.6834055781364441,0.36588531732559204,-0.06535542756319046,0.7228183150291443,0.5597273707389832,-0.02871321700513363,0.7126197218894958,0.46006184816360474,-0.03868115320801735,0.708163321018219,0.3977215886116028,-0.05231369659304619,0.7032532691955566,0.34404730796813965,-0.06452483683824539,0.7580599188804626,0.5835587978363037,-0.033716440200805664,0.7748585939407349,0.5011307597160339,-0.05505587160587311,0.7859013080596924,0.4422954320907593,-0.07835092395544052,0.7934688329696655,0.38681039214134216,-0.09673620015382767,0.7884306311607361,0.6272403597831726,-0.04068462550640106,0.7902612686157227,0.6005708575248718,-0.07107038050889969,0.7823522090911865,0.606654167175293,-0.08594045788049698,0.7734212279319763,0.609669029712677,-0.0959511324763298
0.7463818788528442,0.7911525368690491,4.926849328512617e-07,0.710149884223938,0.7426763772964478,-0.030539970844984055,0.6956359148025513,0.6742696166038513,-0.04729117825627327,0.7260271310806274,0.6165067553520203,-0.061050184071063995,0.7567495107650757,0.5652700662612915,-0.07521062344312668,0.6853745579719543,0.5594437718391418,-0.02668808586895466,0.6956639289855957,0.47021135687828064,-0.04907479137182236,0.7063627243041992,0.41389626264572144,-0.06915339082479477,0.7187028527259827,0.36526182293891907,-0.08527673035860062,0.7232898473739624,0.5518748164176941,-0.02977745607495308,0.7299274802207947,0.4530664086341858,-0.046075936406850815,0.7370023131370544,0.39052891731262207,-0.0661269947886467,0.7442191243171692,0.3331688344478607,-0.08252623677253723,0.7567815184593201,0.5711699724197388,-0.036827586591243744,0.7625498175621033,0.4793921709060669,-0.05612528696656227,0.7647677659988403,0.42153260111808777,-0.07721491158008575,0.7676125168800354,0.36510246992111206,-0.09470813721418381,0.7878437042236328,0.611955463886261,-0.04646512493491173,0.7846276760101318,0.5724047422409058,-0.06980099529027939,0.7773231267929077,0.547328531742096,-0.08380160480737686,0.7707160115242004,0.5186770558357239,-0.09437762945890427
0.7465584874153137,0.7892172932624817,4.768361350215855e-07,0.7088433504104614,0.7409924864768982,-0.030314313247799873,0.6927826404571533,0.6722885966300964,-0.047282103449106216,0.722350537776947,0.6154830455780029,-0.06127708777785301,0.7525572180747986,0.5645138621330261,-0.07568265497684479,0.6866037845611572,0.5589126348495483,-0.02777126431465149,0.6964878439903259,0.46925681829452515,-0.04990311712026596,0.7071319818496704,0.4136449098587036,-0.06956109404563904,0.7195329070091248,0.3655712604522705,-0.08529213070869446,0.724602460861206,0.5517752170562744,-0.03081820346415043,0.7314661145210266,0.4526015818119049,-0.0463426411151886,0.738518476486206,0.3909077048301697,-0.06572592258453369,0.7457385659217834,0.334635466337204,-0.08195141702890396,0.7578657865524292,0.5710263252258301,-0.03774870187044144,0.7643443942070007,0.47965046763420105,-0.05622319504618645,0.7667462229728699,0.4223591685295105,-0.07710770517587662,0.7700580954551697,0.3681465983390808,-0.09472913295030594,0.7887937426567078,0.6108494400978088,-0.04726285859942436,0.7839409708976746,0.5709778070449829,-0.0699385553598404,0.7756669521331787,0.5490081906318665,-0.08355121314525604,0.7682895064353943,0.5252717137336731,-0.0940132662653923
0.16365765035152435,0.7378716468811035,3.307453653178527e-07,0.20536677539348602,0.7178562879562378,-0.029932240024209023,0.22961270809173584,0.6562068462371826,-0.04017976298928261,0.2114725410938263,0.5966720581054688,-0.046769872307777405,0.18451736867427826,0.5511845946311951,-0.05358075723052025,0.25364819169044495,0.5478025674819946,-0.016661440953612328,0.2615538239479065,0.46423569321632385,-0.029284188523888588,0.26298582553863525,0.41157662868499756,-0.041603147983551025,0.26160943508148193,0.3655543327331543,-0.051175057888031006,0.22435301542282104,0.5315319895744324,-0.01564842462539673,0.23580680787563324,0.43991175293922424,-0.025231344625353813,0.23995310068130493,0.38181906938552856,-0.03906043991446495,0.24366267025470734,0.33032387495040894,-0.04893794655799866,0.19137224555015564,0.5359455943107605,-0.018361710011959076,0.203507661819458,0.4570978879928589,-0.038710009306669235,0.2122209668159485,0.4056326150894165,-0.059807732701301575,0.21854214370250702,0.3583343029022217,-0.07399734854698181,0.15583071112632751,0.5551273226737976,-0.02305535040795803,0.16963407397270203,0.5287317633628845,-0.04960601404309273,0.17845425009727478,0.5573055744171143,-0.05943157523870468,0.18254350125789642,0.5859960317611694,-0.06372787803411484
0.23734596371650696,0.8231010437011719,5.547350383494631e-07,0.28041744232177734,0.806927502155304,-0.026126453652977943,0.3097677528858185,0.7573323249816895,-0.035705871880054474,0.28978925943374634,0.6992358565330505,-0.04189412668347359,0.2634773254394531,0.6594561338424683,-0.048471398651599884,0.32636141777038574,0.6493669748306274,-0.02332301065325737,0.36295121908187866,0.5812238454818726,-0.03575801104307175,0.3842000365257263,0.5366137027740479,-0.045250505208969116,0.39879298210144043,0.4969039857387543,-0.05242738500237465,0.2907841205596924,0.6263699531555176,-0.02411709539592266,0.3136669993400574,0.5359453558921814,-0.032931745052337646,0.3264067471027374,0.47919365763664246,-0.043696146458387375,0.3357490003108978,0.4318926930427551,-0.051389604806900024,0.255158394575119,0.6304173469543457,-0.02752671390771866,0.2569473385810852,0.5521523952484131,-0.046281248331069946,0.2645638585090637,0.494684100151062,-0.06671369820833206,0.2697436213493347,0.44767099618911743,-0.08078637719154358,0.21954576671123505,0.653119683265686,-0.03237001970410347,0.23196350038051605,0.6264477372169495,-0.0562056265771389,0.24612437188625336,0.6490787267684937,-0.06548556685447693,0.25480911135673523,0.674019992351532,-0.06994172930717468
0.24848932027816772,0.8091884851455688,4.542814053820621e-07,0.29276397824287415,0.7900110483169556,-0.02234458550810814,0.3216319978237152,0.7369622588157654,-0.03049972653388977,0.30460745096206665,0.6860135197639465,-0.03608153760433197,0.27763059735298157,0.6532905101776123,-0.042691219598054886,0.32951363921165466,0.62712562084198,-0.02017795294523239,0.3489013612270355,0.5463120937347412,-0.031642574816942215,0.3595483601093292,0.49688467383384705,-0.04060680791735649,0.36477816104888916,0.45390915870666504,-0.04727702960371971,0.2981932759284973,0.612825334072113,-0.02280454710125923,0.3198779225349426,0.5243293046951294,-0.031022682785987854,0.3309287428855896,0.46815019845962524,-0.04172537475824356,0.33822453022003174,0.4213567078113556,-0.04944366589188576,0.2636811137199402,0.62064528465271,-0.027744119986891747,0.27417823672294617,0.5430901646614075,-0.045541390776634216,0.28616687655448914,0.4893343150615692,-0.06491563469171524,0.29475831985473633,0.44350558519363403,-0.07847124338150024,0.2268979847431183,0.6448934078216553,-0.033773746341466904,0.24407365918159485,0.6164206266403198,-0.056098174303770065,0.25890102982521057,0.6395256519317627,-0.06337134540081024,0.26723843812942505,0.6653599739074707,-0.06665753573179245
0.2567503750324249,0.7334504723548889,3.24515383454127e-07,0.2972688376903534,0.7083332538604736,-0.025879640132188797,0.3186463713645935,0.6483014822006226,-0.03563572093844414,0.29977476596832275,0.596430778503418,-0.04219814017415047,0.26925233006477356,0.5605390667915344,-0.04958082735538483,0.3197786211967468,0.5347397327423096,-0.020500073209404945,0.3204001784324646,0.45005303621292114,-0.03316424787044525,0.31657615303993225,0.39960557222366333,-0.04487136751413345,0.3100008964538574,0.35446158051490784,-0.05401233956217766,0.2879902720451355,0.5274394750595093,-0.021955322474241257,0.29162415862083435,0.43727579712867737,-0.03256487473845482,0.29006993770599365,0.3788137435913086,-0.04662826284766197,0.28736618161201477,0.32588526606559753,-0.05692095309495926,0.25535184144973755,0.5413388609886169,-0.026008442044258118,0.261689156293869,0.46182718873023987,-0.04636659845709801,0.26690569519996643,0.40801745653152466,-0.06562457233667374,0.2692190408706665,0.35762184858322144,-0.07853273302316666,0.22238671779632568,0.5712816715240479,-0.03145640343427658,0.23492181301116943,0.5298447012901306,-0.05599105358123779,0.24994465708732605,0.5491905212402344,-0.06270443648099899,0.2600243091583252,0.5723940134048462,-0.06506586819887161
0.2878487706184387,0.7594224214553833,5.22694733717799e-07,0.3283611238002777,0.727188766002655,-0.030351413413882256,0.3450387120246887,0.6686773300170898,-0.04303479939699173,0.3153159022331238,0.6245389580726624,-0.05230911448597908,0.2785436809062958,0.5940483212471008,-0.062419593334198,0.3341730237007141,0.5472468733787537,-0.027023356407880783,0.3429204523563385,0.46050938963890076,-0.0423680879175663,0.3466768264770508,0.404583603143692,-0.05533916875720024,0.34595566987991333,0.3553350567817688,-0.06554032117128372,0.29540717601776123,0.5424948334693909,-0.02827795408666134,0.2945072650909424,0.4433998465538025,-0.04117109999060631,0.2919556498527527,0.38055121898651123,-0.05684557929635048,0.2888169586658478,0.32586026191711426,-0.06811085343360901,0.26190441846847534,0.5633859038352966,-0.03235233202576637,0.25110703706741333,0.4794989824295044,-0.055378444492816925,0.24546140432357788,0.4193221926689148,-0.0780642107129097,0.24012109637260437,0.36671182513237,-0.09351520240306854,0.233575239777565,0.6025834679603577,-0.03811188042163849,0.2366427481174469,0.5647878646850586,-0.06614603102207184,0.25355038046836853,0.5820066332817078,-0.07566462457180023,0.26753315329551697,0.6044362783432007,-0.07981505244970322
0.316323459148407,0.7771036028862,5.818178578920197e-07,0.3568916320800781,0.7456353902816772,-0.026381684467196465,0.3746988773345947,0.6928901076316833,-0.03834722191095352,0.3491028845310211,0.6513649821281433,-0.04768073186278343,0.3158164322376251,0.6234564781188965,-0.05796070024371147,0.3648149073123932,0.5651798844337463,-0.02604791522026062,0.3804756999015808,0.480051189661026,-0.0414249412715435,0.38894665241241455,0.42619913816452026,-0.05376170203089714,0.3929169774055481,0.3793618381023407,-0.06308698654174805,0.3250276446342468,0.5596982836723328,-0.029357055202126503,0.32694244384765625,0.46059611439704895,-0.041509732604026794,0.3268716633319855,0.3982776403427124,-0.0559377558529377,0.32640600204467773,0.34601736068725586,-0.06621478497982025,0.2908487915992737,0.5822529792785645,-0.03523798659443855,0.2753990590572357,0.4985688030719757,-0.05786799639463425,0.26831308007240295,0.43844157457351685,-0.0806184709072113,0.2621968984603882,0.3880311846733093,-0.09600673615932465,0.2620886266231537,0.6247043609619141,-0.042350463569164276,0.2679050862789154,0.586438775062561,-0.06950641423463821,0.28767460584640503,0.602459192276001,-0.07900775969028473,0.3040234446525574,0.624052882194519,-0.08326491713523865
0.3812745213508606,0.8718361258506775,4.232606727327948e-07,0.41974496841430664,0.848346471786499,-0.01840546727180481,0.444335401058197,0.8041816353797913,-0.028355970978736877,0.4316260516643524,0.7614409923553467,-0.03768952190876007,0.4084644019603729,0.7310906648635864,-0.0487075038254261,0.44280171394348145,0.6862169504165649,-0.02058977074921131,0.4651956260204315,0.6099085807800293,-0.035260412842035294,0.47795432806015015,0.5620330572128296,-0.04733075946569443,0.48572421073913574,0.5196204781532288,-0.0559191070497036,0.4091678261756897,0.6755682826042175,-0.027358191087841988,0.4206359386444092,0.5801342129707336,-0.038069918751716614,0.42350971698760986,0.5213797688484192,-0.05174335092306137,0.4244365990161896,0.4718220829963684,-0.061681006103754044,0.37741002440452576,0.6906851530075073,-0.03583027049899101,0.37598106265068054,0.6146033406257629,-0.05508445203304291,0.37695056200027466,0.5622190237045288,-0.07640571892261505,0.3768588900566101,0.5182970762252808,-0.09146205335855484,0.3469727039337158,0.7242454886436462,-0.04517928510904312,0.3653170168399811,0.7000418901443481,-0.06716226786375046,0.38487210869789124,0.7215527296066284,-0.07483656704425812,0.39907631278038025,0.7468786835670471,-0.07867909222841263
0.4265984892845154,0.9122191071510315,5.792109618596442e-07,0.470608115196228,0.8958162665367126,-0.01976293884217739,0.5055779814720154,0.8626419305801392,-0.032720278948545456,0.5174449682235718,0.8325434923171997,-0.04534238949418068,0.498839795589447,0.808983325958252,-0.06048091500997543,0.507292628288269,0.7352675795555115,-0.026461074128746986,0.5333070755004883,0.6648039817810059,-0.04081243649125099,0.5481923222541809,0.620269238948822,-0.05206362158060074,0.559030294418335,0.5810130834579468,-0.06046442314982414,0.47430068254470825,0.7257465124130249,-0.03384063020348549,0.48740270733833313,0.635696530342102,-0.046922918409109116,0.4913724958896637,0.5748545527458191,-0.06467614322900772,0.4936564862728119,0.5240602493286133,-0.07803360372781754,0.4405006170272827,0.7400408387184143,-0.04237082228064537,0.4430588483810425,0.6667139530181885,-0.06595883518457413,0.4432675838470459,0.6095289587974548,-0.09261581301689148,0.4428415894508362,0.5627957582473755,-0.11140146106481552,0.4087476432323456,0.7719405889511108,-0.051226142793893814,0.4350592792034149,0.750302791595459,-0.07772034406661987,0.4600543975830078,0.7735218405723572,-0.09037375450134277,0.47936832904815674,0.8026418089866638,-0.09813444316387177
0.3689959943294525,0.9169446229934692,6.392767772922525e-07,0.4077412188053131,0.8961408734321594,-0.022024240344762802,0.4338081479072571,0.8592592477798462,-0.03505697846412659,0.42711666226387024,0.8252304792404175,-0.04636189341545105,0.4105058014392853,0.7966477870941162,-0.05944657325744629,0.4369555115699768,0.7360445857048035,-0.028142966330051422,0.46293485164642334,0.6599330902099609,-0.04482099041342735,0.47969675064086914,0.6103774309158325,-0.05808258056640625,0.49054592847824097,0.565805971622467,-0.06716753542423248,0.40233615040779114,0.7232998013496399,-0.034196507185697556,0.4197300374507904,0.6281630992889404,-0.046224478632211685,0.427182137966156,0.5652673840522766,-0.061297278851270676,0.4325736165046692,0.5128886699676514,-0.07209291309118271,0.36721110343933105,0.7347553968429565,-0.0419815331697464,0.37069737911224365,0.6563714742660522,-0.06346077471971512,0.3775792419910431,0.5970703363418579,-0.08761271834373474,0.38274917006492615,0.5496094822883606,-0.10482699424028397,0.331472784280777,0.764927327632904,-0.0506197065114975,0.35507115721702576,0.7456619143486023,-0.07615245133638382,0.37545308470726013,0.7746542692184448,-0.085612453520298,0.38991689682006836,0.8073377013206482,-0.09037520736455917
0.2749001383781433,0.926766037940979,6.098300673329504e-07,0.3146767318248749,0.8999634385108948,-0.02905089221894741,0.3332141637802124,0.8474568128585815,-0.041883211582899094,0.30593395233154297,0.8069097399711609,-0.051150884479284286,0.2736113667488098,0.778110146522522,-0.06131409481167793,0.34124550223350525,0.7254688143730164,-0.029430242255330086,0.3548141121864319,0.6415123343467712,-0.04523424059152603,0.36221250891685486,0.5865780115127563,-0.057810984551906586,0.3655873239040375,0.5367449522018433,-0.06706321984529495,0.3041011691093445,0.7139027118682861,-0.031140830367803574,0.3165881037712097,0.6167805790901184,-0.04368088021874428,0.3233036398887634,0.5541133880615234,-0.0575050450861454,0.32879066467285156,0.5003347992897034,-0.06669849902391434,0.26836174726486206,0.7272748947143555,-0.03555815666913986,0.26016420125961304,0.645630419254303,-0.0582963302731514,0.2621825933456421,0.5867213010787964,-0.08079998940229416,0.2642803490161896,0.5364221930503845,-0.09561527520418167,0.23525062203407288,0.7599716186523438,-0.04169817268848419,0.24415192008018494,0.7315614223480225,-0.06792883574962616,0.2590198516845703,0.7618726491928101,-0.07615446299314499,0.27013927698135376,0.7954375147819519,-0.0793144628405571
0.17542266845703125,0.90199875831604,6.695382808175054e-07,0.21362441778182983,0.884467363357544,-0.05791550874710083,0.22623474895954132,0.8284162282943726,-0.08221951127052307,0.19008398056030273,0.7817089557647705,-0.09679702669382095,0.14950445294380188,0.7419478893280029,-0.11121983826160431,0.2402734011411667,0.7016298174858093,-0.05344764143228531,0.25526073575019836,0.6149425506591797,-0.07447101920843124,0.2627871036529541,0.5607190132141113,-0.09174128621816635,0.2674853801727295,0.5093451142311096,-0.10522263497114182,0.20429842174053192,0.6876047849655151,-0.04161045700311661,0.2170659750699997,0.5890016555786133,-0.060729239135980606,0.22409990429878235,0.5277791023254395,-0.08120551705360413,0.23025253415107727,0.47318750619888306,-0.09546685218811035,0.16937917470932007,0.6951180696487427,-0.03472278267145157,0.16143202781677246,0.6145175695419312,-0.0636332780122757,0.15865199267864227,0.556394636631012,-0.09380284696817398,0.15826310217380524,0.5053110718727112,-0.11421230435371399,0.13991984724998474,0.7194715738296509,-0.03169678896665573,0.13843941688537598,0.6966615319252014,-0.06546620279550552,0.14457955956459045,0.7309936881065369,-0.08181161433458328,0.1501023769378662,0.7654134035110474,-0.09108559042215347
0.14130693674087524,0.899241030216217,9.126828786065744e-07,0.1754857748746872,0.8860728144645691,-0.08917207270860672,0.17870676517486572,0.834749698638916,-0.13090431690216064,0.15106087923049927,0.7876971364021301,-0.1593787968158722,0.10999663174152374,0.7442092299461365,-0.18763966858386993,0.20693156123161316,0.6955674290657043,-0.07329177856445312,0.21752071380615234,0.6091030836105347,-0.09597423672676086,0.2228243052959442,0.5465290546417236,-0.11530114710330963,0.224418044090271,0.4982101023197174,-0.13102133572101593,0.16975441575050354,0.6876976490020752,-0.05018342658877373,0.17789050936698914,0.5822458267211914,-0.06740669161081314,0.18211093544960022,0.5195359587669373,-0.08840266615152359,0.18829156458377838,0.45942753553390503,-0.10471285134553909,0.1332760602235794,0.6986413598060608,-0.03583109751343727,0.12183038145303726,0.607466459274292,-0.06693486124277115,0.11770515143871307,0.5461955070495605,-0.10400142520666122,0.11813981086015701,0.4960062503814697,-0.13067752122879028,0.10247582197189331,0.7215747237205505,-0.02837138995528221,0.09069311618804932,0.6906212568283081,-0.06847606599330902,0.09431051462888718,0.7165684103965759,-0.09435531497001648,0.10037387907505035,0.7490408420562744,-0.11217901855707169
0.17346392571926117,0.869195818901062,6.742868094988808e-07,0.2126745879650116,0.8553361892700195,-0.06878694146871567,0.22688105702400208,0.7972188591957092,-0.09775975346565247,0.19204217195510864,0.7431954145431519,-0.11571882665157318,0.15118710696697235,0.699913740158081,-0.13328133523464203,0.24645771086215973,0.6617260575294495,-0.05744496360421181,0.25919950008392334,0.5706958770751953,-0.0797225683927536,0.2651922404766083,0.5109105706214905,-0.09958045929670334,0.2689392566680908,0.45817917585372925,-0.11537512391805649,0.20852439105510712,0.6485943794250488,-0.041661716997623444,0.21688050031661987,0.5440635681152344,-0.06078943982720375,0.22147352993488312,0.4793347716331482,-0.08301213383674622,0.22691765427589417,0.4242495894432068,-0.09942101687192917,0.1710606813430786,0.6574047207832336,-0.03228157013654709,0.16940094530582428,0.5683150291442871,-0.06212395057082176,0.17314206063747406,0.5107194781303406,-0.09346326440572739,0.17961648106575012,0.4618234634399414,-0.11517167091369629,0.13778769969940186,0.6808786988258362,-0.027903303503990173,0.13444025814533234,0.6488083004951477,-0.06474378705024719,0.1388903260231018,0.676724910736084,-0.08362895250320435,0.143209308385849,0.7070804238319397,-0.09498231112957001
0.18327124416828156,0.8598501086235046,4.5725994368694955e-07,0.22383815050125122,0.8375909328460693,-0.050755251199007034,0.23830921947956085,0.7754144072532654,-0.07192239165306091,0.20138266682624817,0.7205382585525513,-0.08487612009048462,0.16183041036128998,0.6788812875747681,-0.09773656725883484,0.24902404844760895,0.6452509164810181,-0.04035818949341774,0.24847453832626343,0.5526486039161682,-0.05797584354877472,0.24364985525608063,0.49535903334617615,-0.07410483062267303,0.2363111674785614,0.44451647996902466,-0.08663972467184067,0.21505233645439148,0.6359150409698486,-0.030617985874414444,0.21635310351848602,0.5370000600814819,-0.04671826958656311,0.2139609456062317,0.47302722930908203,-0.06502164155244827,0.21152447164058685,0.41643646359443665,-0.0779690146446228,0.18135514855384827,0.6465170979499817,-0.02554374374449253,0.18292656540870667,0.562492311000824,-0.05074230208992958,0.1856050044298172,0.5051947832107544,-0.07467979192733765,0.18897882103919983,0.45343005657196045,-0.09095031768083572,0.14872950315475464,0.6708022356033325,-0.02397046983242035,0.1476452648639679,0.6360841989517212,-0.05382927134633064,0.15154044330120087,0.6681423187255859,-0.06416932493448257,0.15603578090667725,0.7037007212638855,-0.0690225139260292
0.1792745143175125,0.8513683080673218,6.128748282208107e-07,0.2184930294752121,0.8344345092773438,-0.055690500885248184,0.2350122183561325,0.7757633328437805,-0.07989642769098282,0.20044000446796417,0.7182652354240417,-0.09577212482690811,0.1605721116065979,0.6746965050697327,-0.111667200922966,0.25047096610069275,0.6436411738395691,-0.04723250865936279,0.2664583921432495,0.5543179512023926,-0.06802389770746231,0.27438443899154663,0.4966247081756592,-0.08615624159574509,0.27930328249931335,0.4459821283817291,-0.10025719553232193,0.21344810724258423,0.6309605836868286,-0.036676038056612015,0.22644123435020447,0.5299007892608643,-0.054541319608688354,0.2346780002117157,0.4683782160282135,-0.07458080351352692,0.2426181584596634,0.41588348150253296,-0.08907364308834076,0.17688417434692383,0.640904426574707,-0.031240344047546387,0.17600713670253754,0.553584098815918,-0.058023907244205475,0.1806667298078537,0.4970668852329254,-0.08476444333791733,0.18761684000492096,0.44918808341026306,-0.10329282283782959,0.14321225881576538,0.6666324734687805,-0.029783664271235466,0.14174985885620117,0.6311091184616089,-0.06206580996513367,0.14789806306362152,0.6554884910583496,-0.07678890228271484,0.15415549278259277,0.6828044652938843,-0.08518315106630325
0.19682277739048004,0.8551262617111206,6.151158231659792e-07,0.2376168668270111,0.8424850702285767,-0.05997755005955696,0.25472113490104675,0.7848106622695923,-0.084175705909729,0.22135457396507263,0.7278391122817993,-0.09778764098882675,0.18321362137794495,0.6853786110877991,-0.111360102891922,0.27328580617904663,0.6534587740898132,-0.05149787664413452,0.28550878167152405,0.5647850632667542,-0.07062261551618576,0.2903907597064972,0.5074590444564819,-0.0872364342212677,0.2925354838371277,0.4546658992767334,-0.10020673274993896,0.2391960471868515,0.6404212713241577,-0.03863862529397011,0.2557695508003235,0.5401123762130737,-0.05538885295391083,0.26627129316329956,0.47711050510406494,-0.07397448271512985,0.27651986479759216,0.42173153162002563,-0.08672862499952316,0.20355519652366638,0.6472079753875732,-0.031137807294726372,0.20457087457180023,0.5582664012908936,-0.060139767825603485,0.20870065689086914,0.4982520341873169,-0.08876314759254456,0.21610374748706818,0.4445895552635193,-0.1077575609087944,0.17006157338619232,0.6698106527328491,-0.027627190575003624,0.16681528091430664,0.6351550221443176,-0.06271378695964813,0.1693229079246521,0.6734257340431213,-0.07685267180204391,0.17259778082370758,0.713801920413971,-0.0840299129486084
0.2139081507921219,0.8630357980728149,4.4721710423800687e-07,0.2558225691318512,0.8474307656288147,-0.04310652241110802,0.27763354778289795,0.7883817553520203,-0.05897437036037445,0.2411477267742157,0.7337793707847595,-0.06756574660539627,0.20415759086608887,0.6909995675086975,-0.07645435631275177,0.2933492660522461,0.6556540131568909,-0.03634025529026985,0.31234654784202576,0.5644336938858032,-0.0507398284971714,0.3221253752708435,0.5083885788917542,-0.06392806023359299,0.326205849647522,0.45460057258605957,-0.07453954219818115,0.2549106776714325,0.6429764032363892,-0.030033202841877937,0.2564237713813782,0.542489767074585,-0.043915245682001114,0.25206810235977173,0.4798717498779297,-0.060613930225372314,0.2482694536447525,0.4219852685928345,-0.0720180943608284,0.2198438197374344,0.6516420841217041,-0.027195580303668976,0.2197498232126236,0.5676922798156738,-0.0528213307261467,0.22147588431835175,0.5078303813934326,-0.07573588192462921,0.22316370904445648,0.4489057660102844,-0.09037414938211441,0.18748678267002106,0.6783831119537354,-0.026999564841389656,0.1894746869802475,0.6378455758094788,-0.05710482597351074,0.19577181339263916,0.6753259301185608,-0.06441783905029297,0.20000223815441132,0.7165351510047913,-0.06596577167510986
0.21136710047721863,0.8577975630760193,4.670148143759434e-07,0.25331762433052063,0.8407778143882751,-0.0439264178276062,0.27202320098876953,0.7804338335990906,-0.06068674847483635,0.23403583467006683,0.727617621421814,-0.07019364833831787,0.19696441292762756,0.6864138245582581,-0.07973326742649078,0.28770413994789124,0.6487700343132019,-0.036842502653598785,0.3012528717517853,0.5549793839454651,-0.052764762192964554,0.30813145637512207,0.49875667691230774,-0.06660721451044083,0.30998286604881287,0.44575217366218567,-0.07733424752950668,0.25060731172561646,0.6370130777359009,-0.03037107363343239,0.25261107087135315,0.5357078909873962,-0.04573969542980194,0.24896928668022156,0.47280073165893555,-0.06293778121471405,0.24559716880321503,0.4148828089237213,-0.07421637326478958,0.21621347963809967,0.645918607711792,-0.027633758261799812,0.21626797318458557,0.5635682344436646,-0.054301485419273376,0.21800856292247772,0.503900408744812,-0.07812241464853287,0.22024323046207428,0.4459347128868103,-0.09305870532989502,0.18470242619514465,0.6720952391624451,-0.02759057655930519,0.18494629859924316,0.6379622220993042,-0.058474648743867874,0.18955321609973907,0.6752662658691406,-0.06674560904502869,0.19286860525608063,0.7143305540084839,-0.06882523745298386
0.2127077877521515,0.8588210344314575,5.856214784216718e-07,0.25703445076942444,0.8401541709899902,-0.04218341410160065,0.27598464488983154,0.7830525636672974,-0.05768426135182381,0.23888851702213287,0.7298567295074463,-0.0656958818435669,0.1999860256910324,0.6901975274085999,-0.07367198169231415,0.28939738869667053,0.6544904112815857,-0.0368816964328289,0.3051140308380127,0.5622240304946899,-0.05293926224112511,0.3130280077457428,0.5047839879989624,-0.0658574029803276,0.31724727153778076,0.45102280378341675,-0.07544911652803421,0.2539288401603699,0.6406717300415039,-0.03142340108752251,0.2725943326950073,0.5411162972450256,-0.04688730463385582,0.28405117988586426,0.47812139987945557,-0.06287307292222977,0.29420527815818787,0.4219377040863037,-0.07257921993732452,0.21875888109207153,0.6483679413795471,-0.029744451865553856,0.21664837002754211,0.5594878792762756,-0.05730103701353073,0.21985045075416565,0.4980027675628662,-0.08205998688936234,0.22459223866462708,0.44045817852020264,-0.09696932137012482,0.1868390142917633,0.6749500632286072,-0.030393170192837715,0.18950355052947998,0.633023202419281,-0.060670316219329834,0.19561368227005005,0.6712092757225037,-0.06859691441059113,0.20009103417396545,0.7123637795448303,-0.07055127620697021
0.21632592380046844,0.8440247774124146,6.864505053272296e-07,0.25913316011428833,0.8340691328048706,-0.05639440193772316,0.2804969549179077,0.7815980315208435,-0.07777565717697144,0.2473461627960205,0.7272983193397522,-0.08881194144487381,0.20917198061943054,0.6845930218696594,-0.09979637712240219,0.30399253964424133,0.6536873579025269,-0.05113160237669945,0.3364797830581665,0.5709140300750732,-0.06956754624843597,0.3542430102825165,0.5163401365280151,-0.08445141464471817,0.3669876456260681,0.467176616191864,-0.09560278803110123,0.26504042744636536,0.6365257501602173,-0.04012147709727287,0.2825423777103424,0.534061849117279,-0.05581570044159889,0.2921414375305176,0.46992355585098267,-0.07346184551715851,0.3013837933540344,0.415868878364563,-0.08535662293434143,0.22728760540485382,0.64077228307724,-0.03403331711888313,0.2269262671470642,0.5500168800354004,-0.06333523243665695,0.2308950275182724,0.48837462067604065,-0.0923737958073616,0.23695184290409088,0.4321056008338928,-0.11136375367641449,0.1933070570230484,0.6644522547721863,-0.03145912289619446,0.19589132070541382,0.6307635307312012,-0.06636562198400497,0.20220701396465302,0.6722056865692139,-0.07952003180980682,0.2058705985546112,0.7164628505706787,-0.0856700986623764
0.18544825911521912,0.8758036494255066,4.4140028876427095e-07,0.2287251204252243,0.8594659566879272,-0.04448402300477028,0.25055819749832153,0.8033825755119324,-0.062561996281147,0.21144606173038483,0.7537037134170532,-0.0732136219739914,0.1722584217786789,0.7178492546081543,-0.08428068459033966,0.25655901432037354,0.6712608337402344,-0.03888117894530296,0.25985100865364075,0.5810215473175049,-0.05569935962557793,0.2571652829647064,0.5246315598487854,-0.07008101791143417,0.25156253576278687,0.47377288341522217,-0.08093053102493286,0.2221873551607132,0.660202145576477,-0.032533276826143265,0.2274627387523651,0.5609638690948486,-0.04870554059743881,0.22714942693710327,0.498049795627594,-0.06491731852293015,0.22699549794197083,0.4408017694950104,-0.07517969608306885,0.18884342908859253,0.6683639287948608,-0.029972407966852188,0.19314716756343842,0.5835867524147034,-0.05580158904194832,0.19781175255775452,0.5272173881530762,-0.07696322351694107,0.2033853679895401,0.4728606343269348,-0.09015094488859177,0.15508413314819336,0.6926605105400085,-0.03027215413749218,0.15689989924430847,0.658440887928009,-0.06017012894153595,0.16233336925506592,0.6970835328102112,-0.06689691543579102,0.16804347932338715,0.7371891140937805,-0.06795565038919449
0.16731099784374237,0.8575566411018372,6.938679462109576e-07,0.20446214079856873,0.8449358344078064,-0.06849096715450287,0.2173568606376648,0.7921590209007263,-0.09933282434940338,0.18531858921051025,0.7396537065505981,-0.1193961575627327,0.14628168940544128,0.6943889856338501,-0.13922080397605896,0.24214830994606018,0.6570661067962646,-0.05910230427980423,0.2516486644744873,0.5700612664222717,-0.08195411413908005,0.25639790296554565,0.5127295255661011,-0.10190147161483765,0.25834953784942627,0.46250712871551514,-0.11766305565834045,0.20562981069087982,0.6456843614578247,-0.04372669756412506,0.21707198023796082,0.545849084854126,-0.06434445083141327,0.22423234581947327,0.48522645235061646,-0.08639898151159286,0.23194055259227753,0.4313983917236328,-0.10235674679279327,0.16784392297267914,0.6539660692214966,-0.03472915291786194,0.16508638858795166,0.5662881731987,-0.0662461444735527,0.1674715280532837,0.5102407932281494,-0.09750787913799286,0.17336253821849823,0.4613873064517975,-0.11890795826911926,0.13403570652008057,0.6753247380256653,-0.030546676367521286,0.13152888417243958,0.6457957029342651,-0.06844733655452728,0.13727793097496033,0.6769795417785645,-0.08753648400306702,0.1442563533782959,0.7087830901145935,-0.09896855801343918
0.17219601571559906,0.8556275963783264,5.778103968623327e-07,0.21140675246715546,0.8396352529525757,-0.05524374544620514,0.2285168468952179,0.7851802110671997,-0.07869652658700943,0.1932516098022461,0.7313093543052673,-0.09361648559570312,0.1557796597480774,0.6899061799049377,-0.1081719845533371,0.2484867423772812,0.6548442840576172,-0.04600587487220764,0.2611485421657562,0.5665518641471863,-0.06599202752113342,0.26706644892692566,0.5090203285217285,-0.08354039490222931,0.2697644829750061,0.45838838815689087,-0.09704762697219849,0.21236956119537354,0.641053318977356,-0.03481222689151764,0.22274544835090637,0.5424224734306335,-0.05219575762748718,0.2286902666091919,0.48102712631225586,-0.07093438506126404,0.23475167155265808,0.4299318790435791,-0.08413476496934891,0.17660704255104065,0.6484923958778381,-0.028802957385778427,0.177901029586792,0.5643017292022705,-0.05427510291337967,0.18365320563316345,0.5101788640022278,-0.07872622460126877,0.1912844032049179,0.46380871534347534,-0.09529975801706314,0.14319010078907013,0.6705756187438965,-0.026898598298430443,0.14361116290092468,0.6388877630233765,-0.05731390416622162,0.14859068393707275,0.664387047290802,-0.07012950628995895,0.15341466665267944,0.6913384199142456,-0.07680407911539078
0.17749875783920288,0.8510755300521851,5.814342216581281e-07,0.2173805683851242,0.8364410400390625,-0.052204348146915436,0.23434552550315857,0.7828530073165894,-0.0744263306260109,0.19853313267230988,0.7279829978942871,-0.08840381354093552,0.16320881247520447,0.6845413446426392,-0.10259436070919037,0.2563585638999939,0.6553341150283813,-0.0459124855697155,0.27820274233818054,0.5703763961791992,-0.06486258655786514,0.290741503238678,0.5147863030433655,-0.08135499060153961,0.29821664094924927,0.4649518132209778,-0.09424954652786255,0.21860943734645844,0.641219437122345,-0.03601767122745514,0.22627156972885132,0.5424627661705017,-0.05323603376746178,0.22938168048858643,0.48101407289505005,-0.07233834266662598,0.23269779980182648,0.4279935359954834,-0.08579395711421967,0.1824311912059784,0.6484959721565247,-0.030525855720043182,0.18248888850212097,0.5637584328651428,-0.057228002697229385,0.18609225749969482,0.5059971213340759,-0.08298687636852264,0.19089274108409882,0.45516079664230347,-0.10043764114379883,0.14918935298919678,0.6718432903289795,-0.02852398157119751,0.15102478861808777,0.6404087543487549,-0.06064591556787491,0.157953679561615,0.671372652053833,-0.0734730213880539,0.1632159799337387,0.7044528722763062,-0.07980622351169586
0.21396243572235107,0.8473097085952759,4.095668657555507e-07,0.25926852226257324,0.8267127275466919,-0.031703561544418335,0.28299039602279663,0.7685725688934326,-0.04345833137631416,0.24995531141757965,0.7164645195007324,-0.05065922066569328,0.21531465649604797,0.6795255541801453,-0.05862025171518326,0.2924593985080719,0.6465784907341003,-0.024669602513313293,0.3007645010948181,0.5590947866439819,-0.0382535383105278,0.3023449182510376,0.5034703016281128,-0.05020050331950188,0.29956361651420593,0.4542468190193176,-0.05926724150776863,0.2597067058086395,0.6337223649024963,-0.024187961593270302,0.2718307673931122,0.5375880002975464,-0.03574105352163315,0.2766191065311432,0.47653159499168396,-0.04958180710673332,0.28047192096710205,0.4218752682209015,-0.05897204577922821,0.2253016084432602,0.6422960162162781,-0.026974210515618324,0.23430652916431427,0.5588347315788269,-0.05019165202975273,0.24303971230983734,0.5021352171897888,-0.07156737893819809,0.2500207722187042,0.44757789373397827,-0.08549553900957108,0.189004585146904,0.668274998664856,-0.03153083100914955,0.20163868367671967,0.6287264227867126,-0.059132304042577744,0.2137729525566101,0.6642681360244751,-0.06564255058765411,0.22172777354717255,0.7030618786811829,-0.0672861859202385
0.2455989420413971,0.8428531885147095,5.903477244828537e-07,0.2924710214138031,0.8221985101699829,-0.031186562031507492,0.3166906237602234,0.767966628074646,-0.04438365623354912,0.2897789478302002,0.7194664478302002,-0.05323072895407677,0.257485568523407,0.6860865950584412,-0.06285597383975983,0.3292970061302185,0.6468967795372009,-0.029014013707637787,0.353272020816803,0.562637209892273,-0.0433148555457592,0.3684699833393097,0.5095805525779724,-0.05438634380698204,0.378307044506073,0.46291813254356384,-0.06237931549549103,0.29320693016052246,0.6336029767990112,-0.028874119743704796,0.3151775598526001,0.536033570766449,-0.04135017842054367,0.3284585177898407,0.475700318813324,-0.05443930625915527,0.33924195170402527,0.42415931820869446,-0.06302265077829361,0.25599023699760437,0.641470730304718,-0.031690191477537155,0.2605935335159302,0.5549006462097168,-0.0551721453666687,0.2696467339992523,0.4967547655105591,-0.07722914963960648,0.2777268588542938,0.44519108533859253,-0.09159044176340103,0.2192731499671936,0.6675323843955994,-0.03613375499844551,0.2345881164073944,0.6286992430686951,-0.0630759745836258,0.24849450588226318,0.6655044555664062,-0.06992901116609573,0.25731292366981506,0.7056629657745361,-0.07206088304519653
0.27253788709640503,0.8775823712348938,5.213035478845995e-07,0.3229811191558838,0.8549893498420715,-0.031660910695791245,0.35349979996681213,0.79697585105896,-0.04440796747803688,0.3240892291069031,0.7456938028335571,-0.052807122468948364,0.2878255844116211,0.7124887704849243,-0.06242474168539047,0.3549037277698517,0.6637722253799438,-0.027257073670625687,0.36845773458480835,0.5739346742630005,-0.04148949682712555,0.3741229176521301,0.5166222453117371,-0.0531962588429451,0.3746744692325592,0.4668164849281311,-0.06197977438569069,0.3188360035419464,0.6529340147972107,-0.02779470384120941,0.337681382894516,0.5512193441390991,-0.03910007327795029,0.3473675847053528,0.4870598316192627,-0.052910201251506805,0.35446715354919434,0.4312068819999695,-0.06250911206007004,0.2820080518722534,0.6648188829421997,-0.0315210223197937,0.28819286823272705,0.5759378671646118,-0.055074695497751236,0.297229140996933,0.5144555568695068,-0.07875579595565796,0.3041679859161377,0.45902878046035767,-0.09462033957242966,0.24445462226867676,0.6943567395210266,-0.036843765527009964,0.2595174312591553,0.656321108341217,-0.06530552357435226,0.27295148372650146,0.6914092898368835,-0.07361921668052673,0.28130847215652466,0.7286324501037598,-0.07686897367238998
0.27362051606178284,0.888778567314148,4.444453338692256e-07,0.31969407200813293,0.8654162287712097,-0.02760540507733822,0.35150110721588135,0.8111656904220581,-0.0394049808382988,0.329636812210083,0.765946090221405,-0.0480276457965374,0.29828789830207825,0.7359175086021423,-0.058497823774814606,0.34557995200157166,0.6792035102844238,-0.025788160040974617,0.35599324107170105,0.5918660163879395,-0.04034888744354248,0.3593493402004242,0.5372188687324524,-0.05300026386976242,0.35869279503822327,0.48789656162261963,-0.06271276623010635,0.31030234694480896,0.6715670824050903,-0.02858073264360428,0.3210689127445221,0.5733948349952698,-0.04003468528389931,0.32157057523727417,0.5101275444030762,-0.05583127588033676,0.3212425410747528,0.4527629613876343,-0.06742174178361893,0.2751624584197998,0.6859874129295349,-0.03381967917084694,0.2834785282611847,0.6015956401824951,-0.055522531270980835,0.2891239523887634,0.5421332120895386,-0.07858148217201233,0.2931775748729706,0.48725348711013794,-0.09469602257013321,0.2391667366027832,0.7181403040885925,-0.040450528264045715,0.2544783651828766,0.6850396394729614,-0.06733424961566925,0.27191972732543945,0.7127666473388672,-0.0757976546883583,0.28528305888175964,0.7425966858863831,-0.07935405522584915
0.481012761592865,0.8634222745895386,6.349900445457024e-07,0.5266522169113159,0.825899064540863,-0.029920563101768494,0.5437699556350708,0.7669482827186584,-0.04268786683678627,0.5196408033370972,0.7190436720848083,-0.051927946507930756,0.4902440309524536,0.6771520376205444,-0.06119247153401375,0.5209773182868958,0.6338637471199036,-0.028331143781542778,0.541775643825531,0.5458917617797852,-0.041850920766592026,0.5517107844352722,0.49086570739746094,-0.05216185003519058,0.5558999180793762,0.4425758123397827,-0.060336802154779434,0.4773150682449341,0.6328175663948059,-0.028812864795327187,0.4674619734287262,0.5320243239402771,-0.040792711079120636,0.4589499533176422,0.47086817026138306,-0.05435832217335701,0.4497072696685791,0.42283278703689575,-0.06411812454462051,0.44416898488998413,0.6613373756408691,-0.032053928822278976,0.41392865777015686,0.5751261711120605,-0.05644148588180542,0.395169198513031,0.5149263143539429,-0.07899296283721924,0.37836959958076477,0.4670621454715729,-0.09374232590198517,0.4209335446357727,0.7096675038337708,-0.03655627742409706,0.42651283740997314,0.6563292741775513,-0.06512194126844406,0.451018363237381,0.6688074469566345,-0.07528182864189148,0.4711238443851471,0.6912865042686462,-0.07975273579359055
0.4890611171722412,0.8895379900932312,6.19848663063749e-07,0.5378222465515137,0.8580519556999207,-0.029714452102780342,0.5642265677452087,0.792538046836853,-0.04066392034292221,0.5373635292053223,0.7407625317573547,-0.04781285673379898,0.5006239414215088,0.7082143425941467,-0.05581597983837128,0.549829363822937,0.6632506847381592,-0.027538951486349106,0.5756134390830994,0.5743935108184814,-0.041727229952812195,0.5902475118637085,0.5181344747543335,-0.05308669060468674,0.5990288853645325,0.46894532442092896,-0.06162122264504433,0.5068848133087158,0.6539027690887451,-0.028274687007069588,0.5112119317054749,0.5503671169281006,-0.039284028112888336,0.511486291885376,0.4844919741153717,-0.05319538339972496,0.5099232196807861,0.4305133819580078,-0.06306156516075134,0.470609575510025,0.6735150218009949,-0.03169049322605133,0.4564683139324188,0.585329532623291,-0.05367356538772583,0.44920584559440613,0.5179078578948975,-0.07671642303466797,0.4416598081588745,0.46189242601394653,-0.09227584302425385,0.43901127576828003,0.714194655418396,-0.036616019904613495,0.44697344303131104,0.6704539656639099,-0.06308840960264206,0.4659044146537781,0.6861698031425476,-0.07250722497701645,0.47997310757637024,0.7087281346321106,-0.07666701078414917
0.4932740330696106,0.8876201510429382,5.988781026644574e-07,0.5419492125511169,0.8535366654396057,-0.025372475385665894,0.5653678178787231,0.7923249006271362,-0.0353892520070076,0.5419792532920837,0.7413603663444519,-0.04244799539446831,0.5117508769035339,0.7057989835739136,-0.05025823414325714,0.5473303198814392,0.661207377910614,-0.024961283430457115,0.5756670236587524,0.5753961801528931,-0.03781265765428543,0.5910642743110657,0.5226222276687622,-0.04768124222755432,0.5996466875076294,0.47592681646347046,-0.05525226518511772,0.5058692693710327,0.6541674137115479,-0.027348555624485016,0.5098630785942078,0.5527278184890747,-0.037498120218515396,0.5091145634651184,0.4893030524253845,-0.05024292320013046,0.5057071447372437,0.43704676628112793,-0.05932893976569176,0.47139889001846313,0.6773903369903564,-0.03203951194882393,0.4514870047569275,0.5901784300804138,-0.05349968001246452,0.4404333531856537,0.5235787034034729,-0.07583090662956238,0.4304197430610657,0.4687536656856537,-0.0907786563038826,0.4429700970649719,0.7223252654075623,-0.03772467002272606,0.4464496374130249,0.6738258004188538,-0.06332312524318695,0.4675638973712921,0.6842418313026428,-0.07257891446352005,0.4859396517276764,0.702887237071991,-0.07671114802360535
0.4992750585079193,0.8882143497467041,5.490426246979041e-07,0.5471932888031006,0.8557074069976807,-0.029944540932774544,0.5690534710884094,0.7921550273895264,-0.042132019996643066,0.5459761619567871,0.7408660650253296,-0.05060051754117012,0.516621470451355,0.7062085270881653,-0.05986841768026352,0.5494935512542725,0.6593660116195679,-0.02942412905395031,0.5566563010215759,0.5684648156166077,-0.04491908848285675,0.5577157139778137,0.5106948018074036,-0.05668163672089577,0.5538854598999023,0.460541307926178,-0.06544563919305801,0.5136991143226624,0.6542912721633911,-0.02993740513920784,0.5262688994407654,0.554398775100708,-0.04276911914348602,0.5312261581420898,0.48920130729675293,-0.05652010440826416,0.5340458750724792,0.43429696559906006,-0.06588414311408997,0.47974151372909546,0.675317108631134,-0.03327768296003342,0.4671333134174347,0.5865029096603394,-0.054983220994472504,0.46060413122177124,0.5222358703613281,-0.07666119933128357,0.45690372586250305,0.46851497888565063,-0.0912860855460167,0.44794318079948425,0.7172309756278992,-0.03829064220190048,0.4422728419303894,0.6728731393814087,-0.06342391669750214,0.4589814841747284,0.680429220199585,-0.07278306037187576,0.47814393043518066,0.6958311200141907,-0.07721832394599915
0.49794286489486694,0.8937934637069702,3.8144361269587534e-07,0.5461885333061218,0.8676865696907043,-0.03066188097000122,0.5739834904670715,0.798328697681427,-0.04140578210353851,0.55340576171875,0.7400262951850891,-0.048654261976480484,0.5196661949157715,0.7048678398132324,-0.057294268161058426,0.5501758456230164,0.6602270007133484,-0.023132529109716415,0.5565386414527893,0.5673527717590332,-0.03434431925415993,0.5580583810806274,0.5110587477684021,-0.045750223100185394,0.5554731488227844,0.45904386043548584,-0.05565005540847778,0.5141468644142151,0.6581799983978271,-0.023289140313863754,0.5049843192100525,0.5561673641204834,-0.033093132078647614,0.49456340074539185,0.4935261011123657,-0.04864577203989029,0.4844474196434021,0.43638986349105835,-0.060967523604631424,0.4825223684310913,0.6796735525131226,-0.026048101484775543,0.477958619594574,0.5848681330680847,-0.046691086143255234,0.47481417655944824,0.5229470729827881,-0.06693362444639206,0.4707995653152466,0.4668882191181183,-0.08124479651451111,0.45234400033950806,0.7203714847564697,-0.03066393919289112,0.45323580503463745,0.6608900427818298,-0.05635817348957062,0.4737251102924347,0.6799395084381104,-0.0628141313791275,0.49278348684310913,0.7097295522689819,-0.06508292257785797
0.4964843988418579,0.8957594633102417,4.849744072998874e-07,0.545423686504364,0.865764856338501,-0.030377628281712532,0.569694995880127,0.7976275682449341,-0.04180147126317024,0.5453574657440186,0.7428537607192993,-0.04924309253692627,0.511117160320282,0.7109787464141846,-0.057788826525211334,0.5501775145530701,0.6662102341651917,-0.027741465717554092,0.5571197867393494,0.5745645761489868,-0.04146241769194603,0.5583618879318237,0.5174355506896973,-0.05275333672761917,0.5554191470146179,0.4670943021774292,-0.061489611864089966,0.5145672559738159,0.6607128977775574,-0.027616191655397415,0.5265340209007263,0.5589176416397095,-0.038155149668455124,0.532435953617096,0.4958910346031189,-0.05068778246641159,0.5360101461410522,0.44218000769615173,-0.05974571779370308,0.4804438650608063,0.6797472238540649,-0.030305514112114906,0.473764568567276,0.5862971544265747,-0.05033022165298462,0.4723920226097107,0.5242950916290283,-0.06933419406414032,0.47130149602890015,0.471670925617218,-0.08237238973379135,0.4470711946487427,0.7188341617584229,-0.034847091883420944,0.444315642118454,0.662926197052002,-0.05838584527373314,0.4618947207927704,0.6770344972610474,-0.06422580778598785,0.47918784618377686,0.7015615701675415,-0.06630493700504303
0.49178507924079895,0.8976014852523804,5.452433811115043e-07,0.5419158935546875,0.8656490445137024,-0.02872377634048462,0.5663285255432129,0.7981347441673279,-0.038856204599142075,0.5363287925720215,0.7421132326126099,-0.04554504156112671,0.498606413602829,0.7129325866699219,-0.0532393679022789,0.5510801672935486,0.6693971753120422,-0.025398489087820053,0.576299786567688,0.5790671110153198,-0.03838478401303291,0.5878111124038696,0.521681547164917,-0.04882827028632164,0.5929383039474487,0.472497820854187,-0.05709848925471306,0.5093837380409241,0.6604230403900146,-0.026112349703907967,0.513999342918396,0.5571901798248291,-0.03627730533480644,0.5141457319259644,0.4923311471939087,-0.04949260503053665,0.5125053524971008,0.4398901164531708,-0.05915762111544609,0.47456157207489014,0.6799734234809875,-0.029452402144670486,0.45894718170166016,0.5899770259857178,-0.049757275730371475,0.4496534764766693,0.5254268050193787,-0.07123969495296478,0.4416658282279968,0.4728221893310547,-0.08599670976400375,0.4444752037525177,0.7214545011520386,-0.03440232574939728,0.4387286901473999,0.6704944372177124,-0.05902434140443802,0.4552428722381592,0.6814789175987244,-0.06774301081895828,0.4720038175582886,0.703436017036438,-0.07172990590333939
0.48756012320518494,0.8908071517944336,6.047473561920924e-07,0.5352967977523804,0.8544405102729797,-0.02565741166472435,0.559419572353363,0.7933359742164612,-0.03718816116452217,0.5354682207107544,0.7409437298774719,-0.04615899175405502,0.5017173886299133,0.7094423174858093,-0.05586845800280571,0.5447247624397278,0.6649667620658875,-0.026683209463953972,0.5776705145835876,0.5850957632064819,-0.04262872785329819,0.5963388681411743,0.5333888530731201,-0.05487232282757759,0.6082788705825806,0.4883662462234497,-0.0641784742474556,0.5028830170631409,0.6544128656387329,-0.02997428923845291,0.5082599520683289,0.5547654628753662,-0.04273192211985588,0.5075370073318481,0.4902830719947815,-0.056965913623571396,0.5043506026268005,0.4390126168727875,-0.06706902384757996,0.4686836898326874,0.6773093938827515,-0.03567152097821236,0.4473341107368469,0.5939424633979797,-0.057343460619449615,0.4330786466598511,0.5301569104194641,-0.07940109819173813,0.42282336950302124,0.47882595658302307,-0.09435271471738815,0.441324919462204,0.7234953045845032,-0.042710211127996445,0.43424147367477417,0.6822741031646729,-0.06765027344226837,0.44729626178741455,0.6820022463798523,-0.0786435604095459,0.46325933933258057,0.6882648468017578,-0.08447502553462982
0.4931541383266449,0.9008921980857849,4.0422256120109523e-07,0.5432143211364746,0.8717577457427979,-0.02723195031285286,0.574289858341217,0.7985774278640747,-0.03532953932881355,0.5504376292228699,0.7431939244270325,-0.03982967138290405,0.5120534896850586,0.7207069396972656,-0.0461258739233017,0.5491328239440918,0.6709056496620178,-0.021074561402201653,0.5539827346801758,0.5807089805603027,-0.031471025198698044,0.5527665019035339,0.5242100358009338,-0.04165295511484146,0.5479846596717834,0.4728263020515442,-0.05015238747000694,0.5149250030517578,0.6659078001976013,-0.022388886660337448,0.5213810801506042,0.5656546950340271,-0.030272722244262695,0.5215360522270203,0.49980372190475464,-0.04328852519392967,0.5193731188774109,0.44039973616600037,-0.05337005481123924,0.4830658435821533,0.6845701336860657,-0.026179533451795578,0.48649725317955017,0.594646155834198,-0.044875048100948334,0.49013105034828186,0.5338163375854492,-0.06450729072093964,0.49054569005966187,0.47868579626083374,-0.07831068336963654,0.45190101861953735,0.7222950458526611,-0.03158923238515854,0.46327322721481323,0.6683266758918762,-0.05436277016997337,0.4828210771083832,0.6923481225967407,-0.05891922488808632,0.49742481112480164,0.7257928848266602,-0.06027674302458763
0.4894809424877167,0.8994215726852417,5.067219035481685e-07,0.5402984619140625,0.8713647127151489,-0.029568921774625778,0.5684794187545776,0.7966868281364441,-0.038499895483255386,0.5408337116241455,0.7354456782341003,-0.04346538707613945,0.5015118718147278,0.7060006856918335,-0.04938691854476929,0.5480985641479492,0.6736541390419006,-0.02253125235438347,0.5671557188034058,0.5828607082366943,-0.033453889191150665,0.5773278474807739,0.5259201526641846,-0.04315382242202759,0.5818268060684204,0.4754006862640381,-0.0509692020714283,0.5102341175079346,0.6659725308418274,-0.022466542199254036,0.5160038471221924,0.5595338344573975,-0.03053305484354496,0.5164543390274048,0.49382084608078003,-0.042263954877853394,0.5141705870628357,0.43813690543174744,-0.0510021448135376,0.4776635468006134,0.6839396357536316,-0.02518819086253643,0.47414430975914,0.5917641520500183,-0.044540829956531525,0.47431081533432007,0.527745246887207,-0.0637536272406578,0.47176870703697205,0.4727487862110138,-0.07693392038345337,0.44761669635772705,0.7217628955841064,-0.029693767428398132,0.45608091354370117,0.6657701730728149,-0.05306490510702133,0.47626835107803345,0.6879890561103821,-0.057819467037916183,0.49094173312187195,0.7209315299987793,-0.05902274698019028
0.4868374466896057,0.8982914090156555,5.12690178311459e-07,0.5369178056716919,0.8693289160728455,-0.02944112755358219,0.5638699531555176,0.798017144203186,-0.038779255002737045,0.536133348941803,0.7406360507011414,-0.04446613788604736,0.49732691049575806,0.713039755821228,-0.05118444189429283,0.5443961024284363,0.6702944040298462,-0.023932024836540222,0.5638518929481506,0.5783711075782776,-0.0368916317820549,0.5735117793083191,0.520255446434021,-0.04802900552749634,0.5773749351501465,0.47024065256118774,-0.05648386478424072,0.5048601031303406,0.6625728607177734,-0.02409869246184826,0.5105849504470825,0.5575766563415527,-0.03289678320288658,0.5105717778205872,0.49174463748931885,-0.04503895342350006,0.5087536573410034,0.4384278357028961,-0.05382804572582245,0.4711756110191345,0.6812672019004822,-0.02712269313633442,0.4663487374782562,0.59134840965271,-0.045399997383356094,0.46587565541267395,0.5262050032615662,-0.06492555886507034,0.4644896984100342,0.4722748398780823,-0.07851365953683853,0.44010838866233826,0.7210379838943481,-0.0321006253361702,0.4419004023075104,0.6753018498420715,-0.0551583431661129,0.46081221103668213,0.6879562139511108,-0.06170656904578209,0.47724491357803345,0.7108184695243835,-0.06405357271432877
0.48858481645584106,0.9021608829498291,4.578863865845051e-07,0.5383122563362122,0.8722044229507446,-0.030150167644023895,0.564670741558075,0.7995315790176392,-0.040283143520355225,0.5357196927070618,0.7435572147369385,-0.04635125771164894,0.49486926198005676,0.7181036472320557,-0.05369260907173157,0.5416569709777832,0.6691809892654419,-0.023940514773130417,0.5448436737060547,0.5760400891304016,-0.03593996912240982,0.5427181124687195,0.5184124708175659,-0.04661128669977188,0.536844789981842,0.4677053391933441,-0.055069539695978165,0.5048759579658508,0.6648363471031189,-0.02400287427008152,0.5110232830047607,0.5611488223075867,-0.03214234113693237,0.5124688744544983,0.4965216815471649,-0.044202812016010284,0.5119499564170837,0.4400619566440582,-0.053374480456113815,0.47111040353775024,0.6846310496330261,-0.02695184387266636,0.4668333828449249,0.5929336547851562,-0.04558183252811432,0.4670242667198181,0.5317060351371765,-0.0642213299870491,0.4657050669193268,0.4778597056865692,-0.07734464108943939,0.43877559900283813,0.7237630486488342,-0.031863272190093994,0.4435209333896637,0.6695621013641357,-0.05485260486602783,0.4632786512374878,0.6914277076721191,-0.05930642783641815,0.4796011745929718,0.7227492332458496,-0.06044555827975273
0.49198591709136963,0.9040207266807556,5.475899911289162e-07,0.5412071347236633,0.8721454739570618,-0.03035842999815941,0.5654832124710083,0.8040220141410828,-0.041666179895401,0.5350145101547241,0.7512705326080322,-0.04889296740293503,0.4948984384536743,0.725780189037323,-0.0573822446167469,0.545653223991394,0.6751663088798523,-0.028532208874821663,0.5530058145523071,0.5821839570999146,-0.04250375181436539,0.5548502802848816,0.5231095552444458,-0.05375754460692406,0.5514827966690063,0.47043538093566895,-0.06242291256785393,0.5083396434783936,0.6684830188751221,-0.028657086193561554,0.5207595825195312,0.5666842460632324,-0.039168957620859146,0.5261111855506897,0.5008644461631775,-0.05225405842065811,0.5285900831222534,0.44440215826034546,-0.0615665502846241,0.47385144233703613,0.6875244379043579,-0.03144317865371704,0.46276503801345825,0.5988478064537048,-0.05146948993206024,0.4568394422531128,0.5343763828277588,-0.0722581297159195,0.45194363594055176,0.4794684052467346,-0.08655127882957458,0.44168996810913086,0.7268780469894409,-0.0360347144305706,0.43795305490493774,0.6782354116439819,-0.059400882571935654,0.4544207751750946,0.6933099627494812,-0.06607438623905182,0.47125044465065,0.7172483801841736,-0.0688144862651825
0.49160632491111755,0.9068149328231812,3.8922706835364806e-07,0.5417094826698303,0.8823007345199585,-0.0341118685901165,0.5708529353141785,0.8098046183586121,-0.04477120563387871,0.5365796685218811,0.7501519918441772,-0.050551436841487885,0.4935323894023895,0.7217053174972534,-0.05757107958197594,0.549949586391449,0.6754681468009949,-0.025201939046382904,0.5575101375579834,0.5816677808761597,-0.03617208078503609,0.5594956874847412,0.5234893560409546,-0.04746950417757034,0.556625485420227,0.46841418743133545,-0.05732138454914093,0.510349452495575,0.6703459024429321,-0.023679422214627266,0.5023054480552673,0.568407416343689,-0.03255656734108925,0.49093133211135864,0.5058133602142334,-0.04731110855937004,0.4791378676891327,0.44822993874549866,-0.059069544076919556,0.47684094309806824,0.6891090273857117,-0.025004016235470772,0.47235891222953796,0.5973041653633118,-0.045839931815862656,0.4663914740085602,0.5359231233596802,-0.06573104858398438,0.45793280005455017,0.4791187047958374,-0.07955779880285263,0.4457434117794037,0.7273033261299133,-0.02850135788321495,0.44929981231689453,0.6657469272613525,-0.053668782114982605,0.4655608534812927,0.6933137774467468,-0.058222826570272446,0.4785653352737427,0.7313387393951416,-0.05905858427286148
0.4922824501991272,0.9064411520957947,3.9988518096834014e-07,0.5422482490539551,0.8813374042510986,-0.034644145518541336,0.5714894533157349,0.8089436292648315,-0.045082807540893555,0.5377856492996216,0.7490434646606445,-0.05038709193468094,0.49614065885543823,0.7198818325996399,-0.05681534484028816,0.5515683889389038,0.676977813243866,-0.02618037536740303,0.5609250664710999,0.5825895071029663,-0.03764030709862709,0.563976526260376,0.523280143737793,-0.0489751398563385,0.5619854927062988,0.46838128566741943,-0.05843886360526085,0.5131527185440063,0.6714314222335815,-0.024312911555171013,0.5089637637138367,0.5677646994590759,-0.032456547021865845,0.49987879395484924,0.503890872001648,-0.04622989892959595,0.4896799921989441,0.4474165141582489,-0.057270754128694534,0.47993817925453186,0.6889711022377014,-0.02549189329147339,0.47762104868888855,0.5973180532455444,-0.045424412935972214,0.4731411039829254,0.5358997583389282,-0.06514203548431396,0.46596190333366394,0.48035213351249695,-0.07896404713392258,0.44862100481987,0.7259644865989685,-0.02899833396077156,0.45260104537010193,0.6653132438659668,-0.053568895906209946,0.4690139591693878,0.6931782364845276,-0.05808557942509651,0.4815841615200043,0.7330238223075867,-0.05892482027411461
0.4947321116924286,0.9096927642822266,5.755896950176975e-07,0.5454915761947632,0.8752625584602356,-0.030005261301994324,0.5677119493484497,0.806467592716217,-0.041899386793375015,0.5378342270851135,0.751715898513794,-0.0498025044798851,0.49763238430023193,0.7224284410476685,-0.058374062180519104,0.5512806177139282,0.6778151392936707,-0.028594795614480972,0.5595634579658508,0.5866082906723022,-0.04226209968328476,0.5608600378036499,0.5289639830589294,-0.05262620002031326,0.557209312915802,0.476413756608963,-0.061216726899147034,0.5131955742835999,0.6709448099136353,-0.029537102207541466,0.5260695219039917,0.5715388655662537,-0.04180769994854927,0.5323734879493713,0.5078428387641907,-0.055224932730197906,0.5346416234970093,0.4526572525501251,-0.06495705246925354,0.47798824310302734,0.6924850940704346,-0.03329126164317131,0.45759081840515137,0.6024416089057922,-0.0563601478934288,0.4467427730560303,0.541286826133728,-0.07703741639852524,0.4375189542770386,0.4891544282436371,-0.09071175009012222,0.44646286964416504,0.7344527244567871,-0.038608476519584656,0.4429187476634979,0.6732147336006165,-0.0630507618188858,0.4588785171508789,0.687359094619751,-0.06971678882837296,0.4745098948478699,0.7102532982826233,-0.07278163731098175
0.4944998621940613,0.9048439264297485,6.145742190710735e-07,0.544076681137085,0.8712788224220276,-0.03129736706614494,0.568268895149231,0.8043504953384399,-0.04338390752673149,0.5346667170524597,0.7510053515434265,-0.05153516307473183,0.49469050765037537,0.7217847108840942,-0.060385093092918396,0.5560238361358643,0.6794756054878235,-0.029277579858899117,0.5806683897972107,0.589936375617981,-0.04389505460858345,0.5932030081748962,0.5332119464874268,-0.05506167933344841,0.5998495221138,0.48301196098327637,-0.06393034011125565,0.5150537490844727,0.6693671941757202,-0.02958943136036396,0.5266710519790649,0.5691238641738892,-0.041710734367370605,0.5307255983352661,0.5031338930130005,-0.05614927411079407,0.5313014388084412,0.4485970139503479,-0.06661389768123627,0.48000818490982056,0.6890877485275269,-0.032821815460920334,0.46267813444137573,0.6027321219444275,-0.055068448185920715,0.45067501068115234,0.5384418964385986,-0.07793037593364716,0.4407893121242523,0.48513537645339966,-0.09340278059244156,0.44988593459129333,0.7306246757507324,-0.037792056798934937,0.44211551547050476,0.679038405418396,-0.06334538757801056,0.45625221729278564,0.686781108379364,-0.07336563616991043,0.47204646468162537,0.7037287354469299,-0.07857351750135422
0.4942880868911743,0.9081645011901855,3.9103301219256537e-07,0.5445864200592041,0.8794706463813782,-0.03026116080582142,0.572830855846405,0.8088240027427673,-0.04021169990301132,0.5475649237632751,0.7526139616966248,-0.04622751846909523,0.5102681517601013,0.7235636115074158,-0.05360272526741028,0.5528140068054199,0.6780632734298706,-0.022873908281326294,0.555840790271759,0.5881612300872803,-0.03596533462405205,0.5526122450828552,0.5326203107833862,-0.04802973195910454,0.5457460880279541,0.48398303985595703,-0.05745610222220421,0.5182820558547974,0.6703094244003296,-0.023037627339363098,0.5246725082397461,0.5679750442504883,-0.03254816308617592,0.5257083773612976,0.502495288848877,-0.04607149213552475,0.5252370238304138,0.44559231400489807,-0.05606398731470108,0.4855368435382843,0.6883391737937927,-0.026330867782235146,0.48627686500549316,0.5962509512901306,-0.04577179253101349,0.4881249964237213,0.5347382426261902,-0.06591363251209259,0.4887210726737976,0.48140284419059753,-0.07979964464902878,0.45294350385665894,0.7267206311225891,-0.03158633038401604,0.45233410596847534,0.6756693124771118,-0.05602101609110832,0.46822887659072876,0.6902815103530884,-0.06302761286497116,0.48319950699806213,0.7146808505058289,-0.06568208336830139
0.5009484887123108,0.9119809865951538,3.925510441149527e-07,0.5513089895248413,0.8876379728317261,-0.032409925013780594,0.5834046006202698,0.8189022541046143,-0.0433608815073967,0.5575307607650757,0.7573179602622986,-0.04994380846619606,0.5172849893569946,0.7247686982154846,-0.05801321938633919,0.5640900135040283,0.686089813709259,-0.02550145611166954,0.5755148530006409,0.5949180722236633,-0.03607592731714249,0.5800018906593323,0.5384714007377625,-0.04684840515255928,0.5801317691802979,0.48452848196029663,-0.05657687783241272,0.5261411666870117,0.6810996532440186,-0.024548768997192383,0.518789529800415,0.578911304473877,-0.03475088253617287,0.5091243982315063,0.5173386335372925,-0.05030682310461998,0.4991965591907501,0.4621744453907013,-0.06282421201467514,0.49360668659210205,0.7005309462547302,-0.026021022349596024,0.48779410123825073,0.6072578430175781,-0.04742889478802681,0.4827379882335663,0.545159101486206,-0.06702487170696259,0.4756113886833191,0.4899078607559204,-0.08060009032487869,0.46327659487724304,0.7384378910064697,-0.02939075417816639,0.4686358869075775,0.6691617965698242,-0.05323037505149841,0.4846958518028259,0.6930841207504272,-0.05718516185879707,0.4971551299095154,0.7305143475532532,-0.05811791867017746
0.49944600462913513,0.9128589630126953,3.8537424984497193e-07,0.5493230223655701,0.8876420259475708,-0.03337646275758743,0.5809675455093384,0.8174479007720947,-0.04528215155005455,0.555152177810669,0.7558488249778748,-0.05300062149763107,0.5147212147712708,0.7231016159057617,-0.06243761256337166,0.5642593502998352,0.686631441116333,-0.02686263807117939,0.5751861929893494,0.592975378036499,-0.04029461741447449,0.5788580775260925,0.5346426963806152,-0.05348147451877594,0.5785126090049744,0.4806947708129883,-0.06444308161735535,0.5272397398948669,0.6810911893844604,-0.026325097307562828,0.5260908007621765,0.5791305899620056,-0.037398312240839005,0.5199586749076843,0.5145550966262817,-0.05403713509440422,0.512753963470459,0.4567996859550476,-0.06709813326597214,0.4943440854549408,0.6991552114486694,-0.02847096510231495,0.49407854676246643,0.6039021611213684,-0.049396272748708725,0.49223393201828003,0.5419134497642517,-0.0690167173743248,0.4883479177951813,0.4858506917953491,-0.08276836574077606,0.4619968831539154,0.7359839677810669,-0.03278372064232826,0.4616530239582062,0.6698180437088013,-0.0580570325255394,0.4766843318939209,0.6873379349708557,-0.06315375864505768,0.4897949993610382,0.7175654768943787,-0.0643792524933815
0.4980643093585968,0.9138555526733398,4.928202770315693e-07,0.5497696995735168,0.8853729963302612,-0.028943028301000595,0.5788140296936035,0.8172286748886108,-0.040064018219709396,0.5547983050346375,0.7569347023963928,-0.04723447188735008,0.516761064529419,0.7241490483283997,-0.055899035185575485,0.5649870038032532,0.6906514763832092,-0.02729065902531147,0.5769543647766113,0.5996662974357605,-0.0407039113342762,0.5804596543312073,0.5428956747055054,-0.05179903283715248,0.578982949256897,0.4905661940574646,-0.0607597716152668,0.5286251902580261,0.6826338768005371,-0.028699852526187897,0.5437812209129333,0.5809841156005859,-0.04040154442191124,0.549859344959259,0.515433669090271,-0.05510573089122772,0.5521669387817383,0.45797300338745117,-0.06597886979579926,0.4936697781085968,0.7002602815628052,-0.03256043791770935,0.48652151226997375,0.604000985622406,-0.05511052906513214,0.4834963083267212,0.5386723279953003,-0.07635150104761124,0.47981637716293335,0.4822595417499542,-0.09067852795124054,0.4596414268016815,0.7374800443649292,-0.037798136472702026,0.462202787399292,0.6698329448699951,-0.06240081414580345,0.47838491201400757,0.687235951423645,-0.06811485439538956,0.4929267466068268,0.7158596515655518,-0.07039353251457214
0.4983587861061096,0.9059640765190125,3.9605549773114035e-07,0.5492164492607117,0.8801854252815247,-0.03159676119685173,0.5781431794166565,0.8082975149154663,-0.04244934022426605,0.5580679178237915,0.7438846230506897,-0.04949900880455971,0.5245038866996765,0.7046443819999695,-0.0576896108686924,0.5626795887947083,0.681957483291626,-0.02456769160926342,0.5744203329086304,0.5891502499580383,-0.03844182565808296,0.5777468681335449,0.5306936502456665,-0.05108824372291565,0.5774747729301453,0.4791390299797058,-0.061069976538419724,0.5273386836051941,0.6756379008293152,-0.02388838864862919,0.5322726368904114,0.5738222002983093,-0.03532639145851135,0.5321002006530762,0.507737398147583,-0.05009763687849045,0.5298824310302734,0.4522903263568878,-0.06135862320661545,0.4949113726615906,0.6926349401473999,-0.02628454566001892,0.4948042035102844,0.5973638296127319,-0.04676884785294533,0.49650731682777405,0.5355451107025146,-0.06539540737867355,0.4962790012359619,0.4834270775318146,-0.07816856354475021,0.4627854824066162,0.7278737425804138,-0.030796684324741364,0.4633387625217438,0.663007378578186,-0.05550090968608856,0.4789811670780182,0.6727731227874756,-0.06180292367935181,0.49254754185676575,0.6957775354385376,-0.06396957486867905
0.5074763894081116,0.9024949669837952,3.5451003554953786e-07,0.554360568523407,0.8733691573143005,-0.033445391803979874,0.5831359624862671,0.8040909171104431,-0.046650879085063934,0.5648390054702759,0.7428430914878845,-0.05592762678861618,0.5332928895950317,0.7002595663070679,-0.06578719615936279,0.5654826164245605,0.6851873397827148,-0.02617170661687851,0.5671806931495667,0.5942855477333069,-0.04096675664186478,0.5625787973403931,0.5386409163475037,-0.05491533502936363,0.554221510887146,0.48865771293640137,-0.06566264480352402,0.5337629914283752,0.6832871437072754,-0.025095021352171898,0.5359358787536621,0.5809788107872009,-0.03784878924489021,0.5329069495201111,0.5154287815093994,-0.05344758182764053,0.5271727442741394,0.4573203921318054,-0.06544346362352371,0.5032783150672913,0.7006485462188721,-0.027246655896306038,0.5114901065826416,0.6068893074989319,-0.04780983924865723,0.5205655097961426,0.5483253002166748,-0.06459219753742218,0.525495171546936,0.49850213527679443,-0.07575333118438721,0.4712311029434204,0.7328293323516846,-0.03180285915732384,0.47488805651664734,0.6604202389717102,-0.054336391389369965,0.49219346046447754,0.663650631904602,-0.05840501934289932,0.5067477822303772,0.6843711733818054,-0.05930767208337784
0.5070272088050842,0.9007647037506104,3.418230392071564e-07,0.5565097332000732,0.8727399110794067,-0.02928926795721054,0.5869549512863159,0.8030524849891663,-0.039333805441856384,0.5705063343048096,0.7405763268470764,-0.04569076746702194,0.5398167967796326,0.7023774981498718,-0.05314937233924866,0.5640882253646851,0.6787399649620056,-0.022826770320534706,0.5675047039985657,0.5903306007385254,-0.03594883158802986,0.5636651515960693,0.5359424352645874,-0.04807167500257492,0.5569893717765808,0.4875093698501587,-0.05757049098610878,0.5326830148696899,0.6731203198432922,-0.02271362580358982,0.5379040837287903,0.5737438797950745,-0.033207520842552185,0.5381000638008118,0.5097947716712952,-0.04713539034128189,0.5365579724311829,0.45424771308898926,-0.057591915130615234,0.5023829936981201,0.6902289390563965,-0.025494519621133804,0.5029435753822327,0.5950787663459778,-0.045156329870224,0.5075724124908447,0.5350645780563354,-0.06353583931922913,0.5102542638778687,0.48372501134872437,-0.07590001821517944,0.47098714113235474,0.7252641320228577,-0.03011130914092064,0.47384437918663025,0.6615257859230042,-0.05385097488760948,0.4922175407409668,0.6692740321159363,-0.060193981975317,0.5080606937408447,0.6894119381904602,-0.0623464435338974
0.5038467049598694,0.9078203439712524,4.336867220899876e-07,0.5542508959770203,0.8795546889305115,-0.030371002852916718,0.5849493145942688,0.8059413433074951,-0.040426161140203476,0.5634077191352844,0.738304615020752,-0.04653913900256157,0.5294979810714722,0.6987219452857971,-0.0535978339612484,0.5711762309074402,0.6896287798881531,-0.023783285170793533,0.5869418978691101,0.6003860235214233,-0.03635456785559654,0.5933648943901062,0.5437303781509399,-0.0478559248149395,0.5955134630203247,0.49270498752593994,-0.05703636258840561,0.5360413789749146,0.6798563599586487,-0.02332252450287342,0.5476321578025818,0.5789480805397034,-0.03356865420937538,0.5523020625114441,0.5140209197998047,-0.04693921282887459,0.5538891553878784,0.45827263593673706,-0.05725392699241638,0.5028899312019348,0.6933358311653137,-0.025790249928832054,0.5034552216529846,0.597575843334198,-0.046277306973934174,0.5066581964492798,0.53597092628479,-0.0649547204375267,0.5073182582855225,0.484098881483078,-0.07769491523504257,0.4695151448249817,0.7244105339050293,-0.030121849849820137,0.474851131439209,0.6560684442520142,-0.054207757115364075,0.49310794472694397,0.670712411403656,-0.05973188206553459,0.5075235366821289,0.6990756988525391,-0.06156051158905029
0.579130232334137,0.9275908470153809,3.033571545074665e-07,0.5243276357650757,0.8965074419975281,-0.020889975130558014,0.4881437122821808,0.8295424580574036,-0.02975246123969555,0.5085683465003967,0.7714707255363464,-0.03749611973762512,0.5467347502708435,0.7321746349334717,-0.04640264809131622,0.4955810308456421,0.6925603747367859,-0.012144636362791061,0.47843170166015625,0.597315788269043,-0.02408207207918167,0.475050687789917,0.5374552607536316,-0.035311248153448105,0.4725015461444855,0.4838295578956604,-0.04628446698188782,0.5364455580711365,0.6781483888626099,-0.021853255107998848,0.5252412557601929,0.5703822374343872,-0.03451629355549812,0.5219988226890564,0.5036487579345703,-0.04834684357047081,0.5181125998497009,0.4469895660877228,-0.059295665472745895,0.5743302702903748,0.69134122133255,-0.03562641888856888,0.5739330053329468,0.5891392230987549,-0.06173485890030861,0.5654681921005249,0.5251622796058655,-0.08513778448104858,0.5585883259773254,0.4678816497325897,-0.10167063772678375,0.6107255816459656,0.7284663915634155,-0.050390105694532394,0.589070200920105,0.6710394620895386,-0.08143545687198639,0.568786084651947,0.7080650329589844,-0.09033635258674622,0.5552130937576294,0.7519631385803223,-0.0956384539604187
0.6158338785171509,0.9448591470718384,2.3370010637790983e-07,0.5586301684379578,0.9078877568244934,-0.019889935851097107,0.5235405564308167,0.8278937935829163,-0.025918349623680115,0.5468746423721313,0.7599923014640808,-0.03143471106886864,0.5886407494544983,0.7189968228340149,-0.03733335807919502,0.537621796131134,0.6804542541503906,-0.0019361148588359356,0.5204995274543762,0.5787244439125061,-0.010414576157927513,0.5192868113517761,0.5185469388961792,-0.020507117733359337,0.5199295878410339,0.4630398154258728,-0.031143710017204285,0.5779745578765869,0.6679032444953918,-0.01195793878287077,0.5590254068374634,0.5536511540412903,-0.021992141380906105,0.5502578616142273,0.48439815640449524,-0.03399500250816345,0.5437259078025818,0.42664510011672974,-0.04363849386572838,0.6176033020019531,0.6830959916114807,-0.026760105043649673,0.6203994750976562,0.5697915554046631,-0.05184713378548622,0.6136033535003662,0.5023201704025269,-0.07386453449726105,0.6095399260520935,0.4424540400505066,-0.08921443670988083,0.6573777198791504,0.7259135842323303,-0.04278252646327019,0.6416811943054199,0.6557079553604126,-0.07233459502458572,0.6196562051773071,0.69732266664505,-0.07843052595853806,0.604362428188324,0.7493933439254761,-0.08174212276935577
0.6144326329231262,0.9519468545913696,3.224602380669239e-07,0.5593032836914062,0.9155505895614624,-0.02039438486099243,0.5227596163749695,0.8413512706756592,-0.027105892077088356,0.5458658337593079,0.7747917175292969,-0.03264245018362999,0.5871706008911133,0.7329432368278503,-0.03854485601186752,0.5334433913230896,0.6874842047691345,-0.006870028097182512,0.5101265907287598,0.5894157290458679,-0.01671769842505455,0.5043158531188965,0.5292803645133972,-0.025632450357079506,0.49969714879989624,0.47429847717285156,-0.034872423857450485,0.5779961347579956,0.6762385368347168,-0.017144614830613136,0.5751581788063049,0.5553290843963623,-0.030598316341638565,0.5784829258918762,0.4855040907859802,-0.0408153235912323,0.5807905793190002,0.4248405694961548,-0.04712758585810661,0.6171680092811584,0.6947386264801025,-0.03208895027637482,0.6157347559928894,0.5884963274002075,-0.05991024523973465,0.6094233989715576,0.518462598323822,-0.08045538514852524,0.605774998664856,0.44964542984962463,-0.09280134737491608,0.6547597646713257,0.740828812122345,-0.04807732626795769,0.6376784443855286,0.667283296585083,-0.07650721073150635,0.615458607673645,0.7059462070465088,-0.07973474264144897,0.6008983850479126,0.7538562417030334,-0.08033465594053268
0.6186227202415466,0.9528301954269409,2.42741919009859e-07,0.5620956420898438,0.9155371785163879,-0.020587360486388206,0.5262572765350342,0.8374040722846985,-0.027602432295680046,0.5495220422744751,0.7708035111427307,-0.034176308661699295,0.5910638570785522,0.7273167967796326,-0.04114924743771553,0.5359985828399658,0.6869890093803406,-0.004277615807950497,0.5165416598320007,0.5835453271865845,-0.013887294568121433,0.5133798718452454,0.5223245620727539,-0.024371514096856117,0.5115832090377808,0.4661704897880554,-0.035179171711206436,0.5770931243896484,0.672941267490387,-0.014601427130401134,0.5565024614334106,0.5555523633956909,-0.025652674958109856,0.546890377998352,0.48409557342529297,-0.038085829466581345,0.5390477776527405,0.4245273470878601,-0.04789488762617111,0.6181500554084778,0.6878196001052856,-0.02969772182404995,0.6206415891647339,0.5715348124504089,-0.055804543197155,0.6133250594139099,0.502541184425354,-0.07831122726202011,0.6078729629516602,0.4418460726737976,-0.09380226582288742,0.659807026386261,0.7303645610809326,-0.04598384350538254,0.6439330577850342,0.660019040107727,-0.07610446214675903,0.6209247708320618,0.7000120282173157,-0.08242646604776382,0.6039941310882568,0.7514281272888184,-0.08583186566829681
0.6131418943405151,0.9520319700241089,3.202447373951145e-07,0.5563168525695801,0.9163428544998169,-0.019278407096862793,0.5184875130653381,0.8352706432342529,-0.02582480199635029,0.539282500743866,0.7666119933128357,-0.03212251886725426,0.5808075666427612,0.726108968257904,-0.039500415325164795,0.5306484699249268,0.6879478693008423,-0.002090177033096552,0.5174363255500793,0.5904822945594788,-0.011699819937348366,0.5200944542884827,0.5305110216140747,-0.02220713160932064,0.5234482288360596,0.47691190242767334,-0.03287113830447197,0.5744168162345886,0.6753634214401245,-0.013027581386268139,0.5715841054916382,0.5571037530899048,-0.025066226720809937,0.5741897821426392,0.4871608018875122,-0.037191469222307205,0.5757312774658203,0.428278386592865,-0.04597949609160423,0.6138014793395996,0.6900100111961365,-0.02883206494152546,0.6154618859291077,0.5785641670227051,-0.055304449051618576,0.6085339784622192,0.5090277194976807,-0.07794474065303802,0.6046285033226013,0.4462130069732666,-0.09315922111272812,0.6512898206710815,0.729552686214447,-0.045771803706884384,0.6293023228645325,0.6612248420715332,-0.0763845443725586,0.6074036955833435,0.7036656141281128,-0.08330989629030228,0.594072699546814,0.7545032501220703,-0.08689703792333603
0.6168568134307861,0.9546040296554565,3.220678763682372e-07,0.5607078075408936,0.9200491309165955,-0.023316752165555954,0.5231033563613892,0.8441705107688904,-0.03214830532670021,0.5472019910812378,0.7749560475349426,-0.039957914501428604,0.5890071988105774,0.7306792140007019,-0.04822937026619911,0.5303339958190918,0.6939051747322083,-0.00971685815602541,0.5160237550735474,0.587811291217804,-0.02284993976354599,0.5165023803710938,0.5229701995849609,-0.03570682182908058,0.5178710222244263,0.4644829332828522,-0.047694649547338486,0.5717138051986694,0.6795498132705688,-0.018999356776475906,0.5574962496757507,0.561103880405426,-0.03277340531349182,0.5523438453674316,0.4889727234840393,-0.04688545688986778,0.5470386743545532,0.42717140913009644,-0.057492468506097794,0.6117283701896667,0.6928971409797668,-0.03299423307180405,0.6074756383895874,0.5791715979576111,-0.05928656458854675,0.5973711013793945,0.513050377368927,-0.08094912022352219,0.588397204875946,0.4527184069156647,-0.09573286026716232,0.6533843278884888,0.7335391044616699,-0.048684485256671906,0.6375201344490051,0.6624348759651184,-0.07783002406358719,0.617462694644928,0.701435923576355,-0.08371368050575256,0.6026520133018494,0.7506960034370422,-0.08671751618385315
0.6191675066947937,0.9590938091278076,3.0388119398594426e-07,0.5645487904548645,0.9251523017883301,-0.023741979151964188,0.5271742939949036,0.8476138710975647,-0.031906187534332275,0.5525421500205994,0.7777791023254395,-0.03869543597102165,0.5946437120437622,0.7331690788269043,-0.04594239592552185,0.5319342613220215,0.6964737772941589,-0.009296063333749771,0.5167181491851807,0.5907093286514282,-0.021381862461566925,0.5159242153167725,0.5265425443649292,-0.03382360562682152,0.5160552263259888,0.46836546063423157,-0.04568573832511902,0.5735255479812622,0.6816455721855164,-0.01824318803846836,0.557152271270752,0.5626614093780518,-0.03119291551411152,0.5503299832344055,0.4907183051109314,-0.045283302664756775,0.5432407855987549,0.42860767245292664,-0.05586346238851547,0.6138721704483032,0.6946970224380493,-0.03184351325035095,0.6089515089988708,0.5784832239151001,-0.057997576892375946,0.5986952185630798,0.5122410655021667,-0.07982411980628967,0.5887867212295532,0.4509989023208618,-0.09468550235033035,0.6563403010368347,0.7358410954475403,-0.047113850712776184,0.6418731212615967,0.6637212038040161,-0.07650113105773926,0.6242398023605347,0.7038790583610535,-0.08204373717308044,0.6112543344497681,0.7539609670639038,-0.08465094864368439
0.6338751316070557,0.9755117297172546,3.7264328511810163e-07,0.5791563987731934,0.9392580389976501,-0.029481660574674606,0.5401868224143982,0.8638580441474915,-0.04281292483210564,0.5705865621566772,0.7999245524406433,-0.0534757636487484,0.6185716986656189,0.7581878304481506,-0.06502097100019455,0.5495982766151428,0.7024751901626587,-0.022506961598992348,0.5378763675689697,0.5888907313346863,-0.03907986730337143,0.5392259955406189,0.5196061134338379,-0.054232604801654816,0.5399820804595947,0.45680198073387146,-0.0678773820400238,0.5951352715492249,0.6896714568138123,-0.030490651726722717,0.5804752111434937,0.5640770196914673,-0.046053025871515274,0.5752890110015869,0.48613792657852173,-0.06200707331299782,0.5688791275024414,0.4183192849159241,-0.0742499977350235,0.6387386322021484,0.706976056098938,-0.04305276647210121,0.6396418809890747,0.5883661508560181,-0.072527676820755,0.6324748396873474,0.5147228240966797,-0.09778069704771042,0.6248148679733276,0.44664672017097473,-0.11546994745731354,0.6833136081695557,0.7534553408622742,-0.05734547600150108,0.6693426966667175,0.690269947052002,-0.09222132712602615,0.6487135291099548,0.7331595420837402,-0.10083287209272385,0.632353663444519,0.7828273177146912,-0.10521452873945236
0.6392175555229187,0.9804075956344604,3.187024333328736e-07,0.5837361812591553,0.9415774345397949,-0.027261801064014435,0.5457277894020081,0.8650591373443604,-0.03958703950047493,0.5761854648590088,0.8038222193717957,-0.049301519989967346,0.6246918439865112,0.7624502778053284,-0.06006478890776634,0.5557296872138977,0.7032240033149719,-0.021381348371505737,0.5412673950195312,0.588914692401886,-0.035977620631456375,0.5405546426773071,0.5214104652404785,-0.04932288080453873,0.538625180721283,0.4596976637840271,-0.062112484127283096,0.6025562286376953,0.6901798248291016,-0.03022436611354351,0.5848548412322998,0.5632530450820923,-0.04377210512757301,0.5772097706794739,0.4852493405342102,-0.05846931412816048,0.5687282681465149,0.41846606135368347,-0.07028935849666595,0.6472602486610413,0.7090182900428772,-0.04342849180102348,0.6541489362716675,0.5879982113838196,-0.07291273027658463,0.6512383222579956,0.5116800665855408,-0.09936385601758957,0.6475750207901001,0.44250795245170593,-0.11822116374969482,0.6918460726737976,0.7570974826812744,-0.05778121575713158,0.6765481233596802,0.6992216110229492,-0.09473107010126114,0.6538894772529602,0.7434430718421936,-0.10479999333620071,0.6356469988822937,0.7935314774513245,-0.11014809459447861
0.6419537663459778,0.9756144285202026,3.612233285821276e-07,0.586100697517395,0.937366783618927,-0.027887767180800438,0.5484248399734497,0.8607842326164246,-0.040138181298971176,0.5793302655220032,0.7977096438407898,-0.0499168299138546,0.6278537511825562,0.7571744322776794,-0.06040479987859726,0.5620807409286499,0.6976025700569153,-0.01982884295284748,0.5497607588768005,0.5829660892486572,-0.03531754016876221,0.5510054230690002,0.5145381689071655,-0.04914505034685135,0.5520197749137878,0.4524432122707367,-0.06178666651248932,0.6081417798995972,0.6864156723022461,-0.028513533994555473,0.594494104385376,0.5584632754325867,-0.04446307569742203,0.5895682573318481,0.48000645637512207,-0.05966872349381447,0.5835163593292236,0.41255947947502136,-0.07097120583057404,0.6518605351448059,0.7060003280639648,-0.0418228879570961,0.6572245955467224,0.5859819650650024,-0.07186593115329742,0.6514349579811096,0.5111193060874939,-0.09638698399066925,0.6456230878829956,0.44212570786476135,-0.11296677589416504,0.6948344707489014,0.7559775114059448,-0.05660797283053398,0.6805182099342346,0.6887176036834717,-0.09035120159387589,0.6582741737365723,0.7306302785873413,-0.09718117862939835,0.6414162516593933,0.7806504964828491,-0.10023825615644455
0.644734799861908,0.9705004096031189,3.456945023572189e-07,0.5882015824317932,0.9294371604919434,-0.026761027052998543,0.5515025854110718,0.8540615439414978,-0.038104165345430374,0.5834195613861084,0.792349636554718,-0.04695985093712807,0.6324893236160278,0.7538955807685852,-0.056388478726148605,0.5657864212989807,0.6929622292518616,-0.019641267135739326,0.5515512824058533,0.5794177055358887,-0.03503036126494408,0.5509795546531677,0.512313723564148,-0.04831798002123833,0.5502904653549194,0.45082852244377136,-0.060498107224702835,0.6127279996871948,0.6816813349723816,-0.02919425070285797,0.5992984175682068,0.5530970096588135,-0.04593066871166229,0.5945896506309509,0.47485390305519104,-0.06079913303256035,0.588975191116333,0.40727221965789795,-0.0715111643075943,0.6566998958587646,0.7021154761314392,-0.04334356263279915,0.6630216240882874,0.5816405415534973,-0.07417160272598267,0.6577553749084473,0.5066796541213989,-0.09856262058019638,0.6524131894111633,0.43645554780960083,-0.11446230113506317,0.6994426250457764,0.7546903491020203,-0.05878911167383194,0.6851197481155396,0.6835927963256836,-0.09131735563278198,0.6613583564758301,0.7231553196907043,-0.09692979604005814,0.6430371403694153,0.7730281352996826,-0.09920522570610046
0.6587105393409729,0.8807105422019958,2.6695559540712566e-07,0.6066932678222656,0.8401060104370117,-0.021999046206474304,0.5769709944725037,0.7636942863464355,-0.030161811038851738,0.6056875586509705,0.7032550573348999,-0.03717615827918053,0.647091805934906,0.6657028794288635,-0.044963203370571136,0.5927938222885132,0.623065173625946,-0.009663482196629047,0.5813830494880676,0.5222389698028564,-0.020666684955358505,0.5817450881004333,0.46223360300064087,-0.0320594385266304,0.5832560062408447,0.40739622712135315,-0.04330282658338547,0.634964644908905,0.6105581521987915,-0.01858610473573208,0.6248294711112976,0.4965254068374634,-0.029365338385105133,0.6223737001419067,0.4270852208137512,-0.042436785995960236,0.6194589138031006,0.3679559826850891,-0.05333123728632927,0.6742849349975586,0.6274511218070984,-0.03194645047187805,0.6832399964332581,0.5200228691101074,-0.05616091564297676,0.6813376545906067,0.4550108313560486,-0.07845444232225418,0.6793283224105835,0.39603108167648315,-0.09474480897188187,0.7122780084609985,0.6717627644538879,-0.04664195328950882,0.7036519050598145,0.6066322922706604,-0.07514546811580658,0.6821448802947998,0.642528772354126,-0.08184067159891129,0.6642026305198669,0.6875542402267456,-0.08614660799503326
0.6675240993499756,0.8435214161872864,2.5425669036849285e-07,0.6179816722869873,0.8039945363998413,-0.02343870885670185,0.5919398665428162,0.7300592064857483,-0.032260119915008545,0.6219363808631897,0.6716281771659851,-0.03944682702422142,0.6603922843933105,0.6350536346435547,-0.04743202403187752,0.6089891791343689,0.5952598452568054,-0.013292618095874786,0.598724901676178,0.49818065762519836,-0.024250466376543045,0.5989089608192444,0.44005662202835083,-0.03557698801159859,0.5998495817184448,0.3880835175514221,-0.04673328250646591,0.6516126990318298,0.584834098815918,-0.02068972773849964,0.6456045508384705,0.47569799423217773,-0.03087380714714527,0.6445418000221252,0.40978050231933594,-0.04405884072184563,0.6424174904823303,0.3548732399940491,-0.055313050746917725,0.6896355152130127,0.6036628484725952,-0.03224433958530426,0.7037805914878845,0.5008178949356079,-0.05465766042470932,0.7041728496551514,0.4391642212867737,-0.07648258656263351,0.7038375735282898,0.3843587338924408,-0.09293646365404129,0.7248541712760925,0.6487332582473755,-0.04518396407365799,0.7193092703819275,0.585792064666748,-0.07181138545274734,0.6977435350418091,0.6152053475379944,-0.07888180762529373,0.6787156462669373,0.6542117595672607,-0.0838325098156929
0.6511766910552979,0.8627906441688538,2.359192023959622e-07,0.6007763743400574,0.8224024772644043,-0.02192864753305912,0.572511613368988,0.7475051879882812,-0.029613150283694267,0.6027776002883911,0.6914963126182556,-0.03575994819402695,0.6423147320747375,0.6563684940338135,-0.04296804219484329,0.5886238813400269,0.6135705709457397,-0.012015340849757195,0.5740364193916321,0.5146241188049316,-0.022293321788311005,0.5709676742553711,0.4561315178871155,-0.03268184885382652,0.5683100819587708,0.40363508462905884,-0.043320488184690475,0.631577730178833,0.602020263671875,-0.020416000857949257,0.6222076416015625,0.4911866784095764,-0.030673321336507797,0.6178324222564697,0.42467349767684937,-0.04398825392127037,0.6127310395240784,0.3688781261444092,-0.05510767921805382,0.670246958732605,0.6198912262916565,-0.032856352627277374,0.6823806166648865,0.5151867270469666,-0.056685738265514374,0.6810594797134399,0.4516419768333435,-0.07969806343317032,0.6797801852226257,0.39423128962516785,-0.09657029062509537,0.706261932849884,0.664513885974884,-0.04630650207400322,0.6970741152763367,0.6025514006614685,-0.0749153196811676,0.6754422187805176,0.6358148455619812,-0.08229725062847137,0.6578656435012817,0.6774716377258301,-0.08705347776412964
0.6499176621437073,0.8645109534263611,2.3489219813654927e-07,0.5991188287734985,0.8253930807113647,-0.023092923685908318,0.5706778168678284,0.7507451176643372,-0.031544338911771774,0.6000891327857971,0.6933907270431519,-0.03835459053516388,0.6391336917877197,0.6572799682617188,-0.04607873037457466,0.5857598185539246,0.61729496717453,-0.013285933993756771,0.5695817470550537,0.519895076751709,-0.024032404646277428,0.5652686357498169,0.46174293756484985,-0.034896139055490494,0.5621347427368164,0.4091188609600067,-0.04595285654067993,0.6280463337898254,0.6049807071685791,-0.021429654210805893,0.6181301474571228,0.49493926763534546,-0.03197147324681282,0.6138486862182617,0.4284626841545105,-0.04554450884461403,0.6091670989990234,0.3731750547885895,-0.05705127492547035,0.6665363907814026,0.6221389770507812,-0.03372764587402344,0.6786335706710815,0.5177558660507202,-0.057820502668619156,0.6782915592193604,0.4541676640510559,-0.08090683817863464,0.6777877807617188,0.39756762981414795,-0.09792707115411758,0.7027118802070618,0.6660178303718567,-0.04718603566288948,0.6937441229820251,0.6024348735809326,-0.07583111524581909,0.6724227070808411,0.6350693702697754,-0.0832940861582756,0.6545922160148621,0.6771335005760193,-0.08829031139612198
0.6341827511787415,0.8553166389465332,2.3184558983757597e-07,0.5846688151359558,0.8164645433425903,-0.017928022891283035,0.5554200410842896,0.7426109313964844,-0.024237487465143204,0.5798102021217346,0.6866196990013123,-0.029915891587734222,0.6183184385299683,0.6553542017936707,-0.03667692095041275,0.5713709592819214,0.6154807806015015,-0.00828120019286871,0.5561721324920654,0.5241994261741638,-0.017054056748747826,0.5529619455337524,0.46835315227508545,-0.025687018409371376,0.5510942339897156,0.4186326861381531,-0.034908246248960495,0.6122258901596069,0.6042371988296509,-0.017764894291758537,0.6047881245613098,0.49787795543670654,-0.028320519253611565,0.6023063659667969,0.43351808190345764,-0.0392020009458065,0.5988507270812988,0.3798457384109497,-0.0479586236178875,0.6491659283638,0.6202035546302795,-0.031065894290804863,0.6612548828125,0.5184711217880249,-0.0546293668448925,0.6609093546867371,0.4580093026161194,-0.0749664455652237,0.6604058742523193,0.40419596433639526,-0.08924318850040436,0.6830739974975586,0.6616131663322449,-0.04517064988613129,0.6707345247268677,0.5993925929069519,-0.0717829018831253,0.6496086120605469,0.6344080567359924,-0.07737983763217926,0.6335235834121704,0.6781761050224304,-0.08082540333271027
0.6217538714408875,0.8286270499229431,2.2271558464126429e-07,0.5739323496818542,0.794978678226471,-0.01705024391412735,0.5465402007102966,0.726428747177124,-0.023646581918001175,0.564202070236206,0.6708177924156189,-0.0296906940639019,0.5978774428367615,0.6379320025444031,-0.03704331815242767,0.5616607666015625,0.6135606169700623,-0.007049058098345995,0.5491175055503845,0.5311746001243591,-0.015319791622459888,0.547863245010376,0.479733407497406,-0.02410854585468769,0.5486131906509399,0.43335384130477905,-0.03343649208545685,0.6000994443893433,0.6021709442138672,-0.015971597284078598,0.5938154458999634,0.5070003271102905,-0.025020748376846313,0.5932541489601135,0.447366327047348,-0.03662601485848427,0.5927042961120605,0.396809458732605,-0.046434611082077026,0.6344393491744995,0.615028977394104,-0.028479792177677155,0.6420007944107056,0.5222475528717041,-0.05071425437927246,0.6408854722976685,0.46510788798332214,-0.072001613676548,0.6415717005729675,0.41525256633758545,-0.08762601017951965,0.665679931640625,0.6483585238456726,-0.04164698347449303,0.6461615562438965,0.5964193344116211,-0.06943120062351227,0.6261957287788391,0.6299543976783752,-0.07812459021806717,0.6134985089302063,0.6705871820449829,-0.0837378203868866
0.6127939224243164,0.8223550319671631,1.983962789608995e-07,0.5655508637428284,0.7912765741348267,-0.015180721879005432,0.5387377738952637,0.7245928049087524,-0.020626673474907875,0.5529091954231262,0.666902482509613,-0.025863448157906532,0.5848806500434875,0.6334317326545715,-0.032405786216259,0.5553604960441589,0.622839093208313,-0.0033449679613113403,0.5440467000007629,0.5463935136795044,-0.00996337179094553,0.5429167747497559,0.4983699917793274,-0.017867129296064377,0.5434767007827759,0.454918771982193,-0.02664623036980629,0.5903711915016174,0.6126466989517212,-0.012188207358121872,0.5861810445785522,0.5238217711448669,-0.019122682511806488,0.5861823558807373,0.4684702754020691,-0.029710400849580765,0.5864466428756714,0.42233532667160034,-0.03893820568919182,0.6216641664505005,0.6247557401657104,-0.024467183277010918,0.6266354918479919,0.5357425808906555,-0.04490993171930313,0.6251373887062073,0.4809533655643463,-0.06493140012025833,0.6261034607887268,0.43404537439346313,-0.07984044402837753,0.6505535244941711,0.6549248695373535,-0.037298716604709625,0.6293175220489502,0.6053248643875122,-0.06467020511627197,0.6106943488121033,0.636104166507721,-0.07361432164907455,0.5995810627937317,0.6744268536567688,-0.07929141819477081
0.6092323660850525,0.8236623406410217,1.9823983166133985e-07,0.5632070899009705,0.7935161590576172,-0.01631392538547516,0.5354790687561035,0.7291719317436218,-0.02302534319460392,0.5489547252655029,0.6721591353416443,-0.02925972267985344,0.5801703929901123,0.6371614933013916,-0.036556676030159,0.5520815253257751,0.6251777410507202,-0.006134341470897198,0.5399500727653503,0.5479679107666016,-0.013590398244559765,0.5377970933914185,0.5006264448165894,-0.02190561033785343,0.5377837419509888,0.4578849673271179,-0.030788837000727654,0.5865088701248169,0.6145592927932739,-0.014424879103899002,0.5803987383842468,0.5249959826469421,-0.021758325397968292,0.579143762588501,0.47056514024734497,-0.03256066143512726,0.5787897706031799,0.42519620060920715,-0.04196316376328468,0.6179160475730896,0.626409113407135,-0.026075806468725204,0.620780348777771,0.5370411276817322,-0.04630942642688751,0.6183376312255859,0.48277193307876587,-0.06589954346418381,0.619113028049469,0.4367285966873169,-0.08051858842372894,0.6469961404800415,0.6565365195274353,-0.03837297856807709,0.6262234449386597,0.6048086881637573,-0.06470546871423721,0.6077476143836975,0.6327027082443237,-0.07308822870254517,0.5965949296951294,0.6691181659698486,-0.07851161807775497
0.6400367617607117,0.8376165628433228,2.465319255406939e-07,0.5897576808929443,0.8024513721466064,-0.019323689863085747,0.5624430775642395,0.7278235554695129,-0.025397973135113716,0.5853750109672546,0.6686359643936157,-0.030606824904680252,0.6203048825263977,0.6341040730476379,-0.03680916875600815,0.5765684843063354,0.6075195670127869,-0.005564621649682522,0.5635045170783997,0.5187684297561646,-0.01318192109465599,0.5617257952690125,0.4639284610748291,-0.022219451144337654,0.5610367655754089,0.41595548391342163,-0.03183506429195404,0.6174484491348267,0.5952028632164001,-0.013867777772247791,0.6107684969902039,0.4939694404602051,-0.021104853600263596,0.6088102459907532,0.43165963888168335,-0.03273424506187439,0.6068784594535828,0.3814379870891571,-0.04270884767174721,0.6542981863021851,0.6104199886322021,-0.02618236094713211,0.6633408069610596,0.5100225806236267,-0.04711385443806648,0.6615597009658813,0.4502013921737671,-0.06876566261053085,0.6617425680160522,0.39866042137145996,-0.08487320691347122,0.6879988312721252,0.6485079526901245,-0.039440423250198364,0.6745080947875977,0.5902917385101318,-0.06703370809555054,0.6538628339767456,0.6206777095794678,-0.07550497353076935,0.6388937830924988,0.6596516966819763,-0.08091230690479279
0.6549889445304871,0.8657765984535217,2.500566722574149e-07,0.6033545732498169,0.8269659876823425,-0.020885808393359184,0.5747423768043518,0.7485954761505127,-0.027478834614157677,0.6019577980041504,0.6891471743583679,-0.03305874764919281,0.6400782465934753,0.6521262526512146,-0.03954637795686722,0.5884695649147034,0.6153063774108887,-0.007504196371883154,0.5734468698501587,0.5180429816246033,-0.016293087974190712,0.570528507232666,0.4593456983566284,-0.025976605713367462,0.568886399269104,0.4074398875236511,-0.03617437928915024,0.6322399377822876,0.6025853753089905,-0.016317958012223244,0.6232246160507202,0.4916636049747467,-0.02521917037665844,0.6201661825180054,0.42454153299331665,-0.037592168897390366,0.617436945438385,0.36899328231811523,-0.04797819256782532,0.6722425222396851,0.6198491454124451,-0.029413580894470215,0.6829270720481873,0.5121046304702759,-0.05278196930885315,0.6809076070785522,0.44828084111213684,-0.07552453875541687,0.6804800033569336,0.39161962270736694,-0.09207618236541748,0.7090467214584351,0.6634175181388855,-0.04350664094090462,0.6984279155731201,0.5991630554199219,-0.07250543683767319,0.6759390234947205,0.6322957873344421,-0.08024891465902328,0.6588935256004333,0.6747605204582214,-0.08511078357696533
0.7038341760635376,0.8867743015289307,2.752258296823129e-07,0.6525118350982666,0.8430367708206177,-0.026022477075457573,0.6239684820175171,0.7603127360343933,-0.03578014671802521,0.6567010283470154,0.700827956199646,-0.043228428810834885,0.7009831666946411,0.664527952671051,-0.05171669274568558,0.6417608857154846,0.6104869246482849,-0.01651821658015251,0.6283667087554932,0.5019605159759521,-0.028202805668115616,0.6253390908241272,0.43775510787963867,-0.04027166590094566,0.6218045353889465,0.37925249338150024,-0.05249388515949249,0.6897295713424683,0.6008396744728088,-0.024995025247335434,0.684235692024231,0.47743862867355347,-0.03600279614329338,0.6821608543395996,0.4044991135597229,-0.050900332629680634,0.6776928305625916,0.3424297869205475,-0.06357230246067047,0.7320067286491394,0.6226717233657837,-0.03774018958210945,0.7499955296516418,0.5067941546440125,-0.06388156861066818,0.7513206005096436,0.4355822801589966,-0.08935720473527908,0.7510747909545898,0.3717344105243683,-0.10820683091878891,0.7703445553779602,0.6729907393455505,-0.051655907183885574,0.7667313814163208,0.6047874689102173,-0.08322010189294815,0.744376540184021,0.6411953568458557,-0.09098757058382034,0.7247921228408813,0.6867254972457886,-0.09600307792425156
0.7111077308654785,0.8864983916282654,2.6852345058614446e-07,0.6592162251472473,0.8425570726394653,-0.026748262345790863,0.6324980854988098,0.7587587833404541,-0.03573378548026085,0.6672528982162476,0.6969824433326721,-0.042206089943647385,0.7108795046806335,0.6592909097671509,-0.048999689519405365,0.6467985510826111,0.607761800289154,-0.01429620198905468,0.6315492391586304,0.49971717596054077,-0.025632908567786217,0.6297726035118103,0.4361235201358795,-0.037065666168928146,0.6288604736328125,0.3785232603549957,-0.04818813502788544,0.6943766474723816,0.5967545509338379,-0.021951932460069656,0.6875166893005371,0.4734984040260315,-0.030630571767687798,0.6873282194137573,0.40164756774902344,-0.04218395799398422,0.6854081749916077,0.3410171568393707,-0.05223281681537628,0.7373123168945312,0.6181629300117493,-0.034537915140390396,0.7580800652503967,0.5038198232650757,-0.05781443789601326,0.7640381455421448,0.4350375235080719,-0.07986099272966385,0.7666903138160706,0.3709110915660858,-0.09649524837732315,0.7774908542633057,0.6700934767723083,-0.04883440583944321,0.7805267572402954,0.5987827777862549,-0.07690729945898056,0.7602226138114929,0.6357282400131226,-0.08179225027561188,0.739651620388031,0.6818870306015015,-0.0850471556186676
0.7247944474220276,0.8461103439331055,2.670727496933978e-07,0.6760907769203186,0.8001865148544312,-0.02421395108103752,0.6514946222305298,0.7218201160430908,-0.033629175275564194,0.6848341226577759,0.6656080484390259,-0.0413985550403595,0.725420355796814,0.6334497928619385,-0.04989246651530266,0.6692014336585999,0.5789315104484558,-0.014366122893989086,0.653745174407959,0.4760022759437561,-0.025825245305895805,0.6515763401985168,0.41498830914497375,-0.03759746253490448,0.6509376764297485,0.36042892932891846,-0.048992034047842026,0.7154381275177002,0.569308340549469,-0.0227879136800766,0.7115256786346436,0.45183679461479187,-0.03138648718595505,0.7114310264587402,0.3840729594230652,-0.044130828231573105,0.7096115350723267,0.32789161801338196,-0.05548994243144989,0.7561101317405701,0.5917614102363586,-0.035614434629678726,0.7776119112968445,0.48393452167510986,-0.05724383518099785,0.7822204828262329,0.41721081733703613,-0.07979942858219147,0.7844957113265991,0.3569922149181366,-0.09736273437738419,0.7930962443351746,0.6430253386497498,-0.04989218711853027,0.7963021993637085,0.575893223285675,-0.0755770355463028,0.7750530242919922,0.6058052778244019,-0.08105295151472092,0.7539847493171692,0.6457645297050476,-0.085393026471138
0.6904363632202148,0.7971248030662537,2.0645030929244967e-07,0.6470023393630981,0.7532526254653931,-0.019122697412967682,0.6286453008651733,0.6783079504966736,-0.025390440598130226,0.6590628027915955,0.6275051832199097,-0.03093261830508709,0.6946974992752075,0.5989028215408325,-0.037287816405296326,0.6460732817649841,0.5619085431098938,-0.0078032901510596275,0.6341763734817505,0.47134965658187866,-0.01577989012002945,0.6328336000442505,0.417136013507843,-0.024588465690612793,0.6327322721481323,0.3703843653202057,-0.03378342464566231,0.6881304383277893,0.5538424849510193,-0.01586783491075039,0.6867735981941223,0.450307160615921,-0.022500641644001007,0.6876621842384338,0.39067238569259644,-0.03324819728732109,0.6868777871131897,0.34310632944107056,-0.04280029609799385,0.7244980931282043,0.5738146901130676,-0.02777104452252388,0.745059609413147,0.4769994020462036,-0.046341411769390106,0.7496196627616882,0.41855162382125854,-0.06616687029600143,0.7521854043006897,0.367441862821579,-0.08159239590167999,0.7565357685089111,0.6190596222877502,-0.040740322321653366,0.759016215801239,0.5581352114677429,-0.0631612241268158,0.7393428087234497,0.5824470520019531,-0.0683341845870018,0.7203270792961121,0.6167793273925781,-0.07247217744588852
0.6893591284751892,0.7847625017166138,2.0072837969564716e-07,0.6454460024833679,0.7426784634590149,-0.019738128408789635,0.6284245252609253,0.6698950529098511,-0.026788342744112015,0.6593153476715088,0.6169931292533875,-0.032928477972745895,0.6951867938041687,0.5870463252067566,-0.03985315561294556,0.6486489176750183,0.5541133284568787,-0.008539935573935509,0.6387414932250977,0.46493256092071533,-0.016261892393231392,0.6391133069992065,0.4123561382293701,-0.02496030554175377,0.6411932706832886,0.36712414026260376,-0.03416428714990616,0.6901187300682068,0.5475965142250061,-0.015787245705723763,0.6897415518760681,0.44741904735565186,-0.021698076277971268,0.6920840740203857,0.3894321322441101,-0.03222551569342613,0.6936886310577393,0.3433357775211334,-0.041954535990953445,0.7251667976379395,0.5685586929321289,-0.026842422783374786,0.7460474967956543,0.4748704731464386,-0.04442431405186653,0.752261757850647,0.41873830556869507,-0.06415174156427383,0.7575432658195496,0.37065547704696655,-0.07987594604492188,0.75600665807724,0.6134868264198303,-0.039042599499225616,0.7577513456344604,0.5547125339508057,-0.061135489493608475,0.7383562922477722,0.5763087272644043,-0.06743350625038147,0.7201192378997803,0.6076167821884155,-0.07256782799959183
0.6865046620368958,0.7924333214759827,2.1924232385117648e-07,0.6425156593322754,0.7489511966705322,-0.02058826945722103,0.6247658729553223,0.6765524744987488,-0.028362710028886795,0.6560299396514893,0.6255728006362915,-0.0350230447947979,0.6910120844841003,0.5952593088150024,-0.04264495149254799,0.6450024843215942,0.5582392811775208,-0.010928429663181305,0.6367918848991394,0.46759966015815735,-0.020286032930016518,0.6380873918533325,0.41408610343933105,-0.030324703082442284,0.6404916048049927,0.36799097061157227,-0.04041692242026329,0.6870263814926147,0.5519400238990784,-0.01832408271729946,0.6880391240119934,0.4509199857711792,-0.025326749309897423,0.6908456683158875,0.39132553339004517,-0.03760937601327896,0.6927287578582764,0.3428370952606201,-0.04866931587457657,0.7225347757339478,0.573965311050415,-0.029479114338755608,0.7442700266838074,0.4800311028957367,-0.04821382462978363,0.7510168552398682,0.4224737286567688,-0.069596067070961,0.7565923929214478,0.3720945715904236,-0.08658228814601898,0.7536848187446594,0.6199626326560974,-0.041721489280462265,0.755645215511322,0.5638808608055115,-0.06547883152961731,0.7352700233459473,0.5839836001396179,-0.07314242422580719,0.7156403660774231,0.6125661730766296,-0.07915224879980087
0.6856784224510193,0.8329296112060547,2.693230101158406e-07,0.6385204195976257,0.7893603444099426,-0.02415348030626774,0.6163166761398315,0.7154526710510254,-0.033641934394836426,0.6492644548416138,0.6636574268341064,-0.04102044180035591,0.6869322061538696,0.6305811405181885,-0.04917866736650467,0.6348947882652283,0.580926239490509,-0.015327035449445248,0.6261112093925476,0.48229169845581055,-0.026331786066293716,0.6269828677177429,0.42382875084877014,-0.03734225779771805,0.6279287934303284,0.37244749069213867,-0.04805693402886391,0.6804829239845276,0.5734606981277466,-0.022547751665115356,0.680475652217865,0.4628475308418274,-0.030889056622982025,0.6829187870025635,0.3970726430416107,-0.04310639202594757,0.6833057999610901,0.34316176176071167,-0.053849395364522934,0.7193508744239807,0.5963302254676819,-0.0338999480009079,0.7423984408378601,0.4939509332180023,-0.05516212061047554,0.749374508857727,0.4306763708591461,-0.07682303339242935,0.7543628811836243,0.37398406863212585,-0.09367314726114273,0.7537692189216614,0.6454551815986633,-0.046538446098566055,0.7551848888397217,0.5865023136138916,-0.07328049093484879,0.7351351976394653,0.6148197650909424,-0.07988627254962921,0.7162481546401978,0.6502798199653625,-0.0845165029168129
0.6714985370635986,0.8880853652954102,3.1241518172464566e-07,0.6207588315010071,0.842349112033844,-0.027366487309336662,0.594498336315155,0.7656601667404175,-0.0388692282140255,0.627884030342102,0.7113446593284607,-0.047602005302906036,0.6709561944007874,0.6767810583114624,-0.057007674127817154,0.6169975399971008,0.6174007654190063,-0.020331619307398796,0.6089200973510742,0.5117514133453369,-0.0341845266520977,0.609377384185791,0.44835036993026733,-0.04668094217777252,0.60968416929245,0.39102643728256226,-0.05851229652762413,0.6650939583778381,0.6099184155464172,-0.02827104553580284,0.6637890934944153,0.48976993560791016,-0.041102778166532516,0.6659820079803467,0.41668248176574707,-0.05496327206492424,0.666081964969635,0.35569146275520325,-0.06627599895000458,0.7058501839637756,0.6343282461166382,-0.04062362015247345,0.7282782793045044,0.5254800915718079,-0.06711883842945099,0.7348228693008423,0.4579012989997864,-0.09002610296010971,0.7391946911811829,0.3962900638580322,-0.10662751644849777,0.741871178150177,0.6874592900276184,-0.05439770221710205,0.7385545969009399,0.6240852475166321,-0.08491137623786926,0.7162522673606873,0.6584883332252502,-0.09124157577753067,0.6962041258811951,0.7002601623535156,-0.0949551984667778
0.6533609628677368,0.9405854344367981,3.3545504152243666e-07,0.6010216474533081,0.8933426141738892,-0.027550676837563515,0.5705949068069458,0.8145862221717834,-0.03863123804330826,0.6053587198257446,0.7636013031005859,-0.04666757583618164,0.6551451086997986,0.7338650226593018,-0.05584092438220978,0.5910858511924744,0.6600532531738281,-0.02159440517425537,0.5786166191101074,0.5489546060562134,-0.03603046387434006,0.5778822898864746,0.48227569460868835,-0.04833662509918213,0.577119767665863,0.4218284785747528,-0.06015016511082649,0.6396589875221252,0.6526902914047241,-0.029886296018958092,0.6337680816650391,0.5277204513549805,-0.04424451291561127,0.6338285803794861,0.44986698031425476,-0.05925486236810684,0.632661759853363,0.3840562105178833,-0.07092758268117905,0.6815365552902222,0.6767444014549255,-0.04249870404601097,0.7005036473274231,0.5672319531440735,-0.07209280133247375,0.7059844732284546,0.49374961853027344,-0.09938615560531616,0.7095183730125427,0.4266608655452728,-0.11850607395172119,0.7199035286903381,0.7296997308731079,-0.056234683841466904,0.7111411094665527,0.679423987865448,-0.09191790968179703,0.6878572702407837,0.7222471833229065,-0.10209398716688156,0.6678752303123474,0.7693426012992859,-0.10776205360889435
0.6464770436286926,0.9281755089759827,3.227811191663932e-07,0.5941357612609863,0.8840157389640808,-0.026539573445916176,0.5621985793113708,0.8072991967201233,-0.03873438760638237,0.595698893070221,0.755981981754303,-0.0482947900891304,0.6444114446640015,0.7255731225013733,-0.059360068291425705,0.584464430809021,0.6544240117073059,-0.022566284984350204,0.5734942555427551,0.5465701818466187,-0.037047918885946274,0.5735204219818115,0.4815298318862915,-0.0496722050011158,0.5728918313980103,0.4222588539123535,-0.06196196749806404,0.6325170397758484,0.6470530033111572,-0.031226061284542084,0.6274044513702393,0.5249704122543335,-0.0452367402613163,0.6278470754623413,0.44972652196884155,-0.06005650758743286,0.6261438727378845,0.3855423033237457,-0.07213988900184631,0.674025297164917,0.6707385778427124,-0.04392227157950401,0.6912914514541626,0.5616999268531799,-0.07252340763807297,0.6957371234893799,0.4901873469352722,-0.09859845787286758,0.6984694600105286,0.4253880977630615,-0.11753781139850616,0.7117173671722412,0.7218246459960938,-0.05766887962818146,0.7007086277008057,0.6698394417762756,-0.09283324331045151,0.6769052743911743,0.7110259532928467,-0.10277245938777924,0.6570539474487305,0.756161093711853,-0.10863849520683289
0.6448054313659668,0.9102075099945068,3.297937496427039e-07,0.5930103659629822,0.8646483421325684,-0.025329967960715294,0.5630028247833252,0.7891368865966797,-0.037472181022167206,0.5967596173286438,0.7407359480857849,-0.047253694385290146,0.6440435647964478,0.711557149887085,-0.05886483192443848,0.5845144391059875,0.6443851590156555,-0.022916359826922417,0.5732150673866272,0.5380889773368835,-0.03793942928314209,0.5728703141212463,0.4740143418312073,-0.050840113312006,0.5725585222244263,0.4158356785774231,-0.0631570890545845,0.6318455338478088,0.6368438601493835,-0.0320902019739151,0.6267982125282288,0.517622172832489,-0.04666690155863762,0.6269043684005737,0.44391947984695435,-0.06272662431001663,0.6254122257232666,0.3805418908596039,-0.07571139931678772,0.6726469993591309,0.6601973176002502,-0.04504694044589996,0.6877796649932861,0.5538305640220642,-0.07419290393590927,0.6902298331260681,0.48368000984191895,-0.10124174505472183,0.6921647787094116,0.4197353422641754,-0.12074558436870575,0.7092645168304443,0.7101024985313416,-0.058774299919605255,0.6958000659942627,0.657302737236023,-0.0942588746547699,0.672063410282135,0.6957713961601257,-0.10485310852527618,0.6532951593399048,0.7385150790214539,-0.11117210984230042
0.6658841371536255,0.8937214612960815,3.163488599966513e-07,0.614891529083252,0.8481025695800781,-0.02710166946053505,0.5869274139404297,0.7712098360061646,-0.038755372166633606,0.622001588344574,0.7205697298049927,-0.047588903456926346,0.6684123277664185,0.6909965872764587,-0.05767429992556572,0.6104757189750671,0.6248140335083008,-0.02204260230064392,0.6018788814544678,0.5198851227760315,-0.03652263060212135,0.6022810339927673,0.4567665457725525,-0.04946603253483772,0.6024205088615417,0.39920902252197266,-0.06174277141690254,0.6580039858818054,0.6173888444900513,-0.030064530670642853,0.6560211181640625,0.4986363649368286,-0.04337708652019501,0.6579820513725281,0.4253687858581543,-0.05802929401397705,0.6577643156051636,0.36319124698638916,-0.07004384696483612,0.6982706189155579,0.6414806842803955,-0.042346954345703125,0.7184949517250061,0.5349118113517761,-0.06968162208795547,0.724321722984314,0.466592937707901,-0.09475890547037125,0.7278715372085571,0.40374407172203064,-0.11301694810390472,0.7341279983520508,0.6936036348342896,-0.0558817982673645,0.7290779948234558,0.636352002620697,-0.08841009438037872,0.7062621712684631,0.6726244688034058,-0.09702911227941513,0.685650110244751,0.7141985893249512,-0.10231786221265793
0.6721130013465881,0.8805724382400513,2.993333225731476e-07,0.6220961809158325,0.8355733156204224,-0.02485361509025097,0.594848096370697,0.7607167363166809,-0.035979852080345154,0.6276940107345581,0.7098912000656128,-0.04473843798041344,0.6711686849594116,0.6788099408149719,-0.05456390604376793,0.6184868812561035,0.6155019998550415,-0.019877996295690536,0.609234631061554,0.5112536549568176,-0.0334162674844265,0.6094223856925964,0.44982874393463135,-0.045462798327207565,0.6095637679100037,0.39364030957221985,-0.057025838643312454,0.665153980255127,0.607982873916626,-0.02851923368871212,0.66357421875,0.4897416830062866,-0.04191265255212784,0.6652331352233887,0.4186730980873108,-0.05609668418765068,0.6646396517753601,0.35773563385009766,-0.067534901201725,0.7053341865539551,0.6312762498855591,-0.041166894137859344,0.7259373068809509,0.524254560470581,-0.06846257299184799,0.7314658761024475,0.4566148817539215,-0.09229353815317154,0.7351421117782593,0.39428216218948364,-0.10936124622821808,0.7411531209945679,0.6825987696647644,-0.054783258587121964,0.7364996671676636,0.6213833689689636,-0.08604547381401062,0.712914228439331,0.6565166115760803,-0.09299487620592117,0.6922286748886108,0.6986150741577148,-0.09710906445980072
0.6957281231880188,0.8285924196243286,2.5984644480558927e-07,0.6498900651931763,0.7833420038223267,-0.022653372958302498,0.6272505521774292,0.7090010643005371,-0.03220781683921814,0.6580355763435364,0.6592111587524414,-0.040081433951854706,0.695841908454895,0.6303159594535828,-0.04859493672847748,0.6528701186180115,0.5748546719551086,-0.015655167400836945,0.6458597779273987,0.4772382974624634,-0.0269909780472517,0.6469560861587524,0.419545978307724,-0.03770170733332634,0.6484770178794861,0.3674439787864685,-0.048298656940460205,0.6973021030426025,0.5685722231864929,-0.024172047153115273,0.6997361779212952,0.45710012316703796,-0.03474811837077141,0.7039709091186523,0.39104145765304565,-0.04666714742779732,0.7058413624763489,0.3350785970687866,-0.05681099742650986,0.7352361679077148,0.5918158292770386,-0.03675704076886177,0.7595863938331604,0.4901091456413269,-0.05971230939030647,0.7680863738059998,0.42727193236351013,-0.0806671604514122,0.7742272019386292,0.36962249875068665,-0.09636616706848145,0.7688217163085938,0.6423141360282898,-0.05052373558282852,0.7705411911010742,0.5790128111839294,-0.0764034166932106,0.7471702694892883,0.6072009801864624,-0.0816509798169136,0.7245702743530273,0.644168496131897,-0.08549761772155762
0.6746788024902344,0.8239033222198486,2.472860956004297e-07,0.6265848875045776,0.7800315618515015,-0.02118009887635708,0.6027243733406067,0.7046137452125549,-0.02981916256248951,0.6324984431266785,0.651647686958313,-0.03714640066027641,0.6723819971084595,0.6228146553039551,-0.04551681876182556,0.6259125471115112,0.5768909454345703,-0.011676087975502014,0.6182685494422913,0.48282986879348755,-0.02156609669327736,0.6207857728004456,0.42713993787765503,-0.03196575865149498,0.623590886592865,0.37805530428886414,-0.04244184494018555,0.6698089838027954,0.5705789923667908,-0.019810691475868225,0.6709131002426147,0.4647946059703827,-0.027831703424453735,0.6744605898857117,0.40135398507118225,-0.039221715182065964,0.6762734651565552,0.3489311635494232,-0.04939175397157669,0.7073596119880676,0.5928663015365601,-0.03197488561272621,0.72785484790802,0.49241140484809875,-0.05324287340044975,0.7341569066047668,0.43118202686309814,-0.07428032159805298,0.7395194172859192,0.37741100788116455,-0.09043368697166443,0.7404474020004272,0.6397964954376221,-0.04520798102021217,0.7357897162437439,0.5790778398513794,-0.07180961221456528,0.7126418352127075,0.6076319217681885,-0.07842367887496948,0.6921160221099854,0.6450023651123047,-0.08303991705179214
0.6555400490760803,0.8311931490898132,2.423774390081235e-07,0.6072372198104858,0.7884466648101807,-0.017809242010116577,0.5813592076301575,0.7135598063468933,-0.024497373029589653,0.6070095896720886,0.6618834733963013,-0.030515704303979874,0.6440067887306213,0.6329878568649292,-0.03784492239356041,0.6024395823478699,0.5915659070014954,-0.009401964023709297,0.5937431454658508,0.5011616349220276,-0.01876457966864109,0.5944793224334717,0.4465482234954834,-0.028176704421639442,0.5960829854011536,0.3978216052055359,-0.03801683336496353,0.6443962454795837,0.5834134817123413,-0.018949488177895546,0.6429475545883179,0.48047158122062683,-0.02918357402086258,0.644830584526062,0.41720008850097656,-0.04128725081682205,0.6458498239517212,0.3633660078048706,-0.05129010230302811,0.6811651587486267,0.6026249527931213,-0.03217922896146774,0.6964706182479858,0.5050666928291321,-0.05570928379893303,0.6994393467903137,0.44437187910079956,-0.07781368494033813,0.7026150226593018,0.39027392864227295,-0.09380754083395004,0.7138897180557251,0.6458218693733215,-0.04603881388902664,0.7025966048240662,0.5884268879890442,-0.07422146946191788,0.6784103512763977,0.6186880469322205,-0.0821518674492836,0.6590180397033691,0.6569591760635376,-0.08726223558187485
0.6585339307785034,0.8211585283279419,2.3433959484009392e-07,0.6117672920227051,0.7795796990394592,-0.017587343230843544,0.5863915681838989,0.7054398059844971,-0.024269871413707733,0.6111639142036438,0.6538235545158386,-0.030204810202121735,0.6481648087501526,0.6263158917427063,-0.03748132660984993,0.6092563271522522,0.5844234228134155,-0.009552829898893833,0.6006682515144348,0.4956488013267517,-0.018556205555796623,0.6014925837516785,0.442018985748291,-0.027591731399297714,0.6034532189369202,0.39429888129234314,-0.037129078060388565,0.6510940790176392,0.5774335265159607,-0.019053839147090912,0.650553822517395,0.47572845220565796,-0.028900133445858955,0.6531945466995239,0.413679838180542,-0.04053594544529915,0.6552625894546509,0.36097848415374756,-0.05017203837633133,0.687401533126831,0.5973370671272278,-0.03214256837964058,0.7028881311416626,0.5003220438957214,-0.0553378164768219,0.7059985995292664,0.4409051239490509,-0.07689420133829117,0.709791362285614,0.3874357342720032,-0.0924924686551094,0.7195765376091003,0.6408447027206421,-0.045790284872055054,0.7079792618751526,0.5835074782371521,-0.0736774131655693,0.6839781999588013,0.6142237782478333,-0.0812690258026123,0.6650899052619934,0.6522040963172913,-0.08610448241233826
0.6541709303855896,0.8268309235572815,2.350630268210807e-07,0.6067872047424316,0.7844842672348022,-0.017098721116781235,0.5816828012466431,0.710429847240448,-0.02373979054391384,0.6061928272247314,0.6586995720863342,-0.02979828603565693,0.6420750617980957,0.6301587224006653,-0.037228845059871674,0.6023797988891602,0.5899533629417419,-0.009990463964641094,0.5936039686203003,0.5006372332572937,-0.019480036571621895,0.5943731069564819,0.4464779794216156,-0.02878967486321926,0.5961847305297852,0.3981775641441345,-0.03846711292862892,0.6440623998641968,0.582105278968811,-0.019663400948047638,0.6426976919174194,0.4801291823387146,-0.02979351580142975,0.6450054049491882,0.41715502738952637,-0.0418543703854084,0.6465429067611694,0.36330658197402954,-0.05182879790663719,0.6806357502937317,0.6015723347663879,-0.03283494710922241,0.6949475407600403,0.5050815343856812,-0.056122615933418274,0.6977763175964355,0.4447052478790283,-0.07841771095991135,0.7009351253509521,0.3907887935638428,-0.09457273036241531,0.7131419777870178,0.6445399522781372,-0.04651759937405586,0.7004997730255127,0.5885035991668701,-0.07471422851085663,0.6746916174888611,0.6169843673706055,-0.08334612101316452,0.6537148356437683,0.6535152196884155,-0.08894564211368561
0.6601662039756775,0.8191571235656738,2.3469858945190936e-07,0.6130812168121338,0.7769404649734497,-0.017719212919473648,0.5884197354316711,0.7035351991653442,-0.024878671392798424,0.6120328307151794,0.6517172455787659,-0.031359825283288956,0.6476315855979919,0.6227408051490784,-0.039210498332977295,0.6095156669616699,0.584269642829895,-0.01041348371654749,0.6015385389328003,0.4950138330459595,-0.019638672471046448,0.6025102138519287,0.4415264427661896,-0.02890789322555065,0.604846715927124,0.3940584063529968,-0.038621436804533005,0.6515865921974182,0.5766016244888306,-0.019846055656671524,0.65074622631073,0.47478756308555603,-0.029242724180221558,0.652999222278595,0.4125175476074219,-0.04135674610733986,0.6547073721885681,0.35988831520080566,-0.05170891806483269,0.6882461905479431,0.5960251688957214,-0.032803602516651154,0.7034071087837219,0.49866199493408203,-0.05536270886659622,0.7062327861785889,0.43870705366134644,-0.07771377265453339,0.70955491065979,0.3857279419898987,-0.09436842054128647,0.7205954790115356,0.6387047171592712,-0.04632133990526199,0.7081619501113892,0.5825774073600769,-0.07433076202869415,0.6832196116447449,0.6101464033126831,-0.08320063352584839,0.6631847023963928,0.6456974744796753,-0.08918514847755432
0.6736012697219849,0.8006715774536133,2.2624112716584932e-07,0.6282806992530823,0.7584940195083618,-0.018183697015047073,0.60547935962677,0.6852550506591797,-0.02549145184457302,0.6305529475212097,0.6337685585021973,-0.0320107638835907,0.6673915386199951,0.6065953969955444,-0.039770957082509995,0.6284816861152649,0.5694709420204163,-0.01000843197107315,0.6212199330329895,0.4824178218841553,-0.018960945308208466,0.622791051864624,0.43019503355026245,-0.028264502063393593,0.6257137656211853,0.38389891386032104,-0.03790847212076187,0.6700640320777893,0.5623250007629395,-0.01893613487482071,0.6706713438034058,0.4622572362422943,-0.02726348116993904,0.6739285588264465,0.40152209997177124,-0.038549695163965225,0.6765629053115845,0.3506834805011749,-0.04836445674300194,0.7059955596923828,0.5824984908103943,-0.03142903000116348,0.7220916152000427,0.48615822196006775,-0.052615441381931305,0.7261297702789307,0.427611768245697,-0.07340730726718903,0.7309755086898804,0.37609848380088806,-0.08908829838037491,0.7371094822883606,0.6257284283638,-0.044635165482759476,0.7273614406585693,0.5689136981964111,-0.07108215987682343,0.7048625946044922,0.596039891242981,-0.07836500555276871,0.6871871948242188,0.6313802003860474,-0.08327546715736389
0.6688441634178162,0.7911775708198547,2.1760192225883657e-07,0.6237558722496033,0.7520367503166199,-0.01961316168308258,0.6021373271942139,0.6802400946617126,-0.0273741427809,0.6261680722236633,0.6265273094177246,-0.03415187448263168,0.6609835028648376,0.5976748466491699,-0.042011991143226624,0.6260011792182922,0.56638503074646,-0.010335412807762623,0.61970055103302,0.4827974736690521,-0.018978556618094444,0.62176913022995,0.43214112520217896,-0.028428146615624428,0.6249489188194275,0.3876796066761017,-0.0382804237306118,0.6668210625648499,0.5608356595039368,-0.018182318657636642,0.6690312027931213,0.4641725420951843,-0.025862084701657295,0.6723171472549438,0.40622806549072266,-0.03726356849074364,0.6749836802482605,0.357538104057312,-0.047427378594875336,0.7013092041015625,0.5811391472816467,-0.029702182859182358,0.71781986951828,0.4873847961425781,-0.049819450825452805,0.7202550172805786,0.4298880994319916,-0.07080525159835815,0.7236931920051575,0.37939077615737915,-0.08701182901859283,0.7314120531082153,0.6233801245689392,-0.042162831872701645,0.7233152985572815,0.56770920753479,-0.06763327121734619,0.7006736993789673,0.5914492607116699,-0.07585600018501282,0.6821730136871338,0.6240599751472473,-0.08179987221956253
0.67156583070755,0.792598307132721,2.177939677494578e-07,0.6258807182312012,0.7523115873336792,-0.01780008338391781,0.6045578122138977,0.6796959638595581,-0.02440454065799713,0.6292834877967834,0.6261565685272217,-0.030222365632653236,0.664655327796936,0.5981173515319824,-0.03712492808699608,0.6278204321861267,0.566703736782074,-0.008082486689090729,0.6212543249130249,0.4820271134376526,-0.015791412442922592,0.6225449442863464,0.43117716908454895,-0.024218574166297913,0.6248018145561218,0.3865698277950287,-0.03329430893063545,0.6683251857757568,0.5606776475906372,-0.01640099659562111,0.6700949668884277,0.4626781940460205,-0.02440035343170166,0.6727780699729919,0.40370118618011475,-0.035127174109220505,0.6747774481773376,0.35497114062309265,-0.04420586675405502,0.7028598785400391,0.5804798007011414,-0.028232241049408913,0.7196323871612549,0.485085666179657,-0.04868404194712639,0.7225240468978882,0.4271999001502991,-0.06880374997854233,0.7262754440307617,0.37681061029434204,-0.08381921052932739,0.732984721660614,0.6224985122680664,-0.04078502580523491,0.7239067554473877,0.5670750141143799,-0.06615295261144638,0.7016311287879944,0.5921404361724854,-0.07336769998073578,0.6842249035835266,0.6261396408081055,-0.07815951853990555
0.669762134552002,0.7956140041351318,2.20252033500401e-07,0.623893141746521,0.7559041380882263,-0.018809478729963303,0.6018547415733337,0.6843178272247314,-0.026217801496386528,0.625626802444458,0.6306532025337219,-0.032701440155506134,0.6611856818199158,0.6010169982910156,-0.040198031812906265,0.625182569026947,0.5693955421447754,-0.009474141523241997,0.618191659450531,0.4842619299888611,-0.017956480383872986,0.6190999746322632,0.43282291293144226,-0.026939282193779945,0.6212926506996155,0.38745173811912537,-0.03643476217985153,0.6655905842781067,0.5633013248443604,-0.01770627312362194,0.666438102722168,0.46485239267349243,-0.026209328323602676,0.6691633462905884,0.40510791540145874,-0.03750172257423401,0.6714059114456177,0.35562050342559814,-0.0472191758453846,0.7002633810043335,0.5830553770065308,-0.02956804633140564,0.7160608172416687,0.48756498098373413,-0.050656288862228394,0.7185994386672974,0.4293879270553589,-0.07137774676084518,0.7221718430519104,0.37891682982444763,-0.08692530542612076,0.7305691242218018,0.6248593926429749,-0.042228590697050095,0.7205401062965393,0.5682705640792847,-0.06825156509876251,0.6979408264160156,0.5934445858001709,-0.07600846886634827,0.6802941560745239,0.6277372241020203,-0.08128774166107178
0.6684485673904419,0.7986986041069031,2.318880660823197e-07,0.6220473051071167,0.7585986256599426,-0.018082404509186745,0.5993015170097351,0.6873246431350708,-0.02531561069190502,0.6227110028266907,0.634319543838501,-0.0316447988152504,0.658423662185669,0.6052205562591553,-0.0391615629196167,0.6214888095855713,0.5716828107833862,-0.009008293971419334,0.6154994368553162,0.48549291491508484,-0.01749119721353054,0.6172212362289429,0.4336315393447876,-0.026339812204241753,0.6198790669441223,0.3875788450241089,-0.03570576757192612,0.6622336506843567,0.565504789352417,-0.017710546031594276,0.6629846692085266,0.46627819538116455,-0.02701515331864357,0.6660380959510803,0.4060494899749756,-0.0386006236076355,0.668181836605072,0.3554574251174927,-0.04825398325920105,0.6973456740379333,0.5844703316688538,-0.029940076172351837,0.712273120880127,0.488603800535202,-0.05205737054347992,0.7147740721702576,0.4304138720035553,-0.07285112142562866,0.7183471322059631,0.3792109489440918,-0.08810309320688248,0.7283684015274048,0.6253063082695007,-0.042807843536138535,0.7153346538543701,0.5685059428215027,-0.06960237771272659,0.6932817101478577,0.5973181128501892,-0.07695013284683228,0.6774119734764099,0.6343498229980469,-0.08164352923631668
0.6680695414543152,0.7994905114173889,2.2983212488725258e-07,0.6214572787284851,0.7586650252342224,-0.018749600276350975,0.5985257029533386,0.687556266784668,-0.02665264718234539,0.6213599443435669,0.6349830627441406,-0.033639732748270035,0.656166136264801,0.6046916842460632,-0.04188907891511917,0.6220642328262329,0.571243941783905,-0.010829285718500614,0.6166344881057739,0.48503416776657104,-0.020355209708213806,0.6190131306648254,0.4331105947494507,-0.030101150274276733,0.6223974823951721,0.3868752419948578,-0.040087681263685226,0.663034975528717,0.5650447010993958,-0.019561035558581352,0.663661777973175,0.46650514006614685,-0.028971433639526367,0.666620671749115,0.406185507774353,-0.041295602917671204,0.6689303517341614,0.3549744784832001,-0.05178682878613472,0.6981792449951172,0.5847407579421997,-0.03185020014643669,0.7127084732055664,0.48948100209236145,-0.05410471558570862,0.7146393060684204,0.43058961629867554,-0.07602647691965103,0.71773362159729,0.3786582946777344,-0.0924266129732132,0.7290237545967102,0.6262676119804382,-0.044818490743637085,0.7161532640457153,0.5715948939323425,-0.07267488539218903,0.6920896172523499,0.5977878570556641,-0.08164557814598083,0.6735588908195496,0.6320868730545044,-0.0875929743051529
0.665249764919281,0.8030409812927246,2.3543728389086027e-07,0.6175429224967957,0.7622815370559692,-0.018138062208890915,0.5934115648269653,0.6907105445861816,-0.025719935074448586,0.6161420345306396,0.638293981552124,-0.03256235644221306,0.6507883071899414,0.6087198853492737,-0.040783368051052094,0.6165921092033386,0.5744497776031494,-0.009866948239505291,0.610957145690918,0.4883638322353363,-0.01940784603357315,0.6133385896682739,0.4358450770378113,-0.029225802049040794,0.6165456175804138,0.3887820541858673,-0.03933899849653244,0.6573593020439148,0.5682597756385803,-0.019121577963232994,0.6577920317649841,0.4695259928703308,-0.029020117595791817,0.6611460447311401,0.40802568197250366,-0.04141930490732193,0.6634979248046875,0.3554636240005493,-0.051863521337509155,0.6926061511039734,0.5874147415161133,-0.03199591487646103,0.706821084022522,0.49164795875549316,-0.05524466559290886,0.7091836333274841,0.43188679218292236,-0.077481210231781,0.7124455571174622,0.37884560227394104,-0.0938192754983902,0.7238659858703613,0.6282072067260742,-0.04547730088233948,0.7092970609664917,0.572048544883728,-0.0742468386888504,0.6843670606613159,0.6002365350723267,-0.08332105726003647,0.6652425527572632,0.6363829374313354,-0.08922281861305237
0.6649417877197266,0.8067018389701843,2.3536151161351881e-07,0.6177834272384644,0.7664569616317749,-0.018634723499417305,0.5935018658638,0.6938825249671936,-0.026417335495352745,0.6170431971549988,0.6405516266822815,-0.03333967924118042,0.6534543037414551,0.611129105091095,-0.041676800698041916,0.6154627203941345,0.5773255825042725,-0.010749626904726028,0.6087250709533691,0.49041053652763367,-0.02049311250448227,0.610967755317688,0.4376940131187439,-0.03049059398472309,0.6144447922706604,0.39063137769699097,-0.04069659858942032,0.6565834283828735,0.5700664520263672,-0.019823426380753517,0.6560898423194885,0.4703787565231323,-0.029513340443372726,0.6587907075881958,0.40875476598739624,-0.0421782061457634,0.6611083745956421,0.3561105728149414,-0.05286982282996178,0.6922830939292908,0.5890147686004639,-0.032470088452100754,0.7050407528877258,0.4917958676815033,-0.05568944290280342,0.7065014839172363,0.43203383684158325,-0.07839404046535492,0.7096165418624878,0.3790348768234253,-0.09513291716575623,0.7236716747283936,0.6299815773963928,-0.045721519738435745,0.7082619667053223,0.5745096802711487,-0.07504107058048248,0.6839613318443298,0.6031026840209961,-0.08460994809865952,0.6659080982208252,0.6393993496894836,-0.09076504409313202
0.6660734415054321,0.8087839484214783,2.397040361756808e-07,0.6182988286018372,0.7680964469909668,-0.018167078495025635,0.5933016538619995,0.6953049898147583,-0.025561099871993065,0.616584300994873,0.6421563625335693,-0.03228520601987839,0.6531250476837158,0.6130057573318481,-0.04035966098308563,0.6155819892883301,0.577315092086792,-0.009761940687894821,0.6087830662727356,0.489995539188385,-0.01929270103573799,0.6109530925750732,0.4370119273662567,-0.02908208966255188,0.6142449975013733,0.389987975358963,-0.03915109857916832,0.6565484404563904,0.5698521733283997,-0.019180158153176308,0.6554677486419678,0.4694896936416626,-0.02843642048537731,0.6579659581184387,0.40729010105133057,-0.040647201240062714,0.6602248549461365,0.3549348711967468,-0.05106160044670105,0.6923688650131226,0.5891326665878296,-0.032268401235342026,0.7057495713233948,0.49189504981040955,-0.05492158234119415,0.7070493698120117,0.4318491220474243,-0.07728341966867447,0.7100088000297546,0.3791091740131378,-0.09390538185834885,0.7240924835205078,0.6307729482650757,-0.0460129976272583,0.7093721032142639,0.5753819346427917,-0.07459785789251328,0.6845273375511169,0.6031335592269897,-0.08390016108751297,0.6657636761665344,0.638656735420227,-0.09004032611846924
0.6656363606452942,0.808326780796051,2.3688536998633936e-07,0.6188142895698547,0.7680902481079102,-0.018561337143182755,0.594396710395813,0.6968790292739868,-0.026511935517191887,0.6158583760261536,0.6439272165298462,-0.033705078065395355,0.6499325633049011,0.6122865676879883,-0.04225317761301994,0.6155365705490112,0.5769262313842773,-0.010862324386835098,0.6090948581695557,0.48969340324401855,-0.02111293002963066,0.6118151545524597,0.4367399215698242,-0.03143662214279175,0.6159073114395142,0.3895185589790344,-0.0417819619178772,0.6565106511116028,0.5699436068534851,-0.020141948014497757,0.6551077365875244,0.4700261354446411,-0.030282091349363327,0.6580337285995483,0.40830743312835693,-0.0431099571287632,0.6609014868736267,0.35576683282852173,-0.05390561744570732,0.6922217011451721,0.5893058776855469,-0.03305283188819885,0.7049040198326111,0.492717981338501,-0.05628913640975952,0.7060055732727051,0.4329506456851959,-0.07888821512460709,0.7088751196861267,0.3799365162849426,-0.09564507752656937,0.7239450812339783,0.6305584907531738,-0.04661944881081581,0.708994448184967,0.5753526091575623,-0.07554052770137787,0.6839154362678528,0.6024580001831055,-0.08513699471950531,0.6649035811424255,0.6371452212333679,-0.09145648777484894
0.663828432559967,0.8090944290161133,2.3983196228982706e-07,0.6165289282798767,0.7690767049789429,-0.018081601709127426,0.5916004776954651,0.6964556574821472,-0.025459041818976402,0.614403247833252,0.6433272957801819,-0.03208698704838753,0.6504803895950317,0.6145076751708984,-0.040181148797273636,0.6141923666000366,0.5773909687995911,-0.010147124528884888,0.6076298952102661,0.4903818964958191,-0.019827719777822495,0.6102322340011597,0.4374803304672241,-0.029738545417785645,0.6138611435890198,0.39024263620376587,-0.03982069343328476,0.6552908420562744,0.5706524848937988,-0.0194398146122694,0.6544498205184937,0.47083908319473267,-0.029330894351005554,0.6575993299484253,0.40914636850357056,-0.04179777204990387,0.6603223085403442,0.35652956366539,-0.05218840017914772,0.6910035014152527,0.5899752974510193,-0.03228534758090973,0.7036874294281006,0.4932948350906372,-0.05528376251459122,0.7049458622932434,0.4337031841278076,-0.07746708393096924,0.7078020572662354,0.38074159622192383,-0.09371445327997208,0.7225886583328247,0.6313743591308594,-0.045752592384815216,0.707746684551239,0.5748389363288879,-0.07410099357366562,0.6839009523391724,0.6032638549804688,-0.08293230831623077,0.6663286685943604,0.6393290162086487,-0.08861180394887924
0.6641918420791626,0.8088494539260864,2.471540199167066e-07,0.6165317893028259,0.7688543796539307,-0.019336627796292305,0.590721070766449,0.6967575550079346,-0.027594827115535736,0.614868700504303,0.6443048715591431,-0.03478400036692619,0.6530315279960632,0.6166015863418579,-0.04354275017976761,0.6140329241752625,0.5785406231880188,-0.012359945103526115,0.6076231598854065,0.49108850955963135,-0.022685471922159195,0.6101451516151428,0.43809062242507935,-0.03310428559780121,0.613457977771759,0.3904673457145691,-0.043501146137714386,0.6551256775856018,0.5713834762573242,-0.021131981164216995,0.6542819142341614,0.4714672565460205,-0.031100543215870857,0.6566869616508484,0.40975022315979004,-0.04389149323105812,0.6583541035652161,0.35642728209495544,-0.05464180186390877,0.6907721161842346,0.5903849601745605,-0.03343473747372627,0.7033839225769043,0.49349960684776306,-0.05662025511264801,0.7045060992240906,0.4338221549987793,-0.07914342731237411,0.7070566415786743,0.3804805278778076,-0.09571262449026108,0.7221804857254028,0.6315240263938904,-0.04641503095626831,0.7075425386428833,0.575543999671936,-0.0751851424574852,0.6846417188644409,0.6052313446998596,-0.08406662195920944,0.6679165959358215,0.6422510743141174,-0.08976677805185318
0.3166119456291199,0.7033229470252991,2.862597341390938e-07,0.36551952362060547,0.6914020776748657,0.008275211788713932,0.3995463252067566,0.6549173593521118,0.012979459948837757,0.42563503980636597,0.6234377026557922,0.013379070907831192,0.43185707926750183,0.5874755382537842,0.014187142252922058,0.37865108251571655,0.5576381683349609,0.02246544323861599,0.4031639099121094,0.5102668404579163,0.025913897901773453,0.41876330971717834,0.48156076669692993,0.026784049347043037,0.43068554997444153,0.45956072211265564,0.026272201910614967,0.3623950481414795,0.5454990863800049,0.009366326034069061,0.37774428725242615,0.46940821409225464,0.007833127863705158,0.39164942502975464,0.4251568615436554,0.005597868002951145,0.4022325277328491,0.39325207471847534,0.004451691173017025,0.348158597946167,0.5489993691444397,-0.005284191574901342,0.3733002245426178,0.4777117967605591,-0.016012223437428474,0.3922877907752991,0.43726128339767456,-0.02692544087767601,0.4040449261665344,0.4086894989013672,-0.03386995941400528,0.3402577042579651,0.5680334568023682,-0.018903082236647606,0.38567596673965454,0.5374835729598999,-0.02964259684085846,0.4089522063732147,0.5489779710769653,-0.033035628497600555,0.4225524961948395,0.5691574811935425,-0.0350210927426815
0.4142300486564636,0.5611834526062012,4.975642013960169e-07,0.4508844017982483,0.5375596284866333,-0.0453643761575222,0.4606328308582306,0.4733697474002838,-0.061754364520311356,0.433719664812088,0.4112251400947571,-0.07110767066478729,0.4028286635875702,0.3626819849014282,-0.08006295561790466,0.48747363686561584,0.35351935029029846,-0.031144484877586365,0.49706223607063293,0.2638406455516815,-0.04609360173344612,0.5016788244247437,0.20892375707626343,-0.06048642098903656,0.5041807889938354,0.15965388715267181,-0.07198712229728699,0.45500636100769043,0.3405623733997345,-0.022646304219961166,0.4651445150375366,0.24535639584064484,-0.03473767638206482,0.47049087285995483,0.1876850426197052,-0.05107683688402176,0.47589534521102905,0.13744762539863586,-0.06273746490478516,0.4210231900215149,0.35146641731262207,-0.01884690299630165,0.4213256239891052,0.26585209369659424,-0.041838131844997406,0.42369458079338074,0.20837529003620148,-0.06662184000015259,0.427493155002594,0.15952414274215698,-0.0832042247056961,0.3907901346683502,0.3792527914047241,-0.018083099275827408,0.3898339569568634,0.34216779470443726,-0.047276340425014496,0.3952100872993469,0.3686138689517975,-0.05959581211209297,0.39951860904693604,0.39951208233833313,-0.065609410405159
0.39613428711891174,0.5675997734069824,5.082521852273203e-07,0.43142545223236084,0.5331352353096008,-0.04515617713332176,0.4366079866886139,0.46885359287261963,-0.05958748981356621,0.4025150239467621,0.4077071249485016,-0.06662890315055847,0.3647923469543457,0.3683377504348755,-0.07222945988178253,0.4530084729194641,0.3422200679779053,-0.029331563040614128,0.45791247487068176,0.24772608280181885,-0.0442982092499733,0.4584173262119293,0.19054944813251495,-0.0589190348982811,0.4576941430568695,0.13799697160720825,-0.07073280960321426,0.4187166392803192,0.3320654332637787,-0.02134251408278942,0.42610418796539307,0.23047895729541779,-0.03321550786495209,0.4301144480705261,0.1688467413187027,-0.049240343272686005,0.434215247631073,0.11458155512809753,-0.06102373078465462,0.3847545385360718,0.3478410840034485,-0.01846040040254593,0.3760857582092285,0.2619001269340515,-0.03899174928665161,0.3741755485534668,0.20086398720741272,-0.062144968658685684,0.3741256892681122,0.1477627009153366,-0.07779811322689056,0.35598891973495483,0.38367629051208496,-0.01909247413277626,0.35092952847480774,0.33602631092071533,-0.04080122709274292,0.358954519033432,0.35161009430885315,-0.04903308302164078,0.36568546295166016,0.3765077292919159,-0.05355115979909897
0.3632768988609314,0.6534830331802368,5.676774321727862e-07,0.399761825799942,0.6222220659255981,-0.04046172648668289,0.4062129557132721,0.5582606792449951,-0.05485540255904198,0.36837655305862427,0.5035030841827393,-0.06360633671283722,0.32752108573913574,0.4669225215911865,-0.07179055362939835,0.41766947507858276,0.4257620573043823,-0.027159349992871284,0.4274684190750122,0.33232051134109497,-0.04220813885331154,0.4330790638923645,0.2754914462566376,-0.05547275021672249,0.4360355734825134,0.2242889404296875,-0.06622874736785889,0.3810986578464508,0.41800594329833984,-0.021910956129431725,0.3885723948478699,0.31619733572006226,-0.035441622138023376,0.3930908441543579,0.2547665238380432,-0.05089695006608963,0.39741066098213196,0.2022523134946823,-0.06134136766195297,0.3473058342933655,0.4382826089859009,-0.021283810958266258,0.33164167404174805,0.3513311743736267,-0.04571598768234253,0.3237292468547821,0.29351118206977844,-0.0695309266448021,0.32011860609054565,0.24386882781982422,-0.08459251374006271,0.3203585147857666,0.47783908247947693,-0.023376857861876488,0.3123598098754883,0.43702778220176697,-0.05219618231058121,0.3203713893890381,0.46067073941230774,-0.06325079500675201,0.3292297124862671,0.48914650082588196,-0.06807518750429153
0.3983379900455475,0.726372480392456,2.5100413836298685e-07,0.43570607900619507,0.7115286588668823,-0.025439292192459106,0.45604872703552246,0.6617010831832886,-0.03437863662838936,0.443088561296463,0.6135444641113281,-0.03980281576514244,0.41814032196998596,0.5765720009803772,-0.0460762083530426,0.46786198019981384,0.5626235604286194,-0.02114083617925644,0.46998122334480286,0.49035879969596863,-0.032975196838378906,0.46784883737564087,0.44541090726852417,-0.043880753219127655,0.4632439613342285,0.40259891748428345,-0.05264800041913986,0.4415484666824341,0.5509316325187683,-0.021023696288466454,0.44486215710639954,0.4732537269592285,-0.03125724196434021,0.44282764196395874,0.42295315861701965,-0.04464865103363991,0.440672367811203,0.3751131594181061,-0.0545450858771801,0.41341784596443176,0.558690071105957,-0.023254718631505966,0.420564740896225,0.49586695432662964,-0.0424722321331501,0.42530372738838196,0.4489385485649109,-0.060638051480054855,0.428108811378479,0.40252307057380676,-0.07289989292621613,0.38508716225624084,0.5803061723709106,-0.026901626959443092,0.3971292972564697,0.5518196821212769,-0.04979920759797096,0.4068731665611267,0.5737511515617371,-0.05655943229794502,0.41255423426628113,0.597680389881134,-0.05927388370037079
0.4010860323905945,0.7314151525497437,2.28445287575596e-07,0.4376647174358368,0.7128579616546631,-0.025130661204457283,0.4570239782333374,0.6598967909812927,-0.032645244151353836,0.4453588128089905,0.6086978912353516,-0.03671004995703697,0.4234747290611267,0.5682849884033203,-0.04109567403793335,0.47211554646492004,0.5698774456977844,-0.015612768009305,0.4752417802810669,0.4983918070793152,-0.025815680623054504,0.4739302098751068,0.45456722378730774,-0.03619251772761345,0.47050589323043823,0.41326624155044556,-0.04456055909395218,0.4470381736755371,0.5584633350372314,-0.01461001019924879,0.4518176317214966,0.4820999801158905,-0.023720234632492065,0.4521251618862152,0.4330604076385498,-0.03631559759378433,0.4516780376434326,0.387182354927063,-0.04566202685236931,0.419650137424469,0.5644620656967163,-0.01643536612391472,0.42717117071151733,0.5001959800720215,-0.03516644611954689,0.4336547553539276,0.4557649791240692,-0.052162524312734604,0.4371682107448578,0.4120945334434509,-0.06308230757713318,0.39188352227211,0.5831227898597717,-0.019710546359419823,0.4064594805240631,0.543979823589325,-0.041426192969083786,0.4155866503715515,0.5657787919044495,-0.046988289803266525,0.41887167096138,0.5913384556770325,-0.04875006899237633
0.4227462708950043,0.7348628044128418,3.355191324772022e-07,0.4634743332862854,0.727214515209198,-0.02238275296986103,0.49289923906326294,0.6795467734336853,-0.027864884585142136,0.4844030439853668,0.6255382895469666,-0.030009614303708076,0.4630545377731323,0.5851001739501953,-0.03262192755937576,0.5070933699607849,0.5861212015151978,-0.016592638567090034,0.532943844795227,0.5219324827194214,-0.024026183411478996,0.547152578830719,0.47975313663482666,-0.030823061242699623,0.5564060211181641,0.4421578049659729,-0.03661412000656128,0.4777750074863434,0.569503128528595,-0.01610504649579525,0.48692092299461365,0.49232953786849976,-0.021985722705721855,0.49058398604393005,0.4437754154205322,-0.03166331350803375,0.4935493469238281,0.40357843041419983,-0.03924769535660744,0.44858598709106445,0.5738057494163513,-0.017867520451545715,0.4546828866004944,0.5028553009033203,-0.03477756306529045,0.45854905247688293,0.45200061798095703,-0.05209267884492874,0.45988234877586365,0.4069265127182007,-0.06375192105770111,0.42032626271247864,0.5931172370910645,-0.020623894408345222,0.43723681569099426,0.5556840300559998,-0.041276127099990845,0.4469442069530487,0.5763166546821594,-0.04780542477965355,0.4496314823627472,0.602526068687439,-0.05049991235136986
0.4244062602519989,0.7311155200004578,3.4509031365814735e-07,0.4646405875682831,0.7237259745597839,-0.020407985895872116,0.49296560883522034,0.6763148903846741,-0.02634289674460888,0.4871551990509033,0.6227967143058777,-0.029690425843000412,0.4666552245616913,0.5823228359222412,-0.03371348977088928,0.5078310370445251,0.5850571393966675,-0.016996223479509354,0.5352692008018494,0.5219818353652954,-0.02491123601794243,0.5507590770721436,0.48103976249694824,-0.03175296634435654,0.5607050061225891,0.444574236869812,-0.03758639097213745,0.47864171862602234,0.5680986642837524,-0.017376499250531197,0.4866907000541687,0.49193745851516724,-0.024257773533463478,0.4892340302467346,0.44366350769996643,-0.03446778282523155,0.4911152720451355,0.4037688374519348,-0.04236477613449097,0.45004451274871826,0.5726196765899658,-0.019644465297460556,0.4541800916194916,0.5017403960227966,-0.036522671580314636,0.45715129375457764,0.4502139091491699,-0.05364798754453659,0.4580029845237732,0.40563103556632996,-0.0652909129858017,0.4228559136390686,0.5915961265563965,-0.022716099396348,0.4396304488182068,0.556546688079834,-0.04311497509479523,0.45245346426963806,0.5735915303230286,-0.05030098930001259,0.45892295241355896,0.5963166356086731,-0.05355995520949364
0.41638457775115967,0.7358668446540833,2.460408552451554e-07,0.4538972079753876,0.7256608605384827,-0.025623509660363197,0.48016977310180664,0.6759384274482727,-0.03306884318590164,0.4742441773414612,0.620395302772522,-0.036876097321510315,0.4543686509132385,0.5766646862030029,-0.04080256074666977,0.49851104617118835,0.5880703926086426,-0.015389860607683659,0.511656641960144,0.5189902782440186,-0.025280164554715157,0.5158833861351013,0.4762957990169525,-0.03498544543981552,0.5168082118034363,0.43804848194122314,-0.042575109750032425,0.47476714849472046,0.5722987651824951,-0.013782934285700321,0.4878856837749481,0.499068021774292,-0.021769827231764793,0.49294140934944153,0.45141303539276123,-0.03320081904530525,0.4960140585899353,0.40917181968688965,-0.04170648381114006,0.4473826289176941,0.5735681653022766,-0.015192899852991104,0.46159330010414124,0.5087056756019592,-0.033010657876729965,0.4706628918647766,0.4654409885406494,-0.04983038455247879,0.47593963146209717,0.4244235157966614,-0.060835495591163635,0.41826131939888,0.5873504281044006,-0.018091555684804916,0.4369739592075348,0.551943302154541,-0.03997384384274483,0.4450724720954895,0.5738667249679565,-0.04647640883922577,0.4461478292942047,0.5989587306976318,-0.048839021474123
0.3853842616081238,0.7539727091789246,4.158527815434354e-07,0.42352890968322754,0.7417211532592773,-0.02815559320151806,0.4426195025444031,0.6933873295783997,-0.03826338052749634,0.428192675113678,0.6383416056632996,-0.04407291114330292,0.4083734154701233,0.5988644361495972,-0.049701422452926636,0.4655025005340576,0.6061151027679443,-0.02179698459804058,0.4898377060890198,0.5396087169647217,-0.031965434551239014,0.5034465789794922,0.4980217516422272,-0.040652498602867126,0.5127190947532654,0.45967644453048706,-0.047287050634622574,0.4398951232433319,0.5900025367736816,-0.018683673813939095,0.46225038170814514,0.5140045285224915,-0.027417419478297234,0.47491180896759033,0.4674772024154663,-0.03738436475396156,0.4848852753639221,0.4270467162132263,-0.04410092532634735,0.4118446409702301,0.5908564329147339,-0.018281690776348114,0.41883790493011475,0.5195399522781372,-0.03573417291045189,0.42653894424438477,0.47262629866600037,-0.05169262737035751,0.43250763416290283,0.4319857954978943,-0.06190863624215126,0.3833071291446686,0.6046579480171204,-0.019606465473771095,0.3954941928386688,0.5658708214759827,-0.03973831608891487,0.4018796682357788,0.5918475389480591,-0.0444897785782814,0.4040858745574951,0.6230095028877258,-0.0456724539399147
0.3448556065559387,0.7193557620048523,4.3726043941205717e-07,0.380827397108078,0.715660810470581,-0.03148612380027771,0.40282464027404785,0.675022542476654,-0.043908342719078064,0.38748982548713684,0.6219262480735779,-0.05147913470864296,0.3682454824447632,0.579384446144104,-0.059148162603378296,0.43494269251823425,0.5823065042495728,-0.026253290474414825,0.4580298960208893,0.5147735476493835,-0.038792435079813004,0.4718478322029114,0.4719659090042114,-0.04905720055103302,0.48199978470802307,0.4324353039264679,-0.05665520951151848,0.41184353828430176,0.5624443292617798,-0.02210541069507599,0.4396909773349762,0.4922481179237366,-0.03276190906763077,0.456997811794281,0.44706299901008606,-0.04372916370630264,0.47206759452819824,0.40753304958343506,-0.05056986212730408,0.3846104145050049,0.5587531924247742,-0.020975062623620033,0.3990009129047394,0.49269914627075195,-0.039768170565366745,0.4115971624851227,0.44813063740730286,-0.057222023606300354,0.4242849349975586,0.40908336639404297,-0.06831704825162888,0.35555434226989746,0.5676987767219543,-0.021862976253032684,0.3625715672969818,0.5431620478630066,-0.04448269307613373,0.36069634556770325,0.5715699791908264,-0.05138474702835083,0.35822999477386475,0.601313054561615,-0.053600262850522995
0.33068186044692993,0.5977874994277954,5.70345889627788e-07,0.3621789515018463,0.5959107875823975,-0.03943900391459465,0.3809238076210022,0.5555363297462463,-0.0553445965051651,0.3685552179813385,0.49496838450431824,-0.06510207056999207,0.3517013192176819,0.4443267285823822,-0.07448999583721161,0.42907798290252686,0.47713494300842285,-0.03243360295891762,0.46897631883621216,0.4213124215602875,-0.04643293842673302,0.49290022253990173,0.38637787103652954,-0.0577520988881588,0.5121738910675049,0.3537559509277344,-0.06644874066114426,0.40585067868232727,0.4503600597381592,-0.02467578835785389,0.4381842315196991,0.37964972853660583,-0.03779904171824455,0.4567587077617645,0.33373165130615234,-0.05167866125702858,0.47151419520378113,0.29535579681396484,-0.060738515108823776,0.37856006622314453,0.44271624088287354,-0.02059016190469265,0.38879019021987915,0.3679574131965637,-0.04253645986318588,0.39619752764701843,0.3190898299217224,-0.06347107142210007,0.404470294713974,0.2795925736427307,-0.07653319090604782,0.3512444496154785,0.450467973947525,-0.019005972892045975,0.3573087751865387,0.41791391372680664,-0.0447143092751503,0.35475456714630127,0.4402666985988617,-0.05601084977388382,0.3521675169467926,0.4655793607234955,-0.06126880273222923
0.3508804440498352,0.5926446914672852,5.685837436431029e-07,0.3873341679573059,0.6000224351882935,-0.039299800992012024,0.4141005575656891,0.5675123929977417,-0.05660604313015938,0.3987430930137634,0.5095438957214355,-0.06788965314626694,0.3827133774757385,0.45612943172454834,-0.07956541329622269,0.4662521779537201,0.46947672963142395,-0.03794345259666443,0.5106615424156189,0.4084551930427551,-0.0548807829618454,0.5375326871871948,0.3692072629928589,-0.06839267164468765,0.5586636662483215,0.3320823907852173,-0.07812829315662384,0.4395863115787506,0.4392855167388916,-0.03257527947425842,0.47842544317245483,0.3633686304092407,-0.04770033061504364,0.5020199418067932,0.3135405480861664,-0.06351345032453537,0.5220839977264404,0.2708325982093811,-0.07354509830474854,0.4093446433544159,0.429265558719635,-0.03039061650633812,0.4315306842327118,0.3557499945163727,-0.05412602424621582,0.44860222935676575,0.3055665194988251,-0.07626104354858398,0.4650660753250122,0.263123095035553,-0.09017971903085709,0.37775883078575134,0.4365742802619934,-0.030562924221158028,0.388704389333725,0.40900617837905884,-0.05812511593103409,0.38323310017585754,0.43865203857421875,-0.06708028167486191,0.37624815106391907,0.47126784920692444,-0.07001268863677979
0.36429429054260254,0.5602089166641235,6.970818731133477e-07,0.38987281918525696,0.5607317686080933,-0.05410264804959297,0.40434902906417847,0.5181318521499634,-0.0789136067032814,0.3891645073890686,0.4464992582798004,-0.09483475238084793,0.3750951886177063,0.38015225529670715,-0.1103644073009491,0.4726109802722931,0.4210778772830963,-0.052647463977336884,0.5198399424552917,0.35521459579467773,-0.07376977056264877,0.5493994951248169,0.31473323702812195,-0.08998598158359528,0.5748574733734131,0.2757531404495239,-0.10225292295217514,0.4491424262523651,0.38845616579055786,-0.04043973237276077,0.4926808774471283,0.30943718552589417,-0.060807403177022934,0.5203138589859009,0.26022398471832275,-0.07940565794706345,0.5449461936950684,0.2167472094297409,-0.09139395505189896,0.4186265766620636,0.37966546416282654,-0.03233353793621063,0.4308278560638428,0.29559895396232605,-0.06144559383392334,0.4427521526813507,0.2378145307302475,-0.08672013878822327,0.4575054347515106,0.19156445562839508,-0.10260216146707535,0.38698330521583557,0.3900911509990692,-0.02747100405395031,0.38744860887527466,0.3519623279571533,-0.05984324589371681,0.3796904981136322,0.37679657340049744,-0.07300973683595657,0.37494391202926636,0.40695929527282715,-0.07922828197479248
0.34493112564086914,0.6816732883453369,3.437077680246148e-07,0.3806966245174408,0.6518131494522095,-0.020875226706266403,0.39515113830566406,0.5878987312316895,-0.025647567585110664,0.37060752511024475,0.5410847067832947,-0.027749955654144287,0.3390250504016876,0.5181371569633484,-0.030316689983010292,0.3865360617637634,0.495223730802536,-0.010706326924264431,0.38691389560699463,0.42102551460266113,-0.017934858798980713,0.38557034730911255,0.3747718930244446,-0.02572222426533699,0.3823721408843994,0.33449286222457886,-0.0320071242749691,0.35622239112854004,0.492586612701416,-0.010611682198941708,0.3549112379550934,0.41510629653930664,-0.015369934029877186,0.35224610567092896,0.36499109864234924,-0.024642322212457657,0.34935861825942993,0.32138803601264954,-0.03185584396123886,0.32800763845443726,0.5078859329223633,-0.013042590580880642,0.32260051369667053,0.43694356083869934,-0.027414865791797638,0.3219703435897827,0.38976144790649414,-0.04321838915348053,0.3191112279891968,0.3491712808609009,-0.053916919976472855,0.30093905329704285,0.5356302261352539,-0.016719045117497444,0.3082336485385895,0.49260032176971436,-0.03536561504006386,0.32385337352752686,0.5102977752685547,-0.040402695536613464,0.3344808518886566,0.5346987843513489,-0.042041003704071045
0.3397205173969269,0.6818174123764038,5.484326379701088e-07,0.37655776739120483,0.6437440514564514,-0.02648574858903885,0.38729047775268555,0.5759289264678955,-0.036219485104084015,0.35370010137557983,0.5261216759681702,-0.04243159294128418,0.31522876024246216,0.49952250719070435,-0.04869193211197853,0.3825996518135071,0.47315430641174316,-0.02142983302474022,0.39601582288742065,0.38723224401474,-0.03228776529431343,0.40380945801734924,0.3349461257457733,-0.04133078455924988,0.4063130021095276,0.28948014974594116,-0.04845844954252243,0.34594249725341797,0.4675375819206238,-0.02137638069689274,0.34902244806289673,0.37707751989364624,-0.029268940910696983,0.3496416211128235,0.32030779123306274,-0.03952387347817421,0.34816306829452515,0.2728119194507599,-0.04715275391936302,0.31302642822265625,0.484634131193161,-0.024112671613693237,0.2971612513065338,0.4028823673725128,-0.04205333814024925,0.2914256453514099,0.34580838680267334,-0.060256097465753555,0.2848730981349945,0.2977994680404663,-0.07287212461233139,0.2826605439186096,0.5185633301734924,-0.028394900262355804,0.28455299139022827,0.4706892669200897,-0.05018603429198265,0.302762895822525,0.4871295988559723,-0.056398991495370865,0.3170092701911926,0.5112796425819397,-0.05896706506609917
0.28638774156570435,0.7026239037513733,6.764550448679074e-07,0.3239741325378418,0.6532118320465088,-0.03434140607714653,0.32762444019317627,0.5777976512908936,-0.04685736820101738,0.2775852680206299,0.5338631868362427,-0.054162055253982544,0.23075202107429504,0.5136477947235107,-0.061740692704916,0.32197701930999756,0.4696654677391052,-0.02876632660627365,0.3383958339691162,0.3731011152267456,-0.04152935370802879,0.34802523255348206,0.3156417906284332,-0.0522121824324131,0.3535819947719574,0.2638179659843445,-0.06077774986624718,0.2792515158653259,0.4663790166378021,-0.025284145027399063,0.27882274985313416,0.3656190037727356,-0.034217048436403275,0.2787982225418091,0.3046758770942688,-0.04592408984899521,0.27817055583000183,0.25382763147354126,-0.05434035137295723,0.24481703341007233,0.4881812334060669,-0.025017444044351578,0.21746660768985748,0.40402451157569885,-0.04485411196947098,0.20587357878684998,0.3445681929588318,-0.0659576877951622,0.19586387276649475,0.29443812370300293,-0.08038660883903503,0.2171265184879303,0.528213381767273,-0.026706552132964134,0.20790374279022217,0.48515886068344116,-0.05190129578113556,0.22382286190986633,0.5091831684112549,-0.05962839722633362,0.23800864815711975,0.538613498210907,-0.06259351968765259
0.21484237909317017,0.7730910778045654,5.612823201772699e-07,0.250193327665329,0.7273399233818054,-0.03643488138914108,0.25416550040245056,0.6514997482299805,-0.047904614359140396,0.20316743850708008,0.6007891893386841,-0.053851306438446045,0.15567493438720703,0.5722662210464478,-0.059283435344696045,0.2529204189777374,0.5347052812576294,-0.0246406402438879,0.27215567231178284,0.43451908230781555,-0.038525428622961044,0.2809489071369171,0.37603825330734253,-0.05021049082279205,0.28531935811042786,0.32408830523490906,-0.05932525917887688,0.2121928632259369,0.5297648906707764,-0.020029284060001373,0.21884408593177795,0.4242912530899048,-0.029939768835902214,0.22159044444561005,0.3644605576992035,-0.041558243334293365,0.22327542304992676,0.3149874210357666,-0.04955447465181351,0.17782047390937805,0.5498934388160706,-0.01974925398826599,0.16163218021392822,0.46144166588783264,-0.039548907428979874,0.1574048399925232,0.40352368354797363,-0.0594111829996109,0.1539325714111328,0.3510589897632599,-0.07261181622743607,0.15007498860359192,0.5894715189933777,-0.021966291591525078,0.13761791586875916,0.5448501706123352,-0.04573669284582138,0.14840176701545715,0.5639935731887817,-0.052857886999845505,0.1584617793560028,0.5887705087661743,-0.055518459528684616
0.22193869948387146,0.8387317657470703,4.3831394691551395e-07,0.2545451819896698,0.8021268248558044,-0.03528205305337906,0.2615095376968384,0.7387683391571045,-0.04899504780769348,0.21967652440071106,0.6939734220504761,-0.057913362979888916,0.17809262871742249,0.6647718548774719,-0.06655723601579666,0.26564010977745056,0.6253305673599243,-0.023036422207951546,0.26617658138275146,0.5394948124885559,-0.0359937809407711,0.26498472690582275,0.4874250292778015,-0.04855578392744064,0.2611805498600006,0.4392266273498535,-0.05899006873369217,0.23113448917865753,0.6206228733062744,-0.020149070769548416,0.23355160653591156,0.5274614691734314,-0.03011925145983696,0.23508897423744202,0.4703804850578308,-0.04410381242632866,0.23613683879375458,0.4186781942844391,-0.05465005710721016,0.19942635297775269,0.6370664834976196,-0.02122228592634201,0.19203002750873566,0.5579569935798645,-0.04026420786976814,0.19046218693256378,0.5026974678039551,-0.061013173311948776,0.18861845135688782,0.4522765874862671,-0.07592996209859848,0.17134054005146027,0.6675320267677307,-0.02494073659181595,0.16888606548309326,0.6323381662368774,-0.04910561814904213,0.17666937410831451,0.6567063927650452,-0.05749892070889473,0.18264521658420563,0.6842431426048279,-0.06173044443130493
0.2940501272678375,0.84608393907547,4.554110546450829e-07,0.3297557532787323,0.8210747241973877,-0.0213570948690176,0.3488413095474243,0.7713719606399536,-0.029614264145493507,0.3209366798400879,0.733706533908844,-0.03541598469018936,0.28688815236091614,0.7167789936065674,-0.042296722531318665,0.3454414904117584,0.6792588829994202,-0.017993371933698654,0.35899457335472107,0.6092270612716675,-0.02819652482867241,0.36660057306289673,0.565441370010376,-0.03681506961584091,0.3712979257106781,0.5264835953712463,-0.04339415952563286,0.3139449656009674,0.6693407297134399,-0.01967889629304409,0.32327812910079956,0.5867722630500793,-0.026725197210907936,0.3280720114707947,0.5347716808319092,-0.036527495831251144,0.33195510506629944,0.49189549684524536,-0.043655719608068466,0.2848699986934662,0.6800098419189453,-0.023543452844023705,0.2784760296344757,0.6083375215530396,-0.03944223374128342,0.2780512869358063,0.5589677691459656,-0.057166021317243576,0.27734771370887756,0.5179377198219299,-0.06954028457403183,0.2577514350414276,0.7059239149093628,-0.028566058725118637,0.2644553482532501,0.6757096648216248,-0.04844701290130615,0.2772206962108612,0.7010308504104614,-0.05426508188247681,0.286144495010376,0.7306031584739685,-0.05672169104218483
0.34866923093795776,0.9112502932548523,5.360886916605523e-07,0.38324064016342163,0.883244514465332,-0.01743447780609131,0.4014405906200409,0.8379822373390198,-0.02552863210439682,0.3754945993423462,0.8104196786880493,-0.031796470284461975,0.34512656927108765,0.796329915523529,-0.03959022834897041,0.38925719261169434,0.7418591380119324,-0.01909877546131611,0.4056791365146637,0.6737813353538513,-0.029246971011161804,0.41681164503097534,0.6312677264213562,-0.037236288189888,0.4236687123775482,0.5931847095489502,-0.04298613592982292,0.3559918701648712,0.734935998916626,-0.023063790053129196,0.3618190884590149,0.6527803540229797,-0.029380980879068375,0.36371487379074097,0.5994703769683838,-0.039189450442790985,0.3641773462295532,0.554618775844574,-0.04639481380581856,0.32791727781295776,0.7498326897621155,-0.028630655258893967,0.3151363730430603,0.6829729676246643,-0.044401902705430984,0.3119049668312073,0.631657600402832,-0.06470417231321335,0.3081672191619873,0.5905619859695435,-0.07924477756023407,0.30318713188171387,0.7807175517082214,-0.034768812358379364,0.315471887588501,0.7589285969734192,-0.054593734443187714,0.3337814211845398,0.7842022180557251,-0.06244118511676788,0.3468090295791626,0.8129554986953735,-0.06664073467254639
0.4869837164878845,0.9380634427070618,5.642028781949193e-07,0.5214878916740417,0.9129503965377808,-0.01442657969892025,0.5441564917564392,0.8727842569351196,-0.02397414855659008,0.537222683429718,0.8399153351783752,-0.033315833657979965,0.5151557326316833,0.8204776048660278,-0.04451167955994606,0.5311575531959534,0.762366533279419,-0.021380364894866943,0.5547841787338257,0.6892774105072021,-0.036201346665620804,0.5720831751823425,0.6461281776428223,-0.047679461538791656,0.5854337811470032,0.6110913157463074,-0.05463237315416336,0.4997912049293518,0.7565284371376038,-0.028083499521017075,0.5063759684562683,0.668854832649231,-0.03699195012450218,0.5111567974090576,0.6114313006401062,-0.04876686632633209,0.5150363445281982,0.5674706101417542,-0.05698302388191223,0.4712708592414856,0.7757458090782166,-0.03587226942181587,0.46075189113616943,0.6999338269233704,-0.051735926419496536,0.4613327980041504,0.6444822549819946,-0.07055798918008804,0.4623359143733978,0.603105902671814,-0.08384212106466293,0.44566279649734497,0.8128994107246399,-0.04408751055598259,0.4558127522468567,0.7861545085906982,-0.06201275438070297,0.4746909737586975,0.7960556745529175,-0.06818633526563644,0.4891299605369568,0.8137468695640564,-0.07113070785999298
0.5590795874595642,0.8941552639007568,5.765706987403973e-07,0.6028032898902893,0.8753383159637451,-0.016899874433875084,0.6356778144836426,0.834217369556427,-0.026400083675980568,0.6393197774887085,0.7962877154350281,-0.034759730100631714,0.6174143552780151,0.7766436338424683,-0.04515024647116661,0.6148643493652344,0.7171933054924011,-0.022872015833854675,0.6407604813575745,0.6484399437904358,-0.037049099802970886,0.6591319441795349,0.6031650900840759,-0.048422954976558685,0.6724404692649841,0.5647189617156982,-0.056258752942085266,0.583626925945282,0.709987998008728,-0.029394902288913727,0.5916035771369934,0.6175656318664551,-0.039499521255493164,0.5961271524429321,0.5580663681030273,-0.053491685539484024,0.5981228947639465,0.5104655027389526,-0.06422342360019684,0.5541325807571411,0.7267124056816101,-0.03694770112633705,0.5543344616889954,0.6505338549613953,-0.0565359927713871,0.5573074221611023,0.5905413627624512,-0.07865805178880692,0.5580335259437561,0.5438356995582581,-0.09448188543319702,0.5265591144561768,0.761489987373352,-0.044816453009843826,0.5502435564994812,0.732262134552002,-0.06737978756427765,0.5756885409355164,0.7495108246803284,-0.07616550475358963,0.5927731990814209,0.7733641862869263,-0.08115530014038086
0.56752610206604,0.834678053855896,6.2181908333514e-07,0.6160377264022827,0.8154088258743286,-0.02178182452917099,0.650533139705658,0.7681079506874084,-0.032386139035224915,0.6483182907104492,0.7212575674057007,-0.04063808545470238,0.618487536907196,0.7031025886535645,-0.05090668424963951,0.6279970407485962,0.6460751295089722,-0.028153611347079277,0.6561053991317749,0.5699140429496765,-0.042767465114593506,0.6745506525039673,0.5202021598815918,-0.054195985198020935,0.6873005628585815,0.478130578994751,-0.062322258949279785,0.5932750701904297,0.6361837387084961,-0.032645344734191895,0.6006027460098267,0.5376272201538086,-0.043735336512327194,0.6031441688537598,0.47502970695495605,-0.05809678137302399,0.6027202010154724,0.42627695202827454,-0.06885594874620438,0.5607935786247253,0.6529165506362915,-0.038380712270736694,0.5546483397483826,0.567585289478302,-0.059372544288635254,0.5542036890983582,0.5024750232696533,-0.08263205736875534,0.551277756690979,0.45265063643455505,-0.09894581884145737,0.530103862285614,0.6888110041618347,-0.04468315839767456,0.5495455265045166,0.647890031337738,-0.06863322854042053,0.5737003087997437,0.6627569794654846,-0.07792580127716064,0.58943772315979,0.6869704723358154,-0.08305218815803528
0.549752950668335,0.7946422696113586,6.988092877691088e-07,0.5991187691688538,0.7612022757530212,-0.02194466069340706,0.626506507396698,0.6987615823745728,-0.030751049518585205,0.6069052219390869,0.6472949385643005,-0.03719421848654747,0.5744425058364868,0.6187514066696167,-0.04508227854967117,0.6079713106155396,0.5742802619934082,-0.024897394701838493,0.6411828994750977,0.4863029420375824,-0.038619592785835266,0.6618350148200989,0.42939406633377075,-0.049293193966150284,0.6756056547164917,0.38227489590644836,-0.05652480944991112,0.5669954419136047,0.5641975998878479,-0.02893858216702938,0.5731444358825684,0.4559739828109741,-0.03843224421143532,0.5747411847114563,0.38685768842697144,-0.051043808460235596,0.5752218961715698,0.3319450616836548,-0.060134340077638626,0.5308547616004944,0.5829728841781616,-0.03474040701985359,0.5173432230949402,0.489825963973999,-0.054917823523283005,0.5125022530555725,0.41934123635292053,-0.07754998654127121,0.5082904100418091,0.3640175461769104,-0.09316752105951309,0.49746158719062805,0.6237892508506775,-0.041245877742767334,0.5072413086891174,0.57806795835495,-0.06519322842359543,0.5319445729255676,0.5941839814186096,-0.07310882955789566,0.5519362092018127,0.6215489506721497,-0.07649000734090805
0.46131956577301025,0.7529263496398926,7.989683012965543e-07,0.5081614851951599,0.7111401557922363,-0.02759290672838688,0.5309557914733887,0.6370093822479248,-0.03827746585011482,0.4851364493370056,0.5906376838684082,-0.045698631554841995,0.4351474642753601,0.5665131211280823,-0.054761264473199844,0.5260275602340698,0.5126689672470093,-0.026794996112585068,0.55833500623703,0.41292402148246765,-0.04042872413992882,0.5789259672164917,0.349213182926178,-0.051672790199518204,0.5927284359931946,0.2954062223434448,-0.05973049998283386,0.47739240527153015,0.4990330934524536,-0.029767923057079315,0.4857993721961975,0.3824867010116577,-0.03703576326370239,0.4884577691555023,0.3058416247367859,-0.04951241984963417,0.4896836280822754,0.24479776620864868,-0.058774981647729874,0.4368014633655548,0.5185388326644897,-0.03527744486927986,0.41965702176094055,0.4158531427383423,-0.05595838651061058,0.4130904972553253,0.33992353081703186,-0.08180833607912064,0.4064059257507324,0.27844730019569397,-0.0999930128455162,0.40109139680862427,0.5619090795516968,-0.04190653935074806,0.4046672284603119,0.5180455446243286,-0.0691855400800705,0.4235875606536865,0.5492812991142273,-0.07790546864271164,0.43878766894340515,0.5910918116569519,-0.08126802742481232
0.3531947433948517,0.7086068391799927,6.981524052207533e-07,0.39971378445625305,0.6686763763427734,-0.030320925638079643,0.41886138916015625,0.6023607850074768,-0.043702173978090286,0.37763068079948425,0.5521838665008545,-0.053365807980298996,0.33520761132240295,0.5205431580543518,-0.06375154852867126,0.41445276141166687,0.47853273153305054,-0.03028426691889763,0.4413481652736664,0.38505709171295166,-0.04589017108082771,0.45629042387008667,0.3254149556159973,-0.05806022509932518,0.4661359488964081,0.2724292576313019,-0.06741214543581009,0.36910271644592285,0.46842625737190247,-0.03137540817260742,0.3743824064731598,0.3567556142807007,-0.044220998883247375,0.3748278319835663,0.28776586055755615,-0.05826679989695549,0.37491294741630554,0.2312362790107727,-0.06826727837324142,0.3311869502067566,0.4863892197608948,-0.03510718792676926,0.3095562756061554,0.39098644256591797,-0.05874096229672432,0.3023911714553833,0.32384446263313293,-0.08171362429857254,0.2969139814376831,0.26924264430999756,-0.0973581075668335,0.2987726330757141,0.5242450833320618,-0.04037204384803772,0.30152884125709534,0.47959908843040466,-0.06705092638731003,0.32015180587768555,0.5036261677742004,-0.07524371892213821,0.335881769657135,0.534708559513092,-0.07876624912023544
0.33465585112571716,0.7645989656448364,5.782050038760644e-07,0.37259018421173096,0.7338582277297974,-0.026118135079741478,0.3932219445705414,0.6806250810623169,-0.037815313786268234,0.360339492559433,0.6331634521484375,-0.046490833163261414,0.3256586790084839,0.6008602976799011,-0.05623530223965645,0.39168426394462585,0.5617395043373108,-0.02583186887204647,0.41548794507980347,0.4798813760280609,-0.03972369804978371,0.4301152229309082,0.4299950897693634,-0.05061524361371994,0.4404776990413666,0.38571101427078247,-0.058777205646038055,0.35076892375946045,0.5500405430793762,-0.028282245621085167,0.3581713140010834,0.45082998275756836,-0.03815658763051033,0.35963332653045654,0.3886565864086151,-0.05145221948623657,0.3619620203971863,0.3369634747505188,-0.06144948676228523,0.31516921520233154,0.5666664838790894,-0.033285755664110184,0.29900676012039185,0.48327258229255676,-0.054993242025375366,0.29228639602661133,0.4223552942276001,-0.07987596094608307,0.2883206605911255,0.37257468700408936,-0.09753378480672836,0.28344598412513733,0.6029555797576904,-0.039374805986881256,0.28853046894073486,0.5720086097717285,-0.06721866875886917,0.30872049927711487,0.597457230091095,-0.07897166907787323,0.326063871383667,0.6273956298828125,-0.0851963609457016
0.3962176740169525,0.921678900718689,4.987103920939262e-07,0.43011653423309326,0.8978887796401978,-0.015840983018279076,0.45168375968933105,0.8625087738037109,-0.02769995480775833,0.43385276198387146,0.8258060216903687,-0.03896594047546387,0.411129355430603,0.8027887344360352,-0.05213511362671852,0.4481760859489441,0.7544816136360168,-0.025001022964715958,0.47633838653564453,0.682034432888031,-0.04169316217303276,0.49883320927619934,0.6386544108390808,-0.05467524752020836,0.5161406993865967,0.6008128523826599,-0.06283186376094818,0.4173271954059601,0.7448951601982117,-0.03255660459399223,0.4267776608467102,0.6494001150131226,-0.04438511282205582,0.43078869581222534,0.590558648109436,-0.05764617398381233,0.43399807810783386,0.5416417121887207,-0.06695815175771713,0.3891877830028534,0.7602601051330566,-0.04124392196536064,0.38482633233070374,0.6874246001243591,-0.0610959492623806,0.38435816764831543,0.6307888627052307,-0.0815519392490387,0.3843914270401001,0.5834869146347046,-0.09585694968700409,0.3630262017250061,0.7948746085166931,-0.05033129081130028,0.37830591201782227,0.7626749873161316,-0.0692422166466713,0.3958556354045868,0.7874602675437927,-0.07322420924901962,0.4102465510368347,0.8206596970558167,-0.07498282194137573
0.4364396333694458,0.9534726738929749,5.787923100797343e-07,0.47492602467536926,0.9404193162918091,-0.014698941260576248,0.5046090483665466,0.9185604453086853,-0.026471981778740883,0.5119656324386597,0.8991333842277527,-0.038213860243558884,0.5014401078224182,0.8803013563156128,-0.051392462104558945,0.5064942240715027,0.8036337494850159,-0.022400785237550735,0.542580246925354,0.7512568235397339,-0.036969974637031555,0.5639121532440186,0.7184858322143555,-0.04825019836425781,0.5792852640151978,0.6894975900650024,-0.05610070377588272,0.4769495129585266,0.7929216027259827,-0.03029743954539299,0.49197977781295776,0.7114080190658569,-0.0412580668926239,0.49952638149261475,0.6609530448913574,-0.05494654178619385,0.5044260025024414,0.6197574138641357,-0.06532810628414154,0.4470662772655487,0.8080217242240906,-0.03921107202768326,0.44978848099708557,0.7465631365776062,-0.05750688165426254,0.4551672637462616,0.6981105804443359,-0.07772702723741531,0.4587109386920929,0.6593480706214905,-0.09215692430734634,0.4196541905403137,0.8405233025550842,-0.048450738191604614,0.44166100025177,0.8274171948432922,-0.06866201758384705,0.46435990929603577,0.8430801033973694,-0.07719162851572037,0.4808390736579895,0.8630897998809814,-0.08229342848062515
0.5059713125228882,0.9613039493560791,5.43442126854643e-07,0.5477181077003479,0.9481908082962036,-0.014624552801251411,0.5780071020126343,0.9202265739440918,-0.025630628690123558,0.589368462562561,0.8960281014442444,-0.036760587245225906,0.5756208300590515,0.876115083694458,-0.04972377046942711,0.5733208656311035,0.8055499196052551,-0.021155379712581635,0.6041619181632996,0.7474174499511719,-0.037625666707754135,0.6262183785438538,0.7115944027900696,-0.05087872967123985,0.6431187391281128,0.6807371377944946,-0.05981138348579407,0.5458927750587463,0.7946231365203857,-0.029181206598877907,0.5599758625030518,0.7113699913024902,-0.04176389053463936,0.5676872134208679,0.6575224995613098,-0.05717959627509117,0.5731348395347595,0.6132451891899109,-0.0684790387749672,0.5172817707061768,0.8076380491256714,-0.038362134248018265,0.5244237184524536,0.7436636686325073,-0.05802260711789131,0.5316131114959717,0.6924799680709839,-0.07933153957128525,0.5375607013702393,0.6514585018157959,-0.09435488283634186,0.48991385102272034,0.8386504054069519,-0.04792451113462448,0.5100312829017639,0.8244815468788147,-0.06964977085590363,0.5310898423194885,0.8372272849082947,-0.07906877249479294,0.5476925373077393,0.8537863492965698,-0.08457821607589722
0.5070715546607971,0.9343405365943909,5.408157335295982e-07,0.548339307308197,0.9144318103790283,-0.016588060185313225,0.578857958316803,0.8749083280563354,-0.025524774566292763,0.5812751054763794,0.8385647535324097,-0.03319888189435005,0.5608428120613098,0.8165411949157715,-0.042907409369945526,0.5646840333938599,0.7588265538215637,-0.02118370309472084,0.5949075222015381,0.6933735609054565,-0.033761974424123764,0.6158056855201721,0.6522373557090759,-0.04434211552143097,0.6310808062553406,0.6147122383117676,-0.051893070340156555,0.5348138809204102,0.7493325471878052,-0.027489589527249336,0.5458927154541016,0.660800576210022,-0.03735104575753212,0.5491011142730713,0.602730929851532,-0.051833804696798325,0.549765408039093,0.554504930973053,-0.06265067309141159,0.5059507489204407,0.7640756964683533,-0.03482319414615631,0.5070332288742065,0.6917375326156616,-0.05393923819065094,0.509564995765686,0.6317466497421265,-0.07690215110778809,0.5101303458213806,0.5832551121711731,-0.0932338759303093,0.47843918204307556,0.7969808578491211,-0.04240095987915993,0.49951350688934326,0.7704290151596069,-0.06353312730789185,0.5202528834342957,0.7916557788848877,-0.07181292027235031,0.5347565412521362,0.8200522065162659,-0.07660473883152008
0.41479557752609253,0.9599462151527405,6.306613045126142e-07,0.4589923918247223,0.9262624979019165,-0.018741829320788383,0.4851199686527252,0.8788207173347473,-0.03008522279560566,0.48716020584106445,0.8298733234405518,-0.03941529989242554,0.48557111620903015,0.7845730185508728,-0.05032753199338913,0.4781782329082489,0.799492597579956,-0.03343150392174721,0.5133721232414246,0.7276272773742676,-0.053960975259542465,0.5362910628318787,0.6842823028564453,-0.06700803339481354,0.5546638369560242,0.6520211100578308,-0.07405337691307068,0.44788065552711487,0.7880954146385193,-0.03803163394331932,0.45984703302383423,0.6965886950492859,-0.055879343301057816,0.4691769778728485,0.6333053112030029,-0.0711299329996109,0.47557273507118225,0.5873953700065613,-0.08037985861301422,0.4174782931804657,0.7995539307594299,-0.04371862858533859,0.4114319086074829,0.7167219519615173,-0.06895392388105392,0.41186341643333435,0.6568463444709778,-0.09281492978334427,0.4132581651210785,0.6142848134040833,-0.10819713026285172,0.38958486914634705,0.827182948589325,-0.04911263287067413,0.39228731393814087,0.8042370676994324,-0.07621138542890549,0.4043605923652649,0.8143901228904724,-0.08855149894952774,0.4162134826183319,0.8339766263961792,-0.09469455480575562
0.2776799201965332,0.9598889350891113,6.513716357403609e-07,0.3158670663833618,0.9292449951171875,-0.026541635394096375,0.33165740966796875,0.8745570778846741,-0.036277491599321365,0.29177093505859375,0.840523898601532,-0.042056020349264145,0.25264814496040344,0.8255409002304077,-0.048653535544872284,0.32948485016822815,0.7725657224655151,-0.023716935887932777,0.354794442653656,0.6998797655105591,-0.03617244213819504,0.37045055627822876,0.6517314910888672,-0.04606981202960014,0.3816033601760864,0.6072938442230225,-0.05345156788825989,0.2909501791000366,0.759810745716095,-0.024289771914482117,0.2992246448993683,0.6682787537574768,-0.033843930810689926,0.30251985788345337,0.61009681224823,-0.04407167434692383,0.3055044710636139,0.5585267543792725,-0.050416361540555954,0.258559912443161,0.7717841267585754,-0.027466773986816406,0.2422369420528412,0.6964443325996399,-0.04711362347006798,0.23573648929595947,0.6413257718086243,-0.06561633944511414,0.23154869675636292,0.5927151441574097,-0.07725892215967178,0.2312466949224472,0.8031973242759705,-0.032156772911548615,0.23012053966522217,0.7729361057281494,-0.05392768234014511,0.2425265908241272,0.8040319681167603,-0.05835248902440071,0.2545078992843628,0.8374629616737366,-0.05890670418739319
0.23975518345832825,0.9067960977554321,5.709350716642803e-07,0.2784361243247986,0.8761610984802246,-0.02808012254536152,0.2924015522003174,0.8190833926200867,-0.03867920860648155,0.2529115676879883,0.778141975402832,-0.04510311037302017,0.21551167964935303,0.7578214406967163,-0.051668573170900345,0.2882798910140991,0.7138141393661499,-0.02415340393781662,0.30792737007141113,0.634020984172821,-0.0368269644677639,0.3199440538883209,0.585040807723999,-0.04623841494321823,0.3273720443248749,0.5426584482192993,-0.05300144851207733,0.25229841470718384,0.7048723697662354,-0.023309990763664246,0.2591773569583893,0.6131455898284912,-0.03275153413414955,0.2613886296749115,0.5568027496337891,-0.0429559201002121,0.26293516159057617,0.5091705322265625,-0.04952580854296684,0.2210933119058609,0.718745768070221,-0.025257542729377747,0.21048644185066223,0.6419423818588257,-0.044082123786211014,0.20660775899887085,0.5896157622337341,-0.06175641715526581,0.20368394255638123,0.5430721640586853,-0.07313986867666245,0.19415408372879028,0.7512781620025635,-0.02887807786464691,0.1925867795944214,0.7150487899780273,-0.05049780011177063,0.202155202627182,0.7416316270828247,-0.055390361696481705,0.2109370082616806,0.7717236876487732,-0.05635015293955803
0.24151769280433655,0.8941555619239807,4.675210334426083e-07,0.2748754024505615,0.8638921976089478,-0.026215167716145515,0.2857455909252167,0.8044619560241699,-0.034827474504709244,0.24629895389080048,0.7630489468574524,-0.03970961272716522,0.20832398533821106,0.7428625226020813,-0.04505135864019394,0.2817833423614502,0.7009230852127075,-0.019757572561502457,0.30053213238716125,0.6223185062408447,-0.030199121683835983,0.3114965558052063,0.5752586126327515,-0.03938665986061096,0.3182176351547241,0.5335102081298828,-0.046282507479190826,0.24633042514324188,0.6935939192771912,-0.018716465681791306,0.250860333442688,0.601716935634613,-0.025388536974787712,0.2534775137901306,0.5480203628540039,-0.034381069242954254,0.25493040680885315,0.502665638923645,-0.04043995216488838,0.21665968000888824,0.7087200284004211,-0.02043207921087742,0.20452339947223663,0.6312246322631836,-0.03682056441903114,0.2013876736164093,0.5806222558021545,-0.05304226651787758,0.1984480619430542,0.535728394985199,-0.06359230726957321,0.19155184924602509,0.7410704493522644,-0.02373586595058441,0.18590760231018066,0.7009669542312622,-0.043998833745718,0.1970624029636383,0.7254008054733276,-0.04786646366119385,0.2068505585193634,0.7551380395889282,-0.04808341711759567
0.26550567150115967,0.8802931308746338,5.233718525232689e-07,0.2979961633682251,0.8446188569068909,-0.019751768559217453,0.3149755895137787,0.7873820662498474,-0.027482014149427414,0.288381963968277,0.7467520833015442,-0.03300344571471214,0.25887855887413025,0.723929226398468,-0.03910351172089577,0.29612720012664795,0.6893247365951538,-0.018129579722881317,0.31315723061561584,0.6146408319473267,-0.029509248211979866,0.32242172956466675,0.5686348080635071,-0.03828393295407295,0.32667452096939087,0.5307736396789551,-0.044381264597177505,0.25926390290260315,0.6868780255317688,-0.020395254716277122,0.2561512589454651,0.6002564430236816,-0.02814534306526184,0.2511843740940094,0.5493320226669312,-0.037915147840976715,0.24665528535842896,0.5080935955047607,-0.04476115480065346,0.2294711023569107,0.7071734666824341,-0.02454369328916073,0.21159136295318604,0.6364374160766602,-0.04036553576588631,0.20293238759040833,0.585249662399292,-0.056281112134456635,0.19647371768951416,0.5432482957839966,-0.06712783128023148,0.2035927176475525,0.7449049949645996,-0.029657065868377686,0.20181578397750854,0.7063327431678772,-0.04821373522281647,0.21828646957874298,0.712913990020752,-0.05299779400229454,0.2339768260717392,0.7265642881393433,-0.0543820746243
0.20309488475322723,0.8612074255943298,6.251564741432958e-07,0.23676130175590515,0.8136727213859558,-0.023168690502643585,0.2483108788728714,0.7461947202682495,-0.03325517848134041,0.20869186520576477,0.7063833475112915,-0.04060108959674835,0.16808007657527924,0.6895585656166077,-0.04858976975083351,0.22425097227096558,0.6467107534408569,-0.0213081743568182,0.2370852679014206,0.5650725364685059,-0.034046683460474014,0.24515940248966217,0.5142873525619507,-0.04428545758128166,0.24840551614761353,0.4715820252895355,-0.051763180643320084,0.18396243453025818,0.6492973566055298,-0.0240924209356308,0.17437195777893066,0.5548866987228394,-0.03279522806406021,0.1671137809753418,0.5005245208740234,-0.043339803814888,0.16084283590316772,0.45522964000701904,-0.05109991505742073,0.15255606174468994,0.6758905649185181,-0.029175590723752975,0.12700790166854858,0.5994147658348083,-0.048030804842710495,0.11371148377656937,0.5455543994903564,-0.06567125767469406,0.10288237035274506,0.49983376264572144,-0.077848419547081,0.12614263594150543,0.7204904556274414,-0.03535472974181175,0.12544962763786316,0.6740480661392212,-0.05709066987037659,0.1484125554561615,0.6859133243560791,-0.06187615916132927,0.16910076141357422,0.705056369304657,-0.06326409429311752
0.2315392643213272,0.8479207754135132,5.848730211255315e-07,0.26896634697914124,0.8138965964317322,-0.021584149450063705,0.2897237539291382,0.755296528339386,-0.02987433411180973,0.2671312093734741,0.7062049508094788,-0.03566335141658783,0.2423054575920105,0.6710047125816345,-0.042195383459329605,0.2769153416156769,0.6467806696891785,-0.020615234971046448,0.3025326132774353,0.5695623159408569,-0.033063486218452454,0.31767046451568604,0.520980954170227,-0.04305305704474449,0.3263566792011261,0.4788365960121155,-0.04995882138609886,0.23821774125099182,0.6383455991744995,-0.02271147444844246,0.24268610775470734,0.5443512201309204,-0.031086551025509834,0.24038700759410858,0.4878076910972595,-0.04214757680892944,0.2369300276041031,0.4401194453239441,-0.0501323938369751,0.20437568426132202,0.6547088027000427,-0.026795582845807076,0.1899334341287613,0.5762706995010376,-0.044638801366090775,0.18379440903663635,0.5199704170227051,-0.0629509910941124,0.17782430350780487,0.47392070293426514,-0.07573167979717255,0.1729244440793991,0.6895122528076172,-0.031893469393253326,0.1810673177242279,0.6498137712478638,-0.05265209078788757,0.2009115070104599,0.6700150370597839,-0.05777598172426224,0.21586231887340546,0.6969134211540222,-0.05941196158528328
0.2506326138973236,0.7242622375488281,5.246573095973872e-07,0.28959745168685913,0.6892293095588684,-0.023523330688476562,0.30398863554000854,0.6276847124099731,-0.032540541142225266,0.2746279537677765,0.5750043392181396,-0.03879052400588989,0.24602994322776794,0.5394442081451416,-0.04533635079860687,0.29783228039741516,0.5193735957145691,-0.02131844311952591,0.32193776965141296,0.43819695711135864,-0.03396092727780342,0.33571070432662964,0.38840818405151367,-0.04428977146744728,0.3448989689350128,0.3456428050994873,-0.05180417001247406,0.2583150863647461,0.5102016925811768,-0.022425105795264244,0.2624496817588806,0.4144813120365143,-0.03159860521554947,0.26185342669487,0.35589879751205444,-0.04220641031861305,0.26080915331840515,0.30775919556617737,-0.049758270382881165,0.22402089834213257,0.5265763998031616,-0.025922810658812523,0.20784005522727966,0.44142580032348633,-0.044201891869306564,0.2014913260936737,0.38482213020324707,-0.06185634434223175,0.19647879898548126,0.34040647745132446,-0.07369603216648102,0.1935410499572754,0.5626818537712097,-0.03057142347097397,0.1942031979560852,0.5158033967018127,-0.05195530876517296,0.21120354533195496,0.5286859273910522,-0.05795813724398613,0.22549019753932953,0.5489869713783264,-0.060028351843357086
0.26416975259780884,1.0356885194778442,6.367935156958993e-07,0.2991417348384857,1.0048470497131348,-0.03218566253781319,0.3170037567615509,0.9509562849998474,-0.049304135143756866,0.2766350507736206,0.916814386844635,-0.062444526702165604,0.23440687358379364,0.8951382637023926,-0.07733976095914841,0.29823318123817444,0.8253816366195679,-0.038903482258319855,0.3156766891479492,0.7373465299606323,-0.058669596910476685,0.3256676197052002,0.6809052228927612,-0.07346481829881668,0.3323482871055603,0.6309637427330017,-0.08417173475027084,0.2543486952781677,0.8227847814559937,-0.04138575866818428,0.24880559742450714,0.7191071510314941,-0.05668407306075096,0.2414914071559906,0.6557693481445312,-0.07276754826307297,0.2356751412153244,0.6027014851570129,-0.08407900482416153,0.21935409307479858,0.8489934206008911,-0.04624214768409729,0.19716638326644897,0.7666664719581604,-0.07334866374731064,0.18483752012252808,0.7076225876808167,-0.09838709980249405,0.17423251271247864,0.6576630473136902,-0.11547448486089706,0.19066603481769562,0.8953995108604431,-0.05246392637491226,0.19733744859695435,0.8651350140571594,-0.08506765216588974,0.21785864233970642,0.893325686454773,-0.0957026556134224,0.23325756192207336,0.9248819947242737,-0.10021011531352997
0.2638149559497833,1.1182891130447388,7.875452752159617e-07,0.2946074306964874,1.0835202932357788,-0.03764333203434944,0.2961353063583374,1.0295634269714355,-0.053664397448301315,0.24776452779769897,1.0043437480926514,-0.06433723121881485,0.19947153329849243,0.9916014671325684,-0.07683183997869492,0.2774340510368347,0.8997370004653931,-0.041721589863300323,0.28907352685928345,0.8083111047744751,-0.06320176273584366,0.2951711416244507,0.748974084854126,-0.07831024378538132,0.29906439781188965,0.6977987289428711,-0.08877816796302795,0.2323867231607437,0.9013634324073792,-0.04068215936422348,0.21613730490207672,0.7989165782928467,-0.05864904448390007,0.201491117477417,0.7334315776824951,-0.07486097514629364,0.19108708202838898,0.6808438301086426,-0.08449863642454147,0.20103219151496887,0.9355435371398926,-0.042708415538072586,0.1608867049217224,0.8596147298812866,-0.07139912247657776,0.13657671213150024,0.8065147399902344,-0.09616129845380783,0.12122446298599243,0.7589616775512695,-0.11103403568267822,0.18107056617736816,0.991617739200592,-0.04653431475162506,0.16779500246047974,0.9712595343589783,-0.0801411122083664,0.1813289374113083,0.9945300221443176,-0.09208914637565613,0.19814874231815338,1.0188755989074707,-0.0962907075881958
0.21821463108062744,1.1299173831939697,8.193687222046719e-07,0.2460828423500061,1.0865371227264404,-0.04006221890449524,0.24142250418663025,1.0260220766067505,-0.05657746270298958,0.17887844145298004,0.9994398355484009,-0.06746023893356323,0.12618356943130493,0.9778315424919128,-0.0792635977268219,0.23188084363937378,0.8890017867088318,-0.038175005465745926,0.24326616525650024,0.7885327935218811,-0.0580899715423584,0.24755990505218506,0.7258002161979675,-0.07264341413974762,0.24901250004768372,0.6725249886512756,-0.08336047828197479,0.18280018866062164,0.8911279439926147,-0.03597203269600868,0.16471463441848755,0.7792667746543884,-0.05311625450849533,0.14838066697120667,0.7093003392219543,-0.0700145959854126,0.13661183416843414,0.6529778242111206,-0.08009548485279083,0.1493997424840927,0.9262686371803284,-0.03748708590865135,0.10147356986999512,0.84031081199646,-0.06704206764698029,0.07390465587377548,0.7854578495025635,-0.09369593858718872,0.0566757470369339,0.7356142401695251,-0.10958056151866913,0.1291111707687378,0.9818686842918396,-0.0409051813185215,0.10903563350439072,0.9513998031616211,-0.07755580544471741,0.12092515826225281,0.9739262461662292,-0.09198419749736786,0.137516587972641,0.9952155947685242,-0.0972752794623375
0.20381474494934082,1.167606234550476,8.567397458136838e-07,0.23648399114608765,1.1236047744750977,-0.039029598236083984,0.24419891834259033,1.0691289901733398,-0.058085713535547256,0.2024606317281723,1.0526421070098877,-0.07219286262989044,0.1627446562051773,1.046567440032959,-0.0881979838013649,0.21552245318889618,0.9237913489341736,-0.04580647498369217,0.22554516792297363,0.8197468519210815,-0.0682014748454094,0.22948794066905975,0.7556806802749634,-0.08404228091239929,0.23269911110401154,0.7026656866073608,-0.09458920359611511,0.1639893352985382,0.9318517446517944,-0.044250864535570145,0.13932585716247559,0.8150928020477295,-0.06350309401750565,0.1239507645368576,0.7437704205513,-0.08056911081075668,0.11334437131881714,0.6877318620681763,-0.0904804915189743,0.1292726993560791,0.9698946475982666,-0.045669130980968475,0.07917454838752747,0.8877890706062317,-0.07407277077436447,0.052785277366638184,0.829339861869812,-0.10064104199409485,0.035722315311431885,0.7812983393669128,-0.11652456969022751,0.11031606793403625,1.0255544185638428,-0.04908579960465431,0.09366331994533539,0.9987868070602417,-0.08045348525047302,0.10861558467149734,1.0213634967803955,-0.09183569252490997,0.12746460735797882,1.0480246543884277,-0.09558502584695816
0.6649807691574097,0.8239830136299133,3.274299160693772e-07,0.6187596321105957,0.796008288860321,-0.02756136655807495,0.5920780301094055,0.7331464290618896,-0.03963698446750641,0.6221043467521667,0.6832705140113831,-0.04900617152452469,0.6624093055725098,0.6572288274765015,-0.0592542439699173,0.6046346426010132,0.6068552136421204,-0.021779092028737068,0.5999600291252136,0.516665518283844,-0.03472074866294861,0.6025533080101013,0.4609764814376831,-0.04696717485785484,0.6033640503883362,0.4108823537826538,-0.05831718444824219,0.6450562477111816,0.5953594446182251,-0.026634814217686653,0.6425418853759766,0.4940013289451599,-0.03621270880103111,0.6438490152359009,0.432158887386322,-0.04809459298849106,0.6424981951713562,0.38118237257003784,-0.05891488492488861,0.6806928515434265,0.6106358170509338,-0.03552253171801567,0.6974965929985046,0.5181683897972107,-0.056217096745967865,0.7011410593986511,0.46127569675445557,-0.07573253661394119,0.7031680345535278,0.4129958748817444,-0.09100295603275299,0.7121611833572388,0.647428572177887,-0.04635521396994591,0.7065386176109314,0.5928555727005005,-0.07226238399744034,0.6895695924758911,0.6241821646690369,-0.0789685994386673,0.6751734614372253,0.6627796292304993,-0.08373502641916275
0.7201508283615112,0.8114088177680969,4.2654443177525536e-07,0.679509162902832,0.7686412930488586,-0.031175775453448296,0.6630008816719055,0.7062494158744812,-0.04586043953895569,0.6973159909248352,0.6496607065200806,-0.05696489289402962,0.7315338850021362,0.6040104031562805,-0.067934550344944,0.651534378528595,0.5782269835472107,-0.024893352761864662,0.6473754644393921,0.4819714426994324,-0.03976958990097046,0.6473458409309387,0.42459815740585327,-0.05260801687836647,0.6476547122001648,0.37519145011901855,-0.06462516635656357,0.6916657090187073,0.5689629316329956,-0.026452885940670967,0.6796100735664368,0.46977341175079346,-0.037356942892074585,0.6714397668838501,0.40820372104644775,-0.05240249261260033,0.6647651195526123,0.3573811650276184,-0.06546294689178467,0.7285284399986267,0.5903469324111938,-0.03196662291884422,0.7374759912490845,0.5004357099533081,-0.05165434628725052,0.739252507686615,0.440633624792099,-0.07473677396774292,0.740202009677887,0.38515108823776245,-0.09347248077392578,0.7616926431655884,0.6342709064483643,-0.03948598727583885,0.7620845437049866,0.6107578277587891,-0.06830006092786789,0.7540167570114136,0.6012133955955505,-0.08512876182794571,0.745406985282898,0.5879253149032593,-0.09674602001905441
0.7173627614974976,0.8061070442199707,3.123930696347088e-07,0.6814824938774109,0.7632954120635986,-0.029458189383149147,0.668429970741272,0.6991980075836182,-0.041555844247341156,0.7060796022415161,0.6438831686973572,-0.049852631986141205,0.7430353760719299,0.6022642254829407,-0.057340800762176514,0.6567642092704773,0.5771343111991882,-0.020225711166858673,0.6321191787719727,0.49083447456359863,-0.03176538646221161,0.6178269386291504,0.43981748819351196,-0.04191810265183449,0.6064141988754272,0.3951653242111206,-0.0520290806889534,0.6985580325126648,0.5651077628135681,-0.022748513147234917,0.6869405508041382,0.46623992919921875,-0.030181335285305977,0.6819816827774048,0.40289974212646484,-0.04306810349225998,0.6782240867614746,0.35295888781547546,-0.05435432866215706,0.7359206080436707,0.5879551768302917,-0.029533036053180695,0.7611554265022278,0.5054855942726135,-0.0491853803396225,0.7800104022026062,0.44564977288246155,-0.07226486504077911,0.7949154376983643,0.3922809362411499,-0.08961782604455948,0.7673628330230713,0.6341037750244141,-0.03781072795391083,0.7722594738006592,0.6029127240180969,-0.0633087158203125,0.7641364336013794,0.6011601686477661,-0.07571469247341156,0.7556847929954529,0.5989798307418823,-0.08448626846075058
0.7289725542068481,0.799591600894928,4.76999673537648e-07,0.6909560561180115,0.7479391694068909,-0.02942502126097679,0.6778576374053955,0.674546480178833,-0.045206695795059204,0.7099519371986389,0.6158121228218079,-0.058294136077165604,0.742393970489502,0.5644552111625671,-0.0716814398765564,0.673998236656189,0.5678486824035645,-0.024680444970726967,0.6853957772254944,0.4778120517730713,-0.04643324390053749,0.6973738074302673,0.42122501134872437,-0.06575580686330795,0.7107836604118347,0.3729987144470215,-0.08104456216096878,0.7109710574150085,0.5622878074645996,-0.027570810168981552,0.7191883325576782,0.46261775493621826,-0.042899876832962036,0.7267574667930603,0.40036213397979736,-0.0616796538233757,0.7347569465637207,0.3451683521270752,-0.07716167718172073,0.743645191192627,0.5815339684486389,-0.03447699546813965,0.7518137693405151,0.48916298151016235,-0.05274071544408798,0.7547798156738281,0.430948406457901,-0.0726511999964714,0.759108304977417,0.3769471049308777,-0.08927536010742188,0.7739110589027405,0.6207241415977478,-0.04400608316063881,0.7691053152084351,0.5808549523353577,-0.06604623049497604,0.7613753080368042,0.5556339025497437,-0.07921290397644043,0.755288302898407,0.528742790222168,-0.08923327922821045
0.7315363883972168,0.7908085584640503,3.9103215954128245e-07,0.692315936088562,0.7446303367614746,-0.026883428916335106,0.6751629710197449,0.6748389005661011,-0.041086047887802124,0.6968275308609009,0.6146325469017029,-0.05285607650876045,0.7256882190704346,0.5676852464675903,-0.06443551927804947,0.686230480670929,0.5572950839996338,-0.025945615023374557,0.6901310682296753,0.4656791388988495,-0.044517677277326584,0.6974924802780151,0.41063210368156433,-0.059106286615133286,0.7053086161613464,0.36321234703063965,-0.07147949934005737,0.7256768941879272,0.5575960874557495,-0.030728476122021675,0.725488007068634,0.458710253238678,-0.04482104629278183,0.7282207012176514,0.3948778510093689,-0.06092663109302521,0.7303371429443359,0.3404201865196228,-0.07432685792446136,0.75904381275177,0.5856096148490906,-0.039135903120040894,0.7670086026191711,0.5065197348594666,-0.0602734312415123,0.7708196640014648,0.44855809211730957,-0.08279597014188766,0.7743542194366455,0.3943774402141571,-0.10089652240276337,0.7882725596427917,0.6322835087776184,-0.04926811531186104,0.7808821201324463,0.6105843186378479,-0.07672840356826782,0.7644575834274292,0.6027383208274841,-0.09250904619693756,0.7484964728355408,0.5932122468948364,-0.10380680114030838
0.73175048828125,0.7972580194473267,3.1447706305698375e-07,0.6915023326873779,0.7510253190994263,-0.02562890201807022,0.6769775748252869,0.6816738843917847,-0.03716141730546951,0.7134807109832764,0.6321924328804016,-0.04612848907709122,0.7525873184204102,0.5966050624847412,-0.055572692304849625,0.6922690272331238,0.5595522522926331,-0.020040182396769524,0.6965253353118896,0.46716004610061646,-0.03352766111493111,0.7051097750663757,0.4117451608181,-0.045107968151569366,0.7120409607887268,0.3632281422615051,-0.0561809316277504,0.7326465845108032,0.5586439967155457,-0.02498045191168785,0.7303633093833923,0.4596388339996338,-0.034513697028160095,0.7309188842773438,0.39764827489852905,-0.04758119210600853,0.731564462184906,0.3451055884361267,-0.059493571519851685,0.7671423554420471,0.5853093266487122,-0.03381137177348137,0.7820939421653748,0.503391683101654,-0.05510372668504715,0.7876818180084229,0.4461529850959778,-0.07802985608577728,0.7950449585914612,0.39325469732284546,-0.09647103399038315,0.7979047894477844,0.632237434387207,-0.04402458667755127,0.7872271537780762,0.6050674915313721,-0.07385426759719849,0.7658523917198181,0.6243708729743958,-0.08734763413667679,0.7497953176498413,0.6426994800567627,-0.09673693031072617
0.7386777400970459,0.7908384799957275,2.9834941983608587e-07,0.7002695202827454,0.7450426816940308,-0.02512957528233528,0.6877342462539673,0.6748387217521667,-0.03541583567857742,0.7295894026756287,0.6275776028633118,-0.04325006529688835,0.7716118097305298,0.5972923636436462,-0.051443152129650116,0.7029063105583191,0.5522348880767822,-0.017321571707725525,0.7079914808273315,0.46026575565338135,-0.027807647362351418,0.7174190282821655,0.4067297577857971,-0.03769312798976898,0.7248579859733582,0.3602919280529022,-0.047922082245349884,0.7430475950241089,0.5522607564926147,-0.02141740173101425,0.741117537021637,0.45477569103240967,-0.028240077197551727,0.7420915365219116,0.3959124982357025,-0.039342354983091354,0.7425433993339539,0.3465263843536377,-0.04997262731194496,0.7769633531570435,0.5800096988677979,-0.029475905001163483,0.7976968288421631,0.49513739347457886,-0.048902664333581924,0.8060427308082581,0.4374433755874634,-0.07198065519332886,0.8127615451812744,0.3839067220687866,-0.09066449850797653,0.8076894283294678,0.6292306780815125,-0.038850925862789154,0.8110792636871338,0.5997575521469116,-0.06765393167734146,0.7919201850891113,0.6178735494613647,-0.0813894271850586,0.7726085782051086,0.6358482241630554,-0.09109315276145935
0.7450507283210754,0.7867189645767212,2.880555882711633e-07,0.7065749168395996,0.7417206764221191,-0.02481689676642418,0.6950586438179016,0.6690431237220764,-0.034612610936164856,0.7373113632202148,0.6202266812324524,-0.042084626853466034,0.7797787189483643,0.5906599760055542,-0.05017300695180893,0.7088255882263184,0.5495114922523499,-0.01645677722990513,0.7128965854644775,0.4579554796218872,-0.026395190507173538,0.7211940884590149,0.40431952476501465,-0.03623207286000252,0.7273885607719421,0.3571281135082245,-0.04657048359513283,0.7491429448127747,0.5475738048553467,-0.02079487219452858,0.7473224401473999,0.44671738147735596,-0.026314059272408485,0.7470129728317261,0.3870360255241394,-0.03700777888298035,0.74581378698349,0.3369348347187042,-0.04756287485361099,0.7833361625671387,0.5742883086204529,-0.028981495648622513,0.8055810332298279,0.48497533798217773,-0.04705732315778732,0.8130673170089722,0.4273830056190491,-0.06952807307243347,0.8183355927467346,0.37402084469795227,-0.08815949410200119,0.8140890002250671,0.6230279207229614,-0.03850988671183586,0.8183243870735168,0.5919159650802612,-0.06643420457839966,0.7999268770217896,0.6101111769676208,-0.07936791330575943,0.7808314561843872,0.6283730268478394,-0.08868085592985153
0.7648778557777405,0.7883952260017395,3.99561798758441e-07,0.7267650961875916,0.7363251447677612,-0.02935277670621872,0.717643141746521,0.6652414202690125,-0.04212275147438049,0.7617580890655518,0.6170815229415894,-0.051821108907461166,0.8041970729827881,0.5839007496833801,-0.06180344521999359,0.7280174493789673,0.5429126024246216,-0.022219808772206306,0.7351967096328735,0.44886893033981323,-0.03676487132906914,0.7445635795593262,0.39166152477264404,-0.04971921816468239,0.7524198889732361,0.34223854541778564,-0.06208452954888344,0.7701975703239441,0.5411845445632935,-0.025854099541902542,0.7702673673629761,0.43927887082099915,-0.0365990549325943,0.7733079791069031,0.37449318170547485,-0.05182628706097603,0.774969220161438,0.3223474621772766,-0.06523119658231735,0.8045448064804077,0.5707970857620239,-0.03364429250359535,0.8261501789093018,0.48797500133514404,-0.05583934485912323,0.8381761312484741,0.42854470014572144,-0.08123480528593063,0.8474414348602295,0.37503841519355774,-0.10118973255157471,0.8326878547668457,0.6216965317726135,-0.04309855028986931,0.8333050608634949,0.5960370302200317,-0.07507897168397903,0.8204274773597717,0.5995063185691833,-0.09215979278087616,0.8065390586853027,0.6018936634063721,-0.10374346375465393
0.7774333357810974,0.7938287258148193,4.023196424896014e-07,0.7399416565895081,0.7418923377990723,-0.0320606604218483,0.73084557056427,0.6732211112976074,-0.047710247337818146,0.7784196734428406,0.6277257800102234,-0.059617094695568085,0.8256750106811523,0.5955658555030823,-0.07138284295797348,0.7485035061836243,0.5395345091819763,-0.02883487194776535,0.7575807571411133,0.4417765140533447,-0.04529501870274544,0.7682610750198364,0.38311558961868286,-0.05869349092245102,0.7777369618415833,0.33075863122940063,-0.07151316106319427,0.7918424010276794,0.5402845144271851,-0.03207627311348915,0.7918661236763,0.4347575008869171,-0.044841110706329346,0.7954035401344299,0.36728841066360474,-0.059824541211128235,0.798076868057251,0.3098471462726593,-0.07308287918567657,0.8264003396034241,0.5735952854156494,-0.03956788778305054,0.8541934490203857,0.4905582070350647,-0.06428299099206924,0.8713752627372742,0.43156158924102783,-0.08988458663225174,0.8839560747146606,0.3755537271499634,-0.109881691634655,0.8547722101211548,0.6289872527122498,-0.048795539885759354,0.8605316281318665,0.6063045859336853,-0.0832921639084816,0.8454586267471313,0.6096286773681641,-0.10155455768108368,0.8275510668754578,0.6095824837684631,-0.11387066543102264
0.7755596041679382,0.795469343662262,4.048636981224263e-07,0.7382185459136963,0.7439737319946289,-0.03381577134132385,0.7287872433662415,0.6765779852867126,-0.049957871437072754,0.7772464156150818,0.6320959329605103,-0.06183583661913872,0.825924813747406,0.6003208160400391,-0.0734141618013382,0.7457732558250427,0.5406062602996826,-0.03034847043454647,0.7550695538520813,0.44284820556640625,-0.04677661135792732,0.7645060420036316,0.3842948377132416,-0.05997861549258232,0.7728086709976196,0.3312377333641052,-0.07279500365257263,0.7895939946174622,0.5401543974876404,-0.03314017504453659,0.7902401089668274,0.4344683289527893,-0.04616896063089371,0.7938686609268188,0.3660033345222473,-0.06129241734743118,0.7969996333122253,0.3071122169494629,-0.0746852308511734,0.8246555924415588,0.5731173157691956,-0.04032452777028084,0.8535182476043701,0.49099576473236084,-0.06633568555116653,0.8710027933120728,0.43127351999282837,-0.09273912757635117,0.8850400447845459,0.37423303723335266,-0.11309006065130234,0.8536867499351501,0.6281686425209045,-0.049308449029922485,0.8557634949684143,0.6067618727684021,-0.08563592284917831,0.8376361131668091,0.61211097240448,-0.10481197386980057,0.8188849091529846,0.613202691078186,-0.11758995056152344
0.7731338739395142,0.7949957251548767,3.853348573557014e-07,0.7349409461021423,0.7445521354675293,-0.03253402188420296,0.7229931354522705,0.6770948171615601,-0.048451658338308334,0.7681328654289246,0.6293143033981323,-0.06047298014163971,0.8158143162727356,0.5959299206733704,-0.07203639298677444,0.738957405090332,0.5411084890365601,-0.029052702710032463,0.7471056580543518,0.4430685043334961,-0.04519039765000343,0.7569799423217773,0.38469552993774414,-0.05815786123275757,0.7662416696548462,0.33249059319496155,-0.07073874771595001,0.782430112361908,0.5400828123092651,-0.031870037317276,0.7816939949989319,0.43570831418037415,-0.044476915150880814,0.7845049500465393,0.3682510256767273,-0.05913722142577171,0.7873694896697998,0.31077316403388977,-0.07224955409765244,0.8175188899040222,0.572245180606842,-0.03896204009652138,0.8433488607406616,0.48929083347320557,-0.06380976736545563,0.8596133589744568,0.4298427104949951,-0.08931789547204971,0.8727217316627502,0.37399643659591675,-0.109204962849617,0.8465142250061035,0.6264657974243164,-0.047861505299806595,0.8473706841468811,0.6038051247596741,-0.08298330008983612,0.8293909430503845,0.6049368381500244,-0.10207298398017883,0.8102220892906189,0.6028692126274109,-0.11487597972154617
0.7509217262268066,0.7870355844497681,3.621707662659901e-07,0.7118747234344482,0.7398110032081604,-0.026121171191334724,0.6965126991271973,0.6732165217399597,-0.03967157378792763,0.7304153442382812,0.6223894953727722,-0.0507517084479332,0.7669379115104675,0.5824864506721497,-0.062257278710603714,0.7049800157546997,0.5494389533996582,-0.023391354829072952,0.7089730501174927,0.45826029777526855,-0.03954737260937691,0.7161064743995667,0.4027561545372009,-0.05293402820825577,0.722922146320343,0.35470396280288696,-0.06525778025388718,0.7456471920013428,0.5465901494026184,-0.02842470444738865,0.744081974029541,0.44970470666885376,-0.04110805690288544,0.744672417640686,0.38671165704727173,-0.05707714334130287,0.7447516322135925,0.3327106237411499,-0.07077819854021072,0.7799267768859863,0.5726602673530579,-0.03711763769388199,0.7922103404998779,0.4902235269546509,-0.05939184129238129,0.7967464923858643,0.4308902621269226,-0.08395776897668839,0.8006271123886108,0.3751786947250366,-0.10346387326717377,0.8097025156021118,0.6191830039024353,-0.047176241874694824,0.800931990146637,0.5950497388839722,-0.0783371850848198,0.7824013233184814,0.5923859477043152,-0.09584949910640717,0.7651879191398621,0.5874935984611511,-0.10791325569152832
0.7559411525726318,0.7887627482414246,3.7806441355314746e-07,0.7164138555526733,0.7416402101516724,-0.02813214808702469,0.700519859790802,0.6767441034317017,-0.042730625718832016,0.7371588349342346,0.6273583769798279,-0.054475389420986176,0.7785546779632568,0.5915664434432983,-0.06641507893800735,0.7138227224349976,0.5473577976226807,-0.026215702295303345,0.7190456390380859,0.4543401896953583,-0.042988721281290054,0.7268065810203552,0.3977006673812866,-0.056397393345832825,0.7341694235801697,0.34807777404785156,-0.0689183846116066,0.7558894753456116,0.5448750257492065,-0.030938846990466118,0.7546241283416748,0.4447541832923889,-0.044312965124845505,0.7565157413482666,0.3793509900569916,-0.06003575026988983,0.7580007910728455,0.32451891899108887,-0.07350607216358185,0.7906457781791687,0.5739426612854004,-0.03949914872646332,0.8065893054008484,0.4931626319885254,-0.06318085640668869,0.8143568634986877,0.4333118498325348,-0.0886201336979866,0.8205745220184326,0.3782331049442291,-0.10839634388685226,0.8199742436408997,0.6236129999160767,-0.04952843114733696,0.8113090395927429,0.6013960242271423,-0.08260294795036316,0.7910344004631042,0.5976690649986267,-0.10142337530851364,0.7712453007698059,0.5924732685089111,-0.1141006201505661
0.7801119685173035,0.7793023586273193,4.4440312763072143e-07,0.7385892868041992,0.7254610061645508,-0.028269464150071144,0.7237728238105774,0.649894118309021,-0.04249543324112892,0.7534956932067871,0.5877782702445984,-0.05434005707502365,0.7851773500442505,0.5352780818939209,-0.0669209286570549,0.717242956161499,0.5445941686630249,-0.02092248573899269,0.7234565615653992,0.45098379254341125,-0.04038676247000694,0.7322256565093994,0.3930882215499878,-0.058844082057476044,0.7412911653518677,0.34223493933677673,-0.07394581288099289,0.7555345296859741,0.5377121567726135,-0.024493057280778885,0.757706880569458,0.43627429008483887,-0.03833005577325821,0.7606323957443237,0.3721451163291931,-0.05825617536902428,0.7625372409820557,0.3134801983833313,-0.07508063316345215,0.7904314398765564,0.5551032423973083,-0.03195876628160477,0.7948808670043945,0.46098363399505615,-0.050686173141002655,0.7945829033851624,0.39917194843292236,-0.07356397807598114,0.7945587038993835,0.34311673045158386,-0.0923747792840004,0.8232066631317139,0.5916398763656616,-0.04168616607785225,0.8130927681922913,0.5464165210723877,-0.06451284885406494,0.8037229180335999,0.5299692749977112,-0.07776012271642685,0.7964005470275879,0.5150123834609985,-0.08792606741189957
0.7770118713378906,0.7724683284759521,4.080359587987914e-07,0.7356095314025879,0.7217908501625061,-0.028486663475632668,0.7216852903366089,0.6473578214645386,-0.04117975011467934,0.7494686841964722,0.5841586589813232,-0.05114413797855377,0.7779538631439209,0.5310019850730896,-0.06147355958819389,0.7104393839836121,0.5436701774597168,-0.017124325037002563,0.711480975151062,0.4519484043121338,-0.0332525335252285,0.7156144380569458,0.39526498317718506,-0.049292199313640594,0.7201536893844604,0.34613749384880066,-0.06290128082036972,0.748427152633667,0.5361875891685486,-0.019352231174707413,0.7445440292358398,0.43859851360321045,-0.031038787215948105,0.7423559427261353,0.37686511874198914,-0.049924351274967194,0.7403034567832947,0.32177263498306274,-0.06599564105272293,0.7836029529571533,0.5531905889511108,-0.025577276945114136,0.788709282875061,0.4602254033088684,-0.04327961429953575,0.7878652215003967,0.4002642035484314,-0.06617345660924911,0.7871870994567871,0.3459274172782898,-0.0848652794957161,0.8156757354736328,0.5894170999526978,-0.033952318131923676,0.8072746992111206,0.5452929735183716,-0.056688107550144196,0.7982808947563171,0.5246326923370361,-0.07082916051149368,0.7906678915023804,0.5040340423583984,-0.08153972774744034
0.777128279209137,0.7681090831756592,3.519916162986192e-07,0.7397755980491638,0.7178515791893005,-0.02885347045958042,0.7279115319252014,0.6484746932983398,-0.04045558720827103,0.7569755911827087,0.5865800976753235,-0.04884995147585869,0.7880475521087646,0.5386502146720886,-0.056630536913871765,0.7121890187263489,0.5415335297584534,-0.014173224568367004,0.707324743270874,0.45078277587890625,-0.024311162531375885,0.7068954110145569,0.3986224830150604,-0.035568252205848694,0.7066442370414734,0.3528715670108795,-0.04689163342118263,0.7495372295379639,0.533894956111908,-0.014754312112927437,0.7376627326011658,0.440784215927124,-0.021592294797301292,0.7289450168609619,0.386722594499588,-0.03677212819457054,0.7212783098220825,0.3401459753513336,-0.05061707645654678,0.785045862197876,0.5523131489753723,-0.01927439123392105,0.7957763671875,0.46376317739486694,-0.03399006649851799,0.7999168038368225,0.40769311785697937,-0.05480767413973808,0.8032663464546204,0.3572486937046051,-0.07220597565174103,0.816597044467926,0.5918163061141968,-0.025920940563082695,0.8134393692016602,0.5506237149238586,-0.0466933511197567,0.8074756264686584,0.5289140939712524,-0.05985405668616295,0.801824152469635,0.5062550902366638,-0.0700656995177269
0.7758492827415466,0.766636073589325,3.2565344554313924e-07,0.736579179763794,0.720767080783844,-0.026153037324547768,0.7204025983810425,0.6532571315765381,-0.036918118596076965,0.7503306269645691,0.593792200088501,-0.044813767075538635,0.7833574414253235,0.5500833988189697,-0.05246010422706604,0.7134618759155273,0.5410770177841187,-0.016447322443127632,0.7068626880645752,0.45019420981407166,-0.026151057332754135,0.7061337828636169,0.39881569147109985,-0.035676565021276474,0.7055634260177612,0.3532067537307739,-0.04564746841788292,0.7511368989944458,0.5329793095588684,-0.018552210181951523,0.7399510145187378,0.4390994906425476,-0.02520064264535904,0.7316795587539673,0.3840295076370239,-0.03817935660481453,0.7248373031616211,0.3380858898162842,-0.050225041806697845,0.7861669659614563,0.5524009466171265,-0.02419591322541237,0.7994006872177124,0.4645668864250183,-0.03917192667722702,0.8034717440605164,0.408515989780426,-0.05936761945486069,0.8069082498550415,0.35847675800323486,-0.0763205960392952,0.8161962032318115,0.5924481749534607,-0.03159346431493759,0.8119030594825745,0.5586398243904114,-0.05375669524073601,0.8042709231376648,0.5412413477897644,-0.06728671491146088,0.798143208026886,0.5227378606796265,-0.07748124748468399
0.7790228724479675,0.7680352926254272,3.327641593386943e-07,0.7390074133872986,0.7217884063720703,-0.0251678004860878,0.7227596640586853,0.6542129516601562,-0.03573182597756386,0.7538293600082397,0.5959479808807373,-0.04377162456512451,0.787772536277771,0.5529284477233887,-0.05184397101402283,0.7199512720108032,0.5400703549385071,-0.01586698554456234,0.7158471345901489,0.450183629989624,-0.026747915893793106,0.7165088653564453,0.3973568081855774,-0.037365078926086426,0.7173779010772705,0.35142192244529724,-0.04802241176366806,0.7581866979598999,0.5308240056037903,-0.019098084419965744,0.7491536140441895,0.4359542429447174,-0.026705145835876465,0.7427228689193726,0.3782355487346649,-0.040418945252895355,0.7375094294548035,0.3304297924041748,-0.052836719900369644,0.7928686141967773,0.5506702065467834,-0.025935398414731026,0.8073388338088989,0.46268731355667114,-0.04216109961271286,0.8127557039260864,0.40553760528564453,-0.06334979832172394,0.8174200057983398,0.35478466749191284,-0.08088447153568268,0.8224961161613464,0.5920900702476501,-0.034386709332466125,0.8195493221282959,0.5609862804412842,-0.05792497470974922,0.8120480179786682,0.5462023019790649,-0.0720994845032692,0.805766224861145,0.5303614735603333,-0.0826173946261406
0.7870951294898987,0.7640963792800903,3.526871239500906e-07,0.7501598000526428,0.7129207253456116,-0.02653641812503338,0.7385737895965576,0.6444398760795593,-0.03767431154847145,0.7747890949249268,0.588678777217865,-0.04609154164791107,0.8122078776359558,0.5501838326454163,-0.05436749383807182,0.7372586727142334,0.5299274325370789,-0.015985915437340736,0.7385732531547546,0.4389074742794037,-0.026865124702453613,0.7423831820487976,0.3858398497104645,-0.03781377896666527,0.7455759644508362,0.33951735496520996,-0.04880053922533989,0.776113748550415,0.5236293077468872,-0.018268747255206108,0.7710990905761719,0.4278877377510071,-0.026000050827860832,0.7670350670814514,0.3698652386665344,-0.039811283349990845,0.763372004032135,0.32168149948120117,-0.052262626588344574,0.810651957988739,0.5456526875495911,-0.02426469512283802,0.8301109671592712,0.4595568776130676,-0.04068461433053017,0.8385725021362305,0.4041503667831421,-0.06181218475103378,0.8448035717010498,0.35479745268821716,-0.07912126183509827,0.8396725654602051,0.5891690254211426,-0.03204821050167084,0.8412498235702515,0.5572865605354309,-0.0559716634452343,0.836708664894104,0.5423128604888916,-0.07022888213396072,0.8321534395217896,0.5258094072341919,-0.08057179301977158
0.7994270920753479,0.7651352882385254,3.747244932128524e-07,0.7640491127967834,0.7134279608726501,-0.029767390340566635,0.7555168271064758,0.6442373991012573,-0.04190254583954811,0.7967315316200256,0.5902305245399475,-0.050907932221889496,0.8371846675872803,0.5558475255966187,-0.059476204216480255,0.7552300095558167,0.5269952416419983,-0.017377251759171486,0.7581676244735718,0.4335404634475708,-0.029049836099147797,0.763023853302002,0.3784395456314087,-0.040789637714624405,0.7671960592269897,0.33043214678764343,-0.052257224917411804,0.7948875427246094,0.5206201076507568,-0.018325651064515114,0.7903064489364624,0.42233574390411377,-0.026100996881723404,0.7870455384254456,0.3627816438674927,-0.03968553617596626,0.7837241888046265,0.31302177906036377,-0.0518442839384079,0.8300228118896484,0.5436818599700928,-0.02338653802871704,0.8520581722259521,0.4558447599411011,-0.04010751470923424,0.8648592829704285,0.4014233946800232,-0.0609167143702507,0.8739163875579834,0.3525788187980652,-0.07762234658002853,0.859498143196106,0.5887433290481567,-0.030673110857605934,0.8686719536781311,0.5521118640899658,-0.0547964833676815,0.8676643967628479,0.5401039123535156,-0.06822266429662704,0.8642931580543518,0.527389407157898,-0.07763952761888504
0.2097422182559967,0.7270233035087585,7.092028795341321e-07,0.2523192763328552,0.7052853107452393,-0.03238661587238312,0.2749476432800293,0.6571441292762756,-0.045540619641542435,0.2545667588710785,0.6201932430267334,-0.053612444549798965,0.21950732171535492,0.5830539464950562,-0.06199100613594055,0.28091129660606384,0.5221049189567566,-0.03691670671105385,0.30874401330947876,0.43576520681381226,-0.05144269019365311,0.3224652409553528,0.382390558719635,-0.06063516438007355,0.33166971802711487,0.33218395709991455,-0.06784889847040176,0.23930664360523224,0.5089571475982666,-0.03813505917787552,0.25056958198547363,0.4057445228099823,-0.053422365337610245,0.25502774119377136,0.34163379669189453,-0.06878645718097687,0.25704047083854675,0.2862057089805603,-0.07853427529335022,0.20229147374629974,0.5264120101928711,-0.041872911155223846,0.1817687600851059,0.44045084714889526,-0.071202851831913,0.16864626109600067,0.37871554493904114,-0.09884001314640045,0.1564256250858307,0.3237959146499634,-0.1160799115896225,0.1729513555765152,0.56779545545578,-0.0467553548514843,0.18616685271263123,0.5365265011787415,-0.07800891250371933,0.2021125853061676,0.5740135908126831,-0.08893902599811554,0.21095925569534302,0.6142600178718567,-0.09385120123624802
0.2261877954006195,0.7255169153213501,6.38615404113807e-07,0.2698183059692383,0.7044265866279602,-0.026185140013694763,0.2948104739189148,0.6558718681335449,-0.03743064031004906,0.2755308151245117,0.6168014407157898,-0.04553702101111412,0.24339137971401215,0.5808016061782837,-0.05454186722636223,0.3010077476501465,0.5202527046203613,-0.027215661481022835,0.32424628734588623,0.4351680874824524,-0.04034297913312912,0.3366067409515381,0.3825092613697052,-0.04980411008000374,0.34480756521224976,0.3322333097457886,-0.05729103460907936,0.2601909041404724,0.5057569742202759,-0.031090430915355682,0.2704729437828064,0.4053494334220886,-0.04302167147397995,0.275443434715271,0.3418005108833313,-0.05725657567381859,0.27879735827445984,0.28479182720184326,-0.06668617576360703,0.2233854979276657,0.5229105353355408,-0.03724763169884682,0.20903541147708893,0.43727096915245056,-0.0631231963634491,0.20085737109184265,0.37564021348953247,-0.08889813721179962,0.19208349287509918,0.32011401653289795,-0.10544495284557343,0.19317322969436646,0.5631968379020691,-0.04429282620549202,0.20947469770908356,0.5348158478736877,-0.07379816472530365,0.2246767282485962,0.5729467272758484,-0.08372364938259125,0.23258459568023682,0.6112532615661621,-0.08788609504699707
0.33201760053634644,0.7184257507324219,4.49346146069729e-07,0.38129305839538574,0.7020797729492188,-0.02686477079987526,0.4114952087402344,0.6527519822120667,-0.03782470151782036,0.4076930284500122,0.6050505042076111,-0.0459529347717762,0.39180788397789,0.5648119449615479,-0.055816952139139175,0.42099374532699585,0.5265517234802246,-0.027392691001296043,0.43774187564849854,0.442707359790802,-0.04259331151843071,0.44583046436309814,0.38756802678108215,-0.05463774502277374,0.4487793743610382,0.33848726749420166,-0.06333281844854355,0.3896375894546509,0.5134966373443604,-0.030254069715738297,0.4027986526489258,0.41326871514320374,-0.04355893284082413,0.4075317084789276,0.3468221426010132,-0.05927964672446251,0.41147878766059875,0.2895509600639343,-0.07000995427370071,0.35446465015411377,0.5234091877937317,-0.03528138995170593,0.3636515736579895,0.43907517194747925,-0.05892607942223549,0.3716229200363159,0.3795509934425354,-0.0828944519162178,0.37797150015830994,0.32888269424438477,-0.0989769920706749,0.31688371300697327,0.5512697696685791,-0.04154782369732857,0.3377993106842041,0.5268498063087463,-0.06915473937988281,0.35239580273628235,0.5604271292686462,-0.07844165712594986,0.3612140417098999,0.5983761548995972,-0.08237390965223312
0.4879113733768463,0.7118369340896606,4.078103188476234e-07,0.5352094173431396,0.6911938786506653,-0.017498768866062164,0.5702425837516785,0.6357228755950928,-0.024135110899806023,0.5682691335678101,0.5895552635192871,-0.029366543516516685,0.5522021055221558,0.5487386584281921,-0.037172991782426834,0.5594901442527771,0.5025108456611633,-0.018738271668553352,0.5726404786109924,0.417591392993927,-0.030311856418848038,0.579308032989502,0.36501261591911316,-0.04054050147533417,0.5808145999908447,0.315829336643219,-0.04858013987541199,0.5266911387443542,0.49531251192092896,-0.026011457666754723,0.5381507277488708,0.39592617750167847,-0.03636245056986809,0.5417175889015198,0.3309495449066162,-0.05251176655292511,0.5438187122344971,0.26966774463653564,-0.06451762467622757,0.4909619688987732,0.5107901692390442,-0.03455999493598938,0.5066428780555725,0.426475465297699,-0.05867704004049301,0.5180696249008179,0.3633769154548645,-0.08446886390447617,0.525097131729126,0.3046751022338867,-0.10216819494962692,0.45374295115470886,0.544313907623291,-0.04302939027547836,0.48709845542907715,0.5124117136001587,-0.07142078131437302,0.5130789875984192,0.5416695475578308,-0.0810781717300415,0.529181182384491,0.5749712586402893,-0.08581586927175522
0.5114955306053162,0.7649968266487122,5.744433337895316e-07,0.5622731447219849,0.748246431350708,-0.020682228729128838,0.601969838142395,0.6985014081001282,-0.030481120571494102,0.6182340383529663,0.6558708548545837,-0.03900963440537453,0.5974050760269165,0.6186302304267883,-0.05014535039663315,0.6008397936820984,0.5603291392326355,-0.02771870046854019,0.6348109245300293,0.4780893623828888,-0.04203847050666809,0.6520256400108337,0.42294764518737793,-0.05404466763138771,0.6629891395568848,0.3700867295265198,-0.06361184269189835,0.5661242008209229,0.5473988652229309,-0.03551698476076126,0.5852928161621094,0.4420718848705292,-0.04986094683408737,0.5933791995048523,0.3723033666610718,-0.06836182624101639,0.5981022715568542,0.3121809959411621,-0.08234824985265732,0.529879629611969,0.5607320666313171,-0.04428248852491379,0.5467606782913208,0.4730767011642456,-0.0707923099398613,0.5559912919998169,0.4048393964767456,-0.09816788136959076,0.5604220628738403,0.3459714651107788,-0.11727552115917206,0.49597853422164917,0.5941811800003052,-0.05336872115731239,0.5355679392814636,0.5609769225120544,-0.08313456177711487,0.560468852519989,0.5942874550819397,-0.09378311038017273,0.5748990178108215,0.6347687840461731,-0.09947162121534348
0.4819078743457794,0.8451976180076599,6.037321327312384e-07,0.528640866279602,0.826839029788971,-0.025572871789336205,0.5630983114242554,0.7822109460830688,-0.03966403007507324,0.5632431507110596,0.7392261624336243,-0.05140777677297592,0.5500478744506836,0.6987477540969849,-0.06496744602918625,0.5685384273529053,0.6365118026733398,-0.033878397196531296,0.6036291122436523,0.5503156781196594,-0.051844581961631775,0.6235061883926392,0.4929165840148926,-0.06579601764678955,0.6366547346115112,0.44111257791519165,-0.07587207853794098,0.5283968448638916,0.6217883825302124,-0.04106173664331436,0.5441377758979797,0.5090851187705994,-0.056388262659311295,0.5515670776367188,0.4365212917327881,-0.07461369782686234,0.5567032694816589,0.37614598870277405,-0.08766870200634003,0.4894048571586609,0.637622594833374,-0.049912188202142715,0.4980792999267578,0.5448688268661499,-0.0775204747915268,0.5063947439193726,0.47442907094955444,-0.10563792288303375,0.5106077790260315,0.4158984124660492,-0.12493472546339035,0.4529806673526764,0.6760032176971436,-0.05944030359387398,0.4873398542404175,0.6484002470970154,-0.09022603929042816,0.508649468421936,0.6813943982124329,-0.10103493928909302,0.5195898413658142,0.7187572717666626,-0.10633669048547745
0.40208882093429565,0.9183797836303711,7.05832121639105e-07,0.4497080147266388,0.9005127549171448,-0.02739701047539711,0.4850059747695923,0.8637798428535461,-0.043521907180547714,0.46980658173561096,0.8279821872711182,-0.05821933224797249,0.4461885690689087,0.7891401052474976,-0.0746413841843605,0.49685463309288025,0.7003327012062073,-0.03214586153626442,0.5255400538444519,0.6114821434020996,-0.05122089385986328,0.5424861907958984,0.5544936656951904,-0.06611015647649765,0.554257333278656,0.5026294589042664,-0.07674388587474823,0.4514140784740448,0.6832230687141418,-0.03981602191925049,0.4625392258167267,0.5699052810668945,-0.05416974052786827,0.46517762541770935,0.49615180492401123,-0.0726509615778923,0.46700623631477356,0.4347968101501465,-0.08576643466949463,0.4095895290374756,0.7028297185897827,-0.04982064664363861,0.3970962464809418,0.6137490272521973,-0.07599595934152603,0.39377710223197937,0.5463108420372009,-0.1054055318236351,0.3900480568408966,0.4914723038673401,-0.12600377202033997,0.3707064390182495,0.7472462058067322,-0.06122566759586334,0.3913399577140808,0.736622154712677,-0.09213707596063614,0.41213440895080566,0.7717443704605103,-0.1056729108095169,0.42732247710227966,0.8075193166732788,-0.11278985440731049
0.35256046056747437,0.9331137537956238,8.799848387752718e-07,0.39980578422546387,0.9198101162910461,-0.024631740525364876,0.4406045377254486,0.8991381525993347,-0.04453030601143837,0.4197281301021576,0.8866347670555115,-0.0643748939037323,0.38712653517723083,0.8628496527671814,-0.08776930719614029,0.4574197828769684,0.7231413125991821,-0.03820740059018135,0.4884076416492462,0.6270989179611206,-0.05761449411511421,0.5077337026596069,0.569606602191925,-0.07213496416807175,0.5221114158630371,0.514430582523346,-0.08269665390253067,0.4066275656223297,0.7046569585800171,-0.048975106328725815,0.4173819124698639,0.5893183350563049,-0.06312253326177597,0.42051368951797485,0.5098638534545898,-0.08394889533519745,0.4222826361656189,0.44355636835098267,-0.09911510348320007,0.3606109917163849,0.7246899604797363,-0.06091642007231712,0.3475116491317749,0.6441260576248169,-0.0888337716460228,0.3430924415588379,0.5754161477088928,-0.12374923378229141,0.3387452960014343,0.5179657340049744,-0.14876966178417206,0.3198677599430084,0.7706193923950195,-0.07337559759616852,0.3374149799346924,0.7843263149261475,-0.10633007436990738,0.35753104090690613,0.8321939706802368,-0.12164285778999329,0.372510701417923,0.8773020505905151,-0.13057832419872284
0.29351481795310974,0.8875384330749512,7.580729288747534e-07,0.3415415287017822,0.8718047738075256,-0.02280423603951931,0.3778516352176666,0.8231158256530762,-0.03434964641928673,0.3550652265548706,0.7798358201980591,-0.04407272860407829,0.3186114430427551,0.7490954399108887,-0.05622204393148422,0.39789873361587524,0.6734422445297241,-0.02800208143889904,0.44223204255104065,0.5837836265563965,-0.04346644505858421,0.4700983762741089,0.5279286503791809,-0.05456866696476936,0.4902765154838562,0.4756021499633789,-0.06248382478952408,0.3539997935295105,0.6530452966690063,-0.03631684556603432,0.3791293501853943,0.5370953679084778,-0.047325823456048965,0.3922657370567322,0.462943434715271,-0.06228836253285408,0.40213021636009216,0.39986729621887207,-0.07255211472511292,0.3116680979728699,0.6687988042831421,-0.04653474688529968,0.31098589301109314,0.5780985951423645,-0.07196353375911713,0.3153970241546631,0.5057390332221985,-0.10129053890705109,0.3182145059108734,0.4434167742729187,-0.12129140645265579,0.27151942253112793,0.7081630229949951,-0.057383883744478226,0.29248976707458496,0.6921510100364685,-0.08646723628044128,0.30556607246398926,0.7348501086235046,-0.09652324765920639,0.31104087829589844,0.7775780558586121,-0.10147089511156082
0.22201399505138397,0.8230082988739014,7.732771791779669e-07,0.2713186740875244,0.8013414144515991,-0.03346230462193489,0.2994686961174011,0.7446302175521851,-0.04714902117848396,0.26534825563430786,0.6952676773071289,-0.05605437234044075,0.22322560846805573,0.65718013048172,-0.06616874039173126,0.3125767707824707,0.5971806049346924,-0.03310773894190788,0.3463220000267029,0.5055105090141296,-0.04850054904818535,0.36737677454948425,0.44638895988464355,-0.06009988114237785,0.3815726041793823,0.3896923363208771,-0.06923184543848038,0.2687545716762543,0.5771686434745789,-0.035265132784843445,0.2900920808315277,0.46769294142723083,-0.04736172407865524,0.30215999484062195,0.3965282440185547,-0.06185874342918396,0.31153470277786255,0.3345462381839752,-0.0715222880244255,0.22673724591732025,0.5914983153343201,-0.04053255543112755,0.2198021411895752,0.49578848481178284,-0.06859835237264633,0.22228997945785522,0.4230358600616455,-0.09785207360982895,0.22356078028678894,0.35915327072143555,-0.11703717708587646,0.18946799635887146,0.6302700638771057,-0.04726233705878258,0.2039335072040558,0.6041637063026428,-0.08169955015182495,0.2165910303592682,0.6496062874794006,-0.09395123273134232,0.22236368060112,0.6946548819541931,-0.0991528332233429
0.21685272455215454,0.8098659515380859,6.970892059143807e-07,0.2612156569957733,0.7863230109214783,-0.03541501984000206,0.28674831986427307,0.7330834865570068,-0.049657829105854034,0.25017455220222473,0.6937448382377625,-0.058467231690883636,0.2104649394750595,0.6574406027793884,-0.06831449270248413,0.2941874861717224,0.5907996296882629,-0.035817258059978485,0.3206475079059601,0.49872204661369324,-0.051215942949056625,0.33586329221725464,0.44185352325439453,-0.062271151691675186,0.3461981415748596,0.38840481638908386,-0.07084262371063232,0.24973136186599731,0.575458288192749,-0.036392491310834885,0.2643437087535858,0.46775394678115845,-0.05017390474677086,0.2717002034187317,0.39937466382980347,-0.06629906594753265,0.2777090072631836,0.3388720452785492,-0.07682529091835022,0.21010293066501617,0.5905245542526245,-0.040066130459308624,0.19889022409915924,0.4997028410434723,-0.06920312345027924,0.1952248215675354,0.4331226944923401,-0.099093958735466,0.19174833595752716,0.37143558263778687,-0.11854145675897598,0.17690642178058624,0.6291297078132629,-0.04514865577220917,0.18916165828704834,0.6025451421737671,-0.07966435700654984,0.20105138421058655,0.6470531225204468,-0.09203053265810013,0.20687668025493622,0.68956458568573,-0.09746651351451874
0.2255038321018219,0.8485464453697205,6.709864237564034e-07,0.2660239338874817,0.8243657350540161,-0.02869011089205742,0.2919369041919708,0.7731639742851257,-0.04034607484936714,0.26286810636520386,0.7374782562255859,-0.048247937113046646,0.22260569036006927,0.7112340927124023,-0.057531774044036865,0.2953564524650574,0.6346737742424011,-0.029620610177516937,0.3225848078727722,0.5484010577201843,-0.04312179610133171,0.33688342571258545,0.495061457157135,-0.05277273803949356,0.3474101424217224,0.4437601566314697,-0.06049496680498123,0.25194793939590454,0.6189373731613159,-0.03321883827447891,0.26477378606796265,0.5155592560768127,-0.04558849334716797,0.2714840769767761,0.4496139883995056,-0.0598086342215538,0.276614248752594,0.39164382219314575,-0.0690900906920433,0.21412567794322968,0.635384202003479,-0.039467744529247284,0.19846691191196442,0.5508768558502197,-0.06674033403396606,0.1910422295331955,0.489238440990448,-0.09415064007043839,0.1843595951795578,0.4324777126312256,-0.11184392869472504,0.18343129754066467,0.6759422421455383,-0.04682410880923271,0.19759246706962585,0.651007354259491,-0.07787204533815384,0.21139787137508392,0.6940712928771973,-0.08826906234025955,0.21900035440921783,0.7354116439819336,-0.09277883172035217
0.2253599315881729,0.8562384843826294,7.219466056085366e-07,0.2652706503868103,0.8343011140823364,-0.029551059007644653,0.29075562953948975,0.789361834526062,-0.04369701072573662,0.2648043632507324,0.7553138732910156,-0.05383066460490227,0.22740672528743744,0.7235590219497681,-0.06542325764894485,0.29036617279052734,0.6518736481666565,-0.03619743138551712,0.31776881217956543,0.5663111805915833,-0.05119757726788521,0.33154481649398804,0.5138399600982666,-0.061252813786268234,0.34100985527038574,0.4628848433494568,-0.06919544190168381,0.24742043018341064,0.637316107749939,-0.03931054845452309,0.257964551448822,0.5362862348556519,-0.054260581731796265,0.26177075505256653,0.46958813071250916,-0.07022891938686371,0.2637444734573364,0.41029462218284607,-0.08044098317623138,0.21110489964485168,0.6549888253211975,-0.0444067120552063,0.19005873799324036,0.5720198750495911,-0.07347055524587631,0.17827820777893066,0.5086920261383057,-0.10195442289113998,0.16788190603256226,0.4513201415538788,-0.1203017458319664,0.18190641701221466,0.6965280771255493,-0.05029730871319771,0.1933155059814453,0.6733912825584412,-0.08265390992164612,0.20838400721549988,0.7138164639472961,-0.09404684603214264,0.21854504942893982,0.7536303997039795,-0.09912494570016861
0.2261045128107071,0.8603532910346985,7.296520152522135e-07,0.2662047743797302,0.8384407162666321,-0.029750898480415344,0.2924194931983948,0.7933586239814758,-0.04437485709786415,0.26594293117523193,0.7610702514648438,-0.054979462176561356,0.22807130217552185,0.731867790222168,-0.06714916229248047,0.2897757291793823,0.656169593334198,-0.03760094940662384,0.31597667932510376,0.5712016820907593,-0.05265495553612709,0.3291589915752411,0.5191251635551453,-0.06246105208992958,0.3380977213382721,0.46870940923690796,-0.07020390778779984,0.24649567902088165,0.6431975960731506,-0.04044603928923607,0.25437161326408386,0.5424180030822754,-0.05531814694404602,0.25657227635383606,0.4769517779350281,-0.071112260222435,0.25732600688934326,0.4186001121997833,-0.08134087920188904,0.2109530121088028,0.6617608070373535,-0.045150596648454666,0.18731074035167694,0.5818378329277039,-0.07376626133918762,0.17327573895454407,0.5211638808250427,-0.10180313140153885,0.16145330667495728,0.4660238027572632,-0.12005243450403214,0.18222709000110626,0.7034907937049866,-0.050719764083623886,0.19225940108299255,0.6828011274337769,-0.08255808055400848,0.20904552936553955,0.7235426306724548,-0.09397540241479874,0.22107194364070892,0.7634419202804565,-0.09928072243928909
0.22495242953300476,0.8662838935852051,7.49069101857458e-07,0.26484164595603943,0.8450245261192322,-0.030862754210829735,0.2916868329048157,0.8006985783576965,-0.0465819425880909,0.266285240650177,0.7694288492202759,-0.05818136781454086,0.22757302224636078,0.7418539524078369,-0.07151305675506592,0.28834444284439087,0.6628233194351196,-0.040251072496175766,0.31516653299331665,0.5787984728813171,-0.05620771646499634,0.32800281047821045,0.5265448093414307,-0.06658226251602173,0.3361677825450897,0.4755721986293793,-0.07474923133850098,0.24466726183891296,0.6503134965896606,-0.043037738651037216,0.25228479504585266,0.548592209815979,-0.05942380055785179,0.2535819709300995,0.48214930295944214,-0.0761643648147583,0.2525515556335449,0.4228404760360718,-0.08693870902061462,0.20919924974441528,0.6689474582672119,-0.047544606029987335,0.1856110543012619,0.5894654989242554,-0.07737429440021515,0.16979822516441345,0.5298053026199341,-0.10550674796104431,0.156039297580719,0.47572433948516846,-0.12364387512207031,0.18037888407707214,0.7106272578239441,-0.05297250300645828,0.192342609167099,0.6906967163085938,-0.08539018779993057,0.20892412960529327,0.7315775752067566,-0.09674102067947388,0.22062177956104279,0.7713570594787598,-0.10198728740215302
0.2249385416507721,0.8649294376373291,7.384125524367846e-07,0.2652146518230438,0.8440783023834229,-0.03056570701301098,0.2925776243209839,0.7996483445167542,-0.04622844234108925,0.26710063219070435,0.7682058811187744,-0.05780762434005737,0.2290559560060501,0.7413404583930969,-0.07101672142744064,0.2883399724960327,0.6623269319534302,-0.0398782342672348,0.3147186040878296,0.5784533619880676,-0.05578586831688881,0.3268502950668335,0.5265137553215027,-0.06607096642255783,0.33465883135795593,0.47600793838500977,-0.07423018664121628,0.24440552294254303,0.6503095626831055,-0.04283446818590164,0.251376211643219,0.5489810705184937,-0.059248488396406174,0.25252893567085266,0.48258715867996216,-0.07588217407464981,0.2516709566116333,0.4232478439807892,-0.08658260107040405,0.2091057300567627,0.669800877571106,-0.04749863222241402,0.18451400101184845,0.5900074243545532,-0.0774320438504219,0.16916529834270477,0.530897319316864,-0.10530395060777664,0.15604785084724426,0.47734034061431885,-0.12316739559173584,0.18089106678962708,0.7123051881790161,-0.05304078385233879,0.1920158565044403,0.6906742453575134,-0.08566248416900635,0.20913809537887573,0.7303999066352844,-0.09700623899698257,0.2214968204498291,0.7691968083381653,-0.10216128081083298
