0.6090949773788452,0.9105463027954102,1.071010046871379e-06,0.5524927377700806,0.8919185400009155,-0.04478562995791435,0.5161337852478027,0.8439221382141113,-0.07750299572944641,0.5437676310539246,0.8129057288169861,-0.10750278830528259,0.5921377539634705,0.7964230179786682,-0.13367237150669098,0.5340826511383057,0.6841856837272644,-0.06499738991260529,0.5093163847923279,0.5803312063217163,-0.09699603170156479,0.49614933133125305,0.5115797519683838,-0.11658166348934174,0.48695293068885803,0.4498450756072998,-0.13220205903053284,0.5863405466079712,0.6750026941299438,-0.06503759324550629,0.5931366682052612,0.5663003921508789,-0.10844901949167252,0.5973581671714783,0.48664700984954834,-0.1357373595237732,0.6044831871986389,0.4085609018802643,-0.15346759557724,0.6326737999916077,0.6954241394996643,-0.06782491505146027,0.6582179069519043,0.6488995552062988,-0.11739195883274078,0.6372311115264893,0.7220442295074463,-0.12240828573703766,0.6172763705253601,0.7751122117042542,-0.11401697248220444,0.6744690537452698,0.73074871301651,-0.07437852770090103,0.7100494503974915,0.6699479818344116,-0.11702638119459152,0.7413536906242371,0.6330916285514832,-0.12908406555652618,0.7685903906822205,0.5915971398353577,-0.13008472323417664
0.5970413088798523,0.8292104601860046,8.414211265517224e-07,0.5517855286598206,0.8140335083007812,-0.03256145864725113,0.5204735994338989,0.7675372958183289,-0.056898098438978195,0.5381686091423035,0.7296052575111389,-0.08021558076143265,0.5751299858093262,0.707278311252594,-0.10044930875301361,0.5304048657417297,0.6383370757102966,-0.04604588449001312,0.5103756189346313,0.5515543222427368,-0.07153604179620743,0.5006176829338074,0.4951817989349365,-0.08753950148820877,0.4938540756702423,0.44621288776397705,-0.10072676837444305,0.5732907652854919,0.6290969848632812,-0.04782912880182266,0.5778867602348328,0.537181556224823,-0.08316440135240555,0.5771085023880005,0.4723733961582184,-0.10728935152292252,0.580049455165863,0.41067659854888916,-0.12347091734409332,0.6117293238639832,0.6441213488578796,-0.05162356048822403,0.6335229277610779,0.5950043201446533,-0.09143949300050735,0.6133049130439758,0.6512868404388428,-0.09715056419372559,0.5944125056266785,0.6938384771347046,-0.09241840243339539,0.647315502166748,0.6725927591323853,-0.05805731937289238,0.6781273484230042,0.6227732300758362,-0.09404892474412918,0.7049621343612671,0.5924736857414246,-0.10609801858663559,0.7285910844802856,0.557999312877655,-0.1085859164595604
0.6429494619369507,0.8107765316963196,7.598359843541402e-07,0.593661367893219,0.7925649881362915,-0.02783896028995514,0.5627059936523438,0.7370075583457947,-0.050359662622213364,0.5696109533309937,0.6822540760040283,-0.07348453253507614,0.6019385457038879,0.6443332433700562,-0.09454125165939331,0.5611976385116577,0.6095017790794373,-0.031442273408174515,0.55387943983078,0.5195284485816956,-0.056405726820230484,0.556402862071991,0.4645302891731262,-0.07341475039720535,0.5606291890144348,0.41815000772476196,-0.08579632639884949,0.5971523523330688,0.596980631351471,-0.03467128798365593,0.5975013375282288,0.49509814381599426,-0.06555745005607605,0.5967589020729065,0.4307363033294678,-0.08587515354156494,0.5986482501029968,0.37385064363479614,-0.09870833903551102,0.6322382092475891,0.6058440804481506,-0.04040948301553726,0.6275866031646729,0.5253408551216125,-0.06977959722280502,0.6181836128234863,0.5757889151573181,-0.06668687611818314,0.6125894784927368,0.616908073425293,-0.05765383690595627,0.6657907962799072,0.6267198324203491,-0.04935096204280853,0.665305495262146,0.5562435984611511,-0.0700656846165657,0.6665369272232056,0.5151192545890808,-0.07106009870767593,0.6662688851356506,0.472400963306427,-0.06811011582612991
0.6740323305130005,0.819355845451355,8.179852670764376e-07,0.6244035959243774,0.7964988946914673,-0.03401362523436546,0.5935338139533997,0.7376591563224792,-0.05998307466506958,0.6146396398544312,0.6804667711257935,-0.08547606319189072,0.6546988487243652,0.6493739485740662,-0.10744144767522812,0.5925577878952026,0.604199230670929,-0.04410676658153534,0.5743963122367859,0.5033862590789795,-0.06958892196416855,0.5682170987129211,0.4442535638809204,-0.08654265105724335,0.5629495978355408,0.39633721113204956,-0.10114379227161407,0.6366842985153198,0.5905444622039795,-0.04589894413948059,0.6396921277046204,0.485906183719635,-0.08006853610277176,0.6393615007400513,0.4190504848957062,-0.10428335517644882,0.6404332518577576,0.353174090385437,-0.12177043408155441,0.6761995553970337,0.602149486541748,-0.04967287927865982,0.6874237656593323,0.5199097990989685,-0.08164268732070923,0.6781314015388489,0.580965518951416,-0.07763802260160446,0.6698447465896606,0.6287631392478943,-0.06875494867563248,0.7141494750976562,0.6287301778793335,-0.05747685208916664,0.7347469925880432,0.564049243927002,-0.08544332534074783,0.7507095336914062,0.5256509184837341,-0.09099927544593811,0.7624924182891846,0.48370325565338135,-0.09056130796670914
0.6737456917762756,0.8207665681838989,7.946908340272785e-07,0.6262108683586121,0.7912609577178955,-0.0299801267683506,0.5959491729736328,0.7301967144012451,-0.0535363107919693,0.6193575263023376,0.669847846031189,-0.07760419696569443,0.6612846255302429,0.6451546549797058,-0.09786433726549149,0.5952028632164001,0.6027591228485107,-0.03872332721948624,0.5598341822624207,0.5147270560264587,-0.06169689819216728,0.5430230498313904,0.4581698775291443,-0.07693923264741898,0.5293506383895874,0.4121796190738678,-0.09203794598579407,0.6407490372657776,0.585248589515686,-0.042282577604055405,0.6395139098167419,0.4817589521408081,-0.07386928796768188,0.6361079812049866,0.4156208038330078,-0.09745318442583084,0.6378874778747559,0.34924203157424927,-0.11560102552175522,0.6821476817131042,0.5999414920806885,-0.04760637879371643,0.6978787183761597,0.520940899848938,-0.07985614985227585,0.6871203780174255,0.5808531641960144,-0.07853631675243378,0.6793390512466431,0.6299699544906616,-0.07222656160593033,0.722440242767334,0.6347649097442627,-0.05661734193563461,0.759056806564331,0.5838861465454102,-0.09210550040006638,0.7917794585227966,0.5505908131599426,-0.10508666187524796,0.8207917809486389,0.5145962834358215,-0.10896944254636765
0.40868115425109863,0.7857221364974976,9.0588798684621e-07,0.3499599099159241,0.7505875825881958,-0.021792998537421227,0.31078165769577026,0.6955138444900513,-0.04207282140851021,0.30909597873687744,0.6386228799819946,-0.06410228461027145,0.34041211009025574,0.6141892075538635,-0.0841127261519432,0.3178112208843231,0.5592795014381409,-0.028688685968518257,0.2865963876247406,0.4734868109226227,-0.046401865780353546,0.2705839276313782,0.4207768440246582,-0.05493451654911041,0.2582032084465027,0.37834131717681885,-0.06325692683458328,0.35724565386772156,0.5452528595924377,-0.03663565590977669,0.35156935453414917,0.43639934062957764,-0.06235436722636223,0.34100908041000366,0.36933332681655884,-0.07969196140766144,0.3355216979980469,0.3104633688926697,-0.09167475253343582,0.39996781945228577,0.5595454573631287,-0.04647498577833176,0.3874948024749756,0.4870675802230835,-0.08155158162117004,0.3530964255332947,0.5372598171234131,-0.09121629595756531,0.3324805200099945,0.5850754380226135,-0.09127899259328842,0.43889299035072327,0.5962911248207092,-0.057975199073553085,0.465473473072052,0.5418813228607178,-0.09529248625040054,0.48657166957855225,0.5024384260177612,-0.11341679096221924,0.5091004967689514,0.4629591703414917,-0.12110790610313416
0.3393514156341553,0.8413810729980469,9.695883136373595e-07,0.27427712082862854,0.8291359543800354,-0.02825988456606865,0.22909921407699585,0.7798720002174377,-0.05536069720983505,0.20509174466133118,0.7259871959686279,-0.0848989188671112,0.23240430653095245,0.6808963418006897,-0.11163817346096039,0.22421050071716309,0.6324526071548462,-0.03474775701761246,0.19949471950531006,0.5337464213371277,-0.061228711158037186,0.19107282161712646,0.47116437554359436,-0.07797062397003174,0.187293142080307,0.42071443796157837,-0.09261757880449295,0.2619912326335907,0.6200181841850281,-0.0436234213411808,0.24937237799167633,0.505600094795227,-0.08094121515750885,0.24029190838336945,0.43255943059921265,-0.10745291411876678,0.2375447154045105,0.3653254210948944,-0.1263507455587387,0.29948171973228455,0.6334699988365173,-0.0550326444208622,0.2767670452594757,0.5432189106941223,-0.08941837400197983,0.2577384412288666,0.6075924038887024,-0.08678723871707916,0.2464199811220169,0.6550552845001221,-0.07898320257663727,0.33488014340400696,0.6605455875396729,-0.07034236937761307,0.32519710063934326,0.5848003625869751,-0.10052859038114548,0.32201337814331055,0.5326860547065735,-0.11021701991558075,0.31983208656311035,0.47654181718826294,-0.11360025405883789
0.4500886797904968,0.8509688377380371,8.432246545453381e-07,0.38835233449935913,0.8326824903488159,-0.03543742373585701,0.3495604693889618,0.7627251148223877,-0.058987852185964584,0.37183400988578796,0.6919282078742981,-0.0827382504940033,0.41379985213279724,0.6573682427406311,-0.10239759087562561,0.3469773232936859,0.6106258630752563,-0.03675805404782295,0.30571115016937256,0.516025722026825,-0.061311881989240646,0.28503483533859253,0.4563685953617096,-0.07701052725315094,0.26846450567245483,0.40653741359710693,-0.09157207608222961,0.3950372636318207,0.5879486203193665,-0.03977475315332413,0.3841869831085205,0.4737738072872162,-0.07620910555124283,0.37299787998199463,0.3986043930053711,-0.10261967033147812,0.36794137954711914,0.32851749658584595,-0.12090478837490082,0.4399265646934509,0.5991098880767822,-0.04556524381041527,0.44379323720932007,0.5086997747421265,-0.08434782922267914,0.4335121214389801,0.5777176022529602,-0.08326686173677444,0.4266901910305023,0.6332303881645203,-0.07408446818590164,0.4833886921405792,0.6300963163375854,-0.05547498166561127,0.5080541968345642,0.5626403093338013,-0.09227047115564346,0.5299890041351318,0.5199828743934631,-0.10294605046510696,0.547709584236145,0.47210264205932617,-0.10421790182590485
0.5687263607978821,0.8411785960197449,8.362304697584477e-07,0.5133644938468933,0.8153233528137207,-0.03744768351316452,0.48427075147628784,0.7465218901634216,-0.06355637311935425,0.5166192650794983,0.6872990131378174,-0.08846382051706314,0.5629129409790039,0.6537237763404846,-0.11028601974248886,0.48519137501716614,0.60369873046875,-0.04346534237265587,0.4734642207622528,0.49817776679992676,-0.07008679211139679,0.470892071723938,0.4351986348628998,-0.08811495453119278,0.46871134638786316,0.3806841969490051,-0.1024843379855156,0.5305908918380737,0.5903751254081726,-0.04439722001552582,0.5357608199119568,0.47727370262145996,-0.07764226943254471,0.5378915071487427,0.4055110812187195,-0.09869436919689178,0.540942370891571,0.33924904465675354,-0.11271576583385468,0.5703991651535034,0.6051567792892456,-0.0484810471534729,0.5775771737098694,0.5181751251220703,-0.08266564458608627,0.5704360604286194,0.5823826789855957,-0.07889102399349213,0.5662949085235596,0.633993923664093,-0.06795024126768112,0.6071336269378662,0.6354522705078125,-0.056761234998703,0.6193882822990417,0.5589219331741333,-0.08320499956607819,0.6270285844802856,0.5149489641189575,-0.08596556633710861,0.6314520239830017,0.46910250186920166,-0.08329291641712189
0.6550690531730652,0.8464570641517639,7.526510898969718e-07,0.609514594078064,0.8254654407501221,-0.03521839156746864,0.5849635601043701,0.7707526087760925,-0.05907883122563362,0.6157950758934021,0.7268164753913879,-0.08130931854248047,0.6551228761672974,0.7068861126899719,-0.0999462679028511,0.5841112732887268,0.6500603556632996,-0.04354264959692955,0.5582467317581177,0.5627350807189941,-0.06793486326932907,0.5462270379066467,0.5089380145072937,-0.08436036854982376,0.5365010499954224,0.46145620942115784,-0.09845307469367981,0.626798689365387,0.6348168849945068,-0.043498825281858444,0.6278700232505798,0.5385097861289978,-0.07504768669605255,0.6275784969329834,0.4763427972793579,-0.0976451188325882,0.6297159194946289,0.4144273102283478,-0.11355496197938919,0.6646336913108826,0.6482114195823669,-0.045693885535001755,0.6859368085861206,0.5829688310623169,-0.07741358131170273,0.6779177784919739,0.640147864818573,-0.07559353858232498,0.6687678098678589,0.6843653321266174,-0.06715766340494156,0.7011194229125977,0.6777582764625549,-0.05178996920585632,0.7276299595832825,0.6229358911514282,-0.07917897403240204,0.7473535537719727,0.5904256105422974,-0.08448087424039841,0.7621999979019165,0.5552136301994324,-0.08326972275972366
0.5824159979820251,0.9210625886917114,7.75817284193181e-07,0.5339571237564087,0.9009661078453064,-0.025041228160262108,0.4990512430667877,0.8574275970458984,-0.04548535495996475,0.5177134275436401,0.8150604963302612,-0.06515561044216156,0.5557646751403809,0.7938517332077026,-0.08304599672555923,0.49830320477485657,0.7354540228843689,-0.03815265744924545,0.4746243357658386,0.652189314365387,-0.060024555772542953,0.4641450047492981,0.5981466770172119,-0.07564447820186615,0.4562371075153351,0.550994873046875,-0.08862459659576416,0.5380076766014099,0.71919846534729,-0.04179821163415909,0.5357100367546082,0.6245273947715759,-0.06696572154760361,0.5337668657302856,0.5619819164276123,-0.08424772322177887,0.5347277522087097,0.503323495388031,-0.09701849520206451,0.5769592523574829,0.7294012904167175,-0.04715333878993988,0.5907666087150574,0.6704738736152649,-0.07590506225824356,0.5781470537185669,0.7162749171257019,-0.07879394292831421,0.5678170323371887,0.7575303316116333,-0.07504085451364517,0.6153563857078552,0.7560729384422302,-0.05496509000658989,0.6391063332557678,0.6994678974151611,-0.083672434091568,0.6594845652580261,0.6645926237106323,-0.09251148253679276,0.6780250072479248,0.6315096020698547,-0.09414529800415039
0.44826698303222656,0.9420539140701294,7.124218086573819e-07,0.3999309837818146,0.9286613464355469,-0.019709106534719467,0.35907983779907227,0.8970403671264648,-0.033374179154634476,0.34955674409866333,0.8579913973808289,-0.047330278903245926,0.36905917525291443,0.8303413987159729,-0.0618569515645504,0.3402182459831238,0.7789610624313354,-0.021816713735461235,0.30947643518447876,0.7011913657188416,-0.04016697406768799,0.2932361364364624,0.6511421203613281,-0.05326293036341667,0.2827983796596527,0.6094158887863159,-0.06290882080793381,0.3727775514125824,0.7614724040031433,-0.028970148414373398,0.35544508695602417,0.6675465106964111,-0.04690173640847206,0.3463844358921051,0.6063085794448853,-0.06172315403819084,0.343336820602417,0.5560095906257629,-0.07185880839824677,0.40755578875541687,0.7649726867675781,-0.03930375725030899,0.4141885042190552,0.6879211068153381,-0.06318267434835434,0.4215725064277649,0.6429466605186462,-0.0808098316192627,0.42924052476882935,0.6053448915481567,-0.0907822996377945,0.442482590675354,0.7849726676940918,-0.05124376341700554,0.45926108956336975,0.7325109839439392,-0.07420910149812698,0.4723191261291504,0.6966501474380493,-0.08617354929447174,0.4860329329967499,0.6637320518493652,-0.09292623400688171
0.39478427171707153,0.9253250956535339,7.355540105891123e-07,0.33994758129119873,0.9190645217895508,-0.02045675367116928,0.29757073521614075,0.8901682496070862,-0.03939628228545189,0.2779553532600403,0.8466599583625793,-0.059976160526275635,0.3005751967430115,0.8194735050201416,-0.07901175320148468,0.2870606482028961,0.7757026553153992,-0.029741283506155014,0.25264355540275574,0.7006909251213074,-0.05143925920128822,0.23470816016197205,0.6547580361366272,-0.06532765179872513,0.2242312878370285,0.6156300902366638,-0.0763668566942215,0.32006144523620605,0.7568721175193787,-0.03737717121839523,0.3009096682071686,0.665347158908844,-0.0632086843252182,0.2848759591579437,0.6076104044914246,-0.08191066235303879,0.27819934487342834,0.5571799278259277,-0.09529312700033188,0.3553275167942047,0.7620843052864075,-0.04660987854003906,0.33938920497894287,0.7014234066009521,-0.07496856153011322,0.31764650344848633,0.7501811981201172,-0.07857353240251541,0.3071214556694031,0.7945632338523865,-0.07586328685283661,0.38760268688201904,0.784148633480072,-0.05801515653729439,0.382938027381897,0.7333630919456482,-0.08325701206922531,0.3773825466632843,0.7217087745666504,-0.08926718682050705,0.37706753611564636,0.7159392833709717,-0.08962013572454453
0.3226739168167114,0.9932605028152466,8.910154747354682e-07,0.25953546166419983,0.9871974587440491,-0.011053689755499363,0.2234499305486679,0.9704081416130066,-0.031864214688539505,0.1908063441514969,0.9331746101379395,-0.05529395118355751,0.21208715438842773,0.8987767100334167,-0.07506456226110458,0.20276188850402832,0.8639072775840759,-0.02804047241806984,0.1555170714855194,0.7936732172966003,-0.04818077012896538,0.13523860275745392,0.7492140531539917,-0.06310759484767914,0.12360504269599915,0.7111095786094666,-0.07820713520050049,0.228598952293396,0.8386925458908081,-0.03803425282239914,0.1950414925813675,0.7541924715042114,-0.0678848996758461,0.17378157377243042,0.6996234655380249,-0.09434643387794495,0.16046252846717834,0.645234227180481,-0.11671067029237747,0.259814590215683,0.8375234603881836,-0.04662559553980827,0.23261283338069916,0.7829917669296265,-0.06666490435600281,0.2215839922428131,0.8380749225616455,-0.06287908554077148,0.21741315722465515,0.8821234107017517,-0.06071097031235695,0.2964995801448822,0.8502125144004822,-0.057819485664367676,0.3041893541812897,0.7961528301239014,-0.08318813145160675,0.319449245929718,0.7595493197441101,-0.09332039207220078,0.3321648836135864,0.7238333821296692,-0.09847234934568405
0.3205614686012268,0.9014042615890503,9.471996804677474e-07,0.26000168919563293,0.8988437652587891,-0.02843007817864418,0.2109556794166565,0.8621943593025208,-0.05204667150974274,0.19864356517791748,0.80165696144104,-0.07594423741102219,0.22321687638759613,0.7591351270675659,-0.09738610684871674,0.18820282816886902,0.7345630526542664,-0.041515249758958817,0.1422864943742752,0.6540474891662598,-0.06484807282686234,0.1209130585193634,0.5998584628105164,-0.07907602936029434,0.1059206873178482,0.555470883846283,-0.09233584254980087,0.23044228553771973,0.701655387878418,-0.0469437874853611,0.20948264002799988,0.6010227799415588,-0.07872217148542404,0.195704385638237,0.5350704789161682,-0.10335314273834229,0.18861757218837738,0.4764363169670105,-0.12194658815860748,0.27657854557037354,0.6975083947181702,-0.05396673083305359,0.2638928294181824,0.622469425201416,-0.08983263373374939,0.24832536280155182,0.6762519478797913,-0.10040322691202164,0.23932775855064392,0.7245519757270813,-0.10298866778612137,0.32278257608413696,0.7152189612388611,-0.06337254494428635,0.34408852458000183,0.6584621667861938,-0.1014966070652008,0.3611493706703186,0.618285059928894,-0.12084873020648956,0.3771156072616577,0.5792465806007385,-0.1301545351743698
0.3416346311569214,0.8116782307624817,9.335967092738429e-07,0.27847832441329956,0.7976157069206238,-0.02710908092558384,0.23324590921401978,0.7456756830215454,-0.04909354820847511,0.23887787759304047,0.6817522048950195,-0.07161027193069458,0.27166643738746643,0.645034670829773,-0.09146983921527863,0.22456029057502747,0.6119291186332703,-0.03806854784488678,0.18216997385025024,0.5246036052703857,-0.05948883667588234,0.1615537703037262,0.46695655584335327,-0.07283101230859756,0.14703188836574554,0.42122501134872437,-0.08581012487411499,0.27114278078079224,0.5854088664054871,-0.043336283415555954,0.26013684272766113,0.4760596752166748,-0.0729643702507019,0.2499471753835678,0.4069119095802307,-0.09608464688062668,0.24711114168167114,0.34462809562683105,-0.11369930952787399,0.31731125712394714,0.5897947549819946,-0.050191644579172134,0.3180914521217346,0.5033062696456909,-0.08495139330625534,0.29808759689331055,0.5620788931846619,-0.09221220016479492,0.28548622131347656,0.615813136100769,-0.09183981269598007,0.36189910769462585,0.6161556243896484,-0.05940601974725723,0.3917557895183563,0.5552687048912048,-0.09806221723556519,0.41549286246299744,0.5114809274673462,-0.11610346287488937,0.43824031949043274,0.46742403507232666,-0.12365717440843582
0.45334362983703613,0.6717151999473572,8.87568376128911e-07,0.39524951577186584,0.6414361596107483,-0.03062192164361477,0.3566097915172577,0.5760381817817688,-0.052842866629362106,0.37589994072914124,0.510658860206604,-0.07394634932279587,0.4131077826023102,0.47641465067863464,-0.09197647869586945,0.35558435320854187,0.45195072889328003,-0.04428190737962723,0.3155274987220764,0.36041417717933655,-0.06548542529344559,0.29528844356536865,0.3044319152832031,-0.07883217930793762,0.2801539897918701,0.2574214041233063,-0.0911736786365509,0.40349867939949036,0.4300083816051483,-0.04631196707487106,0.4042476415634155,0.3181926906108856,-0.0718727856874466,0.40448594093322754,0.2461523413658142,-0.09146856516599655,0.40972796082496643,0.18015572428703308,-0.10689303278923035,0.44824397563934326,0.4391915500164032,-0.05017438903450966,0.4667132496833801,0.36453962326049805,-0.07996596395969391,0.4504246711730957,0.4138699173927307,-0.08682848513126373,0.4378136992454529,0.46100693941116333,-0.08706074953079224,0.4899067282676697,0.4701124131679535,-0.057128939777612686,0.5263517498970032,0.4133613407611847,-0.09096119552850723,0.5541214942932129,0.3751501441001892,-0.10702767223119736,0.5811217427253723,0.34027230739593506,-0.11386098712682724
0.5423410534858704,0.5994651913642883,9.002321235129784e-07,0.48740115761756897,0.5638439655303955,-0.032175153493881226,0.45650753378868103,0.4876536726951599,-0.055082011967897415,0.48774242401123047,0.4195069968700409,-0.07690216600894928,0.5311309099197388,0.3874891400337219,-0.09497072547674179,0.4587220847606659,0.36430686712265015,-0.04598541930317879,0.4227809011936188,0.2669298052787781,-0.07018133252859116,0.40280094742774963,0.20337039232254028,-0.08707694709300995,0.3872286081314087,0.1505931168794632,-0.10348951816558838,0.5112807154655457,0.3444230854511261,-0.04828329384326935,0.5221268534660339,0.23046284914016724,-0.08028113842010498,0.527135968208313,0.1553693264722824,-0.10673867911100388,0.5356034636497498,0.08498084545135498,-0.12765106558799744,0.5549913048744202,0.3597543239593506,-0.05193132907152176,0.5837298631668091,0.28201234340667725,-0.08346650749444962,0.5669333338737488,0.3305491805076599,-0.08700128644704819,0.5511362552642822,0.3736145496368408,-0.08510477095842361,0.5966587066650391,0.39625072479248047,-0.05915136635303497,0.6376613974571228,0.33958280086517334,-0.09285423159599304,0.6703447699546814,0.30290696024894714,-0.1066521480679512,0.6987119317054749,0.26744210720062256,-0.11203015595674515
0.7066208720207214,0.5926237106323242,8.352430427294166e-07,0.6608572602272034,0.5402591228485107,-0.041842181235551834,0.6513713598251343,0.46673598885536194,-0.0678950697183609,0.6961928606033325,0.4054575562477112,-0.09049233794212341,0.7399826645851135,0.3709089159965515,-0.10877829045057297,0.6509491205215454,0.3447141647338867,-0.047957055270671844,0.6168093681335449,0.2419193685054779,-0.0733441561460495,0.5970556139945984,0.17789660394191742,-0.09121537208557129,0.5826342701911926,0.12466232478618622,-0.10528828203678131,0.702643096446991,0.3331120014190674,-0.04371016100049019,0.7241671085357666,0.2171775847673416,-0.07022129744291306,0.7393635511398315,0.14350947737693787,-0.08937356621026993,0.75667405128479,0.0738767683506012,-0.10328268259763718,0.7448170781135559,0.35310155153274536,-0.042791303247213364,0.7828012704849243,0.28290972113609314,-0.07478078454732895,0.7725140452384949,0.3317866027355194,-0.07801841199398041,0.761246919631958,0.3727318346500397,-0.07300130277872086,0.782981276512146,0.39304453134536743,-0.04606708511710167,0.8238221406936646,0.33882489800453186,-0.07819992303848267,0.8583065271377563,0.3070780336856842,-0.08796773850917816,0.8887467384338379,0.2784687876701355,-0.08884087204933167
0.7742615938186646,0.799036979675293,9.018966125040606e-07,0.7365189790725708,0.7642520666122437,-0.060077328234910965,0.732694149017334,0.704895555973053,-0.09349505603313446,0.7794336676597595,0.6600379347801208,-0.11913156509399414,0.8207039833068848,0.6281987428665161,-0.13996276259422302,0.7291240096092224,0.5814042091369629,-0.07109580934047699,0.7011716961860657,0.474250465631485,-0.1019061878323555,0.6842929124832153,0.40630415081977844,-0.12245522439479828,0.673329770565033,0.34831568598747253,-0.13763798773288727,0.7784557938575745,0.5675060153007507,-0.05927126109600067,0.8063119053840637,0.4556002616882324,-0.09064629673957825,0.8271054625511169,0.3845057487487793,-0.11190254986286163,0.8471589088439941,0.3144366145133972,-0.12626135349273682,0.8175886869430542,0.583539605140686,-0.05200870335102081,0.8648091554641724,0.5219808220863342,-0.08964177221059799,0.8633155226707458,0.5729804635047913,-0.09578454494476318,0.8563775420188904,0.6084508299827576,-0.09129159152507782,0.8513810038566589,0.6181846857070923,-0.04995828494429588,0.8906064033508301,0.5663886070251465,-0.08395349979400635,0.9242424368858337,0.53667813539505,-0.0938548743724823,0.9527318477630615,0.508482813835144,-0.09467443823814392
0.7389959096908569,0.9453784823417664,9.115834700423875e-07,0.6930707097053528,0.9241577982902527,-0.048857856541872025,0.6777916550636292,0.8726071119308472,-0.08223345130681992,0.7185717225074768,0.8377169370651245,-0.11158644407987595,0.762662410736084,0.8231742978096008,-0.1364317685365677,0.6852676272392273,0.751142144203186,-0.06797108054161072,0.6580648422241211,0.6539035439491272,-0.09848491102457047,0.6432985067367554,0.5919144749641418,-0.1179075762629509,0.633497953414917,0.5396544933319092,-0.13400335609912872,0.7333369851112366,0.7346020340919495,-0.06219753250479698,0.7570711970329285,0.6357656717300415,-0.09652508795261383,0.7757697105407715,0.5724611282348633,-0.11911965906620026,0.795583188533783,0.5078184008598328,-0.13603512942790985,0.7718201875686646,0.7463381886482239,-0.05912608280777931,0.8136908411979675,0.6864104270935059,-0.09063728898763657,0.8074288368225098,0.7438656091690063,-0.08675654232501984,0.7972036004066467,0.7854259610176086,-0.07819806784391403,0.807648777961731,0.775804340839386,-0.06167730689048767,0.845943808555603,0.7255634665489197,-0.09085951000452042,0.8779657483100891,0.6948812007904053,-0.09774019569158554,0.9058568477630615,0.6637104153633118,-0.09784857928752899
0.258900910615921,0.9255379438400269,7.436532882820757e-07,0.3148415982723236,0.9143996834754944,-0.05361687391996384,0.3529171049594879,0.8655192255973816,-0.08255674690008163,0.33109167218208313,0.8227364420890808,-0.10926372557878494,0.2901571989059448,0.791448712348938,-0.13330626487731934,0.35301104187965393,0.6914826035499573,-0.05166071653366089,0.3884308934211731,0.5835219025611877,-0.0850307047367096,0.4086659550666809,0.515080451965332,-0.10411632806062698,0.4205884635448456,0.4559832811355591,-0.1134059727191925,0.3013746738433838,0.6741027235984802,-0.05105995014309883,0.30479854345321655,0.5493676662445068,-0.09471911191940308,0.3119780123233795,0.46594125032424927,-0.12206976860761642,0.31594157218933105,0.3889200985431671,-0.13481317460536957,0.25496405363082886,0.6875136494636536,-0.05588102713227272,0.24799831211566925,0.6397425532341003,-0.11176027357578278,0.257112592458725,0.7237498164176941,-0.1275724172592163,0.2618440091609955,0.7774364948272705,-0.12179427593946457,0.20949821174144745,0.7155342102050781,-0.06493324041366577,0.1857602596282959,0.6394756436347961,-0.0990084633231163,0.16822698712348938,0.58741694688797,-0.10729468613862991,0.1546679139137268,0.5261033773422241,-0.10731649398803711
0.4015176296234131,0.8722091913223267,6.894284751979285e-07,0.46211153268814087,0.859348714351654,-0.05456765741109848,0.5015549063682556,0.8130872249603271,-0.08121570944786072,0.5070950984954834,0.7661872506141663,-0.10477064549922943,0.5082072615623474,0.7173507809638977,-0.12532496452331543,0.4986768960952759,0.6585672497749329,-0.046077169477939606,0.5318419337272644,0.567809522151947,-0.07430913299322128,0.5500248670578003,0.5081554055213928,-0.0901264026761055,0.5614627599716187,0.45670583844184875,-0.09796813130378723,0.45068883895874023,0.6455577611923218,-0.043159790337085724,0.45694082975387573,0.5358728170394897,-0.08188933879137039,0.46405526995658875,0.45979082584381104,-0.10630780458450317,0.4658015966415405,0.400866836309433,-0.11708667129278183,0.40504783391952515,0.6597988605499268,-0.0465325228869915,0.41197043657302856,0.6161967515945435,-0.10075177997350693,0.43403422832489014,0.6855467557907104,-0.12068984657526016,0.4481360614299774,0.7355983853340149,-0.1186726987361908,0.3620341718196869,0.6847666501998901,-0.05356309190392494,0.3447769284248352,0.6191591620445251,-0.08915749937295914,0.33157116174697876,0.5750190615653992,-0.10222943127155304,0.3209376931190491,0.5244092345237732,-0.10597077757120132
0.37136831879615784,0.8587362170219421,5.640650329041819e-07,0.4262003004550934,0.8460562229156494,-0.03848952054977417,0.467166543006897,0.8104550838470459,-0.05925071984529495,0.4600730240345001,0.7710692882537842,-0.0794033631682396,0.437520831823349,0.7368168234825134,-0.09732318669557571,0.46592918038368225,0.6625141501426697,-0.032634541392326355,0.4951235055923462,0.5691930651664734,-0.05877809599041939,0.5112074613571167,0.5122284889221191,-0.07337641716003418,0.5205981135368347,0.46251922845840454,-0.07944938540458679,0.42025235295295715,0.6477099657058716,-0.03554927557706833,0.42512956261634827,0.5380544066429138,-0.06904269009828568,0.43099236488342285,0.4685608148574829,-0.09076977521181107,0.43231067061424255,0.41158968210220337,-0.10000833123922348,0.3767620623111725,0.657272458076477,-0.042957089841365814,0.38035956025123596,0.6145794987678528,-0.08826301246881485,0.3978068232536316,0.6775631308555603,-0.10315920412540436,0.40753060579299927,0.7223252058029175,-0.09924270957708359,0.3331945836544037,0.6786181330680847,-0.0529315285384655,0.3176327645778656,0.6148603558540344,-0.07888627797365189,0.30444592237472534,0.5745711326599121,-0.08384723216295242,0.2925296723842621,0.5277419686317444,-0.08231700211763382
0.3116647005081177,0.7574255466461182,4.553037342702737e-07,0.3526846468448639,0.7429099678993225,-0.029724422842264175,0.37834441661834717,0.7056485414505005,-0.046863898634910583,0.379196435213089,0.667310357093811,-0.06359032541513443,0.3547123074531555,0.6418353319168091,-0.07886216044425964,0.38195380568504333,0.5878477096557617,-0.030770782381296158,0.4126678705215454,0.5119328498840332,-0.052724454551935196,0.4287874698638916,0.4662438929080963,-0.06511317193508148,0.43886709213256836,0.4249603748321533,-0.07105381786823273,0.34626278281211853,0.5741475820541382,-0.03360072895884514,0.3499372899532318,0.48263078927993774,-0.06214843690395355,0.3544658422470093,0.42298251390457153,-0.07992416620254517,0.35547953844070435,0.3703420162200928,-0.08860795199871063,0.3111095726490021,0.5844045877456665,-0.039320748299360275,0.3137560486793518,0.5396458506584167,-0.07512644678354263,0.32958734035491943,0.5902627110481262,-0.0851491168141365,0.33875343203544617,0.6291963458061218,-0.0819118469953537,0.276835560798645,0.6058812737464905,-0.04723840206861496,0.2603761553764343,0.5477041006088257,-0.06806834787130356,0.24895471334457397,0.5078520774841309,-0.07220183312892914,0.239762544631958,0.4661082625389099,-0.07193884998559952
0.20934350788593292,0.6500633955001831,5.675243528457941e-07,0.25093159079551697,0.6287245750427246,-0.0430317185819149,0.26741454005241394,0.5760513544082642,-0.062935009598732,0.2423204928636551,0.5343278646469116,-0.07982387393712997,0.20997968316078186,0.5034347176551819,-0.09397953748703003,0.27103209495544434,0.46171271800994873,-0.03588247299194336,0.2968474328517914,0.3797892928123474,-0.05765487626194954,0.3110751807689667,0.32855886220932007,-0.07079219073057175,0.31944745779037476,0.286704957485199,-0.07838709652423859,0.23307284712791443,0.45084139704704285,-0.032629333436489105,0.2311256378889084,0.35575535893440247,-0.061271846294403076,0.2332947999238968,0.2936820983886719,-0.0817023366689682,0.2329147905111313,0.2410167157649994,-0.09267830848693848,0.19786114990711212,0.46118324995040894,-0.03412045165896416,0.18744947016239166,0.40742191672325134,-0.07309087365865707,0.20065683126449585,0.4556043744087219,-0.08983626961708069,0.20899705588817596,0.49174922704696655,-0.09095259755849838,0.16457650065422058,0.4817062318325043,-0.038759417831897736,0.1449742615222931,0.4300239682197571,-0.06532694399356842,0.12873493134975433,0.395699679851532,-0.07720053941011429,0.11300832033157349,0.35496261715888977,-0.08228078484535217
0.18038076162338257,0.7598761916160583,5.254452162262169e-07,0.21845535933971405,0.7447110414505005,-0.05655866488814354,0.2308894693851471,0.6993425488471985,-0.08716630935668945,0.20832562446594238,0.6610876321792603,-0.11242687702178955,0.18041405081748962,0.6321835517883301,-0.13570882380008698,0.2341795116662979,0.5806972980499268,-0.06601615995168686,0.257504403591156,0.4895733594894409,-0.09815429896116257,0.26989030838012695,0.436917781829834,-0.11624792218208313,0.2776806652545929,0.39289993047714233,-0.12558121979236603,0.19495931267738342,0.5729519128799438,-0.05757215991616249,0.190200537443161,0.47177982330322266,-0.09585680067539215,0.18600158393383026,0.4103121757507324,-0.11853476613759995,0.18214893341064453,0.3540319800376892,-0.12974588572978973,0.15938417613506317,0.5861204862594604,-0.053794145584106445,0.1427188366651535,0.5406630039215088,-0.10024593025445938,0.14616179466247559,0.5949274301528931,-0.11699610203504562,0.15081624686717987,0.6327675580978394,-0.11652005463838577,0.12638044357299805,0.60936039686203,-0.05380523204803467,0.10212834924459457,0.5592931509017944,-0.08337138593196869,0.08199770003557205,0.5285834670066833,-0.09382432699203491,0.06652858853340149,0.4911925792694092,-0.09726912528276443
0.18716548383235931,0.8742685317993164,6.097474170019268e-07,0.22564491629600525,0.8572404384613037,-0.051061537116765976,0.24209165573120117,0.8140875101089478,-0.07908111065626144,0.2120474874973297,0.7837865352630615,-0.1027059331536293,0.1774500012397766,0.7639009952545166,-0.12453511357307434,0.23768001794815063,0.6868136525154114,-0.05764535069465637,0.25825902819633484,0.6038371920585632,-0.0879661813378334,0.271096408367157,0.5492744445800781,-0.10698852688074112,0.27968329191207886,0.5026233196258545,-0.11762183159589767,0.19809076189994812,0.6786038279533386,-0.0515868179500103,0.18903450667858124,0.5846671462059021,-0.08853685855865479,0.18517062067985535,0.5202698707580566,-0.11216098815202713,0.18226395547389984,0.46124088764190674,-0.12432649731636047,0.1621984839439392,0.6942799091339111,-0.0496063157916069,0.14571161568164825,0.6555240750312805,-0.09431556612253189,0.15019187331199646,0.7155243754386902,-0.10804280638694763,0.15459077060222626,0.7561404705047607,-0.10544458031654358,0.1299140602350235,0.7195122241973877,-0.051380328834056854,0.10454700887203217,0.6667625904083252,-0.08013707399368286,0.08547978103160858,0.6320130228996277,-0.0885884240269661,0.07011792808771133,0.5890727043151855,-0.0902499109506607
0.2575075626373291,0.8772574663162231,5.012675501347985e-07,0.2990782558917999,0.861630916595459,-0.039892055094242096,0.3245978355407715,0.8191094398498535,-0.05844893306493759,0.31045809388160706,0.7907978296279907,-0.07517936825752258,0.2871645390987396,0.7560449838638306,-0.08911999315023422,0.3185276985168457,0.6897229552268982,-0.029820501804351807,0.32079148292541504,0.609106183052063,-0.051691241562366486,0.31701362133026123,0.5578771829605103,-0.06495288014411926,0.3102090358734131,0.5133970975875854,-0.07126245647668839,0.2832335829734802,0.6852220296859741,-0.02969537116587162,0.28584039211273193,0.5894589424133301,-0.057188935577869415,0.29079508781433105,0.5255124568939209,-0.0751321092247963,0.2937365472316742,0.47128432989120483,-0.08299046754837036,0.2502662241458893,0.6995009779930115,-0.03478091210126877,0.24809867143630981,0.6549590229988098,-0.07401975244283676,0.25693443417549133,0.7112500667572021,-0.08399959653615952,0.26229050755500793,0.7480571269989014,-0.07812166213989258,0.2183438241481781,0.7219526171684265,-0.04339335486292839,0.21343490481376648,0.6626151204109192,-0.06686004251241684,0.21090257167816162,0.6277485489845276,-0.07126974314451218,0.2085653841495514,0.5841116905212402,-0.07000453025102615
0.26462289690971375,0.8608953356742859,4.922321750200354e-07,0.30654582381248474,0.8477233648300171,-0.039086733013391495,0.3310573399066925,0.7995851039886475,-0.05612071231007576,0.3221360445022583,0.7594524025917053,-0.07117482274770737,0.30696016550064087,0.7184538841247559,-0.08319312334060669,0.3369351923465729,0.6776020526885986,-0.028851909562945366,0.35145682096481323,0.5927644371986389,-0.049055974930524826,0.35586822032928467,0.5417331457138062,-0.06095705181360245,0.3552905321121216,0.49781495332717896,-0.06734273582696915,0.3023049533367157,0.6683427691459656,-0.028103822842240334,0.3117845356464386,0.5706660151481628,-0.0551474504172802,0.32135337591171265,0.5095787048339844,-0.07306807488203049,0.3267417252063751,0.45809754729270935,-0.08172919601202011,0.2689927816390991,0.6788127422332764,-0.03228466585278511,0.2720547318458557,0.6214925646781921,-0.06968708336353302,0.2799094617366791,0.6738796830177307,-0.07911944389343262,0.28369444608688354,0.7096690535545349,-0.0744129940867424,0.2365984320640564,0.6984151005744934,-0.04001985862851143,0.23621121048927307,0.6407150626182556,-0.06517769396305084,0.2363618165254593,0.6047850847244263,-0.07250742614269257,0.23646624386310577,0.5603315830230713,-0.07363354414701462
0.2678975462913513,0.8548190593719482,5.62731599984545e-07,0.30835530161857605,0.8427079916000366,-0.03967435285449028,0.33378729224205017,0.7958787083625793,-0.05698813498020172,0.3235006630420685,0.755558967590332,-0.07191092520952225,0.3090660870075226,0.7127633690834045,-0.08365318924188614,0.3418521285057068,0.6725339293479919,-0.029540695250034332,0.3647831380367279,0.5892748236656189,-0.05004299059510231,0.37491917610168457,0.5372852087020874,-0.06167227029800415,0.37910354137420654,0.4945638179779053,-0.06652802228927612,0.30732232332229614,0.6616103053092957,-0.027454949915409088,0.32248571515083313,0.5644299983978271,-0.05337179824709892,0.3361625671386719,0.5018962025642395,-0.06941963732242584,0.34459686279296875,0.45202335715293884,-0.07558128237724304,0.27343398332595825,0.6699352264404297,-0.030377371236681938,0.2762390375137329,0.6199518442153931,-0.06695125997066498,0.28264275193214417,0.6698997616767883,-0.07614410668611526,0.2855493426322937,0.7050490379333496,-0.07029324024915695,0.240791916847229,0.6864901781082153,-0.03671390563249588,0.23995183408260345,0.6273924112319946,-0.060210928320884705,0.24059760570526123,0.5912626385688782,-0.06545072793960571,0.24224862456321716,0.5472396016120911,-0.06430839747190475
0.27348408102989197,0.8444439172744751,5.840986432303907e-07,0.31655600666999817,0.8312814831733704,-0.03580693528056145,0.34482163190841675,0.785133957862854,-0.052635110914707184,0.33265548944473267,0.744465172290802,-0.06794805079698563,0.3139786124229431,0.7067689299583435,-0.08080567419528961,0.35442450642585754,0.6656484603881836,-0.029645347967743874,0.3921777606010437,0.5902565121650696,-0.05136231705546379,0.412626177072525,0.5419542193412781,-0.06382768601179123,0.42602479457855225,0.5014448761940002,-0.06925193965435028,0.31750476360321045,0.6518825888633728,-0.03025922365486622,0.3320167064666748,0.55385422706604,-0.05810215696692467,0.3441137671470642,0.4920383095741272,-0.07593075931072235,0.3506510853767395,0.4417514204978943,-0.08332697302103043,0.2818325161933899,0.6592830419540405,-0.035037264227867126,0.28529953956604004,0.6145437359809875,-0.07276742905378342,0.2932109832763672,0.6695654988288879,-0.08220730721950531,0.2958676218986511,0.7079707980155945,-0.07647890597581863,0.24825578927993774,0.6757129430770874,-0.04282686114311218,0.24679431319236755,0.6155129075050354,-0.06593131273984909,0.2471613585948944,0.5777007341384888,-0.0697421059012413,0.24861520528793335,0.5322491526603699,-0.06774874031543732
0.3004452884197235,0.7503355741500854,5.946524765931827e-07,0.34516873955726624,0.7341760396957397,-0.03649211674928665,0.3698677122592926,0.6863614916801453,-0.056129083037376404,0.36121782660484314,0.6354130506515503,-0.07418238371610641,0.34024786949157715,0.5998449921607971,-0.09000714123249054,0.38686972856521606,0.570231556892395,-0.03838619589805603,0.43102529644966125,0.4945523142814636,-0.06439327448606491,0.4567403197288513,0.4489207863807678,-0.07902795076370239,0.474203884601593,0.40751710534095764,-0.08698346465826035,0.34904757142066956,0.5490099787712097,-0.039316415786743164,0.3639117181301117,0.4499349892139435,-0.07257108390331268,0.3769795298576355,0.38800597190856934,-0.09270649403333664,0.38530462980270386,0.3333039879798889,-0.10277532786130905,0.3113277554512024,0.5554388761520386,-0.04382139816880226,0.30544301867485046,0.5009867548942566,-0.08528649061918259,0.3137491047382355,0.5555118918418884,-0.09877784550189972,0.31947508454322815,0.5985020995140076,-0.09724704176187515,0.2726424038410187,0.5759567022323608,-0.05092918500304222,0.25155189633369446,0.5191442370414734,-0.07880134135484695,0.23549938201904297,0.4800083637237549,-0.08797630667686462,0.22269681096076965,0.43783873319625854,-0.0905308797955513
0.3118797540664673,0.7518255710601807,5.458981036099431e-07,0.357902467250824,0.7350128889083862,-0.035976335406303406,0.38692447543144226,0.6833041310310364,-0.05483703315258026,0.38333067297935486,0.6258580684661865,-0.07198279350996017,0.36071884632110596,0.5895535945892334,-0.08690030127763748,0.40512362122535706,0.5716255903244019,-0.036680370569229126,0.44904977083206177,0.49509620666503906,-0.061513349413871765,0.4732266068458557,0.4492577314376831,-0.07548227906227112,0.4894510507583618,0.407718300819397,-0.08281619101762772,0.3673943877220154,0.5490740537643433,-0.03725077956914902,0.3844466507434845,0.44893184304237366,-0.06919946521520615,0.39824798703193665,0.38642430305480957,-0.08763697743415833,0.40687206387519836,0.33091217279434204,-0.09630737453699112,0.32875654101371765,0.5544641613960266,-0.0413454994559288,0.3261072337627411,0.4959547221660614,-0.0810668095946312,0.3353797495365143,0.5517109632492065,-0.09160356223583221,0.34154608845710754,0.5954117774963379,-0.08800439536571503,0.28917282819747925,0.5735181570053101,-0.04820612072944641,0.2721739411354065,0.5102522373199463,-0.07442083954811096,0.2592099905014038,0.46661967039108276,-0.08156970143318176,0.24924857914447784,0.41999495029449463,-0.08261943608522415
0.3344111144542694,0.7509626746177673,4.900398948848306e-07,0.38321927189826965,0.7421258091926575,-0.03769606724381447,0.4197739064693451,0.692133903503418,-0.05393040552735329,0.4263938069343567,0.6487998366355896,-0.06927229464054108,0.4096517264842987,0.6118996739387512,-0.08178392797708511,0.43270325660705566,0.5590171217918396,-0.021837467327713966,0.4512903690338135,0.4749370217323303,-0.04207950830459595,0.4563646912574768,0.4246848523616791,-0.05511268228292465,0.45652374625205994,0.3770667016506195,-0.06232776865363121,0.39820241928100586,0.5443775653839111,-0.023161284625530243,0.4194415509700775,0.4458143711090088,-0.050047021359205246,0.4367339611053467,0.3824164867401123,-0.06789457052946091,0.44660547375679016,0.32948076725006104,-0.07663261890411377,0.36206766963005066,0.5493684411048889,-0.030064674094319344,0.37607917189598083,0.4850665330886841,-0.0687575563788414,0.38561946153640747,0.5431758761405945,-0.07834316790103912,0.3906272053718567,0.5884026288986206,-0.0731092318892479,0.32542306184768677,0.5640333890914917,-0.04071059077978134,0.3329567313194275,0.5013116598129272,-0.06502828001976013,0.33843106031417847,0.46087878942489624,-0.07184486091136932,0.34515804052352905,0.4148499369621277,-0.07307014614343643
0.3470144271850586,0.7578902244567871,4.871487249147322e-07,0.3992127776145935,0.7398244738578796,-0.03133781626820564,0.43425819277763367,0.6841543316841125,-0.04430433362722397,0.43806713819503784,0.6243839859962463,-0.05629453435540199,0.42889204621315,0.5793409943580627,-0.06544442474842072,0.44890695810317993,0.5752896666526794,-0.023938070982694626,0.49098101258277893,0.49122732877731323,-0.04311259835958481,0.5096020698547363,0.4432535767555237,-0.05295897647738457,0.5201578140258789,0.40042436122894287,-0.057959653437137604,0.41425952315330505,0.5546650290489197,-0.024837318807840347,0.4406895339488983,0.457200825214386,-0.05179715156555176,0.45836272835731506,0.39440780878067017,-0.0689038634300232,0.46822628378868103,0.34239697456359863,-0.07763975113630295,0.3768264055252075,0.5553923845291138,-0.029707279056310654,0.3844611644744873,0.4817945063114166,-0.06436094641685486,0.39950451254844666,0.5301398038864136,-0.0757807046175003,0.4098580777645111,0.5742592215538025,-0.07447028905153275,0.33654531836509705,0.5682394504547119,-0.037107061594724655,0.32651638984680176,0.5014531016349792,-0.06111627817153931,0.32012879848480225,0.45706987380981445,-0.07057762891054153,0.3161112666130066,0.4120531678199768,-0.07409805059432983
0.35980841517448425,0.7636421918869019,5.093816071166657e-07,0.4103691279888153,0.7521601915359497,-0.0306970477104187,0.44828376173973083,0.7043259143829346,-0.04505559056997299,0.4555073082447052,0.6482639312744141,-0.05935220047831535,0.44116145372390747,0.607926070690155,-0.07145339995622635,0.47132474184036255,0.5831581354141235,-0.022293571382761,0.5215350985527039,0.512985110282898,-0.04443155229091644,0.5486082434654236,0.4690794348716736,-0.057765375822782516,0.5683436393737793,0.43067678809165955,-0.06482581794261932,0.43566250801086426,0.5594888925552368,-0.025282369926571846,0.4617288112640381,0.4651971757411957,-0.055583614856004715,0.4799482226371765,0.40264102816581726,-0.07656294852495193,0.491907000541687,0.3517836630344391,-0.0872945785522461,0.3953794240951538,0.5593531131744385,-0.03211740404367447,0.4035012125968933,0.5008480548858643,-0.0705777108669281,0.4161473512649536,0.5486056208610535,-0.08515215665102005,0.4244835674762726,0.5912773013114929,-0.08480168879032135,0.3538203537464142,0.5713503956794739,-0.04118824750185013,0.34339439868927,0.5058188438415527,-0.06643351912498474,0.335890531539917,0.4608280658721924,-0.07518064230680466,0.3309791088104248,0.415680468082428,-0.0776144340634346
0.4164751470088959,0.8206562995910645,5.315347948453564e-07,0.4701348841190338,0.8227564096450806,-0.03895905613899231,0.5099332332611084,0.7981320023536682,-0.05987801030278206,0.5219746828079224,0.75458824634552,-0.08002690225839615,0.5139536261558533,0.7149945497512817,-0.098231740295887,0.5415236353874207,0.6579357385635376,-0.03249182924628258,0.5887055397033691,0.5897069573402405,-0.05823764204978943,0.6153648495674133,0.5441812872886658,-0.07403293997049332,0.6350172758102417,0.5039358139038086,-0.08159563690423965,0.5038947463035583,0.6292571425437927,-0.034219153225421906,0.5289855003356934,0.5340868234634399,-0.06853622943162918,0.5508464574813843,0.46947503089904785,-0.09217139333486557,0.5652552843093872,0.4183976650238037,-0.10319694876670837,0.4598279595375061,0.6252539753913879,-0.04025454819202423,0.4723127484321594,0.5848913788795471,-0.08469610661268234,0.484335720539093,0.6409692764282227,-0.10326910763978958,0.48944953083992004,0.6878761053085327,-0.10314568877220154,0.4154498279094696,0.6324898600578308,-0.04866022989153862,0.4135553538799286,0.5664548277854919,-0.07577469199895859,0.40911418199539185,0.5207118988037109,-0.08397175371646881,0.40431827306747437,0.47431817650794983,-0.08509433269500732
0.5313153862953186,0.8863919973373413,4.64184068960094e-07,0.5887161493301392,0.877540647983551,-0.0255387332290411,0.6320949196815491,0.8512799143791199,-0.045002102851867676,0.6596465110778809,0.8219034075737,-0.06580667197704315,0.641704797744751,0.7960845232009888,-0.08547108620405197,0.6316879987716675,0.7070006132125854,-0.033426642417907715,0.6739792227745056,0.6271930932998657,-0.05819014832377434,0.6955994367599487,0.57969069480896,-0.07186951488256454,0.7078618407249451,0.5326734781265259,-0.07892387360334396,0.5918119549751282,0.691755473613739,-0.04287285730242729,0.6042603254318237,0.5877773761749268,-0.07857128232717514,0.6162683963775635,0.5183165073394775,-0.1025649756193161,0.6207335591316223,0.4564991593360901,-0.11487768590450287,0.5508202910423279,0.7020152807235718,-0.054399628192186356,0.5728765726089478,0.6702225208282471,-0.10079484432935715,0.5989057421684265,0.7297386527061462,-0.11953198164701462,0.6141594648361206,0.7716203331947327,-0.12002366036176682,0.5130411386489868,0.7239800691604614,-0.06675078719854355,0.5002260804176331,0.6608994007110596,-0.09406247735023499,0.48920679092407227,0.6163733005523682,-0.10240386426448822,0.48257869482040405,0.5712102651596069,-0.1047288253903389
0.5253803730010986,0.9172388911247253,4.1147785623252275e-07,0.5853729844093323,0.9109125137329102,-0.027119502425193787,0.6294423341751099,0.8837307691574097,-0.04677949100732803,0.6611447334289551,0.8547595143318176,-0.06693578511476517,0.6435003280639648,0.8293445110321045,-0.08581480383872986,0.6298551559448242,0.7383872270584106,-0.038265474140644073,0.6714479327201843,0.6578897833824158,-0.06367719918489456,0.6928380131721497,0.6120374798774719,-0.07791092246770859,0.7049412131309509,0.5638229846954346,-0.08620937913656235,0.5897638201713562,0.7246662974357605,-0.04658452421426773,0.6004797220230103,0.6201038360595703,-0.0835794135928154,0.6108892560005188,0.5502394437789917,-0.10763849318027496,0.6133867502212524,0.48869606852531433,-0.12069069594144821,0.5490666627883911,0.7380056381225586,-0.0569368377327919,0.5727693438529968,0.7016101479530334,-0.10356531292200089,0.6001272201538086,0.7598486542701721,-0.12266495078802109,0.6172338128089905,0.8006769418716431,-0.1244969293475151,0.5109792947769165,0.7612268328666687,-0.0682036504149437,0.5004122257232666,0.7028852701187134,-0.09724442660808563,0.48879900574684143,0.66013503074646,-0.10790348052978516,0.48234322667121887,0.6151615381240845,-0.11241091787815094
0.4257009029388428,0.9605476260185242,4.93839309001487e-07,0.4783414304256439,0.945564866065979,-0.03686467558145523,0.515316903591156,0.9163001179695129,-0.06072685867547989,0.525952935218811,0.885159969329834,-0.08402503281831741,0.5042703151702881,0.8586715459823608,-0.1056128665804863,0.5174938440322876,0.7736058831214905,-0.04273181036114693,0.5487812757492065,0.6901933550834656,-0.07044443488121033,0.5677567720413208,0.6447365880012512,-0.08564133942127228,0.5796802043914795,0.6015021800994873,-0.09312684088945389,0.4711819291114807,0.7591255307197571,-0.04644682630896568,0.468930721282959,0.6616326570510864,-0.0835818275809288,0.47341856360435486,0.5955908298492432,-0.10538743436336517,0.4745704233646393,0.5351547002792358,-0.11579656600952148,0.426710844039917,0.7739167213439941,-0.053840141743421555,0.4359533190727234,0.7402929663658142,-0.10006869584321976,0.45999428629875183,0.8044987916946411,-0.11493996530771255,0.47537821531295776,0.8468589782714844,-0.11286578327417374,0.38592180609703064,0.8023982048034668,-0.0634731575846672,0.3699650168418884,0.7465276122093201,-0.09188424795866013,0.35542136430740356,0.7087851166725159,-0.09955460578203201,0.34438517689704895,0.6656970977783203,-0.10101575404405594
0.33286145329475403,0.9549136161804199,5.526749760065286e-07,0.37176117300987244,0.9306754469871521,-0.029186531901359558,0.3996155858039856,0.8980966210365295,-0.049332693219184875,0.3934904634952545,0.8666830062866211,-0.06981824338436127,0.37469446659088135,0.8434308767318726,-0.08910046517848969,0.3983587920665741,0.7653642892837524,-0.03593437373638153,0.43477898836135864,0.6874302625656128,-0.06431637704372406,0.45811527967453003,0.6369404196739197,-0.08084941655397415,0.4751772880554199,0.5950968265533447,-0.08786505460739136,0.35748058557510376,0.7568135261535645,-0.04175048694014549,0.3532288074493408,0.656984806060791,-0.07653870433568954,0.3533158600330353,0.5907294154167175,-0.09904997050762177,0.3514960706233978,0.536306619644165,-0.10906920582056046,0.3188936412334442,0.7731098532676697,-0.05019015446305275,0.3132305145263672,0.7412782907485962,-0.09332644194364548,0.3351368308067322,0.785881519317627,-0.10941164940595627,0.34942811727523804,0.819183349609375,-0.1079779714345932,0.28267887234687805,0.7988936901092529,-0.05990392714738846,0.2579200267791748,0.7428658604621887,-0.08541582524776459,0.23766206204891205,0.7086589932441711,-0.08964507281780243,0.21897000074386597,0.6687830090522766,-0.08754462748765945
0.2493518590927124,0.8996577262878418,6.690679015264323e-07,0.2887601852416992,0.8759784698486328,-0.03709155321121216,0.3100295066833496,0.833638072013855,-0.058993756771087646,0.28274282813072205,0.8052784204483032,-0.07997658103704453,0.24898716807365417,0.7890230417251587,-0.09952904284000397,0.3004676103591919,0.7089491486549377,-0.03965315967798233,0.33359861373901367,0.6317437887191772,-0.06869841367006302,0.353620320558548,0.5789704322814941,-0.08523757010698318,0.36801064014434814,0.5363135933876038,-0.09225770831108093,0.25775501132011414,0.7001873254776001,-0.04150862619280815,0.25019118189811707,0.6046876907348633,-0.0774449035525322,0.24767635762691498,0.5385714769363403,-0.09932665526866913,0.2442552149295807,0.4827554225921631,-0.10806994885206223,0.22146907448768616,0.7166483998298645,-0.047023627907037735,0.2058759480714798,0.6910852789878845,-0.09319513291120529,0.22092536091804504,0.7476587891578674,-0.10809469223022461,0.23115509748458862,0.785738468170166,-0.10353964567184448,0.18842321634292603,0.744056224822998,-0.05472039431333542,0.16218960285186768,0.6949820518493652,-0.08107789605855942,0.14288288354873657,0.6623350381851196,-0.085338294506073,0.12592746317386627,0.6230882406234741,-0.08245258033275604
0.24026647210121155,0.8864392638206482,6.368977096826711e-07,0.2808167338371277,0.8689970970153809,-0.04302755743265152,0.30364787578582764,0.8228659629821777,-0.06510499864816666,0.2770976126194,0.7958966493606567,-0.08489102125167847,0.24480712413787842,0.7752439975738525,-0.10268626362085342,0.2959534227848053,0.694306492805481,-0.04009723663330078,0.3170512914657593,0.611453115940094,-0.06652253866195679,0.3280285596847534,0.5548715591430664,-0.08189278841018677,0.3341575860977173,0.5081372857093811,-0.08902035653591156,0.2554294466972351,0.6878733038902283,-0.03943142294883728,0.2506285011768341,0.5891624689102173,-0.07325714081525803,0.24922510981559753,0.5223568677902222,-0.0948389545083046,0.2467321753501892,0.46464115381240845,-0.10386931151151657,0.22003884613513947,0.7037184834480286,-0.043339554220438004,0.2073395997285843,0.6715123653411865,-0.08920960873365402,0.21724949777126312,0.7322811484336853,-0.10291419923305511,0.22376075387001038,0.7711161971092224,-0.09762194752693176,0.18793539702892303,0.7286536693572998,-0.050411466509103775,0.17282617092132568,0.6722618341445923,-0.07721607387065887,0.16376399993896484,0.6342455744743347,-0.08284557610750198,0.15608429908752441,0.5872797966003418,-0.08158724755048752
0.241731196641922,0.8784360885620117,6.535295824505738e-07,0.2818962633609772,0.8621370792388916,-0.046264853328466415,0.3044769763946533,0.8162301778793335,-0.07014051824808121,0.2802696228027344,0.7871295213699341,-0.09096921235322952,0.24805648624897003,0.7621542811393738,-0.10985635221004486,0.29909393191337585,0.6864957213401794,-0.045160889625549316,0.3176567852497101,0.6011109948158264,-0.07224201411008835,0.3267972767353058,0.5444810390472412,-0.08857327699661255,0.3316170275211334,0.49877750873565674,-0.09670805931091309,0.25955960154533386,0.680719792842865,-0.04292210564017296,0.25824785232543945,0.5815362930297852,-0.07689128071069717,0.2597898542881012,0.5142560601234436,-0.09989362210035324,0.2608702480792999,0.45669859647750854,-0.11072786152362823,0.22379398345947266,0.6963039040565491,-0.04527806490659714,0.21458522975444794,0.6576740741729736,-0.0898476094007492,0.22036558389663696,0.7108775973320007,-0.10461504757404327,0.22440388798713684,0.745789647102356,-0.10140690207481384,0.19111041724681854,0.7204986810684204,-0.05105780065059662,0.1769748479127884,0.6622229218482971,-0.07799165695905685,0.169003427028656,0.6232250332832336,-0.08494378626346588,0.1634090542793274,0.5771161913871765,-0.08520927280187607
0.24727758765220642,0.8741980195045471,6.693892373732524e-07,0.28959178924560547,0.8547847270965576,-0.04756970703601837,0.30796539783477783,0.8096510171890259,-0.07531186938285828,0.2811254560947418,0.7742022275924683,-0.09974200278520584,0.247809037566185,0.7512423396110535,-0.12240644544363022,0.3050912618637085,0.6863614320755005,-0.05686437711119652,0.33594250679016113,0.6046497225761414,-0.08836161345243454,0.35343658924102783,0.5536627769470215,-0.10683623701334,0.3647335469722748,0.5089659690856934,-0.11720994114875793,0.2626802921295166,0.6752942800521851,-0.05399072542786598,0.2592141628265381,0.578363835811615,-0.09365354478359222,0.25873178243637085,0.5148409605026245,-0.11924559623003006,0.25586721301078796,0.4547622799873352,-0.13293033838272095,0.22521866858005524,0.6885316967964172,-0.054748836904764175,0.20704922080039978,0.6458494067192078,-0.10216598957777023,0.21831028163433075,0.7026681900024414,-0.12016540765762329,0.22670386731624603,0.7428960204124451,-0.12085673213005066,0.19026947021484375,0.7137627005577087,-0.05854269117116928,0.1614946871995926,0.665156900882721,-0.08886467665433884,0.1386622190475464,0.6331033706665039,-0.09967013448476791,0.11861397325992584,0.5944303274154663,-0.10353647917509079
0.25438156723976135,0.8483966588973999,6.246650059438252e-07,0.29264509677886963,0.8220186233520508,-0.03488533943891525,0.3119172751903534,0.7753300666809082,-0.05573447048664093,0.2831420302391052,0.7369730472564697,-0.07509464770555496,0.24953807890415192,0.7183451652526855,-0.09261102974414825,0.3093636631965637,0.6574499607086182,-0.041415028274059296,0.3427577018737793,0.5769981145858765,-0.06845958530902863,0.3614232540130615,0.5254840850830078,-0.08395876735448837,0.37382370233535767,0.48066967725753784,-0.09179900586605072,0.2672745883464813,0.6443004012107849,-0.04267558827996254,0.26557716727256775,0.5449258089065552,-0.07545244693756104,0.2656521499156952,0.4810994267463684,-0.0951840877532959,0.2637529671192169,0.4229375720024109,-0.10439252108335495,0.23002323508262634,0.657391369342804,-0.04662172868847847,0.21370354294776917,0.6117768883705139,-0.08688990026712418,0.22312167286872864,0.6669455170631409,-0.09752104431390762,0.22949539124965668,0.7077757716178894,-0.09314577281475067,0.1960689276456833,0.6847866177558899,-0.05291870981454849,0.16391056776046753,0.6363227963447571,-0.0782957449555397,0.14100171625614166,0.6050610542297363,-0.0827236995100975,0.12080089747905731,0.5675948262214661,-0.08086074888706207
0.28463873267173767,0.7265483736991882,6.374418717314256e-07,0.32884612679481506,0.7000182867050171,-0.036233000457286835,0.3517081141471863,0.6495634317398071,-0.055601976811885834,0.337240993976593,0.5971719622612,-0.07372040301561356,0.31919753551483154,0.5613637566566467,-0.08921598643064499,0.3602728843688965,0.5298628211021423,-0.03547748923301697,0.40270501375198364,0.4491282105445862,-0.0628902018070221,0.42546311020851135,0.39863377809524536,-0.07800821214914322,0.43898940086364746,0.35596439242362976,-0.08471488207578659,0.31687092781066895,0.515018105506897,-0.03605221211910248,0.3178388178348541,0.41039523482322693,-0.07079426199197769,0.3194011151790619,0.3455186188220978,-0.09045367687940598,0.31674453616142273,0.2878205478191376,-0.09789396822452545,0.2768498361110687,0.5271129012107849,-0.040407586842775345,0.2608560025691986,0.4825991094112396,-0.08417355269193649,0.2748066186904907,0.5366731286048889,-0.09673958271741867,0.2847757041454315,0.575644850730896,-0.091903455555439,0.2387581467628479,0.5511764287948608,-0.04703608155250549,0.2123730480670929,0.5000582337379456,-0.07525026053190231,0.19360554218292236,0.4671882092952728,-0.08096569031476974,0.1768856644630432,0.4277932643890381,-0.07881440222263336
0.3061540126800537,0.6507147550582886,5.946733949713234e-07,0.354095458984375,0.6227566003799438,-0.03499365597963333,0.3782668113708496,0.5669001936912537,-0.053227443248033524,0.359290212392807,0.5126383304595947,-0.07017600536346436,0.3304502069950104,0.47868505120277405,-0.08495357632637024,0.3786481022834778,0.45091918110847473,-0.0347331278026104,0.41868582367897034,0.3673735558986664,-0.06022651866078377,0.4412233233451843,0.31633561849594116,-0.07376006990671158,0.45533984899520874,0.2725468873977661,-0.07956217974424362,0.33457791805267334,0.43722957372665405,-0.036210931837558746,0.33183518052101135,0.3293837904930115,-0.069828100502491,0.3324252963066101,0.26088738441467285,-0.08978065103292465,0.32829344272613525,0.20155653357505798,-0.09795788675546646,0.29426655173301697,0.45108461380004883,-0.04113389551639557,0.2807105779647827,0.4046468734741211,-0.08490829914808273,0.30103442072868347,0.45943811535835266,-0.09910459071397781,0.31459054350852966,0.49997392296791077,-0.09575007110834122,0.2560884654521942,0.47716400027275085,-0.04803954437375069,0.2274640053510666,0.4224914312362671,-0.07552462071180344,0.20799817144870758,0.38601019978523254,-0.08201702684164047,0.19039541482925415,0.3430176377296448,-0.08138830214738846
0.36920514702796936,0.5946161150932312,5.227021802056697e-07,0.41811496019363403,0.5587787628173828,-0.03299034386873245,0.4406434893608093,0.5036658644676208,-0.05287311598658562,0.42404723167419434,0.44721341133117676,-0.07242593169212341,0.38980114459991455,0.41247880458831787,-0.09065897762775421,0.43722647428512573,0.3764193654060364,-0.037045177072286606,0.4763159155845642,0.2907724380493164,-0.0655721127986908,0.4968925714492798,0.23457156121730804,-0.0818607285618782,0.5102932453155518,0.18704919517040253,-0.08910328149795532,0.39181387424468994,0.36530545353889465,-0.04100819677114487,0.38318437337875366,0.2525672912597656,-0.07865416258573532,0.3793129622936249,0.17283783853054047,-0.1021328791975975,0.3723032772541046,0.10940062999725342,-0.11241918802261353,0.3492840528488159,0.38241031765937805,-0.04796985536813736,0.33890804648399353,0.3354538679122925,-0.09382131695747375,0.36645007133483887,0.3784392774105072,-0.11116363853216171,0.3859580457210541,0.4155627191066742,-0.10990383476018906,0.30924129486083984,0.4089452922344208,-0.056474920362234116,0.28082674741744995,0.348615825176239,-0.08384135365486145,0.2593601644039154,0.3083084225654602,-0.0900128036737442,0.23915614187717438,0.264987587928772,-0.089335598051548
0.496559202671051,0.6733828783035278,4.4754557393389405e-07,0.5496689081192017,0.6431682705879211,-0.027847742661833763,0.592840313911438,0.5932391881942749,-0.04437069967389107,0.5881386399269104,0.5390727519989014,-0.06076639145612717,0.55601567029953,0.50983726978302,-0.07637276500463486,0.5726456046104431,0.46825987100601196,-0.03306025266647339,0.6068317890167236,0.3818027675151825,-0.057523567229509354,0.6257878541946411,0.3307046592235565,-0.07194683700799942,0.6388741731643677,0.2857881784439087,-0.07903596013784409,0.526772677898407,0.45627057552337646,-0.03904715180397034,0.5196124911308289,0.34650567173957825,-0.07096868753433228,0.5176598429679871,0.27359890937805176,-0.09360110759735107,0.5119015574455261,0.21481943130493164,-0.10521415621042252,0.4836898446083069,0.47135454416275024,-0.04715494066476822,0.47793081402778625,0.42236047983169556,-0.08609338104724884,0.5068891644477844,0.4584187865257263,-0.1027165949344635,0.528196394443512,0.49048683047294617,-0.10412862151861191,0.44240742921829224,0.4973052442073822,-0.05656735226511955,0.41844362020492554,0.43482017517089844,-0.08042195439338684,0.39892852306365967,0.39722535014152527,-0.08561502397060394,0.38001352548599243,0.3586432933807373,-0.08571542054414749
0.5824756622314453,0.6501332521438599,4.38154870607832e-07,0.6361794471740723,0.6201175451278687,-0.020611541345715523,0.6736147999763489,0.5785519480705261,-0.03553092107176781,0.6895305514335632,0.5392521023750305,-0.05141667276620865,0.673721194267273,0.5155967473983765,-0.06675401329994202,0.6546176671981812,0.44853681325912476,-0.028157880529761314,0.6919875741004944,0.36962518095970154,-0.04864325001835823,0.7109766602516174,0.3209083676338196,-0.060157500207424164,0.7220547199249268,0.27713674306869507,-0.06530865281820297,0.6131372451782227,0.4403500258922577,-0.03718136250972748,0.6091399788856506,0.33473697304725647,-0.06730540841817856,0.606619119644165,0.2636064887046814,-0.089122474193573,0.5998215675354004,0.20568543672561646,-0.10006120055913925,0.5715944766998291,0.45969274640083313,-0.04752660170197487,0.5898016691207886,0.4184834063053131,-0.08877246826887131,0.6254581809043884,0.4557969272136688,-0.10806640237569809,0.6491734385490417,0.487118124961853,-0.11015070229768753,0.5346273183822632,0.48929563164711,-0.057767145335674286,0.5148305892944336,0.4267476499080658,-0.08224533498287201,0.4984366297721863,0.3870679438114166,-0.08844871819019318,0.48418158292770386,0.3464815616607666,-0.08922038227319717
0.5373461842536926,0.8371481895446777,3.594194595279987e-07,0.5811386704444885,0.8214969635009766,-0.02454398199915886,0.6166628003120422,0.7902625203132629,-0.03985750675201416,0.6345809698104858,0.7613707184791565,-0.055867135524749756,0.6351122856140137,0.7250389456748962,-0.07080366462469101,0.6100363731384277,0.6662737131118774,-0.030148090794682503,0.6494805216789246,0.5863105654716492,-0.05494740977883339,0.6718118190765381,0.5389095544815063,-0.06977108120918274,0.6865410804748535,0.4956652522087097,-0.07531055063009262,0.5770060420036316,0.6542823314666748,-0.03736275061964989,0.5835269093513489,0.5458579659461975,-0.06756831705570221,0.5873634815216064,0.48098090291023254,-0.0872320607304573,0.5857573747634888,0.4279717803001404,-0.0944780632853508,0.5415656566619873,0.667204737663269,-0.04684274643659592,0.5633875131607056,0.6413235664367676,-0.08653926849365234,0.5847654938697815,0.6884915232658386,-0.09704671055078506,0.5962335467338562,0.7207775712013245,-0.09016231447458267,0.5093420743942261,0.692337155342102,-0.05742282047867775,0.5092035531997681,0.6272671818733215,-0.07758480310440063,0.5142856240272522,0.5940095782279968,-0.07485876232385635,0.5187261700630188,0.5656140446662903,-0.06676365435123444
0.4951307475566864,0.9534339904785156,4.568389613268664e-07,0.540922224521637,0.9351109266281128,-0.02336782217025757,0.5759090185165405,0.913472056388855,-0.04158453643321991,0.5927109718322754,0.8973496556282043,-0.060454271733760834,0.5887256264686584,0.8725207448005676,-0.07869242131710052,0.5717296004295349,0.7885202765464783,-0.03309597447514534,0.6076496243476868,0.718366801738739,-0.055393729358911514,0.6304828524589539,0.6796247363090515,-0.06818688660860062,0.6450754404067993,0.6441801190376282,-0.07354524731636047,0.5368971824645996,0.7826111316680908,-0.04034114256501198,0.5456088185310364,0.6933543682098389,-0.06874069571495056,0.5535632371902466,0.6337056159973145,-0.08841286599636078,0.5553263425827026,0.5825932025909424,-0.09768906235694885,0.5007321834564209,0.8019997477531433,-0.04939569905400276,0.5232743620872498,0.7919366359710693,-0.08689585328102112,0.5460209250450134,0.8366574645042419,-0.10126377642154694,0.5591240525245667,0.8635593056678772,-0.09999013692140579,0.4689546525478363,0.8314560651779175,-0.05905211344361305,0.46015316247940063,0.7832801342010498,-0.07945472747087479,0.45698678493499756,0.7586005330085754,-0.08125455677509308,0.4560336470603943,0.7334387302398682,-0.0783516988158226
0.40739578008651733,0.9620897769927979,3.6181202744955954e-07,0.4506731927394867,0.9345786571502686,-0.0202452652156353,0.48127689957618713,0.9039216637611389,-0.0343109555542469,0.4951092600822449,0.8833484649658203,-0.04860159382224083,0.5021267533302307,0.8665709495544434,-0.06246955692768097,0.4706626534461975,0.7966614365577698,-0.02815319038927555,0.5046902894973755,0.7293227314949036,-0.04482701048254967,0.5250556468963623,0.6876365542411804,-0.05441620945930481,0.5404112339019775,0.6546741127967834,-0.05899374559521675,0.4383549988269806,0.7935474514961243,-0.03409278765320778,0.44037726521492004,0.7105981111526489,-0.05546855181455612,0.4463197886943817,0.655799925327301,-0.07132932543754578,0.44996827840805054,0.6120548844337463,-0.08030439168214798,0.405341774225235,0.8084151744842529,-0.04182974621653557,0.4201967120170593,0.783755898475647,-0.07198936492204666,0.44580692052841187,0.8188967704772949,-0.0861872136592865,0.4608438313007355,0.8454769253730774,-0.08917151391506195,0.37730899453163147,0.8322591185569763,-0.050299372524023056,0.3551015555858612,0.7869387865066528,-0.07145603746175766,0.3423989713191986,0.7577764987945557,-0.07862412184476852,0.331738144159317,0.7269035577774048,-0.08128290623426437
0.5808114409446716,0.986437201499939,1.1726841648851405e-06,0.5157217383384705,0.9459171891212463,-0.041399259120225906,0.47944968938827515,0.8888821601867676,-0.07931946218013763,0.49194926023483276,0.8412538766860962,-0.11742706596851349,0.5425331592559814,0.822883665561676,-0.1501399427652359,0.5069217085838318,0.7047987580299377,-0.059305302798748016,0.4817609488964081,0.5809930562973022,-0.09047219157218933,0.47271212935447693,0.5066217184066772,-0.10723824054002762,0.4671185612678528,0.4447645843029022,-0.12216747552156448,0.5620825290679932,0.695639967918396,-0.06330228596925735,0.5722432136535645,0.5663360953330994,-0.1093464270234108,0.5771839618682861,0.48138687014579773,-0.14131155610084534,0.5846787691116333,0.3911462426185608,-0.1643335372209549,0.6120786070823669,0.7197187542915344,-0.06893008202314377,0.6260125041007996,0.649243175983429,-0.1139640361070633,0.599725067615509,0.7348300814628601,-0.1117665022611618,0.5763421058654785,0.7960830926895142,-0.10100600123405457,0.6597961187362671,0.763337254524231,-0.07917984575033188,0.7012494802474976,0.6952854990959167,-0.11847805976867676,0.7390073537826538,0.6560628414154053,-0.12896598875522614,0.7685900926589966,0.6087477803230286,-0.13024836778640747
0.5738266706466675,0.8800711035728455,1.0182964160776464e-06,0.5160024166107178,0.8291264772415161,-0.03159995377063751,0.4885457158088684,0.7720094919204712,-0.06124425306916237,0.5116487145423889,0.7158056497573853,-0.09145456552505493,0.5574772357940674,0.6985543370246887,-0.11649685353040695,0.5117924213409424,0.6259925961494446,-0.04459628462791443,0.48757362365722656,0.5192175507545471,-0.06875241547822952,0.4785919487476349,0.4525975286960602,-0.08362985402345657,0.4746687412261963,0.400867223739624,-0.09932874888181686,0.5642060041427612,0.6186083555221558,-0.048213277012109756,0.5749588012695312,0.5041074752807617,-0.0867372378706932,0.579023003578186,0.4299888610839844,-0.11782923340797424,0.5892075300216675,0.3465844392776489,-0.14297424256801605,0.6074353456497192,0.6407562494277954,-0.052247121930122375,0.6251716017723083,0.5639192461967468,-0.08553922921419144,0.5979844331741333,0.6308012008666992,-0.08210152387619019,0.5769311189651489,0.6820386648178101,-0.07538411021232605,0.6472857594490051,0.6806656122207642,-0.060505956411361694,0.6866710782051086,0.6265203952789307,-0.09569085389375687,0.7238456010818481,0.5941307544708252,-0.10927467793226242,0.753425657749176,0.5544005632400513,-0.11465491354465485
0.6132888197898865,0.8480215072631836,8.632979984213307e-07,0.5606372356414795,0.8089742660522461,-0.032102905213832855,0.5293398499488831,0.7363215088844299,-0.05727316811680794,0.5563954710960388,0.6775361895561218,-0.08337979018688202,0.6029112339019775,0.6557685136795044,-0.10510547459125519,0.5530041456222534,0.5935534238815308,-0.04038308188319206,0.5250020623207092,0.49090486764907837,-0.06568875163793564,0.5139237642288208,0.42702335119247437,-0.08230935782194138,0.5061066746711731,0.37367480993270874,-0.09844835102558136,0.6051385402679443,0.5829358100891113,-0.044499099254608154,0.6154216527938843,0.47199374437332153,-0.08064499497413635,0.6195189356803894,0.3980722427368164,-0.10845312476158142,0.6290141344070435,0.3224780857563019,-0.1294475644826889,0.6489607691764832,0.6046949625015259,-0.050419267266988754,0.671667218208313,0.5246505737304688,-0.08658715337514877,0.649296224117279,0.5920881628990173,-0.08394777029752731,0.6312224864959717,0.6447391510009766,-0.07539790123701096,0.6891761422157288,0.6472315788269043,-0.06030901148915291,0.7321872711181641,0.5939803123474121,-0.09617242217063904,0.7683475017547607,0.5610362887382507,-0.10729050636291504,0.799318790435791,0.5222514271736145,-0.10950814932584763
0.694186806678772,0.8690889477729797,9.039870860760857e-07,0.6417828798294067,0.8214894533157349,-0.03414043039083481,0.6163679957389832,0.7438797950744629,-0.060262128710746765,0.6559283137321472,0.6921859979629517,-0.08685506135225296,0.7090384364128113,0.6810218095779419,-0.10940223187208176,0.6422122120857239,0.594089686870575,-0.047752510756254196,0.6124827265739441,0.47914552688598633,-0.0776505097746849,0.598956823348999,0.4067496657371521,-0.09854500740766525,0.5887631773948669,0.34328988194465637,-0.1172122210264206,0.6999049186706543,0.5870073437690735,-0.05242033302783966,0.7144956588745117,0.46529725193977356,-0.09204123914241791,0.7237277030944824,0.38219428062438965,-0.12252775579690933,0.7368704676628113,0.29952239990234375,-0.14503157138824463,0.7477448582649231,0.6140591502189636,-0.05901312828063965,0.7817540168762207,0.5403003692626953,-0.10138854384422302,0.7578878998756409,0.6101566553115845,-0.10292484611272812,0.7355872392654419,0.6653096079826355,-0.09486718475818634,0.7908696532249451,0.6615622043609619,-0.06938238441944122,0.8407278060913086,0.6006149053573608,-0.10947724431753159,0.8808272480964661,0.5687080025672913,-0.12174012511968613,0.915028989315033,0.5341821312904358,-0.12358701229095459
0.6677479147911072,0.8094049692153931,8.63378716076113e-07,0.6175779700279236,0.7619326710700989,-0.02976970374584198,0.5917044281959534,0.6919246315956116,-0.055334288626909256,0.6247453689575195,0.6416022181510925,-0.0823812410235405,0.6761249303817749,0.6361951231956482,-0.10612482577562332,0.6208788156509399,0.5601159930229187,-0.04073140025138855,0.5967512726783752,0.45530909299850464,-0.06841598451137543,0.5864285230636597,0.3924115300178528,-0.08615601807832718,0.5783015489578247,0.33800703287124634,-0.1016809418797493,0.6735196709632874,0.551862895488739,-0.046935148537158966,0.6919820308685303,0.4389154016971588,-0.08381146192550659,0.7024698257446289,0.36446234583854675,-0.10936141759157181,0.7171549797058105,0.2933897376060486,-0.1274806410074234,0.7185801863670349,0.575929582118988,-0.05519869178533554,0.7489305734634399,0.49849027395248413,-0.09394261986017227,0.7261989712715149,0.5581836700439453,-0.09385469555854797,0.7065935134887695,0.6071943640708923,-0.08556162565946579,0.7601444721221924,0.6202021241188049,-0.06695824861526489,0.80685955286026,0.5695132613182068,-0.10276168584823608,0.8433510065078735,0.5397453904151917,-0.11290185898542404,0.8751262426376343,0.5068042874336243,-0.11386117339134216
0.6312799453735352,0.7832480669021606,8.664466690788686e-07,0.5868215560913086,0.7439435124397278,-0.0337323322892189,0.5630006790161133,0.6853585839271545,-0.062302328646183014,0.5829570889472961,0.6316697597503662,-0.09147196263074875,0.6252294778823853,0.6129207015037537,-0.11676131188869476,0.5863072872161865,0.5587887167930603,-0.04526872932910919,0.565216064453125,0.4610408544540405,-0.07170948386192322,0.5571749806404114,0.3997490406036377,-0.08876548707485199,0.5527100563049316,0.35080257058143616,-0.10515832155942917,0.6339646577835083,0.5531368851661682,-0.04872478172183037,0.6479957103729248,0.45033013820648193,-0.08438806235790253,0.6553539037704468,0.38491183519363403,-0.11305014044046402,0.6690033674240112,0.3145752549171448,-0.13557109236717224,0.6735579371452332,0.5755955576896667,-0.05387885868549347,0.6986954808235168,0.5036811232566833,-0.08788324147462845,0.6740285158157349,0.5590676665306091,-0.08927943557500839,0.6535989046096802,0.6021589636802673,-0.08561284095048904,0.708599865436554,0.6171413660049438,-0.06297940760850906,0.7496511936187744,0.5740995407104492,-0.09753182530403137,0.7857137322425842,0.5471032857894897,-0.11178690195083618,0.8173764944076538,0.5150579810142517,-0.11777783185243607
0.5304598808288574,0.8379015326499939,6.68862981001439e-07,0.475009024143219,0.7930589318275452,-0.0188384298235178,0.4435843229293823,0.7359073758125305,-0.0357290543615818,0.4454547166824341,0.6743656396865845,-0.05510053411126137,0.4698619842529297,0.6461568474769592,-0.07080425322055817,0.4591606557369232,0.6111337542533875,-0.01826900988817215,0.43010932207107544,0.524468183517456,-0.03603038191795349,0.416990727186203,0.47502946853637695,-0.048114702105522156,0.4081967771053314,0.4324110150337219,-0.05945562571287155,0.4980258345603943,0.6032137274742126,-0.025387780740857124,0.497298002243042,0.5059211850166321,-0.05182627961039543,0.4937807619571686,0.4420528709888458,-0.07348629087209702,0.49633604288101196,0.38495567440986633,-0.0900796502828598,0.5361086130142212,0.6190957427024841,-0.034350935369729996,0.541752815246582,0.5465809106826782,-0.06303752213716507,0.510588526725769,0.5939156413078308,-0.06575704365968704,0.48807504773139954,0.6360427737236023,-0.06259429454803467,0.5721827745437622,0.6515970230102539,-0.045913662761449814,0.6004719734191895,0.5997502207756042,-0.07453707605600357,0.6268162727355957,0.5678209066390991,-0.08662401884794235,0.6513183116912842,0.5338341593742371,-0.09095940738916397
0.4211307466030121,0.8746391534805298,8.202127332879172e-07,0.3687281608581543,0.8520964980125427,-0.02092868648469448,0.33141928911209106,0.806946873664856,-0.04095723479986191,0.3231807351112366,0.7596907615661621,-0.06241616979241371,0.3517416715621948,0.7396906614303589,-0.08152709156274796,0.3446682393550873,0.6861478686332703,-0.031226685270667076,0.31818345189094543,0.6061641573905945,-0.04934505745768547,0.3039093315601349,0.5579203963279724,-0.05732682719826698,0.29275864362716675,0.5165814757347107,-0.06506931781768799,0.38112837076187134,0.6729393601417542,-0.03843468055129051,0.3759658932685852,0.5762462019920349,-0.06679010391235352,0.3672153949737549,0.5113781690597534,-0.08498275279998779,0.3631722927093506,0.4553857743740082,-0.0969337746500969,0.4193480908870697,0.6853722929954529,-0.0469803586602211,0.40927547216415405,0.6277129054069519,-0.08466197550296783,0.37647250294685364,0.6783403158187866,-0.09351076930761337,0.3554295599460602,0.7238402366638184,-0.09153839945793152,0.45330771803855896,0.7160007953643799,-0.05662725865840912,0.4796324372291565,0.6635807752609253,-0.09322511404752731,0.5011352300643921,0.626365065574646,-0.10934004187583923,0.5225555300712585,0.5872863531112671,-0.11528119444847107
0.4198245108127594,0.861719012260437,9.066970960702747e-07,0.36122411489486694,0.8311419486999512,-0.020100707188248634,0.3199698328971863,0.7692255973815918,-0.04144258052110672,0.31466737389564514,0.7074460387229919,-0.06544853746891022,0.34990251064300537,0.695600152015686,-0.08700762689113617,0.3354994058609009,0.6298983693122864,-0.03479508310556412,0.30422574281692505,0.5365439653396606,-0.05408501997590065,0.289031445980072,0.4803289771080017,-0.06282501667737961,0.2761739194393158,0.4353848099708557,-0.07262386381626129,0.3777739703655243,0.6137571334838867,-0.04551243409514427,0.37596139311790466,0.5009188652038574,-0.07691623270511627,0.3646193742752075,0.42618632316589355,-0.0982598066329956,0.3575809895992279,0.36450403928756714,-0.11330697685480118,0.42024365067481995,0.6312973499298096,-0.057000841945409775,0.4126039147377014,0.5540561676025391,-0.09535263478755951,0.37310606241226196,0.6084772348403931,-0.10264792293310165,0.34547659754753113,0.6577402949333191,-0.10061828047037125,0.45800405740737915,0.6724719405174255,-0.07001050561666489,0.4933927655220032,0.612449049949646,-0.10999101400375366,0.5233427882194519,0.5688016414642334,-0.12819066643714905,0.5523577332496643,0.5241832137107849,-0.13561485707759857
0.550018310546875,0.9342384338378906,1.1870333764818497e-06,0.48378896713256836,0.8790625333786011,-0.037690840661525726,0.44719991087913513,0.808944046497345,-0.07670573145151138,0.4601418673992157,0.7318917512893677,-0.11802145093679428,0.5128166079521179,0.7104169130325317,-0.15409980714321136,0.4719371795654297,0.6372148990631104,-0.05727330967783928,0.4391273856163025,0.5104990601539612,-0.09040672332048416,0.4237426519393921,0.42998820543289185,-0.11195626109838486,0.41529929637908936,0.3682159185409546,-0.13440380990505219,0.5342310667037964,0.627651035785675,-0.06477909535169601,0.5446762442588806,0.49202558398246765,-0.11395352333784103,0.5480301976203918,0.4070759117603302,-0.1552862823009491,0.5598772168159485,0.3059993088245392,-0.18945761024951935,0.5858450531959534,0.6528635621070862,-0.07256732881069183,0.609929621219635,0.5530120134353638,-0.11324405670166016,0.5737549066543579,0.628831684589386,-0.1108076274394989,0.543793797492981,0.6862025260925293,-0.10625050216913223,0.6319377422332764,0.7034039497375488,-0.08561563491821289,0.6801908016204834,0.6423304677009583,-0.12953424453735352,0.7275747060775757,0.6034306287765503,-0.14802061021327972,0.7674633264541626,0.5571379661560059,-0.15717428922653198
0.5441393852233887,0.8805532455444336,1.285448661292321e-06,0.4746350347995758,0.828786313533783,-0.05109264329075813,0.4341558814048767,0.7426190972328186,-0.09402114152908325,0.46327370405197144,0.6637349724769592,-0.1375826895236969,0.526931643486023,0.6383488178253174,-0.17580737173557281,0.4692419171333313,0.5523414611816406,-0.07071642577648163,0.4356236159801483,0.40997838973999023,-0.1096874326467514,0.4212214946746826,0.32138076424598694,-0.13493908941745758,0.413199245929718,0.24925446510314941,-0.15946687757968903,0.5407077074050903,0.5436292886734009,-0.07583007216453552,0.5581551790237427,0.3926744759082794,-0.12950608134269714,0.5643156170845032,0.2952108681201935,-0.1732039600610733,0.5803067684173584,0.1876782476902008,-0.2077178657054901,0.5999883413314819,0.5753008723258972,-0.08310166001319885,0.6369845271110535,0.46451181173324585,-0.13391922414302826,0.5990333557128906,0.5488163828849792,-0.1357499361038208,0.5670821666717529,0.6126576066017151,-0.13032735884189606,0.6524616479873657,0.6342195868492126,-0.09630978852510452,0.7092199325561523,0.5651370882987976,-0.14747567474842072,0.7602722644805908,0.5220203399658203,-0.16801781952381134,0.8053998947143555,0.4712340831756592,-0.1765609085559845
0.5813959240913391,0.8128655552864075,5.865991283826588e-07,0.5425567030906677,0.7848891019821167,-0.02026834711432457,0.521600604057312,0.7318601012229919,-0.0354781299829483,0.5390326380729675,0.6866858005523682,-0.05131220817565918,0.5686787962913513,0.6703915596008301,-0.06484415382146835,0.5355169177055359,0.6373612284660339,-0.02553153969347477,0.51580810546875,0.5636813640594482,-0.040961265563964844,0.5067296028137207,0.5189471244812012,-0.050435855984687805,0.5007345080375671,0.48079946637153625,-0.05976627394556999,0.5721997618675232,0.6312798261642456,-0.028977101668715477,0.5815780162811279,0.5514116883277893,-0.051297396421432495,0.5849804282188416,0.4989249110221863,-0.06842373311519623,0.5920019745826721,0.45241254568099976,-0.08119133859872818,0.6046432256698608,0.6463068723678589,-0.033692389726638794,0.6241204142570496,0.586101770401001,-0.05823933705687523,0.6057114601135254,0.6211793422698975,-0.06032325699925423,0.5905885696411133,0.6525664925575256,-0.057395078241825104,0.6333714723587036,0.6750005483627319,-0.04052703082561493,0.663108229637146,0.6361898183822632,-0.06528700888156891,0.6858885288238525,0.609875500202179,-0.07438943535089493,0.7065786123275757,0.5822241902351379,-0.07710415869951248
0.6301529407501221,0.8077540397644043,5.87797671869339e-07,0.5927020311355591,0.7767754197120667,-0.02213400974869728,0.5771796107292175,0.723932147026062,-0.03735825791954994,0.6009455323219299,0.683810293674469,-0.051879726350307465,0.6275460124015808,0.66681969165802,-0.06443352997303009,0.5894980430603027,0.6323672533035278,-0.029478566721081734,0.5732371211051941,0.5593881607055664,-0.046142082661390305,0.5643953680992126,0.5131021738052368,-0.0567958801984787,0.5587196946144104,0.47162431478500366,-0.06593436002731323,0.6277247667312622,0.6270743608474731,-0.031121117994189262,0.6424902081489563,0.5497735142707825,-0.051409248262643814,0.65045166015625,0.49761784076690674,-0.0662102997303009,0.6605073809623718,0.4517207741737366,-0.07679788768291473,0.660281240940094,0.6432911157608032,-0.03430783376097679,0.6839779019355774,0.594793975353241,-0.05951083078980446,0.6676331758499146,0.624156653881073,-0.06510347127914429,0.6541075706481934,0.6530608534812927,-0.0636262372136116,0.6881810426712036,0.6729744076728821,-0.03928797319531441,0.7205813527107239,0.63552325963974,-0.06382953375577927,0.7429514527320862,0.6132036447525024,-0.07308591157197952,0.7637276649475098,0.5926825404167175,-0.0754716768860817
0.6813215017318726,0.8280752301216125,6.592090358026326e-07,0.6425828337669373,0.7936414480209351,-0.029391169548034668,0.6323866844177246,0.7350051999092102,-0.05020953342318535,0.6653604507446289,0.6916176676750183,-0.07038281112909317,0.7002459168434143,0.6741024255752563,-0.08742519468069077,0.6481748819351196,0.6353232264518738,-0.03525393083691597,0.6323202252388,0.5530173778533936,-0.05593583732843399,0.6246214509010315,0.5011767148971558,-0.07006590813398361,0.6192770004272461,0.4587060511112213,-0.08288326859474182,0.6894700527191162,0.6307305097579956,-0.035974591970443726,0.7089400887489319,0.5483536720275879,-0.06276122480630875,0.7197220921516418,0.49592024087905884,-0.08352824300527573,0.732720673084259,0.44267410039901733,-0.0990808755159378,0.7212572693824768,0.6489599347114563,-0.038615357130765915,0.7520090341567993,0.5900194644927979,-0.06472425162792206,0.7356018424034119,0.632885754108429,-0.0642889216542244,0.7197084426879883,0.6661438345909119,-0.05943094566464424,0.749336302280426,0.6825313568115234,-0.0446418859064579,0.7824146151542664,0.6428253650665283,-0.06940743327140808,0.807205855846405,0.620781421661377,-0.0767047107219696,0.8281334042549133,0.5963367819786072,-0.07810162752866745
0.5182726979255676,0.7778162956237793,7.574809046673181e-07,0.47058960795402527,0.7510286569595337,-0.02700270339846611,0.44004806876182556,0.6974811553955078,-0.048286713659763336,0.4520540237426758,0.6413961052894592,-0.06975258886814117,0.4886830747127533,0.6189060807228088,-0.08793315291404724,0.4536507725715637,0.5872074365615845,-0.0338979996740818,0.4282049536705017,0.5057007074356079,-0.052869051694869995,0.4170873165130615,0.45520007610321045,-0.06413102149963379,0.4098021686077118,0.4146391749382019,-0.07582423090934753,0.4952886402606964,0.5746620297431946,-0.036058370023965836,0.5001521706581116,0.48641344904899597,-0.06385137885808945,0.5004968047142029,0.42967116832733154,-0.08499684929847717,0.5050285458564758,0.3717641532421112,-0.1014213040471077,0.5318272709846497,0.5862410068511963,-0.03964509069919586,0.54210364818573,0.5169574022293091,-0.06707748025655746,0.5214328169822693,0.5694884657859802,-0.06569064408540726,0.5050951242446899,0.6107925176620483,-0.060534652322530746,0.5655747652053833,0.6142069697380066,-0.046398669481277466,0.5922521948814392,0.5690319538116455,-0.07425680011510849,0.6158232092857361,0.538463294506073,-0.08441738784313202,0.6361401677131653,0.5039886236190796,-0.08787672966718674
0.6289960741996765,0.7472816705703735,7.273011988218059e-07,0.5863045454025269,0.7082364559173584,-0.03158886358141899,0.5699607133865356,0.6442852020263672,-0.05427505820989609,0.6006911993026733,0.5950449109077454,-0.07582423835992813,0.6390324831008911,0.5712637305259705,-0.09412802010774612,0.5830197334289551,0.528324544429779,-0.04102514684200287,0.566646933555603,0.43166470527648926,-0.064893439412117,0.5586146116256714,0.37280967831611633,-0.08051279932260513,0.5533992648124695,0.3205838203430176,-0.09379450976848602,0.6293547749519348,0.5217210054397583,-0.04267480969429016,0.6497238278388977,0.4223959445953369,-0.07196225225925446,0.6619668006896973,0.3578856885433197,-0.09317371249198914,0.6754816174507141,0.2975390553474426,-0.10858125984668732,0.6679528951644897,0.541612982749939,-0.046466100960969925,0.7016742825508118,0.4760119616985321,-0.07820624113082886,0.6866351366043091,0.5176796913146973,-0.08078545331954956,0.6712136268615723,0.5536755919456482,-0.07640288770198822,0.7026283740997314,0.5787623524665833,-0.053448017686605453,0.741805374622345,0.5318974852561951,-0.08316414803266525,0.7702755331993103,0.5033745169639587,-0.09201309829950333,0.7946315407752991,0.4753510355949402,-0.09340497106313705
0.657584547996521,0.8122079372406006,8.247892537838197e-07,0.6073883175849915,0.7666164040565491,-0.03535384312272072,0.5869125127792358,0.6949081420898438,-0.06074453517794609,0.6292414665222168,0.6462385058403015,-0.08446981012821198,0.6793050169944763,0.6347346305847168,-0.10463281720876694,0.6059929728507996,0.5733097195625305,-0.05030347779393196,0.586553692817688,0.46705853939056396,-0.07632109522819519,0.5784565806388855,0.40488201379776,-0.09406120330095291,0.5734070539474487,0.35091936588287354,-0.10966020822525024,0.6586495637893677,0.5653005242347717,-0.05177832022309303,0.6817896366119385,0.4538036286830902,-0.08276961743831635,0.6978859901428223,0.3834100365638733,-0.10486625134944916,0.7143391370773315,0.31747812032699585,-0.1222410500049591,0.7014026045799255,0.5879716873168945,-0.055397629737854004,0.7334957718849182,0.5156702995300293,-0.0865296870470047,0.7206276059150696,0.5610529184341431,-0.0868787094950676,0.7069019079208374,0.6014202833175659,-0.08187983185052872,0.7401893138885498,0.628580629825592,-0.06312162429094315,0.7864755988121033,0.571751594543457,-0.09328018873929977,0.8199589848518372,0.5395225882530212,-0.10265257954597473,0.8466429710388184,0.5075861215591431,-0.10510861128568649
0.5743049383163452,0.8380328416824341,9.190096079692012e-07,0.5240114331245422,0.8041447997093201,-0.03466673567891121,0.49258601665496826,0.7412826418876648,-0.06283394992351532,0.5123753547668457,0.6897469758987427,-0.09150535613298416,0.5585142970085144,0.672090470790863,-0.1163523867726326,0.5146142244338989,0.6061808466911316,-0.04740387573838234,0.48858290910720825,0.5043782591819763,-0.07477491348981857,0.4777047634124756,0.440693199634552,-0.0918925404548645,0.47105470299720764,0.38723087310791016,-0.10821673274040222,0.5651237368583679,0.5978068709373474,-0.05147715285420418,0.5757369995117188,0.49348241090774536,-0.08974914252758026,0.5806859731674194,0.4225509762763977,-0.11897289007902145,0.591742753982544,0.3505256474018097,-0.14114218950271606,0.6076385378837585,0.6192143559455872,-0.05742782726883888,0.6317824125289917,0.5428804159164429,-0.09625185281038284,0.6069640517234802,0.6042305827140808,-0.09808439016342163,0.5863961577415466,0.6513777375221252,-0.0930454432964325,0.6460914015769958,0.6595318913459778,-0.06714776903390884,0.6865915656089783,0.6103556156158447,-0.10529878735542297,0.7206658720970154,0.5777961015701294,-0.11961538344621658,0.7507674694061279,0.5396963357925415,-0.12458675354719162
0.5830418467521667,0.8211904764175415,8.619524010100577e-07,0.5348226428031921,0.7872838377952576,-0.031047405675053596,0.5057879090309143,0.7246969938278198,-0.05594267696142197,0.5260173082351685,0.6737200021743774,-0.08117080479860306,0.5693879723548889,0.6560866236686707,-0.10299132764339447,0.527280330657959,0.5979891419410706,-0.043845441192388535,0.5039868354797363,0.501594603061676,-0.0683242604136467,0.4943090081214905,0.4416775107383728,-0.08438586443662643,0.4881855845451355,0.39025717973709106,-0.1001724824309349,0.5766661763191223,0.5907077789306641,-0.04765588045120239,0.5887939929962158,0.4910600781440735,-0.08167058229446411,0.5948871970176697,0.424119770526886,-0.10885215550661087,0.6058526635169983,0.3574548065662384,-0.1302337497472763,0.6172426342964172,0.6120142936706543,-0.0529598668217659,0.6415314674377441,0.5406599640846252,-0.08800085633993149,0.6146424412727356,0.5970439910888672,-0.09061608463525772,0.5921875834465027,0.6412676572799683,-0.08718279749155045,0.6527071595191956,0.6512163877487183,-0.061559587717056274,0.6927218437194824,0.6038150787353516,-0.09735079109668732,0.7261368632316589,0.5737842321395874,-0.11168248951435089,0.7558637857437134,0.5394728183746338,-0.11724669486284256
0.6268439292907715,0.795814037322998,8.265513429250859e-07,0.582550048828125,0.75581294298172,-0.030432816594839096,0.5603268146514893,0.6887087821960449,-0.05496399477124214,0.5873347520828247,0.6390804648399353,-0.07999413460493088,0.6309401988983154,0.6239532232284546,-0.1016065925359726,0.5872207283973694,0.5662051439285278,-0.040975701063871384,0.5701088309288025,0.4683128595352173,-0.06477079540491104,0.5631866455078125,0.407938152551651,-0.07958044856786728,0.5592726469039917,0.3581836223602295,-0.09389785677194595,0.6360152959823608,0.5642033815383911,-0.0449371263384819,0.657406210899353,0.4652126431465149,-0.0777926817536354,0.6682818531990051,0.39997732639312744,-0.10292940586805344,0.6839410066604614,0.3368286192417145,-0.12212936580181122,0.6753939390182495,0.5899820327758789,-0.05058818683028221,0.7078973650932312,0.5176204442977905,-0.08469374477863312,0.6808314323425293,0.5678658485412598,-0.08617028594017029,0.6581948399543762,0.6081932783126831,-0.08165401220321655,0.7092295289039612,0.6335792541503906,-0.059494540095329285,0.7519404292106628,0.591256856918335,-0.09411734342575073,0.7858424186706543,0.5643653273582458,-0.10684564709663391,0.8163985013961792,0.5329903364181519,-0.11097308993339539
0.5669522285461426,0.8143542408943176,7.186898756117444e-07,0.5186074376106262,0.7727736234664917,-0.02166987769305706,0.4933350086212158,0.713038444519043,-0.04019606485962868,0.5147817134857178,0.668376088142395,-0.06023066118359566,0.5494197010993958,0.6474361419677734,-0.0774741992354393,0.5095360279083252,0.6011239886283875,-0.027844125404953957,0.48679104447364807,0.5105950832366943,-0.04809653013944626,0.477687805891037,0.4549539387226105,-0.06094157323241234,0.4729611575603485,0.4084135591983795,-0.07218985259532928,0.5533758401870728,0.5927562117576599,-0.0338713675737381,0.5648297667503357,0.495967298746109,-0.06115372106432915,0.5699402093887329,0.4308703541755676,-0.08161500841379166,0.578527569770813,0.37753403186798096,-0.09682945907115936,0.5925197601318359,0.6105780005455017,-0.04171875864267349,0.6123151779174805,0.5417455434799194,-0.07139892876148224,0.587214469909668,0.5844228267669678,-0.07387050986289978,0.5668994188308716,0.6246530413627625,-0.07026510685682297,0.6273311376571655,0.6447262167930603,-0.05202072486281395,0.6658456921577454,0.5984419584274292,-0.08033716678619385,0.6934295892715454,0.5678675174713135,-0.09018175303936005,0.7171941995620728,0.5369173884391785,-0.09303556382656097
0.5624556541442871,0.8085587024688721,7.004227882134728e-07,0.5182721614837646,0.7829338312149048,-0.02592121995985508,0.4912826120853424,0.7304512858390808,-0.04660612717270851,0.5023393630981445,0.6805776357650757,-0.06760447472333908,0.5311375260353088,0.6546595692634583,-0.08569209277629852,0.5041112899780273,0.6200596690177917,-0.03500696271657944,0.4788079261779785,0.539233386516571,-0.05414380133152008,0.4671381711959839,0.48925668001174927,-0.06560518592596054,0.45935219526290894,0.4475840926170349,-0.07731020450592041,0.5444489121437073,0.6107561588287354,-0.03811217471957207,0.5497247576713562,0.5228722095489502,-0.06542951613664627,0.5505931377410889,0.46722766757011414,-0.08689641207456589,0.5561932325363159,0.4115723669528961,-0.10393129289150238,0.579306960105896,0.6252807378768921,-0.04250706359744072,0.592242419719696,0.5552509427070618,-0.07163283973932266,0.5698822140693665,0.6021304130554199,-0.0739433690905571,0.5524330735206604,0.6400195360183716,-0.07180281728506088,0.610371470451355,0.65655517578125,-0.04956786334514618,0.641619861125946,0.6132957935333252,-0.08035297691822052,0.6680909991264343,0.58365398645401,-0.0932932049036026,0.6916390657424927,0.5500073432922363,-0.09888835996389389
0.6070341467857361,0.7849830389022827,6.387351163539279e-07,0.5650988817214966,0.753543496131897,-0.020714491605758667,0.5434179306030273,0.6960159540176392,-0.03633845970034599,0.5657732486724854,0.647823691368103,-0.05259754881262779,0.5988121032714844,0.6307242512702942,-0.06673072278499603,0.5594632625579834,0.5969393849372864,-0.026836354285478592,0.5372337698936462,0.5199761390686035,-0.042896974831819534,0.5265631079673767,0.4703890085220337,-0.052474141120910645,0.5198848247528076,0.4291359782218933,-0.06174708530306816,0.5988607406616211,0.5902050137519836,-0.030580595135688782,0.608563244342804,0.5048542618751526,-0.05337342247366905,0.6129976511001587,0.44964784383773804,-0.07045546174049377,0.6215388178825378,0.4027292728424072,-0.08280427008867264,0.6335581541061401,0.6068917512893677,-0.035640694200992584,0.6538063287734985,0.5453199148178101,-0.062362395226955414,0.6328313946723938,0.5818469524383545,-0.06596586853265762,0.6162997484207153,0.6162927746772766,-0.06311041116714478,0.6648184061050415,0.637956976890564,-0.04254978522658348,0.6965837478637695,0.594626784324646,-0.0692390501499176,0.720481276512146,0.568280041217804,-0.0792185440659523,0.7423515915870667,0.5418225526809692,-0.08188223093748093
0.6202480792999268,0.8840842247009277,1.1367434353815042e-06,0.5633260607719421,0.8464716672897339,-0.04394681006669998,0.5322455167770386,0.7786188125610352,-0.07841037213802338,0.56732177734375,0.7351827025413513,-0.11125264316797256,0.6233417391777039,0.7237449288368225,-0.13893061876296997,0.5567185878753662,0.6259921789169312,-0.07183632254600525,0.532777726650238,0.501949667930603,-0.1082407608628273,0.5219770073890686,0.4251791834831238,-0.13256341218948364,0.5151894092559814,0.3575344383716583,-0.15490339696407318,0.615519106388092,0.6176149249076843,-0.07353956252336502,0.6360020041465759,0.4963313341140747,-0.12557518482208252,0.6490641832351685,0.41206344962120056,-0.16522444784641266,0.6670386791229248,0.3239874243736267,-0.1953560709953308,0.6631508469581604,0.64289391040802,-0.07592267543077469,0.7062510251998901,0.5719333291053772,-0.12212363630533218,0.6821790337562561,0.6478692889213562,-0.12191188335418701,0.6581597924232483,0.7033275961875916,-0.11421792954206467,0.7085014581680298,0.6866397261619568,-0.0831957459449768,0.7549488544464111,0.6249310374259949,-0.1275378167629242,0.7961320877075195,0.5909327268600464,-0.1418471783399582,0.8303580284118652,0.5526536107063293,-0.14572708308696747
0.5800895094871521,0.8568874597549438,9.882596714305691e-07,0.5259689092636108,0.8270872235298157,-0.037361375987529755,0.4929923415184021,0.7651647329330444,-0.0663435235619545,0.5158330798149109,0.7218453884124756,-0.09494533389806747,0.5620436668395996,0.7041060924530029,-0.11976240575313568,0.5198472738265991,0.6188474893569946,-0.05287287011742592,0.49885451793670654,0.5136027336120605,-0.08278625458478928,0.4888545870780945,0.4457910656929016,-0.10171229392290115,0.4822714626789093,0.3858675956726074,-0.11881773173809052,0.572415828704834,0.6129424571990967,-0.05634130910038948,0.5863732099533081,0.5056492686271667,-0.09854976832866669,0.5949808359146118,0.43086373805999756,-0.1293361485004425,0.6082261800765991,0.35696303844451904,-0.15176258981227875,0.6160602569580078,0.6378359198570251,-0.06188381090760231,0.6462790369987488,0.5758747458457947,-0.10757062584161758,0.6178270578384399,0.640681266784668,-0.11250614374876022,0.5923200845718384,0.6885137557983398,-0.10731057822704315,0.6552601456642151,0.6799917817115784,-0.0708511620759964,0.698442816734314,0.6279036402702332,-0.11354124546051025,0.7354214787483215,0.5960016250610352,-0.12870438396930695,0.7676125764846802,0.5580633282661438,-0.13323311507701874
0.1939469426870346,0.9415478706359863,9.534826403978514e-07,0.254102885723114,0.9362117052078247,-0.06988606601953506,0.29188409447669983,0.8999086618423462,-0.11099711060523987,0.2619554102420807,0.8696243762969971,-0.1490756869316101,0.22460219264030457,0.8322981595993042,-0.1842983067035675,0.31104469299316406,0.682438313961029,-0.07137218862771988,0.3553810119628906,0.5607885122299194,-0.11582759022712708,0.38375139236450195,0.4801459312438965,-0.1422123908996582,0.4026995599269867,0.41293632984161377,-0.1541711688041687,0.2522900402545929,0.6627066731452942,-0.06852927058935165,0.253866583108902,0.5195956230163574,-0.12699002027511597,0.2599982023239136,0.4183245003223419,-0.16400185227394104,0.26399651169776917,0.3292490839958191,-0.17982301115989685,0.19817164540290833,0.6771158576011658,-0.07258527725934982,0.17695586383342743,0.6446003913879395,-0.1481068730354309,0.18025022745132446,0.7416733503341675,-0.17450185120105743,0.18574337661266327,0.802681565284729,-0.1690645068883896,0.14598461985588074,0.7041699886322021,-0.08108790963888168,0.11800017952919006,0.6164808869361877,-0.12669380009174347,0.09458309412002563,0.5574692487716675,-0.13818958401679993,0.07840728759765625,0.489849716424942,-0.13712851703166962
0.201821431517601,0.8776580691337585,8.195189593607211e-07,0.26056161522865295,0.8661336302757263,-0.0599798746407032,0.29987454414367676,0.8172121047973633,-0.09271225333213806,0.2712753415107727,0.775589108467102,-0.12230721861124039,0.23068751394748688,0.7458527088165283,-0.14885765314102173,0.30766424536705017,0.6369181275367737,-0.0610785037279129,0.3491997718811035,0.5228914618492126,-0.09833153337240219,0.37448403239250183,0.45160168409347534,-0.11918956786394119,0.39208531379699707,0.39198121428489685,-0.12887156009674072,0.2523503303527832,0.6151020526885986,-0.058791693300008774,0.25514107942581177,0.4802544116973877,-0.10621003061532974,0.2623516321182251,0.39127469062805176,-0.1348242163658142,0.2682838439941406,0.30999672412872314,-0.14756736159324646,0.2014468014240265,0.6264840364456177,-0.06248646602034569,0.19089074432849884,0.5833842754364014,-0.12310776114463806,0.19618675112724304,0.6767801642417908,-0.14083231985569,0.1997903436422348,0.7356566786766052,-0.13481861352920532,0.1525539755821228,0.6536749601364136,-0.07079170644283295,0.1264967918395996,0.5758150219917297,-0.1080334335565567,0.10783325880765915,0.5226439833641052,-0.11750323325395584,0.09441819787025452,0.45763739943504333,-0.11767709255218506
0.27888599038124084,0.8284398913383484,5.535670197787113e-07,0.32225140929222107,0.826322078704834,-0.049149852246046066,0.36158543825149536,0.8018962144851685,-0.07525958120822906,0.3611854314804077,0.7790553569793701,-0.09885214269161224,0.34572839736938477,0.74132239818573,-0.11950844526290894,0.37267225980758667,0.6409662961959839,-0.041326627135276794,0.3861978054046631,0.5526325702667236,-0.06887933611869812,0.38964980840682983,0.49585625529289246,-0.08482963591814041,0.3887932598590851,0.447073757648468,-0.09115990251302719,0.3330113887786865,0.631191611289978,-0.040697500109672546,0.3490324020385742,0.52538001537323,-0.07397819310426712,0.3596024811267853,0.4551818370819092,-0.09449035674333572,0.36501362919807434,0.39548149704933167,-0.10165312141180038,0.29330888390541077,0.6412308216094971,-0.04623320326209068,0.3061854839324951,0.6116560101509094,-0.09502109885215759,0.3128177225589752,0.6832330822944641,-0.10828275978565216,0.316382497549057,0.7272447943687439,-0.10041902214288712,0.2556653916835785,0.6597665548324585,-0.05563383921980858,0.26152920722961426,0.5957720875740051,-0.08329977840185165,0.2660653591156006,0.560208797454834,-0.08703789860010147,0.27241024374961853,0.5146721601486206,-0.083499014377594
0.27796489000320435,0.8253194689750671,4.86972794533358e-07,0.3252546489238739,0.8179515600204468,-0.04266086593270302,0.3595000207424164,0.7774861454963684,-0.0620906762778759,0.3528035581111908,0.7438720464706421,-0.0797262191772461,0.3452174961566925,0.7040528655052185,-0.09404876083135605,0.36975032091140747,0.6337271332740784,-0.028718745335936546,0.38101911544799805,0.5470358729362488,-0.051361050456762314,0.3810163736343384,0.4945116639137268,-0.0651329830288887,0.37725839018821716,0.44765257835388184,-0.07136505842208862,0.3315279483795166,0.6236404180526733,-0.028786443173885345,0.3449152708053589,0.5191239714622498,-0.05744074657559395,0.3544488847255707,0.4524472951889038,-0.07596661150455475,0.35901081562042236,0.39641261100769043,-0.08342436701059341,0.2946508824825287,0.632931113243103,-0.03479589521884918,0.30256006121635437,0.5866358876228333,-0.0771515965461731,0.31036198139190674,0.6521249413490295,-0.08752869069576263,0.3136427700519562,0.694545328617096,-0.08054078370332718,0.25902262330055237,0.6515353918075562,-0.04465090483427048,0.2661080062389374,0.588962972164154,-0.0696745216846466,0.27271541953086853,0.5552537441253662,-0.07372207194566727,0.27971747517585754,0.5100675225257874,-0.07171965390443802
0.285383403301239,0.825510561466217,4.256103238731157e-07,0.3301286995410919,0.816967248916626,-0.039497848600149155,0.3625389337539673,0.7732265591621399,-0.05545886233448982,0.3588952422142029,0.7377703189849854,-0.06925628334283829,0.3466148376464844,0.6964107155799866,-0.07990847527980804,0.373086154460907,0.6389602422714233,-0.02511272393167019,0.38483574986457825,0.5537444353103638,-0.04396691173315048,0.3856954574584961,0.5029259920120239,-0.05559146776795387,0.38215309381484985,0.4580172896385193,-0.0606485940515995,0.3381752371788025,0.6290799975395203,-0.02401062659919262,0.35088852047920227,0.5272279977798462,-0.04717940092086792,0.36061742901802063,0.46374955773353577,-0.06264417618513107,0.36478742957115173,0.412817120552063,-0.06903957575559616,0.30329474806785583,0.637466549873352,-0.02843957394361496,0.311648428440094,0.5878642797470093,-0.0644485279917717,0.31919363141059875,0.6451876759529114,-0.07373650372028351,0.32200855016708374,0.6845160722732544,-0.06794716417789459,0.2696085572242737,0.6536409258842468,-0.03653227165341377,0.27556657791137695,0.5921578407287598,-0.05819520354270935,0.28152093291282654,0.5585631132125854,-0.062240663915872574,0.28801748156547546,0.5158176422119141,-0.06106043979525566
0.3094581663608551,0.8266093730926514,4.229840158131992e-07,0.3553905487060547,0.8204731941223145,-0.03619833290576935,0.3907695412635803,0.778169572353363,-0.050703540444374084,0.39039933681488037,0.7356739640235901,-0.06333997845649719,0.37372270226478577,0.6951141953468323,-0.07352687418460846,0.3992158770561218,0.6528032422065735,-0.02388932555913925,0.41867512464523315,0.5743891596794128,-0.04180813580751419,0.4238707423210144,0.5258058309555054,-0.05234285071492195,0.4237802028656006,0.48236486315727234,-0.05658102035522461,0.36664944887161255,0.6402050256729126,-0.02317013591527939,0.38653382658958435,0.5466657876968384,-0.04588320106267929,0.4003202021121979,0.486400306224823,-0.06036590039730072,0.40762630105018616,0.4382537603378296,-0.06580045819282532,0.33260059356689453,0.6462048888206482,-0.027347330003976822,0.34571102261543274,0.6008040308952332,-0.06179749593138695,0.352252334356308,0.6537204384803772,-0.07058876752853394,0.3545418083667755,0.6916887760162354,-0.0647081583738327,0.29885825514793396,0.6600152254104614,-0.03469087928533554,0.30609557032585144,0.599614679813385,-0.054923515766859055,0.31227171421051025,0.5645009875297546,-0.05838397517800331,0.3198668360710144,0.5241611003875732,-0.05677387863397598
0.3174806237220764,0.825859785079956,4.897592589259148e-07,0.3607964515686035,0.818934440612793,-0.033622950315475464,0.39308643341064453,0.783713698387146,-0.04912613332271576,0.3983120620250702,0.7474985718727112,-0.0636151134967804,0.3873409330844879,0.7110627889633179,-0.07586616277694702,0.40820807218551636,0.6625065207481384,-0.025324976071715355,0.4410192370414734,0.5873419642448425,-0.04496689513325691,0.4574733376502991,0.5397800207138062,-0.056258391588926315,0.466753751039505,0.49849438667297363,-0.060878392308950424,0.37385091185569763,0.6478361487388611,-0.026235204190015793,0.39136025309562683,0.5544909238815308,-0.051569581031799316,0.4052041172981262,0.4952928423881531,-0.06779368966817856,0.4132235646247864,0.4468085765838623,-0.07426098734140396,0.33909422159194946,0.6526442170143127,-0.03130187466740608,0.34923529624938965,0.6124697327613831,-0.06660377234220505,0.36004650592803955,0.6624829173088074,-0.07629144191741943,0.36577489972114563,0.6983404755592346,-0.0712580755352974,0.3060157001018524,0.6656938791275024,-0.03917652368545532,0.31348204612731934,0.6083431839942932,-0.05997231975197792,0.31819817423820496,0.5721802115440369,-0.06322477012872696,0.32355624437332153,0.5313892960548401,-0.06125231832265854
0.3186874985694885,0.8232868313789368,4.889238311989175e-07,0.36166658997535706,0.814153790473938,-0.03127305209636688,0.39150726795196533,0.7792559862136841,-0.04671265929937363,0.4000537097454071,0.7460644841194153,-0.06164863705635071,0.3963848948478699,0.7111143469810486,-0.07452040910720825,0.4107750952243805,0.659274697303772,-0.025049908086657524,0.4484494626522064,0.5915568470954895,-0.04626428708434105,0.46951591968536377,0.5473908185958862,-0.05898892506957054,0.483319491147995,0.5097959637641907,-0.06450400501489639,0.37498560547828674,0.6433813571929932,-0.027004646137356758,0.38948002457618713,0.5534873008728027,-0.05421285331249237,0.40190213918685913,0.4950330853462219,-0.0716436579823494,0.4095115661621094,0.4471930265426636,-0.07884465157985687,0.33890122175216675,0.6488783359527588,-0.032786574214696884,0.3465331792831421,0.61323481798172,-0.06873701512813568,0.358869343996048,0.6632099747657776,-0.07864545285701752,0.36613690853118896,0.6996533870697021,-0.0739378109574318,0.30492568016052246,0.6639412045478821,-0.04111625626683235,0.3106876015663147,0.6073414087295532,-0.06278444081544876,0.31319499015808105,0.5704825520515442,-0.06594201177358627,0.31682926416397095,0.5296676158905029,-0.06367187947034836
0.32202622294425964,0.821845293045044,4.449029233910551e-07,0.3660285472869873,0.8120563626289368,-0.029143232852220535,0.39435920119285583,0.7794257402420044,-0.04460213705897331,0.40191346406936646,0.7454307675361633,-0.059838201850652695,0.3993905782699585,0.7100902795791626,-0.0730861946940422,0.411983847618103,0.6576924920082092,-0.025128882378339767,0.449862539768219,0.591094970703125,-0.046097349375486374,0.4696691036224365,0.5476512312889099,-0.058379411697387695,0.4825117290019989,0.5098369121551514,-0.06371979415416718,0.37704506516456604,0.6411256790161133,-0.028140511363744736,0.3916109502315521,0.5507659316062927,-0.05548691377043724,0.40264803171157837,0.49355724453926086,-0.07261491566896439,0.4093130826950073,0.4467921257019043,-0.07963932305574417,0.34094753861427307,0.6469507217407227,-0.0345628447830677,0.3491261899471283,0.6095089316368103,-0.07035190612077713,0.36218324303627014,0.6586936712265015,-0.0802394226193428,0.36938992142677307,0.6968994140625,-0.07575714588165283,0.30594944953918457,0.6628838181495667,-0.04317120462656021,0.3053972125053406,0.6034047603607178,-0.0649615004658699,0.30321332812309265,0.5638101100921631,-0.0682331919670105,0.3020612299442291,0.5222205519676208,-0.06605184078216553
0.3252849876880646,0.8265902400016785,3.7781219930366206e-07,0.3686654567718506,0.8173677325248718,-0.03148625046014786,0.4003179669380188,0.785083532333374,-0.04661226272583008,0.40854325890541077,0.753483772277832,-0.06095738336443901,0.3985489010810852,0.7197633981704712,-0.07316168397665024,0.40839242935180664,0.6577448844909668,-0.025735819712281227,0.4304056763648987,0.5767009258270264,-0.04458357021212578,0.438649982213974,0.5275546312332153,-0.05522434413433075,0.4416019022464752,0.4847736358642578,-0.05943985655903816,0.37392300367355347,0.6469087600708008,-0.027726707980036736,0.38200539350509644,0.5499169826507568,-0.05228931084275246,0.38810306787490845,0.49016934633255005,-0.06839315593242645,0.3894578516483307,0.441501647233963,-0.07477039843797684,0.33907797932624817,0.6554587483406067,-0.03349652141332626,0.34963059425354004,0.6166614294052124,-0.06870352476835251,0.36440959572792053,0.6684907078742981,-0.07906629145145416,0.3725598454475403,0.7057973146438599,-0.07437725365161896,0.30679523944854736,0.6718344688415527,-0.041601166129112244,0.30816876888275146,0.6105778217315674,-0.061939138919115067,0.3080999255180359,0.5747868418693542,-0.06496557593345642,0.30791154503822327,0.5339624881744385,-0.06281638890504837
0.27445176243782043,0.8023244142532349,4.837813776248368e-07,0.31511127948760986,0.7828375101089478,-0.03443743288516998,0.3375846743583679,0.7403302788734436,-0.05339783802628517,0.32283300161361694,0.6979048252105713,-0.07134745270013809,0.2979947328567505,0.6685119271278381,-0.08803074061870575,0.34689125418663025,0.6277913451194763,-0.03585825115442276,0.38052812218666077,0.5548761487007141,-0.06174185872077942,0.39962199330329895,0.5064773559570312,-0.07716970890760422,0.41183748841285706,0.46521300077438354,-0.08505888283252716,0.30846157670021057,0.6134273409843445,-0.037240032106637955,0.3096422851085663,0.52138751745224,-0.06954745203256607,0.31179383397102356,0.46108806133270264,-0.091222383081913,0.310665488243103,0.41071000695228577,-0.10186190158128738,0.27280229330062866,0.622666597366333,-0.04189959540963173,0.26151761412620544,0.5832913517951965,-0.08186832070350647,0.27480611205101013,0.6290404200553894,-0.0978168472647667,0.2841610908508301,0.6643174290657043,-0.09779670089483261,0.2391151785850525,0.6430104374885559,-0.04875363036990166,0.22297415137290955,0.5897017121315002,-0.07298440486192703,0.2098880410194397,0.5548475980758667,-0.08005741238594055,0.19853946566581726,0.515890896320343,-0.081185482442379
0.23237204551696777,0.825260579586029,5.010759878132376e-07,0.2717568874359131,0.8060933351516724,-0.039686743170022964,0.2904735505580902,0.7613270282745361,-0.06090683490037918,0.273456335067749,0.7234936356544495,-0.08024144917726517,0.24826717376708984,0.6971079111099243,-0.09770146012306213,0.29164883494377136,0.642595648765564,-0.03923141583800316,0.31325334310531616,0.5623835325241089,-0.06458885222673416,0.32451191544532776,0.5110644698143005,-0.07940317690372467,0.3303581774234772,0.46734946966171265,-0.08721786737442017,0.252239465713501,0.6344991326332092,-0.03847317770123482,0.24474439024925232,0.5436171293258667,-0.07178790867328644,0.24042396247386932,0.4829714298248291,-0.0933375284075737,0.23374514281749725,0.42908579111099243,-0.1036306843161583,0.21745194494724274,0.6479328870773315,-0.04154568910598755,0.19903072714805603,0.6062390804290771,-0.0832805261015892,0.2104935348033905,0.6575120687484741,-0.09795237332582474,0.21891038119792938,0.6948919296264648,-0.09623709321022034,0.18516241014003754,0.6720939874649048,-0.04741789400577545,0.16277937591075897,0.6200262904167175,-0.07312467694282532,0.14696013927459717,0.5858680605888367,-0.08094850927591324,0.1328141689300537,0.5461794137954712,-0.08230064064264297
0.21788296103477478,0.8450969457626343,5.141047267898102e-07,0.2585555613040924,0.8269159197807312,-0.04300922155380249,0.2758832573890686,0.7828903794288635,-0.06577814370393753,0.25262510776519775,0.7495516538619995,-0.08583284914493561,0.22368057072162628,0.7231530547142029,-0.1038188561797142,0.27138495445251465,0.6637872457504272,-0.044102706015110016,0.2876955270767212,0.582387387752533,-0.07000862807035446,0.2962599992752075,0.5309962034225464,-0.08502746373414993,0.3004428744316101,0.4873374104499817,-0.09324966371059418,0.23168352246284485,0.6569402813911438,-0.04184679314494133,0.21972975134849548,0.5666130185127258,-0.07549961656332016,0.21291016042232513,0.5092620253562927,-0.09725445508956909,0.2048780471086502,0.45798444747924805,-0.10810104012489319,0.19755953550338745,0.6715958118438721,-0.043620944023132324,0.17673535645008087,0.6315123438835144,-0.08597581088542938,0.1881408393383026,0.6836036443710327,-0.10131251811981201,0.19690172374248505,0.7201586365699768,-0.10041174292564392,0.16673824191093445,0.6967647075653076,-0.04845296964049339,0.1430637389421463,0.6471201777458191,-0.07526586204767227,0.1257653683423996,0.6150822639465332,-0.08459247648715973,0.10999458283185959,0.5764674544334412,-0.08735037595033646
0.32166826725006104,0.8160706162452698,3.7452917922564666e-07,0.36076033115386963,0.7872403860092163,-0.026433197781443596,0.3759898841381073,0.7353611588478088,-0.040182773023843765,0.3580160439014435,0.6882119178771973,-0.054173968732357025,0.334177702665329,0.6572856903076172,-0.06663940101861954,0.3755558133125305,0.6308501958847046,-0.025264622643589973,0.3950437307357788,0.5505533218383789,-0.04820573702454567,0.406751424074173,0.5002063512802124,-0.06191172078251839,0.41384243965148926,0.45860323309898376,-0.06779170036315918,0.33682677149772644,0.6228213906288147,-0.029077347368001938,0.32625967264175415,0.5308184623718262,-0.057761915028095245,0.3229300081729889,0.47004860639572144,-0.07606629282236099,0.3183509111404419,0.4195438027381897,-0.08366617560386658,0.30219709873199463,0.637199878692627,-0.03585434332489967,0.2901844382286072,0.5976668000221252,-0.07159111648797989,0.3118002414703369,0.6409372687339783,-0.08225812017917633,0.3269074857234955,0.675681471824646,-0.07832638919353485,0.2704209089279175,0.6623542904853821,-0.04443582147359848,0.24695828557014465,0.605535089969635,-0.06405799835920334,0.232273668050766,0.5684958696365356,-0.06594770401716232,0.21847012639045715,0.5299203395843506,-0.06296724081039429
0.45945531129837036,0.7827085256576538,4.2591568671923596e-07,0.5039516687393188,0.7611703872680664,-0.029303062707185745,0.5353623628616333,0.7294156551361084,-0.04868283122777939,0.5472357869148254,0.6959847211837769,-0.06818685680627823,0.5309309959411621,0.6713696718215942,-0.08683454245328903,0.5267684459686279,0.5937577486038208,-0.03401312604546547,0.5511316061019897,0.5128821730613708,-0.05796879157423973,0.5631319284439087,0.46327531337738037,-0.07181192189455032,0.5690770149230957,0.4192081093788147,-0.07839474827051163,0.4846872091293335,0.5879778265953064,-0.03944716602563858,0.47409436106681824,0.49318164587020874,-0.07226131856441498,0.46810492873191833,0.43064844608306885,-0.09443409740924835,0.45878884196281433,0.3785735070705414,-0.10502728074789047,0.44455572962760925,0.6081215739250183,-0.04725463688373566,0.4508545398712158,0.5701535940170288,-0.08994095772504807,0.4793972969055176,0.6132394075393677,-0.10648021101951599,0.4978894293308258,0.6482091546058655,-0.10580872744321823,0.40955349802970886,0.6387492418289185,-0.0562056303024292,0.3923218846321106,0.580708920955658,-0.08230195939540863,0.377189040184021,0.5440294146537781,-0.08833029866218567,0.36158308386802673,0.505729079246521,-0.0879926010966301
0.5554673075675964,0.7764658331871033,3.919743676306098e-07,0.6112438440322876,0.7604736089706421,-0.027716485783457756,0.6512407660484314,0.7308887243270874,-0.04828505218029022,0.6719139814376831,0.698651909828186,-0.06950782984495163,0.6550689339637756,0.6745946407318115,-0.09004321694374084,0.6483721137046814,0.5861392021179199,-0.037670545279979706,0.6825121641159058,0.5040141940116882,-0.0619685985147953,0.7002785205841064,0.4545019865036011,-0.0752771645784378,0.7097251415252686,0.4064236879348755,-0.0826379805803299,0.606089174747467,0.5769407749176025,-0.04606785625219345,0.6006383895874023,0.47492706775665283,-0.08302848041057587,0.597461998462677,0.4056626856327057,-0.10722217708826065,0.5888804793357849,0.3448367714881897,-0.11950494349002838,0.564708411693573,0.595364511013031,-0.056300658732652664,0.5789805054664612,0.5580360293388367,-0.10315902531147003,0.6103025078773499,0.6109175682067871,-0.12117248773574829,0.6300841569900513,0.6492438316345215,-0.1215858906507492,0.5268536806106567,0.6244236826896667,-0.0673724114894867,0.5108909606933594,0.5629693269729614,-0.09601081162691116,0.4964268207550049,0.5217170715332031,-0.10383819043636322,0.4845674932003021,0.4768812954425812,-0.1056283563375473
0.5671840906143188,0.8128039836883545,3.3204599958480685e-07,0.6229454874992371,0.8038785457611084,-0.025968115776777267,0.6634941697120667,0.7808345556259155,-0.0455126017332077,0.6924103498458862,0.7566594481468201,-0.06563108414411545,0.685225248336792,0.7306525111198425,-0.08420450240373611,0.6667577624320984,0.64267897605896,-0.036791007965803146,0.707500696182251,0.5643330812454224,-0.05992663651704788,0.7277387976646423,0.5201919674873352,-0.07179287821054459,0.7391629219055176,0.47396934032440186,-0.0788218304514885,0.6280985474586487,0.6304125189781189,-0.04480347782373428,0.6342014074325562,0.5329127907752991,-0.08102579414844513,0.6357004642486572,0.466827929019928,-0.1037486121058464,0.6307663321495056,0.4086538851261139,-0.11553101241588593,0.5885928273200989,0.6441793441772461,-0.054580625146627426,0.6136142611503601,0.6108027100563049,-0.0999113991856575,0.6392351984977722,0.6642730832099915,-0.1173480749130249,0.6541367769241333,0.7006394267082214,-0.11841365694999695,0.5525421500205994,0.6676384210586548,-0.06511043012142181,0.5422168374061584,0.6142014861106873,-0.09392696619033813,0.5299855470657349,0.5721190571784973,-0.10399086028337479,0.5211151838302612,0.5283877849578857,-0.10773180425167084
0.49281832575798035,0.9063827395439148,4.412376881646196e-07,0.5440692901611328,0.9008920192718506,-0.03230978175997734,0.5806348919868469,0.8807416558265686,-0.056192729622125626,0.6044182181358337,0.8607630133628845,-0.0800703912973404,0.5911064147949219,0.83316570520401,-0.1027696505188942,0.5881924629211426,0.7431433200836182,-0.04550763592123985,0.6288753747940063,0.6679821014404297,-0.07287722826004028,0.651587724685669,0.6251546144485474,-0.08776932954788208,0.6645379066467285,0.5806845426559448,-0.09578564018011093,0.5473034977912903,0.730681836605072,-0.051166828721761703,0.5522729754447937,0.6341545581817627,-0.09047302603721619,0.5562414526939392,0.5697945952415466,-0.11490936577320099,0.5542954802513123,0.5099422931671143,-0.1269657164812088,0.5067600607872009,0.7432543039321899,-0.05900907143950462,0.5269040465354919,0.7160596251487732,-0.10767558962106705,0.5479101538658142,0.7755001783370972,-0.12572085857391357,0.5599459409713745,0.8124351501464844,-0.12549005448818207,0.47078171372413635,0.766019880771637,-0.06804418563842773,0.4592692255973816,0.7105202674865723,-0.09823688864707947,0.44658365845680237,0.672146737575531,-0.10735133290290833,0.4379579424858093,0.6309031844139099,-0.10950452089309692
0.6039220094680786,0.966498076915741,1.13901000986516e-06,0.5503866076469421,0.9525710344314575,-0.045741599053144455,0.5137323141098022,0.9208837151527405,-0.0824388936161995,0.5183384418487549,0.8955856561660767,-0.11665284633636475,0.5534737706184387,0.8651279211044312,-0.14643830060958862,0.5187726616859436,0.7424575686454773,-0.06026564911007881,0.4958553910255432,0.6422029137611389,-0.0858706533908844,0.4844082295894623,0.5808649063110352,-0.09862475842237473,0.47530877590179443,0.5277894735336304,-0.10932701826095581,0.5661192536354065,0.735846996307373,-0.06045595929026604,0.5722033381462097,0.6278117895126343,-0.0978398472070694,0.5741708874702454,0.5503559708595276,-0.12004869431257248,0.5788963437080383,0.47997185587882996,-0.13432766497135162,0.6100702881813049,0.7569530010223389,-0.06397293508052826,0.6187477111816406,0.7071427702903748,-0.11007456481456757,0.5967404246330261,0.7793611884117126,-0.11519334465265274,0.5792902112007141,0.8299522995948792,-0.10802564769983292,0.6497316360473633,0.7915613055229187,-0.07121603190898895,0.679774284362793,0.7360578775405884,-0.11244392395019531,0.7064176797866821,0.6998710632324219,-0.1259232610464096,0.7286450862884521,0.6535125970840454,-0.1286412626504898
0.5468171238899231,1.018427848815918,1.8762343643174972e-06,0.4713975191116333,1.0026650428771973,-0.08029874414205551,0.42462843656539917,0.9571581482887268,-0.1442703753709793,0.4487850069999695,0.9320023059844971,-0.20314162969589233,0.5154125690460205,0.9193125367164612,-0.2546525001525879,0.43005645275115967,0.7126649618148804,-0.11514561623334885,0.39281708002090454,0.569148063659668,-0.16274496912956238,0.3715430498123169,0.47931551933288574,-0.18745805323123932,0.35472118854522705,0.4018362760543823,-0.20840927958488464,0.5040866136550903,0.691888689994812,-0.11225193738937378,0.5090911388397217,0.543310284614563,-0.18425944447517395,0.5099057555198669,0.43088075518608093,-0.22786326706409454,0.5152676701545715,0.31454983353614807,-0.25578784942626953,0.5710086822509766,0.7189313173294067,-0.11295446008443832,0.5977104306221008,0.6508501768112183,-0.18690970540046692,0.5725157260894775,0.7798651456832886,-0.1839526891708374,0.5466110110282898,0.8642141819000244,-0.16429518163204193,0.6333279013633728,0.766882061958313,-0.12145940214395523,0.6773891448974609,0.6843100786209106,-0.1851242631673813,0.7230179309844971,0.6313672065734863,-0.19978119432926178,0.7585902810096741,0.5665782690048218,-0.19836491346359253
0.6136417984962463,0.7805677652359009,7.813317211002868e-07,0.5700462460517883,0.7692065834999084,-0.028810372576117516,0.5388606786727905,0.7325431108474731,-0.05098084732890129,0.5527852773666382,0.6959054470062256,-0.07235909253358841,0.5841888785362244,0.673166036605835,-0.0911215990781784,0.5413891673088074,0.6147531867027283,-0.04250427335500717,0.5184416770935059,0.535638153553009,-0.06497795134782791,0.5063090920448303,0.48442453145980835,-0.0789070576429367,0.49749889969825745,0.4388948678970337,-0.09102509915828705,0.580757200717926,0.6006147265434265,-0.04479995369911194,0.5808218717575073,0.5161483287811279,-0.07508476078510284,0.5784085392951965,0.4575744867324829,-0.09605588018894196,0.5796985626220703,0.40198254585266113,-0.11092808842658997,0.6177833080291748,0.6108026504516602,-0.048750732094049454,0.6356074213981628,0.5593243837356567,-0.08348797261714935,0.6195132732391357,0.6090264320373535,-0.08929512649774551,0.604650616645813,0.648627519607544,-0.0866207629442215,0.6527971625328064,0.6361159086227417,-0.05512017756700516,0.6806638240814209,0.59112548828125,-0.08892130106687546,0.7045107483863831,0.5617275834083557,-0.1020270437002182,0.7260958552360535,0.5293294191360474,-0.10611176490783691
0.6106007099151611,0.7568830251693726,7.367370926658623e-07,0.5669235587120056,0.741960346698761,-0.027117697522044182,0.5370535254478455,0.7008494138717651,-0.04757516831159592,0.5521671772003174,0.659183144569397,-0.0674874410033226,0.5846211910247803,0.6382743120193481,-0.08465395122766495,0.5420886874198914,0.5861728191375732,-0.03736872225999832,0.5199803709983826,0.5102285146713257,-0.0577230341732502,0.509159505367279,0.4600848853588104,-0.07092729210853577,0.5008746981620789,0.41727501153945923,-0.08296269178390503,0.5815895199775696,0.5733345150947571,-0.03976454958319664,0.5834442377090454,0.48974546790122986,-0.06801178306341171,0.5820412039756775,0.4332733154296875,-0.08894811570644379,0.5839012861251831,0.3796369731426239,-0.10437492281198502,0.6174620389938354,0.5845167636871338,-0.04374159127473831,0.6357257962226868,0.5298402309417725,-0.07525262236595154,0.61862713098526,0.5782638788223267,-0.07955976575613022,0.6031656265258789,0.6173579096794128,-0.0766792893409729,0.6514067649841309,0.6105363368988037,-0.050194576382637024,0.678722620010376,0.5652425289154053,-0.08085217326879501,0.7023783326148987,0.5367562770843506,-0.0925237163901329,0.7233099341392517,0.5061750411987305,-0.0962059497833252
0.5929471254348755,0.7349085211753845,7.0228412596407e-07,0.5489522814750671,0.7197893857955933,-0.02781641110777855,0.5217353701591492,0.6733949780464172,-0.04754713922739029,0.5426547527313232,0.6283743977546692,-0.06649786233901978,0.5781427025794983,0.6093004941940308,-0.08249226957559586,0.5238628387451172,0.5676363706588745,-0.03767109662294388,0.500191330909729,0.48824262619018555,-0.05846787244081497,0.4883931577205658,0.4381771981716156,-0.07214381545782089,0.4788723886013031,0.39599764347076416,-0.08456327766180038,0.56219881772995,0.550589919090271,-0.03900622949004173,0.5604116320610046,0.46435657143592834,-0.06727283447980881,0.5580411553382874,0.4083707332611084,-0.08801539242267609,0.558000385761261,0.3520452380180359,-0.10330650955438614,0.5972620844841003,0.5578005909919739,-0.04180396348237991,0.6153988838195801,0.49468016624450684,-0.07026530057191849,0.6070581674575806,0.543492317199707,-0.07013943046331406,0.5970298051834106,0.5826458930969238,-0.06463378667831421,0.6320574879646301,0.5799559950828552,-0.047726161777973175,0.6571950912475586,0.5310849547386169,-0.07524023950099945,0.677793562412262,0.5012915730476379,-0.08377590775489807,0.6944443583488464,0.47000354528427124,-0.08543490618467331
0.5768808722496033,0.8313002586364746,1.0967362413794035e-06,0.5183872580528259,0.8231280446052551,-0.051363129168748856,0.485260009765625,0.7733572125434875,-0.08585341274738312,0.5233578085899353,0.7353616952896118,-0.11622443050146103,0.5738911032676697,0.7178460359573364,-0.1424534022808075,0.48877838253974915,0.6238030791282654,-0.07289235293865204,0.4618437588214874,0.5133930444717407,-0.10711445659399033,0.4460156261920929,0.44364672899246216,-0.12950371205806732,0.43384429812431335,0.38064801692962646,-0.1477421671152115,0.540477991104126,0.6028398871421814,-0.06947944313287735,0.544611394405365,0.49113795161247253,-0.11229421198368073,0.546920895576477,0.41282689571380615,-0.13933292031288147,0.5504266619682312,0.3316098153591156,-0.15779148042201996,0.5870187878608704,0.6132553219795227,-0.06904720515012741,0.6213582754135132,0.5458322763442993,-0.11427551507949829,0.6132690906524658,0.6220247149467468,-0.11426172405481339,0.6005995869636536,0.6777452826499939,-0.1038786917924881,0.6314181089401245,0.6419313549995422,-0.0738573968410492,0.6649888753890991,0.5754931569099426,-0.11549162119626999,0.693547248840332,0.5349160432815552,-0.12624798715114594,0.7186058163642883,0.49174126982688904,-0.12614494562149048
0.584696888923645,0.8646355867385864,1.398142330799601e-06,0.5173296928405762,0.8624948859214783,-0.06902685761451721,0.47767162322998047,0.8136054277420044,-0.11597292870283127,0.5268327593803406,0.7781915664672852,-0.15639720857143402,0.591392993927002,0.7585930824279785,-0.19195306301116943,0.48279014229774475,0.6362224221229553,-0.10230164229869843,0.4512246251106262,0.508263111114502,-0.14584657549858093,0.4306707978248596,0.4258631467819214,-0.17292951047420502,0.4159660339355469,0.3502624034881592,-0.19469740986824036,0.5446627140045166,0.609775722026825,-0.09539002925157547,0.5519023537635803,0.47981321811676025,-0.1498945653438568,0.5540956854820251,0.3860126733779907,-0.18297311663627625,0.5577436089515686,0.28971609473228455,-0.205404594540596,0.5996437072753906,0.6218045353889465,-0.09197787195444107,0.6434729099273682,0.5484328269958496,-0.1488807499408722,0.6357160806655884,0.6386685371398926,-0.1497182697057724,0.621444821357727,0.7039127945899963,-0.13752441108226776,0.6502805352210999,0.6539990901947021,-0.0951184555888176,0.6911255121231079,0.5783387422561646,-0.1463555097579956,0.7248445749282837,0.5323980450630188,-0.1593838781118393,0.7534137964248657,0.483889639377594,-0.15937958657741547
0.5513427257537842,0.814176619052887,1.2359473657852504e-06,0.48719409108161926,0.8004836440086365,-0.05665811523795128,0.4467619061470032,0.7493310570716858,-0.0961243063211441,0.48500117659568787,0.7106698155403137,-0.13119199872016907,0.539847195148468,0.6875768899917603,-0.16175465285778046,0.45139628648757935,0.5822885036468506,-0.08317816257476807,0.4171072840690613,0.4584771990776062,-0.12257876247167587,0.3971133828163147,0.380581796169281,-0.1468217372894287,0.3829270899295807,0.3098677098751068,-0.16533790528774261,0.5085392594337463,0.5602311491966248,-0.07950051873922348,0.5099794268608093,0.43179577589035034,-0.12815658748149872,0.5104225873947144,0.34168508648872375,-0.15736380219459534,0.514041006565094,0.250350683927536,-0.17609849572181702,0.5620484948158264,0.5716001987457275,-0.07898328453302383,0.6006349325180054,0.49685731530189514,-0.13168445229530334,0.5909116864204407,0.5778481960296631,-0.13332653045654297,0.5767043232917786,0.6409407258033752,-0.12142309546470642,0.6133532524108887,0.6032106876373291,-0.08380230516195297,0.6492607593536377,0.5303240418434143,-0.13090351223945618,0.6805928349494934,0.48740071058273315,-0.14219704270362854,0.7089340090751648,0.4437299966812134,-0.14051644504070282
0.555521547794342,0.7548364400863647,9.911141205520835e-07,0.49949386715888977,0.7385506629943848,-0.0461396761238575,0.46595361828804016,0.6823711395263672,-0.07787881046533585,0.5019053816795349,0.639415442943573,-0.10682356357574463,0.5514727830886841,0.6186591386795044,-0.13160286843776703,0.4685765504837036,0.5406926870346069,-0.06501643359661102,0.4376758337020874,0.43243607878685,-0.09815691411495209,0.4209492802619934,0.3649356961250305,-0.12006546556949615,0.40770822763442993,0.3048257827758789,-0.13827326893806458,0.5190607309341431,0.5208030343055725,-0.06326353549957275,0.5197073817253113,0.40792280435562134,-0.10576000064611435,0.5197975635528564,0.3308348059654236,-0.13495363295078278,0.5226410627365112,0.25139716267585754,-0.15554338693618774,0.5645073056221008,0.532112181186676,-0.0639612004160881,0.5956299901008606,0.4586888551712036,-0.10673613846302032,0.5886799097061157,0.5311930179595947,-0.10650516301393509,0.5778588652610779,0.5865189433097839,-0.09706460684537888,0.6086804866790771,0.5616645812988281,-0.06947477161884308,0.6401966214179993,0.4958561360836029,-0.10787364840507507,0.6674992442131042,0.45581114292144775,-0.1175214946269989,0.6907215714454651,0.4140356779098511,-0.11764154583215714
0.5372257232666016,0.731495201587677,8.791442382971582e-07,0.48369988799095154,0.7145366668701172,-0.040590718388557434,0.4512014091014862,0.6615110635757446,-0.06839369237422943,0.486706405878067,0.6183880567550659,-0.0935300961136818,0.5343378782272339,0.5976401567459106,-0.11549557745456696,0.45546260476112366,0.5269107222557068,-0.054814282804727554,0.42985668778419495,0.42612600326538086,-0.08267421275377274,0.41473084688186646,0.36343011260032654,-0.10076150298118591,0.40258103609085083,0.30797457695007324,-0.11525197327136993,0.5023903846740723,0.5082287192344666,-0.05388644337654114,0.5042643547058105,0.40078359842300415,-0.08802678436040878,0.5043811798095703,0.32962971925735474,-0.11075455695390701,0.506689727306366,0.25679126381874084,-0.126177579164505,0.5461555123329163,0.5189206600189209,-0.05550403892993927,0.5758911967277527,0.45263296365737915,-0.09356314688920975,0.569308340549469,0.5127483010292053,-0.09519321471452713,0.5596394538879395,0.5600689649581909,-0.08721008896827698,0.5887326002120972,0.5474094748497009,-0.0610351637005806,0.618645191192627,0.4851783215999603,-0.09428107738494873,0.6429996490478516,0.44776228070259094,-0.10168517380952835,0.6641092300415039,0.4102945327758789,-0.10066075623035431
0.4414515197277069,0.769003689289093,9.849468369793613e-07,0.38211488723754883,0.7644644975662231,-0.04513435438275337,0.3403210937976837,0.7316442131996155,-0.07708951085805893,0.357801616191864,0.6867552995681763,-0.10443456470966339,0.3941899538040161,0.6511566042900085,-0.12867675721645355,0.33780136704444885,0.5810532569885254,-0.06429881602525711,0.30647748708724976,0.4900205135345459,-0.09217488020658493,0.29152506589889526,0.4297691583633423,-0.10841033607721329,0.2811563014984131,0.3761405646800995,-0.12074396759271622,0.3838438093662262,0.5530824065208435,-0.06148890033364296,0.37865155935287476,0.45260754227638245,-0.09373290836811066,0.37485647201538086,0.3835441470146179,-0.1132136881351471,0.37357375025749207,0.3200887441635132,-0.12627896666526794,0.4306810796260834,0.5573380589485168,-0.06170785427093506,0.4399935007095337,0.5082960724830627,-0.10245704650878906,0.4237171411514282,0.571570873260498,-0.1116700991988182,0.40921053290367126,0.6227460503578186,-0.10921887308359146,0.4771786332130432,0.5802325010299683,-0.06514649838209152,0.5004352331161499,0.5195044279098511,-0.10271986573934555,0.5210331082344055,0.4832969307899475,-0.11663034558296204,0.5401009321212769,0.4479135572910309,-0.12040410935878754
0.3862988352775574,0.7797840237617493,8.903626849132706e-07,0.3316377103328705,0.7804056406021118,-0.02985270880162716,0.2854529023170471,0.7489933371543884,-0.05530821904540062,0.281817227602005,0.7046660780906677,-0.08099497109651566,0.31292542815208435,0.6739268898963928,-0.10400782525539398,0.27585068345069885,0.6016620397567749,-0.04395836591720581,0.24040700495243073,0.5145217180252075,-0.06821295619010925,0.22211581468582153,0.4598979949951172,-0.08322623372077942,0.20710442960262299,0.41154563426971436,-0.09680872410535812,0.3183290362358093,0.5805464386940002,-0.04934263601899147,0.3025538921356201,0.4810410141944885,-0.08362418413162231,0.2900291681289673,0.4125441312789917,-0.10706210881471634,0.2826037108898163,0.3470650911331177,-0.12404422461986542,0.361081063747406,0.5866572856903076,-0.056484099477529526,0.3579375743865967,0.5178056955337524,-0.09590136259794235,0.3463142216205597,0.5819796919822693,-0.09985192120075226,0.33761388063430786,0.6327336430549622,-0.09533803910017014,0.4022749662399292,0.6107463836669922,-0.06636376678943634,0.42392194271087646,0.5532191395759583,-0.10551787167787552,0.4455728530883789,0.510439395904541,-0.1199132576584816,0.4638509750366211,0.46099311113357544,-0.12444640696048737
0.5494600534439087,0.7301243543624878,7.155427397265157e-07,0.5072599053382874,0.7093265652656555,-0.024291088804602623,0.47933822870254517,0.6673410534858704,-0.04327100142836571,0.4993323087692261,0.627760648727417,-0.0616208016872406,0.5341784954071045,0.6136452555656433,-0.07774454355239868,0.48487111926078796,0.562064528465271,-0.034894220530986786,0.46317192912101746,0.4862603545188904,-0.05435881018638611,0.4525465667247772,0.4374728798866272,-0.0667281225323677,0.44454386830329895,0.39512407779693604,-0.07707617431879044,0.5226274132728577,0.5501441359519958,-0.037398263812065125,0.5258147716522217,0.4652365744113922,-0.06245087459683418,0.5268162488937378,0.4086742699146271,-0.0790102630853653,0.5300741195678711,0.3576732575893402,-0.09034144878387451,0.557712733745575,0.5606347322463989,-0.0414808914065361,0.5730533003807068,0.5055698752403259,-0.06974314898252487,0.5591335892677307,0.5477980971336365,-0.07211300730705261,0.5472429990768433,0.584471583366394,-0.06714741140604019,0.5907624363899231,0.5848317742347717,-0.047818511724472046,0.6164693236351013,0.536385178565979,-0.07351372390985489,0.6352663636207581,0.5064643025398254,-0.08129863440990448,0.6513627767562866,0.4768858551979065,-0.08212368935346603
0.5471622943878174,0.7053995728492737,6.404702048712352e-07,0.5067886114120483,0.685147762298584,-0.023291410878300667,0.4793364405632019,0.6381711363792419,-0.040816765278577805,0.49573132395744324,0.5966285467147827,-0.05800843983888626,0.526048481464386,0.5745136141777039,-0.07286348193883896,0.4883892834186554,0.5300816893577576,-0.03236773610115051,0.4678570628166199,0.45462533831596375,-0.05037714168429375,0.45804810523986816,0.40656962990760803,-0.06156473979353905,0.45132049918174744,0.3645930290222168,-0.07156090438365936,0.5262155532836914,0.5200216770172119,-0.03470602259039879,0.528714120388031,0.4387626349925995,-0.0587846077978611,0.5287513136863708,0.3843350410461426,-0.07549870014190674,0.5320008993148804,0.3342818021774292,-0.08758600801229477,0.5606284737586975,0.53220134973526,-0.03855891525745392,0.5755582451820374,0.4759232997894287,-0.0670526996254921,0.5576974749565125,0.5185203552246094,-0.07037070393562317,0.5430952906608582,0.556239128112793,-0.0668642595410347,0.5917725563049316,0.5583148002624512,-0.04440990090370178,0.6191556453704834,0.5120015144348145,-0.07199176400899887,0.6400938034057617,0.4838056266307831,-0.08192116022109985,0.6589465141296387,0.45492029190063477,-0.08452221751213074
0.566929280757904,0.6620661020278931,6.254673508010455e-07,0.5270075798034668,0.6442291140556335,-0.02466040849685669,0.5027490854263306,0.59897381067276,-0.043061964213848114,0.5169729590415955,0.551827609539032,-0.061334941536188126,0.5448170304298401,0.5296558737754822,-0.07678312808275223,0.5045304894447327,0.5005335211753845,-0.030942769721150398,0.4825080633163452,0.4266320466995239,-0.04862428456544876,0.4723939299583435,0.38131263852119446,-0.05952548608183861,0.4654980003833771,0.34450292587280273,-0.06971105933189392,0.5406776666641235,0.48712021112442017,-0.03220071271061897,0.5428634881973267,0.4075779318809509,-0.05621485412120819,0.54258131980896,0.35599762201309204,-0.07377513498067856,0.5455108880996704,0.30561143159866333,-0.08702588081359863,0.5729053616523743,0.4948018193244934,-0.034971799701452255,0.586779773235321,0.4313198924064636,-0.05870317667722702,0.5763802528381348,0.47430726885795593,-0.05735551938414574,0.567086398601532,0.509803831577301,-0.052410788834095,0.6035741567611694,0.5165389776229858,-0.040653131902217865,0.6275770664215088,0.4750061631202698,-0.06451045721769333,0.6468468308448792,0.44774267077445984,-0.07229544222354889,0.6631968021392822,0.4183323383331299,-0.0741666853427887
0.575355052947998,0.6537613272666931,6.242138965717459e-07,0.5365986227989197,0.6356251239776611,-0.02412785030901432,0.514008104801178,0.5922068953514099,-0.04222676903009415,0.5287778973579407,0.5484125018119812,-0.05978688597679138,0.5552358031272888,0.5284066796302795,-0.07466129213571548,0.513411819934845,0.49893030524253845,-0.03253769129514694,0.4902382493019104,0.4273887276649475,-0.05017613619565964,0.4792792797088623,0.38274022936820984,-0.06111019104719162,0.4715028703212738,0.34612804651260376,-0.07091127336025238,0.5486322045326233,0.48529404401779175,-0.033471979200839996,0.5499797463417053,0.40708300471305847,-0.056636739522218704,0.5491932034492493,0.35646867752075195,-0.07309819757938385,0.5509666800498962,0.3079701364040375,-0.08522939682006836,0.5804138779640198,0.4921327233314514,-0.03574104607105255,0.5940626263618469,0.4321202039718628,-0.05883505195379257,0.5838308334350586,0.4722478687763214,-0.05816597491502762,0.5741421580314636,0.5062100887298584,-0.0534379705786705,0.6109529733657837,0.5121209025382996,-0.04070664942264557,0.6338469386100769,0.4693572223186493,-0.06319943070411682,0.6518051028251648,0.4426504969596863,-0.07024187594652176,0.6671387553215027,0.4152100086212158,-0.0715298056602478
0.5933414697647095,0.6308119893074036,5.821470949740615e-07,0.5555521249771118,0.6137629747390747,-0.02416037954390049,0.535057544708252,0.5666890144348145,-0.04145732522010803,0.5507822036743164,0.5186960697174072,-0.05845973268151283,0.5766975283622742,0.49689432978630066,-0.07273810356855392,0.5344656705856323,0.47605159878730774,-0.029916036874055862,0.5138007402420044,0.4043505787849426,-0.047128066420555115,0.5047005414962769,0.3599945604801178,-0.0578683540225029,0.4980239272117615,0.32489344477653503,-0.06785905361175537,0.5684081315994263,0.46255722641944885,-0.030783608555793762,0.5701216459274292,0.3854082226753235,-0.054154813289642334,0.5702383518218994,0.33790814876556396,-0.07134854048490524,0.5726646184921265,0.2907256782054901,-0.08410956710577011,0.5986402630805969,0.4696688652038574,-0.03307412937283516,0.612809419631958,0.40776094794273376,-0.0554732047021389,0.6051985621452332,0.4491678774356842,-0.053628187626600266,0.5973916053771973,0.48247814178466797,-0.048450179398059845,0.628211259841919,0.49022313952445984,-0.038243383169174194,0.651159405708313,0.4500247836112976,-0.06031809002161026,0.6689857244491577,0.4244987666606903,-0.06716916710138321,0.6833142042160034,0.39680594205856323,-0.06859654933214188
0.6127792596817017,0.682719886302948,5.352783887246915e-07,0.576703667640686,0.6647102236747742,-0.02604006603360176,0.5595459938049316,0.6218265891075134,-0.043887797743082047,0.5801743268966675,0.5845491290092468,-0.06042127311229706,0.6014437079429626,0.5645734667778015,-0.07473871111869812,0.5583677887916565,0.5317574143409729,-0.035579271614551544,0.5365351438522339,0.4559737741947174,-0.0546233095228672,0.5269440412521362,0.41063007712364197,-0.06605631113052368,0.5200985074043274,0.3711169362068176,-0.07479345798492432,0.591090738773346,0.5199359059333801,-0.03607865795493126,0.5921252965927124,0.4379822611808777,-0.05841216817498207,0.5944726467132568,0.3881258964538574,-0.07202377170324326,0.5982922911643982,0.34295642375946045,-0.08089281618595123,0.6214665770530701,0.5278899073600769,-0.03850580379366875,0.63672935962677,0.47239595651626587,-0.06477315723896027,0.6349238753318787,0.5052980780601501,-0.06784086674451828,0.6324214339256287,0.5355838537216187,-0.06403623521327972,0.6505224704742432,0.5489379167556763,-0.043362077325582504,0.6758549809455872,0.5061402916908264,-0.06857930123806,0.695524275302887,0.4799251854419708,-0.07671690732240677,0.7131113409996033,0.45486679673194885,-0.07794239372015
0.6558354496955872,0.8018315434455872,8.409652991758776e-07,0.6177557110786438,0.7893442511558533,-0.04605112969875336,0.601891279220581,0.7554545402526855,-0.07785841822624207,0.6384878754615784,0.7357919216156006,-0.1048189252614975,0.6777206659317017,0.7264322638511658,-0.12849955260753632,0.6139262914657593,0.6508671641349792,-0.0682000070810318,0.6044613122940063,0.5660743117332458,-0.09642940759658813,0.5971460342407227,0.5123603940010071,-0.11390399187803268,0.5925732851028442,0.4641733169555664,-0.12760081887245178,0.65350741147995,0.6404210329055786,-0.06217963993549347,0.6698482632637024,0.5601966977119446,-0.09613372385501862,0.6811087727546692,0.5069409012794495,-0.11634860932826996,0.6927505135536194,0.45086443424224854,-0.13024555146694183,0.6865620613098145,0.6508449912071228,-0.058322567492723465,0.7224553823471069,0.6069101095199585,-0.09186873584985733,0.7144702672958374,0.6569024324417114,-0.09086637943983078,0.7020978927612305,0.6938614249229431,-0.08333221077919006,0.7162485122680664,0.674401581287384,-0.05895647779107094,0.7479044198989868,0.6324104070663452,-0.08811306953430176,0.7731657028198242,0.607442319393158,-0.09433691948652267,0.7944032549858093,0.5837998986244202,-0.09377296268939972
0.5450475811958313,0.9987169504165649,5.168228653928963e-07,0.5074437856674194,0.9809982180595398,-0.02144879661500454,0.4827621281147003,0.9448055028915405,-0.03955180197954178,0.4701538681983948,0.9193865656852722,-0.059010207653045654,0.46510863304138184,0.8959404826164246,-0.07702599465847015,0.4861481487751007,0.8662671446800232,-0.04141839221119881,0.48191019892692566,0.7856299877166748,-0.06369912624359131,0.47913864254951477,0.7408920526504517,-0.07282773405313492,0.47894567251205444,0.7021981477737427,-0.07626239955425262,0.5180855989456177,0.8533820509910583,-0.04750113561749458,0.5091236233711243,0.7753363251686096,-0.07786620408296585,0.5079869031906128,0.721237301826477,-0.09275653958320618,0.5084763169288635,0.675048291683197,-0.09921913594007492,0.5545409917831421,0.8583624958992004,-0.05493072047829628,0.5591132044792175,0.8525577187538147,-0.09557700157165527,0.5473133325576782,0.9164164662361145,-0.10082512348890305,0.535567045211792,0.9661107063293457,-0.0923478901386261,0.5926195979118347,0.8725764751434326,-0.06358334422111511,0.6216208934783936,0.8194868564605713,-0.09247906506061554,0.6477831602096558,0.7832453846931458,-0.09686992317438126,0.6692777276039124,0.7527165412902832,-0.0938962921500206
0.4181373119354248,0.9441304206848145,1.014427994050493e-06,0.36904534697532654,0.9476674795150757,-0.03170428425073624,0.32564735412597656,0.9391464591026306,-0.06277542561292648,0.3186527490615845,0.918910026550293,-0.09329540282487869,0.34417015314102173,0.8898714184761047,-0.12156253308057785,0.30124861001968384,0.7993950247764587,-0.057375941425561905,0.260259747505188,0.7166359424591064,-0.08405008167028427,0.23853105306625366,0.6634708642959595,-0.09795136749744415,0.2224348932504654,0.6148743033409119,-0.10898664593696594,0.3422706127166748,0.7731790542602539,-0.06182923540472984,0.32191452383995056,0.6829643249511719,-0.09607650339603424,0.3101067841053009,0.6196999549865723,-0.11517225950956345,0.3022923469543457,0.559542179107666,-0.127349853515625,0.3881247341632843,0.7712371945381165,-0.06777383387088776,0.38514086604118347,0.7241826057434082,-0.11033008247613907,0.373246967792511,0.7821149826049805,-0.11932222545146942,0.3646541237831116,0.8302958011627197,-0.11665483564138412,0.4334827661514282,0.7884151935577393,-0.07560590654611588,0.4546487331390381,0.7327866554260254,-0.11616966873407364,0.47422096133232117,0.692882776260376,-0.13176250457763672,0.49200814962387085,0.6508264541625977,-0.13604825735092163
0.38520902395248413,0.8993619680404663,9.051579468177806e-07,0.3328830301761627,0.9051202535629272,-0.026661500334739685,0.28718170523643494,0.8894023895263672,-0.05278391391038895,0.26738590002059937,0.8540377020835876,-0.0785454511642456,0.28477585315704346,0.8157618045806885,-0.10231329500675201,0.259992778301239,0.7615570425987244,-0.04906297102570534,0.21500208973884583,0.6855069994926453,-0.07393773645162582,0.19216954708099365,0.6355509161949158,-0.08866971731185913,0.17592817544937134,0.5921395421028137,-0.10074592381715775,0.2967153787612915,0.734747052192688,-0.05457426235079765,0.2669343650341034,0.6439319849014282,-0.0844108983874321,0.24845775961875916,0.5851048231124878,-0.10302520543336868,0.23527446389198303,0.5293163061141968,-0.11636032909154892,0.3403151035308838,0.7313034534454346,-0.06132235378026962,0.32275813817977905,0.6761763691902161,-0.0970175713300705,0.3069247007369995,0.7328939437866211,-0.10395374149084091,0.2969912886619568,0.7815520167350769,-0.10288632661104202,0.38415050506591797,0.7469669580459595,-0.06997141987085342,0.3956791162490845,0.6837208867073059,-0.10588523745536804,0.40565040707588196,0.6412741541862488,-0.12016522139310837,0.4148344397544861,0.5995504856109619,-0.1254681646823883
0.4145711660385132,0.7767609357833862,6.599923381145345e-07,0.3629593551158905,0.8051496148109436,-0.021059906110167503,0.3045910596847534,0.788181483745575,-0.03405367210507393,0.2804158926010132,0.7322155237197876,-0.04801401495933533,0.3011319935321808,0.6843989491462708,-0.059690698981285095,0.2652956545352936,0.6916741132736206,-0.018281951546669006,0.21255886554718018,0.6572718620300293,-0.03149024024605751,0.18221481144428253,0.6315564513206482,-0.04032961651682854,0.15912309288978577,0.6098268628120422,-0.04990404099225998,0.28715285658836365,0.6478391289710999,-0.022389717400074005,0.24507975578308105,0.5824103951454163,-0.0427544042468071,0.21066313982009888,0.5444474220275879,-0.06044411286711693,0.187118798494339,0.5109188556671143,-0.07429573684930801,0.3192597031593323,0.6246826648712158,-0.02869214490056038,0.28963732719421387,0.5654819011688232,-0.05229555442929268,0.2896000146865845,0.610107421875,-0.057897116988897324,0.29560187458992004,0.6513052582740784,-0.05831437557935715,0.3577086627483368,0.6160100102424622,-0.037489235401153564,0.3546586334705353,0.55596923828125,-0.06337591260671616,0.3527919054031372,0.5126523375511169,-0.07669774442911148,0.35094472765922546,0.4724791944026947,-0.08313827961683273
0.4446730613708496,0.6900081038475037,6.09941309903661e-07,0.39498084783554077,0.7176478505134583,-0.02311709150671959,0.3483147919178009,0.6988252997398376,-0.03535469248890877,0.322937548160553,0.6428238749504089,-0.04730097949504852,0.32232335209846497,0.5893087387084961,-0.05603612959384918,0.3023732900619507,0.6295595169067383,-0.013744710013270378,0.2497607171535492,0.6026819944381714,-0.021674543619155884,0.22063638269901276,0.5806450843811035,-0.027336454018950462,0.19900067150592804,0.5626269578933716,-0.03462563827633858,0.3197295069694519,0.5844027996063232,-0.01369391568005085,0.2765956521034241,0.5243233442306519,-0.02800213173031807,0.24454224109649658,0.48906421661376953,-0.04372180625796318,0.22291862964630127,0.4595913290977478,-0.057190075516700745,0.3460220694541931,0.5600017309188843,-0.016078518703579903,0.3135334253311157,0.5045566558837891,-0.032463498413562775,0.3143186867237091,0.5390121936798096,-0.03690120950341225,0.320125937461853,0.5703330039978027,-0.03877752646803856,0.37841805815696716,0.5443102717399597,-0.021169016137719154,0.3708533048629761,0.4915771484375,-0.040104787796735764,0.3688914477825165,0.45299017429351807,-0.05128386989235878,0.3662070631980896,0.41746172308921814,-0.0578257218003273
0.4470534324645996,0.6641355156898499,5.125004349793016e-07,0.40066003799438477,0.6824909448623657,-0.015437303110957146,0.3521745800971985,0.6502770781517029,-0.02244172804057598,0.32775700092315674,0.59173983335495,-0.03150336816906929,0.33438536524772644,0.5447764992713928,-0.03796897828578949,0.3188588321208954,0.5776469707489014,-0.004192098509520292,0.27158427238464355,0.545970618724823,-0.011820572428405285,0.24548086524009705,0.5232677459716797,-0.016571881249547005,0.22600294649600983,0.5062735080718994,-0.02290823869407177,0.33804789185523987,0.5380722880363464,-0.008321382105350494,0.30263251066207886,0.4733831584453583,-0.024124128744006157,0.27346867322921753,0.43518638610839844,-0.039022769778966904,0.25489863753318787,0.4045374095439911,-0.05046655610203743,0.3657079041004181,0.5185297727584839,-0.014536748640239239,0.3368247151374817,0.4566810727119446,-0.03312760591506958,0.33826979994773865,0.4910760521888733,-0.03485321253538132,0.3445749878883362,0.5224485397338867,-0.03318175673484802,0.39870092272758484,0.5100375413894653,-0.022882897406816483,0.39737147092819214,0.45798081159591675,-0.04312640056014061,0.39928823709487915,0.41936564445495605,-0.051968544721603394,0.40080156922340393,0.38296568393707275,-0.0556005984544754
0.5036329030990601,0.6433857679367065,4.3691520090760605e-07,0.45517581701278687,0.6405841112136841,-0.015651138499379158,0.4177185297012329,0.5992942452430725,-0.023003870621323586,0.41472557187080383,0.5392643213272095,-0.03140133246779442,0.43268632888793945,0.501613438129425,-0.03884471207857132,0.39050644636154175,0.5126230120658875,-0.007142738439142704,0.34907323122024536,0.4645780920982361,-0.016980532556772232,0.3225780427455902,0.43442073464393616,-0.024351883679628372,0.3027912378311157,0.41083449125289917,-0.030057081952691078,0.4174984097480774,0.48089706897735596,-0.010840172879397869,0.3904900550842285,0.40514084696769714,-0.021311819553375244,0.3687688112258911,0.3547644019126892,-0.031226830556988716,0.35537558794021606,0.3176858723163605,-0.037574876099824905,0.4512673020362854,0.46881604194641113,-0.01727988012135029,0.44457221031188965,0.40464577078819275,-0.03406158462166786,0.4425729811191559,0.4025953412055969,-0.04268641397356987,0.4438852071762085,0.4086512625217438,-0.044542159885168076,0.4856962263584137,0.4720403850078583,-0.025262214243412018,0.49176156520843506,0.416756808757782,-0.04165637120604515,0.49722886085510254,0.37917956709861755,-0.04880089685320854,0.5045826435089111,0.3477328419685364,-0.050812188535928726
0.5540860891342163,0.688064455986023,6.112859409768134e-07,0.516308069229126,0.6489155888557434,-0.02313176542520523,0.5058225393295288,0.5862959027290344,-0.038291119039058685,0.5379037857055664,0.54239422082901,-0.052964791655540466,0.5725254416465759,0.5255300998687744,-0.06561487168073654,0.5178383588790894,0.48211830854415894,-0.024690212681889534,0.5044007897377014,0.4002566337585449,-0.04088175669312477,0.49702566862106323,0.3507619798183441,-0.05225694552063942,0.4914364814758301,0.30818307399749756,-0.06205189600586891,0.5572741031646729,0.47849833965301514,-0.02661561779677868,0.5745529532432556,0.3901284337043762,-0.04650131240487099,0.5852981209754944,0.33419090509414673,-0.06124533340334892,0.5970458388328552,0.286686509847641,-0.07185487449169159,0.5899048447608948,0.49784883856773376,-0.03075157105922699,0.6166288256645203,0.43464234471321106,-0.05489717796444893,0.6056434512138367,0.46733391284942627,-0.05815216153860092,0.5953950881958008,0.49925652146339417,-0.05519136041402817,0.617694616317749,0.5314949154853821,-0.037239883095026016,0.6510318517684937,0.486899197101593,-0.06048436462879181,0.6741012930870056,0.4607546925544739,-0.06790510565042496,0.6943249702453613,0.4354819357395172,-0.06924314051866531
0.5507420301437378,0.7160611152648926,7.265155659297307e-07,0.52004474401474,0.6656440496444702,-0.027666129171848297,0.5190179347991943,0.6019231081008911,-0.047151483595371246,0.5585470795631409,0.5714357495307922,-0.06571006029844284,0.5965027809143066,0.5671370625495911,-0.0811762586236,0.5589516162872314,0.5023966431617737,-0.03412940353155136,0.5656064748764038,0.4147182106971741,-0.05302732065320015,0.5726832747459412,0.3623177409172058,-0.06520344316959381,0.5787619948387146,0.31828486919403076,-0.07652432471513748,0.6016905307769775,0.5153420567512512,-0.03506188839673996,0.6435754895210266,0.43831098079681396,-0.05929775536060333,0.6690320372581482,0.38922709226608276,-0.0762605369091034,0.6948837637901306,0.3446887731552124,-0.08920462429523468,0.6301367282867432,0.5474941730499268,-0.03800690546631813,0.671934187412262,0.49601730704307556,-0.0641341581940651,0.6446852684020996,0.5289224982261658,-0.06347659975290298,0.6215242743492126,0.5575538277626038,-0.05835103616118431,0.6505074501037598,0.59245365858078,-0.044061001390218735,0.6942893862724304,0.5662372708320618,-0.07100760191679001,0.7242420315742493,0.5517401695251465,-0.07947651296854019,0.7519155740737915,0.5339457988739014,-0.08131640404462814
0.5520889759063721,0.751386284828186,7.679164468754607e-07,0.5251931548118591,0.6959500908851624,-0.032707758247852325,0.5283880829811096,0.6365882754325867,-0.05595667287707329,0.570609450340271,0.6210693120956421,-0.07755091786384583,0.6080140471458435,0.6241228580474854,-0.09575976431369781,0.5818459987640381,0.5415624380111694,-0.04182788357138634,0.6011940240859985,0.45282602310180664,-0.06415364891290665,0.6159235239028931,0.40172842144966125,-0.07791968435049057,0.6298068761825562,0.3584868013858795,-0.08969010412693024,0.6238613724708557,0.5633894801139832,-0.04183554649353027,0.6762250661849976,0.49618083238601685,-0.07000735402107239,0.7101003527641296,0.4526197016239166,-0.08867189288139343,0.7433445453643799,0.4107794165611267,-0.102113276720047,0.6497176885604858,0.6015280485153198,-0.04420715570449829,0.6970114707946777,0.5636862516403198,-0.07408459484577179,0.6687173247337341,0.5939930081367493,-0.07418426126241684,0.6436805129051208,0.6185734272003174,-0.06833065301179886,0.6661717891693115,0.6512596607208252,-0.05004483833909035,0.7131035923957825,0.6330547332763672,-0.07786305248737335,0.7447123527526855,0.6243793368339539,-0.08556274324655533,0.7735323309898376,0.6122549176216125,-0.08648404479026794
0.5828044414520264,0.8056397438049316,8.088378535830998e-07,0.5638965964317322,0.7430698871612549,-0.03738061338663101,0.577140212059021,0.6856779456138611,-0.06402118504047394,0.6218937039375305,0.683538019657135,-0.08819491416215897,0.661204993724823,0.6975369453430176,-0.10894286632537842,0.6451050043106079,0.6081205010414124,-0.04861178994178772,0.6766687035560608,0.525303840637207,-0.07248574495315552,0.6980038285255432,0.4777680039405823,-0.08793497085571289,0.7178140878677368,0.4382397532463074,-0.10109223425388336,0.6842689514160156,0.6393333673477173,-0.04649984836578369,0.7473329305648804,0.5873031616210938,-0.07421247661113739,0.7878050804138184,0.5577348470687866,-0.09318947046995163,0.8287460207939148,0.5268603563308716,-0.107456736266613,0.704311728477478,0.6820093393325806,-0.046810396015644073,0.7596036791801453,0.6538890600204468,-0.07565562427043915,0.726974606513977,0.6836687922477722,-0.0746009573340416,0.6988739967346191,0.7054582238197327,-0.06848730891942978,0.7125497460365295,0.7341892719268799,-0.05115436390042305,0.7625638842582703,0.7236113548278809,-0.07876522839069366,0.7952605485916138,0.7227944135665894,-0.08641333878040314,0.8255826234817505,0.7177433967590332,-0.08752686530351639
0.6884519457817078,0.7305206656455994,7.474279755115276e-07,0.6538181304931641,0.6939487457275391,-0.047221846878528595,0.6557874083518982,0.6354021430015564,-0.07551519572734833,0.7066319584846497,0.6023706793785095,-0.09946444630622864,0.7509140372276306,0.5868289470672607,-0.1198742538690567,0.67826908826828,0.5224221348762512,-0.052887775003910065,0.6740297079086304,0.4279802441596985,-0.07869365811347961,0.6722762584686279,0.36841168999671936,-0.09648820757865906,0.6721265912055969,0.3187037706375122,-0.11114735156297684,0.7230772376060486,0.522389829158783,-0.04735838621854782,0.7594419121742249,0.4340670704841614,-0.07758057862520218,0.7852621078491211,0.38044631481170654,-0.10023169964551926,0.8096798658370972,0.32699501514434814,-0.11674525588750839,0.7529726624488831,0.5459924936294556,-0.045349832624197006,0.7990331053733826,0.4849209785461426,-0.07655604183673859,0.7933008670806885,0.5263484716415405,-0.08008670806884766,0.7846630215644836,0.5577316284179688,-0.0769968181848526,0.7752083539962769,0.5852659344673157,-0.04795904457569122,0.8140057921409607,0.5412150621414185,-0.07357718050479889,0.8406181931495667,0.5145536661148071,-0.0813557431101799,0.8618096709251404,0.4855899512767792,-0.08379185199737549
0.7061471343040466,0.6970182061195374,7.289964969459106e-07,0.6725627183914185,0.6622701287269592,-0.044611942023038864,0.6719995737075806,0.6049926280975342,-0.07156304270029068,0.7193791270256042,0.5667250156402588,-0.09465095400810242,0.7606719136238098,0.5472409725189209,-0.11436222493648529,0.6851724982261658,0.49468427896499634,-0.04940250143408775,0.6743618845939636,0.40239977836608887,-0.07410408556461334,0.6684341430664062,0.34445852041244507,-0.0909561812877655,0.6650317907333374,0.2960031032562256,-0.1045856699347496,0.7283530831336975,0.4897310137748718,-0.044448599219322205,0.7583004832267761,0.3989195227622986,-0.07328782975673676,0.7800195217132568,0.3439253866672516,-0.09437505155801773,0.80039381980896,0.2895037531852722,-0.10922505706548691,0.7590494751930237,0.5094001889228821,-0.04290538281202316,0.7997923493385315,0.44649043679237366,-0.07336539775133133,0.7968775629997253,0.4888593554496765,-0.07632794231176376,0.7904748320579529,0.5213962197303772,-0.07237040996551514,0.7832441329956055,0.5451709628105164,-0.04572933912277222,0.8174383640289307,0.4988480508327484,-0.07031890749931335,0.8412913084030151,0.47104892134666443,-0.07688992470502853,0.8600683808326721,0.44198763370513916,-0.07814089208841324
0.6961642503738403,0.6596590280532837,6.740305593666562e-07,0.6578981876373291,0.6282210350036621,-0.03795064613223076,0.6522027850151062,0.5705611705780029,-0.061976950615644455,0.6926740407943726,0.5244368314743042,-0.08299972116947174,0.729923665523529,0.4991711676120758,-0.1008642166852951,0.6575349569320679,0.4676344692707062,-0.04351019114255905,0.6385430693626404,0.38117092847824097,-0.06501143425703049,0.6277668476104736,0.3286532461643219,-0.07906382530927658,0.6202176213264465,0.28455036878585815,-0.09103907644748688,0.6982771158218384,0.4565102756023407,-0.04024132341146469,0.7187418341636658,0.3663685619831085,-0.06551092118024826,0.7328459024429321,0.31384938955307007,-0.08317851275205612,0.7464340925216675,0.25935083627700806,-0.0960942804813385,0.7298735976219177,0.47098997235298157,-0.039721112698316574,0.7574044466018677,0.4020026922225952,-0.0668238028883934,0.7525103688240051,0.44342663884162903,-0.06795761734247208,0.7459938526153564,0.4766770899295807,-0.06373961269855499,0.7563868761062622,0.503186047077179,-0.043073609471321106,0.7834230661392212,0.4559645354747772,-0.06752752512693405,0.8037422299385071,0.4282324016094208,-0.07459693402051926,0.8204869031906128,0.39907902479171753,-0.07614273577928543
0.6996278762817383,0.6576156616210938,6.658237339252082e-07,0.6596412062644958,0.6248691082000732,-0.03626091033220291,0.6523300409317017,0.5641105771064758,-0.05886988341808319,0.6921241283416748,0.5147152543067932,-0.07929646223783493,0.7297135591506958,0.48981136083602905,-0.09670791774988174,0.6561199426651001,0.4609152376651764,-0.03879129886627197,0.6355075836181641,0.3763781487941742,-0.0602383092045784,0.623779296875,0.32434093952178955,-0.07520855963230133,0.6151348352432251,0.2807396948337555,-0.08814193308353424,0.697954535484314,0.44859886169433594,-0.03672958165407181,0.7159284353256226,0.35689300298690796,-0.06290238350629807,0.7288660407066345,0.3020196557044983,-0.08285858482122421,0.7416771650314331,0.2467733770608902,-0.09741249680519104,0.7309107780456543,0.46299874782562256,-0.03742032125592232,0.7587875723838806,0.39312514662742615,-0.06446636468172073,0.7533310651779175,0.43595364689826965,-0.06578119099140167,0.7459245324134827,0.4700399935245514,-0.061644069850444794,0.759547770023346,0.49574369192123413,-0.0419960618019104,0.7864915132522583,0.44666701555252075,-0.06550777703523636,0.8060704469680786,0.41864731907844543,-0.07181815057992935,0.8211654424667358,0.3891391456127167,-0.07295235991477966
0.20913080871105194,0.7318375110626221,5.108366849526647e-07,0.2567468583583832,0.7163614630699158,-0.037291575223207474,0.28823521733283997,0.6682354807853699,-0.054983314126729965,0.26854467391967773,0.6226347088813782,-0.07026545703411102,0.2359265834093094,0.5988231897354126,-0.08338663727045059,0.28019168972969055,0.5471153259277344,-0.03493446856737137,0.3111056089401245,0.4651995599269867,-0.055697064846754074,0.32844287157058716,0.4159649908542633,-0.06709213554859161,0.3397035300731659,0.37250441312789917,-0.07297105342149734,0.24080929160118103,0.5324861407279968,-0.03389465808868408,0.23980246484279633,0.4343549609184265,-0.061434417963027954,0.24251653254032135,0.3740940988063812,-0.0789223164319992,0.24248555302619934,0.31972193717956543,-0.08766878396272659,0.20523980259895325,0.5422616600990295,-0.03633354604244232,0.203891783952713,0.49258601665496826,-0.07369185239076614,0.21547694504261017,0.5520383715629578,-0.08326352387666702,0.22019383311271667,0.5940600633621216,-0.07909439504146576,0.17062592506408691,0.5640491247177124,-0.04172484949231148,0.15235674381256104,0.506311297416687,-0.06576122343540192,0.13935837149620056,0.4677801728248596,-0.07188829034566879,0.1275070309638977,0.42324313521385193,-0.07242989540100098
0.2224755883216858,0.7336705327033997,4.881266590928135e-07,0.2712608277797699,0.7186376452445984,-0.03556542471051216,0.3034132719039917,0.6714399456977844,-0.05334201082587242,0.287320077419281,0.627727210521698,-0.0693846344947815,0.2541194260120392,0.604788601398468,-0.08349311351776123,0.2951069474220276,0.5482761263847351,-0.033969905227422714,0.325756311416626,0.46485835313796997,-0.05540792644023895,0.34281086921691895,0.41559267044067383,-0.0669444352388382,0.35356730222702026,0.37153345346450806,-0.07288879156112671,0.2547585964202881,0.5344963669776917,-0.034695036709308624,0.2522325813770294,0.4347502589225769,-0.06424497067928314,0.25512048602104187,0.3723294734954834,-0.08260529488325119,0.2548268437385559,0.3156506419181824,-0.09178392589092255,0.21887370944023132,0.5456297397613525,-0.03887147828936577,0.21948230266571045,0.49744507670402527,-0.07790406793355942,0.23577506840229034,0.5575708150863647,-0.08848554641008377,0.24313490092754364,0.5998810529708862,-0.0849117636680603,0.18357807397842407,0.5681597590446472,-0.04576394334435463,0.16613426804542542,0.5084549188613892,-0.0704536959528923,0.15200719237327576,0.4670720100402832,-0.07688341289758682,0.13843993842601776,0.42015087604522705,-0.07796657830476761
0.23805302381515503,0.724515438079834,5.113263341627317e-07,0.2851142883300781,0.7082082033157349,-0.03506394848227501,0.31867390871047974,0.6643768548965454,-0.05345466360449791,0.3036954700946808,0.6226449012756348,-0.0703372210264206,0.2721638083457947,0.6008304357528687,-0.08539663255214691,0.3092934787273407,0.5391868948936462,-0.03531550616025925,0.34030988812446594,0.4548005163669586,-0.05811949074268341,0.3566964864730835,0.403606653213501,-0.07031656801700592,0.366975873708725,0.35883164405822754,-0.07608184218406677,0.2678201198577881,0.5257123112678528,-0.0366511270403862,0.26771116256713867,0.42420661449432373,-0.0666453167796135,0.27107080817222595,0.36087727546691895,-0.08527301251888275,0.2712278664112091,0.30479365587234497,-0.09413241595029831,0.23067118227481842,0.5364221930503845,-0.041287437081336975,0.23132191598415375,0.4909164309501648,-0.08069243282079697,0.2467980533838272,0.5505977272987366,-0.09162484109401703,0.2543836534023285,0.5935835838317871,-0.08764664828777313,0.19539572298526764,0.5589509606361389,-0.048482511192560196,0.1765906810760498,0.4997202455997467,-0.0725690945982933,0.16241928935050964,0.4598797857761383,-0.077882319688797,0.14899322390556335,0.41419363021850586,-0.07769177109003067
0.2656829357147217,0.7167172431945801,5.072748763268464e-07,0.31295883655548096,0.6986894607543945,-0.03490259125828743,0.34391218423843384,0.6512234807014465,-0.05339944735169411,0.32836222648620605,0.6094120144844055,-0.07065079361200333,0.2962110638618469,0.5912336707115173,-0.0862201601266861,0.3350611627101898,0.5263611078262329,-0.03552157059311867,0.3596648871898651,0.4383354187011719,-0.058464955538511276,0.37409406900405884,0.3855227530002594,-0.07126401364803314,0.38306570053100586,0.3391166627407074,-0.07759398221969604,0.292490154504776,0.5146754384040833,-0.037216752767562866,0.28873783349990845,0.415105938911438,-0.06740528345108032,0.29158344864845276,0.35010313987731934,-0.08644583821296692,0.2918380796909332,0.2901742160320282,-0.09595084935426712,0.2543981671333313,0.5278902649879456,-0.042278315871953964,0.2528715133666992,0.4859774112701416,-0.0816219300031662,0.2704430818557739,0.5474364161491394,-0.09246993064880371,0.2796346843242645,0.5905338525772095,-0.08864577114582062,0.21784119307994843,0.5531049370765686,-0.05004500970244408,0.19740159809589386,0.4934050738811493,-0.07393212616443634,0.18319161236286163,0.4529169797897339,-0.07931577414274216,0.16950979828834534,0.40674763917922974,-0.07956140488386154
0.28429725766181946,0.7143365740776062,5.265482627692109e-07,0.33460021018981934,0.6989332437515259,-0.03613024577498436,0.3700396418571472,0.6564419269561768,-0.05559980124235153,0.3671267032623291,0.6159796118736267,-0.07425293326377869,0.33755531907081604,0.5972151160240173,-0.09125751256942749,0.35709506273269653,0.5210375785827637,-0.03355275094509125,0.37795567512512207,0.4339224696159363,-0.057417869567871094,0.387502521276474,0.378456175327301,-0.07101530581712723,0.3918522596359253,0.33005291223526,-0.0774196982383728,0.316253662109375,0.5128625631332397,-0.03635549917817116,0.31832313537597656,0.41113895177841187,-0.06802574545145035,0.3246690332889557,0.3428315222263336,-0.08795105665922165,0.32704102993011475,0.2843344211578369,-0.09702885895967484,0.2786840498447418,0.5260314345359802,-0.04324428364634514,0.2833618223667145,0.48402127623558044,-0.08658729493618011,0.30419257283210754,0.5427899360656738,-0.10062121599912643,0.31624603271484375,0.586419403553009,-0.09707100689411163,0.2424250990152359,0.5487044453620911,-0.05264181271195412,0.22594909369945526,0.48643577098846436,-0.07765999436378479,0.21380655467510223,0.44457918405532837,-0.0839395821094513,0.20180743932724,0.3978966474533081,-0.08440721780061722
0.30877888202667236,0.7114936113357544,5.24409529134573e-07,0.3572293221950531,0.6990509033203125,-0.03767384588718414,0.3915732502937317,0.6631153225898743,-0.0588272400200367,0.39043670892715454,0.6242695450782776,-0.07909762859344482,0.36943143606185913,0.5934851765632629,-0.0973522886633873,0.38598397374153137,0.5211489796638489,-0.036575429141521454,0.4117026627063751,0.43356749415397644,-0.061863381415605545,0.42221561074256897,0.37686556577682495,-0.07546155154705048,0.42657455801963806,0.3279663324356079,-0.0812930017709732,0.3450022041797638,0.5103417038917542,-0.03943055123090744,0.352665513753891,0.40663018822669983,-0.07295648753643036,0.3601779043674469,0.3381175696849823,-0.09362727403640747,0.3633110225200653,0.28024283051490784,-0.10234004259109497,0.3058529198169708,0.5220301151275635,-0.046463996171951294,0.3151792883872986,0.48277267813682556,-0.09240134805440903,0.33530640602111816,0.5442729592323303,-0.10772596299648285,0.34681832790374756,0.5898440480232239,-0.10412739962339401,0.2681366503238678,0.544218897819519,-0.055869314819574356,0.2513815760612488,0.48125433921813965,-0.08339528739452362,0.23911771178245544,0.43891361355781555,-0.09059242904186249,0.2278653085231781,0.3923252820968628,-0.09081964939832687
0.3258296549320221,0.7041603326797485,5.594252456830873e-07,0.3759428560733795,0.6919716596603394,-0.03629252314567566,0.41118869185447693,0.6570568084716797,-0.0578850656747818,0.4101217985153198,0.6201096773147583,-0.07878464460372925,0.39025336503982544,0.5885663628578186,-0.09763707220554352,0.408859521150589,0.5142145156860352,-0.03756003454327583,0.4399968683719635,0.4283093214035034,-0.06390523165464401,0.45660117268562317,0.3747839331626892,-0.07838692516088486,0.4671458601951599,0.3281303644180298,-0.08482538163661957,0.36593347787857056,0.5009665489196777,-0.04105294123291969,0.37269914150238037,0.397641122341156,-0.07490997016429901,0.38006776571273804,0.3294798731803894,-0.09596750140190125,0.3832990527153015,0.272180438041687,-0.10560277849435806,0.3247097432613373,0.512201189994812,-0.048349395394325256,0.328060507774353,0.47102296352386475,-0.0927150771021843,0.3464603126049042,0.5324048399925232,-0.10637971758842468,0.3572084307670593,0.5789309144020081,-0.10265139490365982,0.2854745388031006,0.5356148481369019,-0.0580887570977211,0.26742151379585266,0.4720102846622467,-0.08456417918205261,0.2547440528869629,0.42950236797332764,-0.0904756486415863,0.24338801205158234,0.3824552893638611,-0.09008970856666565
0.3761710524559021,0.6931034922599792,5.388810677686706e-07,0.4314810037612915,0.6732581853866577,-0.033097125589847565,0.46706676483154297,0.6250211596488953,-0.0498705692589283,0.4575108289718628,0.5759854912757874,-0.06629056483507156,0.4322616159915924,0.5421525835990906,-0.08157986402511597,0.4597233831882477,0.4958924353122711,-0.03140699118375778,0.48965567350387573,0.4134382903575897,-0.05679800361394882,0.5066066384315491,0.3592909872531891,-0.07111795991659164,0.5185023546218872,0.31375813484191895,-0.07707364857196808,0.41355544328689575,0.48174232244491577,-0.035249873995780945,0.4159444272518158,0.3788185119628906,-0.06850089132785797,0.4216650426387787,0.30854564905166626,-0.09039665013551712,0.4240567088127136,0.25065988302230835,-0.10009355843067169,0.3698979616165161,0.49467557668685913,-0.04259057343006134,0.3694091737270355,0.45633867383003235,-0.08663041889667511,0.39413559436798096,0.5156621932983398,-0.1018780842423439,0.41059646010398865,0.5626161694526672,-0.09883807599544525,0.32829856872558594,0.5194593667984009,-0.0517766997218132,0.30979952216148376,0.45611006021499634,-0.07678382843732834,0.2976853847503662,0.4142712950706482,-0.0814417228102684,0.2866191864013672,0.3677523136138916,-0.08011919260025024
0.4126511514186859,0.690809965133667,5.565398168982938e-07,0.4676898419857025,0.678394079208374,-0.032559312880039215,0.5029034614562988,0.6389083862304688,-0.053474441170692444,0.5100749135017395,0.595719575881958,-0.07429645955562592,0.48299819231033325,0.5645976662635803,-0.09384005516767502,0.5007043480873108,0.5034669041633606,-0.03925517201423645,0.5457718372344971,0.4298781156539917,-0.06815137714147568,0.5710462331771851,0.38229915499687195,-0.08459325134754181,0.5878796577453613,0.33770114183425903,-0.09275946766138077,0.45740410685539246,0.48767340183258057,-0.044930778443813324,0.4648068845272064,0.3862292766571045,-0.08363813161849976,0.471786230802536,0.31553077697753906,-0.10802987962961197,0.4736483097076416,0.25304558873176575,-0.12000879645347595,0.41502881050109863,0.4997985363006592,-0.053534213453531265,0.4240572452545166,0.4636177718639374,-0.10220193862915039,0.44845664501190186,0.5215806365013123,-0.11918055266141891,0.462821900844574,0.5645769238471985,-0.11758974939584732,0.37585392594337463,0.5230755805969238,-0.06377731263637543,0.3609057366847992,0.45988011360168457,-0.09337392449378967,0.3475066125392914,0.41397926211357117,-0.10134372860193253,0.3360700011253357,0.3660695552825928,-0.10261750966310501
0.45012035965919495,0.6925231218338013,5.637511435452325e-07,0.5041035413742065,0.6782664656639099,-0.0320015475153923,0.5395025610923767,0.6419637203216553,-0.05473938211798668,0.5549302101135254,0.6025521755218506,-0.07719383388757706,0.5304365754127502,0.5750597715377808,-0.09857446700334549,0.5385593771934509,0.5088589191436768,-0.04357729107141495,0.5865063071250916,0.436848521232605,-0.07306607067584991,0.6122082471847534,0.3905307352542877,-0.08987339586019516,0.6289932727813721,0.345771849155426,-0.0985778346657753,0.4957331120967865,0.49212977290153503,-0.049794699996709824,0.5050787329673767,0.3893499970436096,-0.08902306854724884,0.5126417279243469,0.3194946050643921,-0.11372126638889313,0.5142048001289368,0.2581008970737457,-0.12644293904304504,0.45262131094932556,0.5031006336212158,-0.05834095925092697,0.463595449924469,0.4608288109302521,-0.1062963530421257,0.4880002737045288,0.519328236579895,-0.1226222813129425,0.5028648972511292,0.5635513663291931,-0.12141220271587372,0.41290414333343506,0.5259667634963989,-0.06842143833637238,0.39576467871665955,0.46020790934562683,-0.09677911549806595,0.38259121775627136,0.41291457414627075,-0.10411912947893143,0.3741692006587982,0.36321699619293213,-0.10563698410987854
0.46280813217163086,0.7189202904701233,5.580656079473556e-07,0.5200065970420837,0.709784209728241,-0.029313763603568077,0.5588456988334656,0.6771578192710876,-0.051536675542593,0.5816960334777832,0.6441739201545715,-0.07441607117652893,0.5584884285926819,0.6182669401168823,-0.09643501788377762,0.5597397089004517,0.5403145551681519,-0.043642666190862656,0.6069108843803406,0.4668012857437134,-0.074432872235775,0.6341172456741333,0.42169612646102905,-0.09297700226306915,0.6521923542022705,0.37626463174819946,-0.10357373207807541,0.5163421630859375,0.5244434475898743,-0.05184626951813698,0.5271352529525757,0.4239117503166199,-0.09294257313013077,0.5371856093406677,0.35352998971939087,-0.11926064640283585,0.5408098697662354,0.28875845670700073,-0.13357487320899963,0.47328662872314453,0.5343822240829468,-0.06214912608265877,0.48759034276008606,0.4905828833580017,-0.11109420657157898,0.5097953081130981,0.554486870765686,-0.12764620780944824,0.5239585638046265,0.5995174050331116,-0.12706419825553894,0.4340425729751587,0.5565528273582458,-0.0738808885216713,0.42023181915283203,0.4947724938392639,-0.10388865321874619,0.40729057788848877,0.4522058069705963,-0.11265859007835388,0.4003158211708069,0.40635737776756287,-0.11535727977752686
0.47494417428970337,0.7342654466629028,5.13939028223831e-07,0.530311644077301,0.72792649269104,-0.029989201575517654,0.5703104734420776,0.6978326439857483,-0.05249936506152153,0.5967175364494324,0.6651720404624939,-0.07528413832187653,0.575364887714386,0.6394780874252319,-0.09712686389684677,0.5734068155288696,0.5608447194099426,-0.04501812160015106,0.6177864670753479,0.48407435417175293,-0.0748511478304863,0.6447761654853821,0.4388933777809143,-0.09180989861488342,0.6611571907997131,0.39370012283325195,-0.10094129294157028,0.5307205319404602,0.5457916259765625,-0.052719805389642715,0.5417746901512146,0.4433690905570984,-0.09320218861103058,0.5510674118995667,0.37401360273361206,-0.11820776760578156,0.5526658892631531,0.3095027804374695,-0.13079901039600372,0.4878581464290619,0.5559908151626587,-0.06255275011062622,0.5032657980918884,0.5207334756851196,-0.11216028779745102,0.5261082649230957,0.5832242369651794,-0.1296495795249939,0.5394889116287231,0.6260091662406921,-0.1288042515516281,0.44809776544570923,0.5763733386993408,-0.07344996184110641,0.4349974989891052,0.5125000476837158,-0.10352549701929092,0.4202136695384979,0.4695897698402405,-0.11180443316698074,0.4092717170715332,0.42409729957580566,-0.11365436017513275
0.4624662697315216,0.8306136131286621,4.241852025188564e-07,0.5192356705665588,0.8216115832328796,-0.028578339144587517,0.5614749193191528,0.794169008731842,-0.049328289926052094,0.5857304930686951,0.7651406526565552,-0.07036251574754715,0.5648186206817627,0.7448914647102356,-0.09083971381187439,0.5591786503791809,0.6559406518936157,-0.042644478380680084,0.6022853255271912,0.5771616697311401,-0.06894136220216751,0.6269916296005249,0.5306012630462646,-0.08216643333435059,0.6409429311752319,0.48435014486312866,-0.08843260258436203,0.5182510018348694,0.6433255672454834,-0.05043449625372887,0.5298569202423096,0.5425845384597778,-0.08742999285459518,0.5394760370254517,0.4745372235774994,-0.1095571517944336,0.5407007336616516,0.413177490234375,-0.11983874440193176,0.4759618639945984,0.6576389670372009,-0.06030284985899925,0.49815547466278076,0.6339747905731201,-0.1092047169804573,0.521236777305603,0.6938327550888062,-0.12847863137722015,0.5336225032806396,0.732629656791687,-0.12835660576820374,0.4378376007080078,0.6832817792892456,-0.07067474722862244,0.419694721698761,0.6211993098258972,-0.10087262839078903,0.4026561975479126,0.5779246091842651,-0.10997502505779266,0.38921278715133667,0.5344799160957336,-0.1119433343410492
0.4213624894618988,0.8895341157913208,5.110426286591974e-07,0.47655725479125977,0.8790228366851807,-0.032967258244752884,0.5188959240913391,0.8539063930511475,-0.058175228536129,0.5385109186172485,0.8292279839515686,-0.08321134746074677,0.511474609375,0.8168221712112427,-0.10757117718458176,0.5154290795326233,0.7124133110046387,-0.050522662699222565,0.5552467107772827,0.6303960084915161,-0.07892576605081558,0.5780838131904602,0.5816652774810791,-0.09296378493309021,0.5903804302215576,0.5345051884651184,-0.09995149821043015,0.470305472612381,0.7038066387176514,-0.05761095881462097,0.47636428475379944,0.6013255715370178,-0.09723734855651855,0.4827992022037506,0.5326845645904541,-0.12003017961978912,0.48134568333625793,0.4694250822067261,-0.13060729205608368,0.42648622393608093,0.7206109166145325,-0.06688611209392548,0.4437527358531952,0.699367344379425,-0.11859364062547684,0.46643492579460144,0.761583685874939,-0.1374991536140442,0.47814297676086426,0.7993045449256897,-0.1365869641304016,0.387148916721344,0.7468311786651611,-0.07712160795927048,0.3669191002845764,0.6894303560256958,-0.11010698229074478,0.34854134917259216,0.6509900093078613,-0.11966876685619354,0.3336346447467804,0.6083767414093018,-0.12163358181715012
0.31139832735061646,0.8919785022735596,5.981897857054719e-07,0.3538500666618347,0.8758735656738281,-0.03972092643380165,0.389031320810318,0.8384479880332947,-0.0636243149638176,0.37151360511779785,0.8049856424331665,-0.08632859587669373,0.338418573141098,0.7877297401428223,-0.10745230317115784,0.369125634431839,0.7051822543144226,-0.04242890328168869,0.3754701018333435,0.6151962876319885,-0.07134179770946503,0.37659600377082825,0.5561972856521606,-0.0869736596941948,0.37550538778305054,0.5081840753555298,-0.09307605773210526,0.32839247584342957,0.7014372944831848,-0.045441705733537674,0.3291025459766388,0.5977535247802734,-0.08085255324840546,0.3354244828224182,0.5297490358352661,-0.10235035419464111,0.3392869532108307,0.4699530303478241,-0.11068654805421829,0.2891536355018616,0.7179762721061707,-0.05257302522659302,0.28120487928390503,0.6835394501686096,-0.10169409215450287,0.2988402247428894,0.7448803186416626,-0.11621268093585968,0.3103645145893097,0.7866963744163513,-0.11035414040088654,0.2512662708759308,0.7432405352592468,-0.06198853254318237,0.22814351320266724,0.6798422336578369,-0.09022736549377441,0.2126968801021576,0.6447159051895142,-0.09407807141542435,0.197103813290596,0.6022771596908569,-0.09079751372337341
0.2587941884994507,0.8472639322280884,6.340821414596576e-07,0.3025701642036438,0.8317748308181763,-0.04367583617568016,0.33082151412963867,0.787665843963623,-0.06899773329496384,0.3096042275428772,0.7549222707748413,-0.09236080199480057,0.2727389633655548,0.7353854775428772,-0.11415690928697586,0.3097841143608093,0.6510481834411621,-0.04939395561814308,0.3138314485549927,0.5581177473068237,-0.08023712038993835,0.31378448009490967,0.49860191345214844,-0.09669607877731323,0.31011268496513367,0.4487859904766083,-0.10435102880001068,0.2677870988845825,0.647663414478302,-0.04985379800200462,0.2673202157020569,0.5465270280838013,-0.08810371905565262,0.27103447914123535,0.47813987731933594,-0.11005713045597076,0.2705267071723938,0.4174416959285736,-0.11947380006313324,0.230417862534523,0.6651675701141357,-0.05468787997961044,0.21236886084079742,0.6233478784561157,-0.1036318838596344,0.23147721588611603,0.6824922561645508,-0.11828447133302689,0.24550168216228485,0.7245164513587952,-0.11403252929449081,0.19436678290367126,0.6934054493904114,-0.062444478273391724,0.16731256246566772,0.6379062533378601,-0.09250368922948837,0.14818954467773438,0.6039746999740601,-0.10030496120452881,0.12916643917560577,0.5621934533119202,-0.10067201405763626
0.2614794671535492,0.8373503088951111,5.86567182381259e-07,0.3061114549636841,0.8218381404876709,-0.04426310583949089,0.33590811491012573,0.776908814907074,-0.06933625787496567,0.31813234090805054,0.7398149967193604,-0.09229960292577744,0.2818485200405121,0.719797670841217,-0.11345497518777847,0.3127896189689636,0.6376420855522156,-0.04744122177362442,0.31419458985328674,0.5439029335975647,-0.07623159140348434,0.3121112883090973,0.4866992235183716,-0.09170056879520416,0.30615234375,0.43854981660842896,-0.09931176900863647,0.2711566090583801,0.6350539922714233,-0.04759266972541809,0.2679816782474518,0.5340583324432373,-0.0838344469666481,0.2708538770675659,0.46797728538513184,-0.10445258766412735,0.2695021331310272,0.40815743803977966,-0.1137285828590393,0.23424158990383148,0.6538233757019043,-0.05235212668776512,0.218204528093338,0.606947660446167,-0.09827408939599991,0.23697441816329956,0.6686041951179504,-0.11042830348014832,0.25041326880455017,0.7116900086402893,-0.10568486899137497,0.19857783615589142,0.6828169226646423,-0.06059461459517479,0.17348170280456543,0.6256922483444214,-0.08951521664857864,0.1562688648700714,0.5886029005050659,-0.09762690961360931,0.13984383642673492,0.5433725118637085,-0.09889688342809677
0.26201626658439636,0.8307621479034424,5.979632078378927e-07,0.3059036433696747,0.8183894157409668,-0.04332100227475166,0.33804041147232056,0.7746649980545044,-0.06717618554830551,0.32166197896003723,0.7409337759017944,-0.08934292942285538,0.2861742079257965,0.7212892174720764,-0.10948558896780014,0.3129032254219055,0.6333984732627869,-0.04245590418577194,0.31230127811431885,0.5429474115371704,-0.07034602016210556,0.308149516582489,0.4853455424308777,-0.0863192155957222,0.3013588488101959,0.4367780089378357,-0.09408421814441681,0.27247053384780884,0.6325237154960632,-0.04390539228916168,0.2700008153915405,0.5288857817649841,-0.07876526564359665,0.27123698592185974,0.4594044089317322,-0.10005269944667816,0.2694986164569855,0.3981610834598541,-0.10937739908695221,0.23684103786945343,0.6517078280448914,-0.05005379766225815,0.22881801426410675,0.6060262322425842,-0.09597116708755493,0.24735821783542633,0.6660751700401306,-0.10633037984371185,0.2599394917488098,0.7067435383796692,-0.09932351857423782,0.20329073071479797,0.6803110241889954,-0.05982695519924164,0.19013231992721558,0.6183083057403564,-0.0868571400642395,0.1821427047252655,0.5800374746322632,-0.09112318605184555,0.17348165810108185,0.532709538936615,-0.08928416669368744
0.2605839669704437,0.8303604125976562,5.754116045864066e-07,0.3050033152103424,0.8157777190208435,-0.0424712710082531,0.33720317482948303,0.7732722759246826,-0.06579302996397018,0.3214763104915619,0.7411451935768127,-0.08752436935901642,0.2864561080932617,0.7214072942733765,-0.10731268674135208,0.3115804195404053,0.6318187117576599,-0.04116076976060867,0.30929288268089294,0.5409071445465088,-0.06869861483573914,0.3040905296802521,0.4842795729637146,-0.0843939483165741,0.2963053286075592,0.4361921548843384,-0.09180562198162079,0.27140012383461,0.6321724057197571,-0.04293842613697052,0.26735422015190125,0.5292522311210632,-0.07745016366243362,0.2676280736923218,0.46101754903793335,-0.09890487045049667,0.26520833373069763,0.400304913520813,-0.10829857736825943,0.2357170730829239,0.6524913907051086,-0.04938493296504021,0.22890090942382812,0.6101694107055664,-0.09533961117267609,0.24848918616771698,0.6694755554199219,-0.10649404674768448,0.261993408203125,0.7085719704627991,-0.09990894049406052,0.20224875211715698,0.6820060610771179,-0.05926143750548363,0.18995729088783264,0.6193898320198059,-0.08567813038825989,0.1831131875514984,0.5814902782440186,-0.08952923864126205,0.17617371678352356,0.5350401997566223,-0.08747758716344833
0.2582182288169861,0.8220484256744385,5.621290597446205e-07,0.3035334050655365,0.8072428703308105,-0.04365840554237366,0.3346652388572693,0.7631144523620605,-0.0667516216635704,0.31763941049575806,0.7309111952781677,-0.08805762231349945,0.2853989601135254,0.7052933573722839,-0.10713675618171692,0.31240373849868774,0.6204119920730591,-0.03978792205452919,0.3104557394981384,0.5300187468528748,-0.06678467988967896,0.3045249581336975,0.4740406274795532,-0.082522451877594,0.29671257734298706,0.4262068271636963,-0.0901564285159111,0.2722247540950775,0.6207517981529236,-0.04085695371031761,0.2676915228366852,0.5184519290924072,-0.07471592724323273,0.2665953040122986,0.4502711296081543,-0.09625440835952759,0.26348021626472473,0.39067280292510986,-0.10591721534729004,0.23692776262760162,0.6404597163200378,-0.046939220279455185,0.23370695114135742,0.5955447554588318,-0.09253750741481781,0.25246545672416687,0.6546887159347534,-0.10371285676956177,0.26466330885887146,0.6940345764160156,-0.09739628434181213,0.2039874941110611,0.6696016788482666,-0.05666568875312805,0.19403696060180664,0.6077675223350525,-0.08331745117902756,0.18979129195213318,0.5714554190635681,-0.08768072724342346,0.1852237731218338,0.5258737802505493,-0.08599966764450073
0.2470439076423645,0.7889541387557983,5.013130248698872e-07,0.2933667302131653,0.7678845524787903,-0.038231126964092255,0.31976473331451416,0.7147437334060669,-0.056506384164094925,0.2988070547580719,0.6748049259185791,-0.0734366774559021,0.2672189474105835,0.6469648480415344,-0.08809182792901993,0.30495792627334595,0.5821890234947205,-0.031102024018764496,0.3038744628429413,0.4896528720855713,-0.05390973761677742,0.2978461980819702,0.4343492388725281,-0.06707576662302017,0.2889324426651001,0.3882901072502136,-0.07308019697666168,0.2656107544898987,0.5811682939529419,-0.03256354480981827,0.26258277893066406,0.47564125061035156,-0.06190131977200508,0.26128897070884705,0.4087928533554077,-0.08000088483095169,0.25753071904182434,0.35455602407455444,-0.08726272732019424,0.23041774332523346,0.6003332734107971,-0.038758113980293274,0.2287108600139618,0.5480194091796875,-0.07949461787939072,0.2415306717157364,0.6035171747207642,-0.08798395842313766,0.2492758333683014,0.642852246761322,-0.08037091046571732,0.19711890816688538,0.6292357444763184,-0.04829123616218567,0.18861761689186096,0.5652772784233093,-0.07262302190065384,0.18617402017116547,0.5270370244979858,-0.07598719000816345,0.18372337520122528,0.4810860753059387,-0.07338304817676544
0.2194240689277649,0.7333605885505676,4.7221442400768865e-07,0.26606664061546326,0.7161221504211426,-0.04272209480404854,0.2918514311313629,0.6595140695571899,-0.06069052591919899,0.27724602818489075,0.616249144077301,-0.07581643760204315,0.25365081429481506,0.5775763988494873,-0.08790148049592972,0.28888586163520813,0.5286620855331421,-0.033472057431936264,0.2930884063243866,0.4370175004005432,-0.054957594722509384,0.28937020897865295,0.3823399841785431,-0.06803802400827408,0.2803943157196045,0.33595407009124756,-0.07484852522611618,0.25091537833213806,0.5234034061431885,-0.03135046735405922,0.25442230701446533,0.4174882769584656,-0.05880777910351753,0.25660136342048645,0.3498618006706238,-0.07667075842618942,0.255053848028183,0.2947120666503906,-0.0850726068019867,0.21574191749095917,0.5382933616638184,-0.034429457038640976,0.21555016934871674,0.4774239659309387,-0.07218037545681,0.22150905430316925,0.5299052000045776,-0.08097714930772781,0.2235797494649887,0.5666753053665161,-0.07546442747116089,0.18225999176502228,0.5618346333503723,-0.04150651395320892,0.17896446585655212,0.4968717098236084,-0.06584560126066208,0.17793162167072296,0.4559500217437744,-0.07190173864364624,0.17714500427246094,0.40790867805480957,-0.07222606986761093
0.1968092918395996,0.7230068445205688,5.653839707520092e-07,0.2427380532026291,0.7044808864593506,-0.03995601087808609,0.2659646272659302,0.6513214111328125,-0.05880517140030861,0.24366991221904755,0.606913685798645,-0.07528690993785858,0.212941512465477,0.5743157863616943,-0.08941797912120819,0.2673545181751251,0.5310346484184265,-0.03614121302962303,0.28747817873954773,0.4429740011692047,-0.058887701481580734,0.2958744764328003,0.38905709981918335,-0.07152232527732849,0.29813864827156067,0.3433203101158142,-0.07804705202579498,0.22958581149578094,0.5194098949432373,-0.0345890112221241,0.24004141986370087,0.4206635355949402,-0.0633065328001976,0.24975775182247162,0.3586719036102295,-0.08155211061239243,0.25495588779449463,0.3041123151779175,-0.09028109908103943,0.19376647472381592,0.5302858948707581,-0.03745837137103081,0.18100887537002563,0.4759470224380493,-0.0754421129822731,0.18897591531276703,0.5276157855987549,-0.08824557811021805,0.19562935829162598,0.5651766061782837,-0.0860690101981163,0.15826454758644104,0.5519581437110901,-0.04347436875104904,0.14261949062347412,0.4947526156902313,-0.06772902607917786,0.1326213777065277,0.4572921395301819,-0.07626593112945557,0.12407565116882324,0.41338711977005005,-0.07875527441501617
0.20030948519706726,0.7210637331008911,5.61065007786965e-07,0.24502459168434143,0.7017987370491028,-0.041407618671655655,0.2682335674762726,0.6493773460388184,-0.062199000269174576,0.24761304259300232,0.6042390465736389,-0.08037959039211273,0.21749158203601837,0.5709609985351562,-0.0959431529045105,0.2679596245288849,0.5308021306991577,-0.041327569633722305,0.2857065796852112,0.4419509768486023,-0.06586521118879318,0.29270392656326294,0.38965293765068054,-0.07857627421617508,0.2937748432159424,0.343924343585968,-0.08521299809217453,0.2305917888879776,0.5183799266815186,-0.03933309391140938,0.24377989768981934,0.4203170835971832,-0.07010729610919952,0.25514423847198486,0.360188364982605,-0.08767016232013702,0.2614128291606903,0.30432581901550293,-0.09592579305171967,0.19434702396392822,0.5287967324256897,-0.041790157556533813,0.18245801329612732,0.47109147906303406,-0.08153034746646881,0.19252629578113556,0.5292958617210388,-0.09336861222982407,0.20084044337272644,0.5707697868347168,-0.0905107781291008,0.15833598375320435,0.5504534840583801,-0.04752573370933533,0.13979454338550568,0.4952976107597351,-0.07403847575187683,0.1262446939945221,0.4585815668106079,-0.08407590538263321,0.11447538435459137,0.4139733612537384,-0.08756251633167267
0.199566051363945,0.7264752388000488,6.169918833620613e-07,0.24376815557479858,0.7079392671585083,-0.038130421191453934,0.26754772663116455,0.6600912809371948,-0.0594247505068779,0.24274224042892456,0.614065408706665,-0.07877656817436218,0.2104489505290985,0.5832801461219788,-0.09614162892103195,0.27120140194892883,0.5403376817703247,-0.04185871034860611,0.30536019802093506,0.46071499586105347,-0.0692601129412651,0.3259832262992859,0.4112549126148224,-0.08503197878599167,0.3405609130859375,0.36722493171691895,-0.09363237768411636,0.2306852787733078,0.5229766368865967,-0.04202410951256752,0.24056458473205566,0.4262542724609375,-0.0752037912607193,0.2505227029323578,0.36639419198036194,-0.09600838273763657,0.25696760416030884,0.3100159764289856,-0.10672111064195633,0.1928798407316208,0.531729519367218,-0.04562046006321907,0.1780569851398468,0.4809226393699646,-0.0866662934422493,0.18526437878608704,0.5358184576034546,-0.09943431615829468,0.1911853849887848,0.5758477449417114,-0.09736126661300659,0.15614163875579834,0.5548191666603088,-0.05192217975854874,0.13283199071884155,0.4989587664604187,-0.07812497764825821,0.11613105982542038,0.46110624074935913,-0.0856274887919426,0.1019253060221672,0.4179045855998993,-0.08708616346120834
0.1994999796152115,0.7220315933227539,6.646649239883118e-07,0.2441118359565735,0.7001760005950928,-0.03691606596112251,0.2667103707790375,0.6523289680480957,-0.058015190064907074,0.23870021104812622,0.6097580194473267,-0.07742652297019958,0.2043331265449524,0.5838433504104614,-0.09503038972616196,0.26905789971351624,0.5342239737510681,-0.040563780814409256,0.3087448179721832,0.459106981754303,-0.06820674240589142,0.3335294723510742,0.41089314222335815,-0.08395619690418243,0.35005903244018555,0.3693925738334656,-0.09207196533679962,0.2268233746290207,0.5184556245803833,-0.04140075668692589,0.2330576777458191,0.4208291471004486,-0.07606588304042816,0.24072396755218506,0.3575590252876282,-0.09791256487369537,0.242581307888031,0.30065640807151794,-0.10849794000387192,0.1884680837392807,0.5292301177978516,-0.04554108902812004,0.1682920753955841,0.4860236644744873,-0.08914317935705185,0.18201342225074768,0.5384311079978943,-0.10520638525485992,0.19195003807544708,0.5765087604522705,-0.10433372110128403,0.151347815990448,0.553342342376709,-0.051777131855487823,0.12241769582033157,0.5040255188941956,-0.07980899512767792,0.10106048732995987,0.4698614478111267,-0.08798373490571976,0.08201664686203003,0.4289443790912628,-0.08929211646318436
0.20131205022335052,0.7268644571304321,7.212365744635463e-07,0.24627646803855896,0.703891932964325,-0.03786640614271164,0.2673681974411011,0.6547240614891052,-0.0598246231675148,0.23571518063545227,0.6134802103042603,-0.08002802729606628,0.19954374432563782,0.5897661447525024,-0.09856361895799637,0.2689012885093689,0.5371488332748413,-0.04325151816010475,0.3126198649406433,0.4646218717098236,-0.07369913905858994,0.34042656421661377,0.41576236486434937,-0.0907285064458847,0.35997915267944336,0.3758466839790344,-0.09896869212388992,0.2256903350353241,0.5226818323135376,-0.04426728934049606,0.2315344363451004,0.4242931604385376,-0.0820971205830574,0.2403714954853058,0.3588951826095581,-0.10495851188898087,0.24400869011878967,0.3017452359199524,-0.11522579193115234,0.18640631437301636,0.5352386832237244,-0.048720888793468475,0.16678059101104736,0.5005812048912048,-0.09698128700256348,0.18110229074954987,0.5562689900398254,-0.11429982632398605,0.19103100895881653,0.5955871939659119,-0.11251701414585114,0.14941653609275818,0.5600636005401611,-0.05501842498779297,0.11900243163108826,0.5145009756088257,-0.08633807301521301,0.0949852466583252,0.4843234419822693,-0.09460363537073135,0.07258455455303192,0.44599199295043945,-0.09484149515628815
0.20597849786281586,0.7265134453773499,6.419527380785439e-07,0.2483150213956833,0.7057347297668457,-0.03598408401012421,0.27183449268341064,0.6567097902297974,-0.05657801777124405,0.2481071799993515,0.6134116649627686,-0.07536991685628891,0.2170606106519699,0.5889162421226501,-0.09219838678836823,0.27310001850128174,0.5391833186149597,-0.04227942228317261,0.3103426992893219,0.4566841423511505,-0.06968694180250168,0.33258605003356934,0.4073615074157715,-0.08480282872915268,0.3477785587310791,0.36289089918136597,-0.09265541285276413,0.23219498991966248,0.5229260325431824,-0.04274911433458328,0.2422902137041092,0.4228355586528778,-0.07616841048002243,0.2525161802768707,0.361902117729187,-0.09614410996437073,0.2579309046268463,0.3033636808395386,-0.10599056631326675,0.1943989396095276,0.5324392914772034,-0.04618548974394798,0.17943081259727478,0.4806055724620819,-0.08757951855659485,0.18656110763549805,0.5396519899368286,-0.09937897324562073,0.19105911254882812,0.5827975273132324,-0.09626254439353943,0.15770170092582703,0.557228147983551,-0.05198757350444794,0.12703101336956024,0.5057570338249207,-0.0792245864868164,0.10439325124025345,0.47209376096725464,-0.08630957454442978,0.08420875668525696,0.43112003803253174,-0.08688860386610031
0.22221913933753967,0.7190032005310059,5.04131719480938e-07,0.2657412886619568,0.6966426372528076,-0.038419827818870544,0.29039648175239563,0.6400216817855835,-0.05664831027388573,0.27076467871665955,0.5926184058189392,-0.0725012943148613,0.24298974871635437,0.5649259090423584,-0.08596577495336533,0.28545618057250977,0.5191242694854736,-0.036970555782318115,0.29714784026145935,0.42609497904777527,-0.05894714966416359,0.3011558949947357,0.3731152415275574,-0.07024317234754562,0.29895472526550293,0.3266957402229309,-0.0763627290725708,0.2481626719236374,0.5087893009185791,-0.03518569469451904,0.2604408264160156,0.4098988175392151,-0.06302575021982193,0.2691865563392639,0.35061419010162354,-0.07884527742862701,0.2730644941329956,0.29333168268203735,-0.08652852475643158,0.2115783989429474,0.5214719772338867,-0.03751497343182564,0.2013280689716339,0.45269259810447693,-0.07517769187688828,0.20950660109519958,0.5100255012512207,-0.08489914983510971,0.21606767177581787,0.5526759028434753,-0.08119016885757446,0.174870565533638,0.5472325086593628,-0.04288192093372345,0.1528625786304474,0.48926839232444763,-0.06986899673938751,0.1353982388973236,0.45391392707824707,-0.07954924553632736,0.11911216378211975,0.41169652342796326,-0.08251041918992996
0.25536471605300903,0.6972992420196533,5.468655217555352e-07,0.2993984520435333,0.6705525517463684,-0.032340649515390396,0.3229345381259918,0.6143671274185181,-0.04985561594367027,0.2996530532836914,0.5652568340301514,-0.06611546874046326,0.26603588461875916,0.5427960753440857,-0.08096640557050705,0.321194052696228,0.49817121028900146,-0.03685278818011284,0.34853288531303406,0.4103468060493469,-0.06185026466846466,0.36425602436065674,0.35697925090789795,-0.0758131742477417,0.37454843521118164,0.3116636872291565,-0.0826646238565445,0.27840086817741394,0.48699313402175903,-0.038769256323575974,0.28277668356895447,0.3851781189441681,-0.06893916428089142,0.28933385014533997,0.3207421898841858,-0.08696817606687546,0.2920546531677246,0.2660878598690033,-0.095506951212883,0.23897117376327515,0.5017290115356445,-0.04365011677145958,0.22469358146190643,0.44798317551612854,-0.08158067613840103,0.24217826128005981,0.4959024488925934,-0.09362638741731644,0.25547847151756287,0.5362610220909119,-0.09133552014827728,0.20150154829025269,0.5302944183349609,-0.05070646479725838,0.17418551445007324,0.47253161668777466,-0.07474331557750702,0.15532931685447693,0.4340413212776184,-0.0810418426990509,0.13822956383228302,0.39140552282333374,-0.08170490711927414
0.28958195447921753,0.6824589967727661,5.424178084467712e-07,0.33709871768951416,0.6606553792953491,-0.04114387556910515,0.36472976207733154,0.6058555841445923,-0.06280016899108887,0.35174426436424255,0.5542320609092712,-0.08198188990354538,0.31732264161109924,0.5222657918930054,-0.09892947971820831,0.35054755210876465,0.47748979926109314,-0.04380183666944504,0.35993367433547974,0.37757641077041626,-0.07071780413389206,0.36107704043388367,0.321571946144104,-0.08432572335004807,0.3555619418621063,0.2716120183467865,-0.09115303307771683,0.31040850281715393,0.47004619240760803,-0.04284887760877609,0.32032060623168945,0.363575279712677,-0.0761011391878128,0.3289494514465332,0.2971711754798889,-0.0934310257434845,0.330209881067276,0.2355504035949707,-0.10134319216012955,0.2730129063129425,0.4851680099964142,-0.046363167464733124,0.26229649782180786,0.4197571277618408,-0.08888395875692368,0.2829342186450958,0.47869664430618286,-0.09929533302783966,0.2985120713710785,0.5234698057174683,-0.09497573971748352,0.23554697632789612,0.5128645896911621,-0.05312575027346611,0.21048066020011902,0.4549046754837036,-0.08205243945121765,0.19330072402954102,0.41631466150283813,-0.09203427284955978,0.17847636342048645,0.3699268698692322,-0.0952792689204216
0.3196825683116913,0.7050390243530273,5.543779479921795e-07,0.3659913241863251,0.688673734664917,-0.04305484890937805,0.4003336429595947,0.6439806818962097,-0.06432633846998215,0.4017159938812256,0.6040236353874207,-0.08392148464918137,0.3886987566947937,0.5653618574142456,-0.10026433318853378,0.39546188712120056,0.4994371235370636,-0.03291568532586098,0.4083015024662018,0.40486085414886475,-0.05719480291008949,0.41017940640449524,0.3493986129760742,-0.0706799328327179,0.4070832133293152,0.30150628089904785,-0.07649404555559158,0.3569734990596771,0.49229058623313904,-0.0332866907119751,0.3674025237560272,0.3788788914680481,-0.06442850083112717,0.37588703632354736,0.3077935576438904,-0.08298109471797943,0.37762540578842163,0.2498144805431366,-0.08994352072477341,0.31936416029930115,0.5057666897773743,-0.03922361880540848,0.3249678909778595,0.4468859136104584,-0.08312450349330902,0.34359464049339294,0.5081788301467896,-0.09387175738811493,0.35566845536231995,0.5526422262191772,-0.08703506737947464,0.2835148572921753,0.5294604897499084,-0.048798076808452606,0.2838872969150543,0.46712014079093933,-0.07575930655002594,0.28507161140441895,0.42789870500564575,-0.08166557550430298,0.28625166416168213,0.37743479013442993,-0.08090320974588394
0.33760589361190796,0.7084155678749084,5.002893317396229e-07,0.39225876331329346,0.6956018805503845,-0.03902432695031166,0.4344728887081146,0.6463987827301025,-0.05794549733400345,0.43775874376296997,0.5991222262382507,-0.0758923813700676,0.4128396511077881,0.5615078210830688,-0.09093719720840454,0.42135846614837646,0.49959462881088257,-0.029660934582352638,0.43234357237815857,0.40291738510131836,-0.054753679782152176,0.43164879083633423,0.3472685217857361,-0.06964733451604843,0.425597608089447,0.297471821308136,-0.07723628729581833,0.3802148997783661,0.4947609305381775,-0.032365720719099045,0.39204129576683044,0.3841538429260254,-0.06494172662496567,0.4008880853652954,0.3139770030975342,-0.08538955450057983,0.40258634090423584,0.2550201416015625,-0.09491358697414398,0.341594934463501,0.5089549422264099,-0.04034018889069557,0.35021060705184937,0.4437812864780426,-0.08552286773920059,0.36926859617233276,0.5071753859519958,-0.09636485576629639,0.38148170709609985,0.5534164309501648,-0.09017334133386612,0.3044801652431488,0.5326759219169617,-0.05171535536646843,0.30952566862106323,0.4676467180252075,-0.08016293495893478,0.3117543160915375,0.4275788366794586,-0.08741926401853561,0.31308892369270325,0.37682169675827026,-0.08818790316581726
0.3793240189552307,0.7072402238845825,4.93395816647535e-07,0.4350190758705139,0.6843929886817932,-0.04317567124962807,0.47464221715927124,0.6228715777397156,-0.06032995879650116,0.48164045810699463,0.5644763112068176,-0.07551922649145126,0.47372329235076904,0.5153126120567322,-0.08745833486318588,0.46036455035209656,0.4959857761859894,-0.02700221911072731,0.46951058506965637,0.4064086973667145,-0.05002021789550781,0.46924126148223877,0.353249728679657,-0.06338784843683243,0.46415451169013977,0.3049057126045227,-0.07029054313898087,0.41937875747680664,0.4870467782020569,-0.025693805888295174,0.4281100034713745,0.377527117729187,-0.05723083019256592,0.43886667490005493,0.30812495946884155,-0.0763060599565506,0.44338130950927734,0.2510444223880768,-0.08472447097301483,0.38037437200546265,0.5001546740531921,-0.030463136732578278,0.3866384029388428,0.42830023169517517,-0.0746895968914032,0.4100826680660248,0.4887394905090332,-0.08639714121818542,0.4258939325809479,0.5338789224624634,-0.081166572868824,0.34215202927589417,0.5233332514762878,-0.038878437131643295,0.3431028127670288,0.4586092233657837,-0.06781778484582901,0.34170255064964294,0.41746675968170166,-0.0774272009730339,0.3392907977104187,0.36647409200668335,-0.07990587502717972
0.4049991965293884,0.7143936157226562,4.926419592266029e-07,0.45947688817977905,0.7004722952842712,-0.03895661234855652,0.49475300312042236,0.6524660587310791,-0.0578731968998909,0.4975363314151764,0.6009110808372498,-0.07523275166749954,0.4737524688243866,0.5554266571998596,-0.09016342461109161,0.4880358576774597,0.5076081156730652,-0.03175443783402443,0.5040681958198547,0.4180171489715576,-0.05512366443872452,0.5078801512718201,0.3645452857017517,-0.06870757788419724,0.5065768361091614,0.31701236963272095,-0.07550051063299179,0.44897255301475525,0.49473491311073303,-0.0320737324655056,0.4637386202812195,0.3930553197860718,-0.061967216432094574,0.4775640368461609,0.32457301020622253,-0.08139251172542572,0.48473623394966125,0.2674279510974884,-0.09122805297374725,0.4092555046081543,0.5050902962684631,-0.037250880151987076,0.4164715111255646,0.44154632091522217,-0.07767648994922638,0.436137855052948,0.49586543440818787,-0.09116045385599136,0.44886350631713867,0.5411823391914368,-0.0890992283821106,0.3693922758102417,0.527360737323761,-0.04546164721250534,0.3568580746650696,0.4621027112007141,-0.07183117419481277,0.34690114855766296,0.4186848998069763,-0.08175059407949448,0.3380776643753052,0.3721618950366974,-0.08517669141292572
0.4213710427284241,0.7205854058265686,4.571573413159058e-07,0.4749982953071594,0.7017474174499512,-0.03026280552148819,0.5084983706474304,0.656863808631897,-0.048622485250234604,0.5159593820571899,0.608167827129364,-0.06653247028589249,0.4922131896018982,0.5679729580879211,-0.08284766972064972,0.5060461759567261,0.5192490220069885,-0.0369529165327549,0.5282706022262573,0.4304697811603546,-0.062166132032871246,0.5341397523880005,0.3778880834579468,-0.07534439116716385,0.5333138108253479,0.3299209773540497,-0.08212576806545258,0.46506765484809875,0.5045798420906067,-0.04218406230211258,0.48823031783103943,0.4068528413772583,-0.07485061883926392,0.5019239783287048,0.3378635346889496,-0.09522141516208649,0.5072978138923645,0.2797248363494873,-0.1058654710650444,0.4225168228149414,0.515300989151001,-0.050557300448417664,0.4248294532299042,0.4581717848777771,-0.09306284785270691,0.448790967464447,0.5099804997444153,-0.10986897349357605,0.4675009846687317,0.5547094941139221,-0.1110534518957138,0.3800026774406433,0.540550708770752,-0.060429926961660385,0.3533160090446472,0.4801516830921173,-0.08913212269544601,0.333634614944458,0.44175103306770325,-0.10037507116794586,0.3194636106491089,0.4015222489833832,-0.1051141768693924
0.4358826279640198,0.7293742299079895,6.058697863409179e-07,0.49216678738594055,0.7169939279556274,-0.03767038881778717,0.5278445482254028,0.6794655919075012,-0.062026116997003555,0.5379614233970642,0.6335095763206482,-0.0850415825843811,0.5148085355758667,0.596135139465332,-0.10686598718166351,0.5303634405136108,0.538676917552948,-0.05198407173156738,0.5714029669761658,0.4597030282020569,-0.08618666976690292,0.5931670665740967,0.4065893888473511,-0.10551046580076218,0.6079554557800293,0.3577975034713745,-0.1159411147236824,0.4876411557197571,0.519777774810791,-0.055900584906339645,0.5094960331916809,0.4244871139526367,-0.09760867059230804,0.5279930233955383,0.3536745309829712,-0.12245181947946548,0.540729284286499,0.29357296228408813,-0.13556630909442902,0.44404536485671997,0.5285505652427673,-0.06319255381822586,0.4450666308403015,0.4834187924861908,-0.11292187869548798,0.46873921155929565,0.5360672473907471,-0.13311369717121124,0.4888249933719635,0.5802567601203918,-0.13549724221229553,0.40190911293029785,0.5513077974319458,-0.07244658470153809,0.378913938999176,0.495547354221344,-0.1059216633439064,0.35754990577697754,0.45743444561958313,-0.11910025775432587,0.34173035621643066,0.4170782268047333,-0.1246023178100586
0.4387350082397461,0.73565673828125,6.074395173527591e-07,0.4938812553882599,0.7244534492492676,-0.032857369631528854,0.5291111469268799,0.6895166635513306,-0.05640586093068123,0.5422853827476501,0.6492419242858887,-0.07964044064283371,0.5199461579322815,0.6147119998931885,-0.10175395756959915,0.5340712070465088,0.5478174090385437,-0.047936953604221344,0.5828635096549988,0.4748246669769287,-0.08132615685462952,0.6097464561462402,0.42631080746650696,-0.100529246032238,0.6275815963745117,0.38065463304519653,-0.11083603650331497,0.49005773663520813,0.5288238525390625,-0.05449343100190163,0.5101569294929504,0.4308497905731201,-0.09610011428594589,0.5266327261924744,0.36121878027915955,-0.1215728148818016,0.5360525250434875,0.3000338673591614,-0.134944885969162,0.4452250301837921,0.5389249920845032,-0.06369812041521072,0.4492092430591583,0.49318477511405945,-0.1135292574763298,0.4730335772037506,0.5526783466339111,-0.13191862404346466,0.4905361235141754,0.5985840559005737,-0.13254143297672272,0.4031008780002594,0.5639500021934509,-0.07434052973985672,0.38177070021629333,0.5049965977668762,-0.10715106129646301,0.36226361989974976,0.4642796814441681,-0.11789343506097794,0.34782731533050537,0.4195050001144409,-0.12125744670629501
0.43762627243995667,0.7457718849182129,6.118915507613565e-07,0.4891711473464966,0.7351037859916687,-0.0337410494685173,0.5257328748703003,0.7028694748878479,-0.057143524289131165,0.5284135341644287,0.65898597240448,-0.0798940435051918,0.5089249610900879,0.6190090775489807,-0.10143102705478668,0.53626549243927,0.5697572231292725,-0.04765962436795235,0.5941300392150879,0.5045530200004578,-0.08012158423662186,0.6268951892852783,0.46052229404449463,-0.09850931167602539,0.6499199271202087,0.41905641555786133,-0.10821723937988281,0.49517613649368286,0.5450370907783508,-0.05287477746605873,0.5132652521133423,0.4456906318664551,-0.09302826970815659,0.5286959409713745,0.37570127844810486,-0.11719699949026108,0.5363922715187073,0.3140917718410492,-0.12976795434951782,0.452021986246109,0.55158531665802,-0.06062357872724533,0.4490046501159668,0.5026806592941284,-0.10734190791845322,0.46808362007141113,0.5565438270568848,-0.12324582785367966,0.480803519487381,0.598109245300293,-0.12310553342103958,0.4097414016723633,0.5739557147026062,-0.07016996294260025,0.38776111602783203,0.5142491459846497,-0.10180322080850601,0.36972731351852417,0.47312793135643005,-0.11117316037416458,0.35496270656585693,0.4273076057434082,-0.11338496953248978
0.4233147203922272,0.7740631103515625,6.442537596740294e-07,0.47690439224243164,0.7675932049751282,-0.03628673404455185,0.5150926113128662,0.7377594113349915,-0.06128313019871712,0.5201281309127808,0.6953543424606323,-0.0854422003030777,0.49861079454421997,0.6561673283576965,-0.10853597521781921,0.5268133282661438,0.6003717184066772,-0.049782589077949524,0.5846377611160278,0.5351126790046692,-0.0833299532532692,0.6168267726898193,0.4908426105976105,-0.10222025960683823,0.6394453048706055,0.44891858100891113,-0.11202116310596466,0.4850876033306122,0.5760631561279297,-0.05455497279763222,0.5037033557891846,0.4761296212673187,-0.09626097977161407,0.5192050337791443,0.40590333938598633,-0.12179459631443024,0.5276950001716614,0.34347203373908997,-0.1347842961549759,0.44129678606987,0.5825919508934021,-0.06200745701789856,0.4412136673927307,0.5397063493728638,-0.11130763590335846,0.4577314555644989,0.598236083984375,-0.12824854254722595,0.4681580364704132,0.6420239210128784,-0.12767189741134644,0.39908337593078613,0.6046637892723083,-0.07135903090238571,0.37750446796417236,0.5456119775772095,-0.10389671474695206,0.3615095615386963,0.5056017637252808,-0.11309675127267838,0.3502771258354187,0.4612417221069336,-0.1147594079375267
0.40201476216316223,0.8177667856216431,6.459231371991336e-07,0.4527411162853241,0.810392439365387,-0.03792238608002663,0.493144154548645,0.785603404045105,-0.06575997918844223,0.4912233054637909,0.7452312707901001,-0.09275282174348831,0.4669519364833832,0.7128503918647766,-0.11882693320512772,0.5034756064414978,0.638892412185669,-0.05486082658171654,0.5571436882019043,0.5661340951919556,-0.0901077389717102,0.5895642638206482,0.5217301249504089,-0.10936591774225235,0.6136226058006287,0.4798373878002167,-0.11895905435085297,0.46048134565353394,0.6173800826072693,-0.060463156551122665,0.47654008865356445,0.5131999850273132,-0.10348083078861237,0.489462286233902,0.444042444229126,-0.12938785552978516,0.4953247904777527,0.3810468912124634,-0.14212380349636078,0.4153958559036255,0.6266716122627258,-0.06871594488620758,0.4100063145160675,0.5882642269134521,-0.12044766545295715,0.42607003450393677,0.6529225707054138,-0.13773725926876068,0.4369328022003174,0.6981918811798096,-0.13654032349586487,0.3717614412307739,0.651594877243042,-0.07880847156047821,0.3483031988143921,0.5909648537635803,-0.11202239990234375,0.3314570188522339,0.5509526133537292,-0.12032551318407059,0.3179706335067749,0.5040149688720703,-0.12108159065246582
0.3746720254421234,0.8370965719223022,6.714959113196528e-07,0.4258197844028473,0.8272173404693604,-0.04055270180106163,0.4687184989452362,0.8056197762489319,-0.06843630969524384,0.46353667974472046,0.7645411491394043,-0.09473130851984024,0.4334838390350342,0.7334422469139099,-0.1199478954076767,0.4701002240180969,0.6573765277862549,-0.05508711189031601,0.5174679160118103,0.5807278156280518,-0.08887253701686859,0.5471286177635193,0.5326609015464783,-0.10861991345882416,0.5702284574508667,0.4906702935695648,-0.11834568530321121,0.4249144196510315,0.6378996968269348,-0.057692985981702805,0.4328332245349884,0.5338625311851501,-0.09748134016990662,0.4445348381996155,0.4624689817428589,-0.12270346283912659,0.45195215940475464,0.3995412290096283,-0.1355864554643631,0.37947848439216614,0.6468091011047363,-0.06300830096006393,0.36934104561805725,0.6049512624740601,-0.11049368977546692,0.3848964273929596,0.663754403591156,-0.12615036964416504,0.395473837852478,0.7075451612472534,-0.12477067857980728,0.3353204131126404,0.6691133379936218,-0.07057522237300873,0.31170839071273804,0.6090536713600159,-0.10069797933101654,0.2921086251735687,0.5717592835426331,-0.1069624125957489,0.275302529335022,0.5280612707138062,-0.10643802583217621
0.34304752945899963,0.8437036871910095,6.271865800044907e-07,0.39286473393440247,0.8231189846992493,-0.036752860993146896,0.4267132878303528,0.7845098376274109,-0.061713509261608124,0.42189058661460876,0.7431923747062683,-0.08624064177274704,0.3924432396888733,0.7214070558547974,-0.10965286940336227,0.419101357460022,0.6383716464042664,-0.04764239862561226,0.45651260018348694,0.5519499182701111,-0.08093845844268799,0.47800901532173157,0.49666643142700195,-0.10026637464761734,0.4905063509941101,0.44784069061279297,-0.10992754995822906,0.3726396858692169,0.6248766779899597,-0.05366767942905426,0.3730620741844177,0.5120524764060974,-0.09331010282039642,0.3791998624801636,0.43829160928726196,-0.1173066645860672,0.3789176642894745,0.37554147839546204,-0.12919259071350098,0.32861563563346863,0.642698347568512,-0.06285389512777328,0.3210376501083374,0.5968461036682129,-0.11051223427057266,0.3459792733192444,0.6520905494689941,-0.12540645897388458,0.36228764057159424,0.6949643492698669,-0.12312028557062149,0.2885652482509613,0.6751318573951721,-0.07433963567018509,0.2636277377605438,0.6109028458595276,-0.10359985381364822,0.24545015394687653,0.5725433826446533,-0.10915722697973251,0.22751307487487793,0.5283712148666382,-0.10866253823041916
0.26598653197288513,0.8280437588691711,4.5405030846268346e-07,0.31345459818840027,0.8179584741592407,-0.044465675950050354,0.3463292717933655,0.770058274269104,-0.06505253165960312,0.3364610970020294,0.7248883247375488,-0.08330167084932327,0.32385388016700745,0.6827297210693359,-0.09849338233470917,0.34920239448547363,0.6283561587333679,-0.03449520468711853,0.3545910120010376,0.5388987064361572,-0.05891931802034378,0.3514035642147064,0.484535813331604,-0.07379910349845886,0.3445584177970886,0.4370845556259155,-0.08117227256298065,0.3086467683315277,0.6192903518676758,-0.03311137109994888,0.31318116188049316,0.5129094123840332,-0.06416158378124237,0.31581196188926697,0.4458533525466919,-0.08336728066205978,0.31544047594070435,0.3885035812854767,-0.09156478196382523,0.2707251310348511,0.6306062936782837,-0.03725649043917656,0.27028974890708923,0.5734707117080688,-0.0795917809009552,0.275284081697464,0.6338077783584595,-0.0879884883761406,0.27810636162757874,0.675554096698761,-0.0804167166352272,0.23296211659908295,0.651115894317627,-0.04541345313191414,0.23054002225399017,0.5848784446716309,-0.07118108868598938,0.23307740688323975,0.5451825857162476,-0.07547152787446976,0.23710863292217255,0.49613285064697266,-0.07363966107368469
0.22473032772541046,0.7897270321846008,4.180182600066473e-07,0.27096953988075256,0.7777010202407837,-0.04341243952512741,0.29903262853622437,0.7245171070098877,-0.06127416342496872,0.2901330292224884,0.6792575716972351,-0.07652519643306732,0.28756478428840637,0.6374873518943787,-0.0882696583867073,0.3105188012123108,0.5941104888916016,-0.029890619218349457,0.31437036395072937,0.5048701167106628,-0.05126156657934189,0.31081506609916687,0.4524901211261749,-0.0642942562699318,0.3032756447792053,0.40723010897636414,-0.07081066817045212,0.2701263129711151,0.5838713049888611,-0.027383584529161453,0.2755039930343628,0.48002737760543823,-0.05485966056585312,0.27816325426101685,0.4166555404663086,-0.07191720604896545,0.27776286005973816,0.36180275678634644,-0.07908597588539124,0.23309138417243958,0.5928389430046082,-0.030621254816651344,0.23016302287578583,0.5313256978988647,-0.06979941576719284,0.23348307609558105,0.5887323021888733,-0.07767986506223679,0.23551759123802185,0.6282411217689514,-0.07049435377120972,0.197848379611969,0.6107790470123291,-0.038034338504076004,0.19829565286636353,0.5443788766860962,-0.06307726353406906,0.2007444202899933,0.5041722655296326,-0.06854628771543503,0.20503541827201843,0.45523595809936523,-0.06776554882526398
0.20593233406543732,0.7542173266410828,3.8450238548648485e-07,0.2520565092563629,0.7419954538345337,-0.03822704032063484,0.27885812520980835,0.6871570944786072,-0.05389786139130592,0.26486626267433167,0.6375816464424133,-0.06745544075965881,0.2434578388929367,0.6012943983078003,-0.07847941666841507,0.2910621464252472,0.5641847848892212,-0.028250914067029953,0.29597508907318115,0.47761672735214233,-0.04873869940638542,0.29256102442741394,0.4245026409626007,-0.062159765511751175,0.28519508242607117,0.3795093894004822,-0.06955737620592117,0.25319838523864746,0.5517117977142334,-0.027176110073924065,0.2596387267112732,0.45339855551719666,-0.05285222828388214,0.2609986364841461,0.39091163873672485,-0.07057221978902817,0.25956884026527405,0.33707141876220703,-0.07926508784294128,0.21711739897727966,0.5595027208328247,-0.030783917754888535,0.2097456157207489,0.49526846408843994,-0.06536073982715607,0.21141093969345093,0.5429511070251465,-0.07376155257225037,0.2137797474861145,0.5803453326225281,-0.0689009428024292,0.18095164000988007,0.5775779485702515,-0.03808962181210518,0.1764526516199112,0.5125648975372314,-0.059483543038368225,0.1771778017282486,0.4748029112815857,-0.064419224858284,0.18074753880500793,0.43335574865341187,-0.06426826119422913
0.20605693757534027,0.7352335453033447,4.838979634769203e-07,0.24902217090129852,0.7259755730628967,-0.04701891541481018,0.274175226688385,0.6819340586662292,-0.0673186257481575,0.2595902979373932,0.6426112651824951,-0.08384016156196594,0.23993979394435883,0.607870876789093,-0.09779905527830124,0.28311601281166077,0.55726557970047,-0.03774216026067734,0.2942275404930115,0.47258174419403076,-0.05953340232372284,0.2981222867965698,0.4191453754901886,-0.07293786108493805,0.2972280979156494,0.3737623691558838,-0.08006558567285538,0.24330520629882812,0.5444588661193848,-0.032290972769260406,0.24106280505657196,0.4469328820705414,-0.06113700196146965,0.23621931672096252,0.3864406943321228,-0.08116693794727325,0.2293630689382553,0.3353794813156128,-0.09053312987089157,0.20769131183624268,0.5516528487205505,-0.031907908618450165,0.190264493227005,0.4996572434902191,-0.07071227580308914,0.1938948631286621,0.5456551313400269,-0.08477276563644409,0.19921037554740906,0.5797472596168518,-0.0825982540845871,0.1735348403453827,0.5671412348747253,-0.035306792706251144,0.16645768284797668,0.5070034265518188,-0.05861691012978554,0.163661926984787,0.4706823229789734,-0.0662090927362442,0.16450709104537964,0.4296102821826935,-0.06774654984474182
0.20626747608184814,0.7230353951454163,5.529795998882037e-07,0.24886047840118408,0.7140010595321655,-0.04894880950450897,0.2725105881690979,0.6719555258750916,-0.07323841750621796,0.25348401069641113,0.6326519846916199,-0.09345077723264694,0.2257152795791626,0.6005346775054932,-0.11170081049203873,0.28267350792884827,0.5522686243057251,-0.04872612655162811,0.30863726139068604,0.4728948473930359,-0.07591458410024643,0.3245849013328552,0.42034244537353516,-0.09235536307096481,0.3343338966369629,0.3753069341182709,-0.10117799043655396,0.24191974103450775,0.5367193222045898,-0.04306546226143837,0.23535199463367462,0.44190314412117004,-0.07752207666635513,0.22821044921875,0.3804778754711151,-0.09986329823732376,0.22010254859924316,0.32687830924987793,-0.11048039048910141,0.20529088377952576,0.5435139536857605,-0.041829731315374374,0.18584930896759033,0.4973805248737335,-0.08402255177497864,0.19107672572135925,0.5460511445999146,-0.09823300689458847,0.197570338845253,0.5820534229278564,-0.0959923192858696,0.17134477198123932,0.5594675540924072,-0.044339314103126526,0.1600518524646759,0.5018097758293152,-0.06968474388122559,0.15419583022594452,0.46403926610946655,-0.07726765424013138,0.1526407152414322,0.4217493534088135,-0.07853453606367111
0.20377814769744873,0.6976140141487122,5.06668186517345e-07,0.24657337367534637,0.6807729005813599,-0.03633389249444008,0.26678377389907837,0.6360824108123779,-0.054509151726961136,0.2436266392469406,0.5922167897224426,-0.07091210782527924,0.21417704224586487,0.5609371066093445,-0.08563084155321121,0.27546748518943787,0.5248238444328308,-0.034318309277296066,0.3066864013671875,0.4494284987449646,-0.058938030153512955,0.32686829566955566,0.39946243166923523,-0.07408691197633743,0.3402571976184845,0.35826271772384644,-0.08172999322414398,0.23534715175628662,0.5101750493049622,-0.03318997099995613,0.22808176279067993,0.4181067943572998,-0.06384547054767609,0.22134949266910553,0.35762977600097656,-0.08448334038257599,0.2131093442440033,0.30560964345932007,-0.09419088810682297,0.199276864528656,0.5187157392501831,-0.035505954176187515,0.18035396933555603,0.47371867299079895,-0.07308314740657806,0.19033850729465485,0.5165221691131592,-0.08515075594186783,0.19908839464187622,0.550075113773346,-0.08232572674751282,0.16597437858581543,0.5377047061920166,-0.040545858442783356,0.1532200425863266,0.4811475872993469,-0.0629488080739975,0.1452796757221222,0.4432052671909332,-0.06763918697834015,0.13974101841449738,0.40338683128356934,-0.06654331833124161
0.18326756358146667,0.6551123857498169,5.219402510192594e-07,0.22657303512096405,0.6346700191497803,-0.039237551391124725,0.2428627461194992,0.5810213088989258,-0.055882807821035385,0.22017735242843628,0.5356847047805786,-0.07003092020750046,0.18873214721679688,0.5054471492767334,-0.08218471705913544,0.2501596510410309,0.4781572222709656,-0.030217764899134636,0.2787894606590271,0.40330642461776733,-0.05136467516422272,0.2973513603210449,0.3547673523426056,-0.0651763379573822,0.30919116735458374,0.31526875495910645,-0.0729006677865982,0.2108767330646515,0.4676269590854645,-0.02649744041264057,0.2002316266298294,0.378534197807312,-0.05432150512933731,0.19258107244968414,0.31930094957351685,-0.07447368651628494,0.18315251171588898,0.26996368169784546,-0.08482135087251663,0.17616191506385803,0.4784869849681854,-0.02706311084330082,0.15626467764377594,0.4302959442138672,-0.06379617750644684,0.16787488758563995,0.470877468585968,-0.07864397764205933,0.1777694672346115,0.5029042959213257,-0.07852496951818466,0.14516735076904297,0.49804189801216125,-0.03058989904820919,0.1295589804649353,0.44662967324256897,-0.054152511060237885,0.11881150305271149,0.41182130575180054,-0.06292297691106796,0.11050652712583542,0.3733687698841095,-0.06558819860219955
0.18213236331939697,0.6319474577903748,5.832995952914644e-07,0.22439244389533997,0.6138683557510376,-0.046546999365091324,0.24201521277427673,0.5637726187705994,-0.06807325780391693,0.22121702134609222,0.5182716250419617,-0.08576582372188568,0.19059854745864868,0.4856003224849701,-0.10145215690135956,0.24949268996715546,0.4601820111274719,-0.03985126316547394,0.2797989845275879,0.3883861303329468,-0.06353951245546341,0.2980867922306061,0.34117984771728516,-0.07932485640048981,0.3110756576061249,0.30302298069000244,-0.088770292699337,0.21022555232048035,0.4493633210659027,-0.03424661234021187,0.2027483731508255,0.3599204421043396,-0.06438181549310684,0.19692018628120422,0.29973554611206055,-0.08757434785366058,0.19096744060516357,0.25064119696617126,-0.10049799084663391,0.1746537685394287,0.45983609557151794,-0.03335069864988327,0.1558869481086731,0.4115150570869446,-0.07288394868373871,0.16388803720474243,0.44072166085243225,-0.09380720555782318,0.17233456671237946,0.4672759175300598,-0.09834026545286179,0.1428605169057846,0.4793751537799835,-0.03566823527216911,0.12316950410604477,0.42713457345962524,-0.06248342990875244,0.1085864007472992,0.39166027307510376,-0.07557504624128342,0.097281813621521,0.35670384764671326,-0.08159391582012177
0.19097186625003815,0.6277754902839661,4.627706289284106e-07,0.2333444207906723,0.6070554256439209,-0.040049292147159576,0.2507967948913574,0.5551398992538452,-0.059437647461891174,0.22827962040901184,0.5030983686447144,-0.0759657546877861,0.1955900341272354,0.4699332118034363,-0.09037421643733978,0.25659486651420593,0.4524027705192566,-0.03757696598768234,0.28422853350639343,0.3743129074573517,-0.060964033007621765,0.30108577013015747,0.3279194235801697,-0.0752377063035965,0.3123513460159302,0.28926169872283936,-0.0836007297039032,0.21690666675567627,0.44038498401641846,-0.034189656376838684,0.20690077543258667,0.350988507270813,-0.06430967152118683,0.20070134103298187,0.2946193814277649,-0.08480726182460785,0.19374532997608185,0.2450907677412033,-0.09586217254400253,0.18265913426876068,0.4506642520427704,-0.03467664122581482,0.16183502972126007,0.40006187558174133,-0.0723019540309906,0.17133978009223938,0.43915069103240967,-0.08828555792570114,0.17988713085651398,0.47084030508995056,-0.09019164741039276,0.15017221868038177,0.47253096103668213,-0.0380052775144577,0.12683060765266418,0.42258551716804504,-0.06414555013179779,0.10800930857658386,0.3879662752151489,-0.07532074302434921,0.09206906706094742,0.3527686297893524,-0.07996944338083267
0.23348264396190643,0.8596312999725342,3.756173327928991e-07,0.27556782960891724,0.8349906802177429,-0.03582589328289032,0.2972364127635956,0.7877926826477051,-0.0569283626973629,0.2764606475830078,0.7402302026748657,-0.0759466141462326,0.2505168616771698,0.7071377635002136,-0.09332241117954254,0.2967635989189148,0.680225670337677,-0.04453817382454872,0.3035280108451843,0.5967752933502197,-0.07340148836374283,0.30398881435394287,0.5440380573272705,-0.08900924772024155,0.3020362854003906,0.5006815195083618,-0.09635721892118454,0.25754785537719727,0.6696765422821045,-0.045034077018499374,0.26464322209358215,0.5784797072410583,-0.07975897192955017,0.2703031003475189,0.5165758728981018,-0.0983615294098854,0.2734889090061188,0.464443176984787,-0.10559229552745819,0.21981950104236603,0.680894136428833,-0.04894602671265602,0.2081238329410553,0.634742259979248,-0.09194935113191605,0.21556055545806885,0.6791629195213318,-0.10548514127731323,0.22269608080387115,0.7157419919967651,-0.10231110453605652,0.1845053732395172,0.7038456797599792,-0.05484282225370407,0.16071537137031555,0.6488629579544067,-0.08288110792636871,0.14242619276046753,0.6167385578155518,-0.09042801707983017,0.12710951268672943,0.5822569727897644,-0.09033086150884628
0.26306548714637756,0.9487177133560181,4.7052523655111145e-07,0.3030936121940613,0.9385613799095154,-0.036078035831451416,0.33501797914505005,0.9139688014984131,-0.060625165700912476,0.3226209878921509,0.8848969340324402,-0.08434987813234329,0.29602959752082825,0.8647193312644958,-0.10720987617969513,0.33064746856689453,0.7846904397010803,-0.04570145532488823,0.3455345034599304,0.7093157172203064,-0.07631178945302963,0.35141056776046753,0.6584935188293457,-0.0935581848025322,0.3543936014175415,0.6150153875350952,-0.10162542015314102,0.2919742465019226,0.7751749753952026,-0.04863085225224495,0.2996174991130829,0.6883268356323242,-0.08457416296005249,0.30739539861679077,0.629934549331665,-0.10526025295257568,0.31198906898498535,0.5766510963439941,-0.11396607756614685,0.2539653480052948,0.7871248126029968,-0.05493699014186859,0.24346354603767395,0.7571194171905518,-0.09996343404054642,0.25535714626312256,0.809370219707489,-0.11441268771886826,0.264475554227829,0.8467869162559509,-0.11110337823629379,0.21807308495044708,0.809532105922699,-0.06323037296533585,0.1947738230228424,0.754671573638916,-0.09068074822425842,0.1778327226638794,0.7238436937332153,-0.09643099457025528,0.16303175687789917,0.6868929266929626,-0.09509104490280151
0.30512192845344543,0.9894105195999146,5.595541665570636e-07,0.34451577067375183,0.9851484894752502,-0.034340959042310715,0.3771372437477112,0.9656846523284912,-0.0584912933409214,0.37962064146995544,0.9386793375015259,-0.08220414817333221,0.3577212393283844,0.9178847670555115,-0.10507789254188538,0.3779553472995758,0.8337404131889343,-0.04568709060549736,0.4046951234340668,0.7640116214752197,-0.07683097571134567,0.42027050256729126,0.7162847518920898,-0.09487046301364899,0.43160441517829895,0.6739804148674011,-0.10350190103054047,0.3394297957420349,0.8204512000083923,-0.04954005777835846,0.3484177887439728,0.7365124821662903,-0.08580172806978226,0.3560026288032532,0.6773973703384399,-0.10783960670232773,0.3605949878692627,0.6221679449081421,-0.11790075153112411,0.30041131377220154,0.8316445350646973,-0.056241631507873535,0.2944437265396118,0.8110144138336182,-0.10120297223329544,0.3072326183319092,0.8688008785247803,-0.11542969942092896,0.31644323468208313,0.9087454676628113,-0.1121356263756752,0.264234721660614,0.8544551134109497,-0.06472335755825043,0.24220344424247742,0.8038842678070068,-0.09181685000658035,0.22494128346443176,0.7731021046638489,-0.09676052629947662,0.20929405093193054,0.7365522980690002,-0.09505145251750946
0.3609946370124817,0.9183140397071838,5.080968321635737e-07,0.4035298824310303,0.9088362455368042,-0.02964967116713524,0.4373370110988617,0.8948199152946472,-0.05091261491179466,0.4439625144004822,0.8703275322914124,-0.07176268845796585,0.4339156150817871,0.8433353304862976,-0.09174655377864838,0.44581323862075806,0.7682740688323975,-0.04319364205002785,0.4825146794319153,0.6955425143241882,-0.06983745098114014,0.5029767751693726,0.6492485404014587,-0.08512388169765472,0.5183063745498657,0.6089118123054504,-0.09198345243930817,0.4051051735877991,0.7522405982017517,-0.04731801152229309,0.41160309314727783,0.6649802923202515,-0.07824666798114777,0.42104801535606384,0.6067696213722229,-0.09871000051498413,0.42853474617004395,0.5562222003936768,-0.10874538868665695,0.3641458749771118,0.7604954242706299,-0.05344918370246887,0.37142738699913025,0.7430071234703064,-0.09218479692935944,0.384398877620697,0.7871403694152832,-0.10747499018907547,0.3909703195095062,0.8187938928604126,-0.10729646682739258,0.32800018787384033,0.780575156211853,-0.06084594503045082,0.3076097369194031,0.7280443906784058,-0.08505798876285553,0.29357731342315674,0.6935075521469116,-0.09027416259050369,0.28151005506515503,0.6581684350967407,-0.08926697820425034
0.41749536991119385,0.8763279914855957,4.949434924128582e-07,0.4639185965061188,0.8643423318862915,-0.02795284427702427,0.5002143383026123,0.8422651290893555,-0.04909628629684448,0.5150643587112427,0.8144912123680115,-0.06999552994966507,0.4963648021221161,0.7946515083312988,-0.0907420888543129,0.4998132884502411,0.7197916507720947,-0.04438701272010803,0.5381300449371338,0.6523575782775879,-0.07066330313682556,0.559360921382904,0.6096929311752319,-0.08622528612613678,0.5737861394882202,0.5689628720283508,-0.09455185383558273,0.4610307812690735,0.7056726813316345,-0.051356226205825806,0.4705425500869751,0.6171443462371826,-0.08343277871608734,0.47987914085388184,0.5584473013877869,-0.10497313737869263,0.4850109815597534,0.5044307708740234,-0.11707531660795212,0.4196288585662842,0.7167240381240845,-0.05987173691391945,0.4328845143318176,0.6903024911880493,-0.09986377507448196,0.4556727409362793,0.7365242838859558,-0.1154729425907135,0.4693293571472168,0.7706365585327148,-0.11676955223083496,0.3819788098335266,0.7396880388259888,-0.06961796432733536,0.36765962839126587,0.6813820004463196,-0.09398166090250015,0.35683220624923706,0.645600438117981,-0.09964047372341156,0.34754884243011475,0.6103507280349731,-0.10080544650554657
0.42044439911842346,0.8970688581466675,4.552810821678577e-07,0.4684757888317108,0.8863925933837891,-0.026331432163715363,0.5042973756790161,0.8645054697990417,-0.04713327810168266,0.5199402570724487,0.839687705039978,-0.06785659492015839,0.4996173679828644,0.8214848041534424,-0.08807068318128586,0.5069238543510437,0.7404994964599609,-0.042769793421030045,0.5490370392799377,0.6716983318328857,-0.06775619089603424,0.5709519386291504,0.6299198865890503,-0.08155608922243118,0.5856484174728394,0.5897867679595947,-0.08900123089551926,0.46911677718162537,0.7275967597961426,-0.05007297545671463,0.4792860448360443,0.6352172493934631,-0.08193548023700714,0.49234792590141296,0.5756939649581909,-0.1018844023346901,0.5013502240180969,0.5212322473526001,-0.11264155805110931,0.4293450713157654,0.7400590181350708,-0.0589127242565155,0.44174903631210327,0.7135635018348694,-0.09874316304922104,0.46136990189552307,0.7636004090309143,-0.11333618313074112,0.47231826186180115,0.7972832918167114,-0.11379694938659668,0.3930683732032776,0.7637145519256592,-0.06882427632808685,0.37523144483566284,0.7103170156478882,-0.09463345259428024,0.3631148338317871,0.6726114749908447,-0.10188710689544678,0.35465025901794434,0.6331216096878052,-0.10381796211004257
0.3035115897655487,0.9185003042221069,5.943493874838168e-07,0.3387164771556854,0.9110040664672852,-0.03827366977930069,0.36776867508888245,0.8944575786590576,-0.06480569392442703,0.3585537075996399,0.8714284896850586,-0.09048909693956375,0.34173089265823364,0.8527960777282715,-0.11533679068088531,0.38673102855682373,0.7657838463783264,-0.051619309931993484,0.4259330630302429,0.6965082883834839,-0.08621589839458466,0.454220712184906,0.6495218873023987,-0.10639353096485138,0.47408992052078247,0.6112329959869385,-0.11532912403345108,0.34427741169929504,0.7478703856468201,-0.054180458188056946,0.3465396463871002,0.6555686593055725,-0.09382637590169907,0.35091474652290344,0.594729483127594,-0.11668267101049423,0.3528691828250885,0.5401225090026855,-0.12603645026683807,0.30254700779914856,0.7542864084243774,-0.05998155102133751,0.29233279824256897,0.7394665479660034,-0.10554983466863632,0.2965768873691559,0.791621208190918,-0.11833873391151428,0.2989196181297302,0.822465181350708,-0.113851398229599,0.26373225450515747,0.7712666988372803,-0.06821484118700027,0.24252666532993317,0.7176287174224854,-0.09396880865097046,0.22868219017982483,0.6868385672569275,-0.09535074979066849,0.21761204302310944,0.6503788828849792,-0.09040622413158417
0.1947065144777298,0.8767433166503906,6.554062110808445e-07,0.23228676617145538,0.8595181107521057,-0.038634415715932846,0.24792727828025818,0.8170119524002075,-0.060951005667448044,0.23453004658222198,0.7729246616363525,-0.08000794053077698,0.21930815279483795,0.7443141937255859,-0.09690175950527191,0.2583879232406616,0.7300332188606262,-0.050655752420425415,0.286368727684021,0.6614498496055603,-0.08174709975719452,0.30382081866264343,0.6122512817382812,-0.09877645969390869,0.3175789713859558,0.5707927942276001,-0.10624413937330246,0.22104895114898682,0.7119996547698975,-0.04827724024653435,0.2205965667963028,0.6252777576446533,-0.08432263135910034,0.22076275944709778,0.5626357793807983,-0.10341847687959671,0.22114910185337067,0.5067304372787476,-0.11057277768850327,0.1834697723388672,0.7147567272186279,-0.049016691744327545,0.157986581325531,0.6864227652549744,-0.0928165391087532,0.16060388088226318,0.7236202359199524,-0.10539041459560394,0.16615118086338043,0.7518307566642761,-0.10097203403711319,0.14767152070999146,0.7275994420051575,-0.051888659596443176,0.1258569359779358,0.6759128570556641,-0.07836470752954483,0.10935603082180023,0.6442163586616516,-0.08245209604501724,0.09591986238956451,0.611862063407898,-0.07948970049619675
0.18150563538074493,0.778674840927124,5.41266274467489e-07,0.21827664971351624,0.7689477205276489,-0.04023740440607071,0.24059543013572693,0.7324929237365723,-0.060802046209573746,0.23076574504375458,0.6923798322677612,-0.07837852090597153,0.21795162558555603,0.6597203612327576,-0.09328866750001907,0.25038209557533264,0.623866081237793,-0.041115231812000275,0.2682434916496277,0.5466799139976501,-0.06548965722322464,0.2773600220680237,0.4977630376815796,-0.0786258652806282,0.2839420735836029,0.45840880274772644,-0.0843745544552803,0.21554888784885406,0.6066991686820984,-0.03601592779159546,0.22296273708343506,0.5209868550300598,-0.06551454961299896,0.2251928299665451,0.4637211561203003,-0.0825405865907669,0.22792506217956543,0.41260552406311035,-0.08929237723350525,0.1815273016691208,0.6081085801124573,-0.034740276634693146,0.16374114155769348,0.5646487474441528,-0.07152312248945236,0.1591341644525528,0.6072230339050293,-0.0828818827867508,0.16010713577270508,0.6415559649467468,-0.07940658926963806,0.14831887185573578,0.6194942593574524,-0.03635226562619209,0.12983447313308716,0.568773627281189,-0.05909477174282074,0.1169644147157669,0.5378167033195496,-0.0653635710477829,0.10886268317699432,0.5049245953559875,-0.06503169983625412
0.1938585788011551,0.7219500541687012,4.974381795364025e-07,0.23188257217407227,0.7103469371795654,-0.032220032066106796,0.25545352697372437,0.670099675655365,-0.04829052835702896,0.24509944021701813,0.6268793344497681,-0.06261599808931351,0.22644110023975372,0.6016339659690857,-0.07513201981782913,0.262091726064682,0.576101541519165,-0.03213707357645035,0.29189932346343994,0.5133271813392639,-0.05439881235361099,0.3100152313709259,0.47250404953956604,-0.06707635521888733,0.3231596350669861,0.43814176321029663,-0.07310525327920914,0.22728736698627472,0.5590486526489258,-0.03104429878294468,0.22961747646331787,0.47689926624298096,-0.05887499824166298,0.23115818202495575,0.42292219400405884,-0.07571402937173843,0.23180370032787323,0.3757496774196625,-0.08295352756977081,0.19385042786598206,0.5624032020568848,-0.033002905547618866,0.18026752769947052,0.5244841575622559,-0.06789835542440414,0.18149447441101074,0.5651599764823914,-0.07824288308620453,0.18368293344974518,0.596699059009552,-0.07489875704050064,0.16213051974773407,0.575718104839325,-0.03724002093076706,0.14652453362941742,0.5280961990356445,-0.058387309312820435,0.13576313853263855,0.4969935417175293,-0.06277361512184143,0.12772136926651,0.4636005759239197,-0.06163029372692108
0.1966937631368637,0.7078914642333984,4.7588360985173495e-07,0.23625591397285461,0.692164421081543,-0.03428060561418533,0.2562372088432312,0.6459203958511353,-0.05085908994078636,0.24265968799591064,0.6009611487388611,-0.06548557430505753,0.21477670967578888,0.5751544833183289,-0.07868461310863495,0.25801268219947815,0.5513648986816406,-0.033499959856271744,0.2848348021507263,0.4853568971157074,-0.055214859545230865,0.3011380434036255,0.4430866837501526,-0.06838998198509216,0.3126818835735321,0.4079466164112091,-0.07557383924722672,0.22295568883419037,0.5395503044128418,-0.03217901661992073,0.2203902006149292,0.4594918489456177,-0.060144662857055664,0.21957409381866455,0.4049135446548462,-0.07918670028448105,0.21759165823459625,0.35878828167915344,-0.08906394988298416,0.19032347202301025,0.5482115149497986,-0.03413382172584534,0.1765771061182022,0.5078650712966919,-0.06967205554246902,0.18347448110580444,0.5461781620979309,-0.08367159217596054,0.18941926956176758,0.5779914259910583,-0.08381003141403198,0.15978676080703735,0.5661501884460449,-0.03847268223762512,0.14267894625663757,0.5185235738754272,-0.061111513525247574,0.13038524985313416,0.48608267307281494,-0.06909444183111191,0.12037311494350433,0.4528197944164276,-0.07149931788444519
0.20821744203567505,0.7043378949165344,4.5203282184047566e-07,0.24780258536338806,0.6811075210571289,-0.03273829072713852,0.2635900676250458,0.630003035068512,-0.04850776121020317,0.24490521848201752,0.5832719802856445,-0.06254248321056366,0.2138361930847168,0.5593816637992859,-0.07507249712944031,0.25757741928100586,0.5345762968063354,-0.031183509156107903,0.2814541161060333,0.46214601397514343,-0.05180445685982704,0.29518529772758484,0.41808292269706726,-0.06427707523107529,0.30361247062683105,0.3803240954875946,-0.0714133083820343,0.2201530486345291,0.5276727676391602,-0.030407268553972244,0.20963089168071747,0.4457705318927765,-0.057952120900154114,0.2044122815132141,0.39158952236175537,-0.0766882598400116,0.1979510486125946,0.3449438810348511,-0.0867200419306755,0.1881694197654724,0.5420545339584351,-0.03267471119761467,0.172207310795784,0.4988834261894226,-0.06696426123380661,0.1875036060810089,0.5365010499954224,-0.08011708408594131,0.1990615874528885,0.5676283836364746,-0.08037268370389938,0.1585497260093689,0.5663111805915833,-0.037257447838783264,0.1361938714981079,0.5200614929199219,-0.05954382196068764,0.12044721841812134,0.4873449206352234,-0.06747553497552872,0.10696104168891907,0.4536067545413971,-0.07012791186571121
0.22781072556972504,0.7011690139770508,4.410098881635349e-07,0.2669743299484253,0.6761435270309448,-0.03257901221513748,0.2850632071495056,0.6198849081993103,-0.04803420603275299,0.2673541307449341,0.5700773596763611,-0.06170031055808067,0.23620004951953888,0.5462299585342407,-0.07360884547233582,0.2764643728733063,0.5277747511863708,-0.03238984942436218,0.3024863004684448,0.45271092653274536,-0.05305038020014763,0.31644976139068604,0.408711314201355,-0.06484983116388321,0.32457178831100464,0.37068092823028564,-0.07145196944475174,0.23785725235939026,0.5213907957077026,-0.03179280459880829,0.22710180282592773,0.43475741147994995,-0.05980100482702255,0.2208593487739563,0.38010621070861816,-0.07776693254709244,0.2133668214082718,0.33298903703689575,-0.08694051951169968,0.2050870954990387,0.5378367304801941,-0.03404948115348816,0.19104531407356262,0.49333712458610535,-0.06907650828361511,0.20641964673995972,0.5338215231895447,-0.08049996197223663,0.21746501326560974,0.5662699341773987,-0.07908950001001358,0.17544320225715637,0.563826858997345,-0.038612402975559235,0.15299953520298004,0.5165064930915833,-0.061695605516433716,0.13523328304290771,0.48337677121162415,-0.068815678358078,0.11956631392240524,0.44823041558265686,-0.07055051624774933
0.25234124064445496,0.7006848454475403,3.963320409638982e-07,0.29251334071159363,0.6762347221374512,-0.02798972651362419,0.31261736154556274,0.6262819766998291,-0.04227461293339729,0.3002701997756958,0.5788938403129578,-0.05513397231698036,0.272108793258667,0.5549217462539673,-0.0664978101849556,0.3086540699005127,0.5352008938789368,-0.033438216894865036,0.3386637568473816,0.4590454399585724,-0.05357338860630989,0.3540269732475281,0.41586753726005554,-0.06429096311330795,0.3622431755065918,0.376711905002594,-0.07010553032159805,0.27009254693984985,0.5244079232215881,-0.03416001424193382,0.26075780391693115,0.43335849046707153,-0.060869377106428146,0.2557969093322754,0.3791157901287079,-0.07595986872911453,0.24819304049015045,0.33215630054473877,-0.08338924497365952,0.23655861616134644,0.5376447439193726,-0.03695763647556305,0.22294262051582336,0.4872642457485199,-0.06860164552927017,0.2392788976430893,0.5302904844284058,-0.07637044787406921,0.2504461705684662,0.5635043978691101,-0.07350227981805801,0.20522098243236542,0.5615355968475342,-0.04184798523783684,0.1823536455631256,0.5128176212310791,-0.06302322447299957,0.16540761291980743,0.47958680987358093,-0.06837005913257599,0.15108880400657654,0.44273483753204346,-0.06913911551237106
0.276584267616272,0.6987637281417847,4.0414786894871213e-07,0.3167957365512848,0.6752095818519592,-0.027027403935790062,0.33894863724708557,0.626808762550354,-0.041849758476018906,0.32881179451942444,0.5779234766960144,-0.05605403706431389,0.3018387258052826,0.5546044111251831,-0.06910258531570435,0.3339497148990631,0.5293370485305786,-0.031458497047424316,0.3636761009693146,0.4560835659503937,-0.053441137075424194,0.38091251254081726,0.41294968128204346,-0.06586040556430817,0.39247438311576843,0.37560558319091797,-0.07210127264261246,0.2953304350376129,0.5189067125320435,-0.03370949253439903,0.28742238879203796,0.4310608506202698,-0.06257309019565582,0.28433889150619507,0.3739151060581207,-0.08022132515907288,0.2789221405982971,0.3264109194278717,-0.08877956122159958,0.2612002193927765,0.5316502451896667,-0.038157109171152115,0.25062403082847595,0.487831711769104,-0.07198861986398697,0.2687939703464508,0.528023362159729,-0.08234317600727081,0.28151294589042664,0.5616466403007507,-0.0803954228758812,0.2292858362197876,0.5547324419021606,-0.044430121779441833,0.20793083310127258,0.5038120150566101,-0.06513374298810959,0.19189469516277313,0.46937739849090576,-0.0696202963590622,0.178200364112854,0.4338148236274719,-0.06951500475406647
0.34756261110305786,0.6927443146705627,4.35523247688252e-07,0.39158159494400024,0.6717187166213989,-0.025381233543157578,0.4191724359989166,0.6275228261947632,-0.03838746249675751,0.4110415279865265,0.5816600918769836,-0.05149272084236145,0.3861444294452667,0.5563666224479675,-0.0636754259467125,0.41243672370910645,0.5178757905960083,-0.024038126692175865,0.4442107677459717,0.44650977849960327,-0.043972838670015335,0.462990939617157,0.40309977531433105,-0.05563824996352196,0.4766457676887512,0.36620575189590454,-0.06096364185214043,0.3732788860797882,0.5077109336853027,-0.02765582874417305,0.3667377531528473,0.4164756238460541,-0.05440426245331764,0.3631238639354706,0.356934517621994,-0.07316949963569641,0.3575302064418793,0.3103240132331848,-0.0820034071803093,0.33582305908203125,0.5215152502059937,-0.03358851373195648,0.329440176486969,0.47844111919403076,-0.06823607534170151,0.3470460772514343,0.5166454315185547,-0.08129271864891052,0.35892578959465027,0.5511056184768677,-0.07986896485090256,0.3009328544139862,0.5451481938362122,-0.04084836319088936,0.2802046537399292,0.49115443229675293,-0.06211012601852417,0.2668682336807251,0.45601484179496765,-0.06674691289663315,0.2545607388019562,0.4200029969215393,-0.06583918631076813
0.3663490116596222,0.6831054091453552,3.882399539634207e-07,0.4131197929382324,0.6616877317428589,-0.02944169193506241,0.4402836859226227,0.612294614315033,-0.04386693611741066,0.4354434013366699,0.5595728158950806,-0.05757562816143036,0.4094791114330292,0.52274489402771,-0.06962884217500687,0.43246400356292725,0.5024162530899048,-0.02582055702805519,0.46170246601104736,0.42456457018852234,-0.04637983441352844,0.4795514941215515,0.3804643452167511,-0.058515530079603195,0.4904554784297943,0.34143126010894775,-0.06488189846277237,0.393330454826355,0.4913240075111389,-0.027932526543736458,0.3850763440132141,0.39729249477386475,-0.05607946217060089,0.3782706558704376,0.3382963240146637,-0.07477626949548721,0.3671243488788605,0.2917419672012329,-0.08404166251420975,0.3575340807437897,0.5059081315994263,-0.032960765063762665,0.3525051772594452,0.45333823561668396,-0.0684899315237999,0.3721074163913727,0.4941088855266571,-0.07970854640007019,0.3848738670349121,0.529532790184021,-0.07771323621273041,0.32346829771995544,0.5319466590881348,-0.03996564447879791,0.30448734760284424,0.47729411721229553,-0.06281023472547531,0.2904849648475647,0.4407433569431305,-0.06877391785383224,0.2775196433067322,0.40226641297340393,-0.06936439871788025
0.4303247034549713,0.6489642262458801,4.086645333245542e-07,0.4836373031139374,0.6162700653076172,-0.027329467236995697,0.5153453350067139,0.5589926838874817,-0.0398835614323616,0.5038256049156189,0.5052022933959961,-0.052450262010097504,0.4740070104598999,0.4770563840866089,-0.06395643204450607,0.501659631729126,0.4369184076786041,-0.022553086280822754,0.5352118611335754,0.3570745587348938,-0.0419892780482769,0.5532763600349426,0.309656023979187,-0.05446038022637367,0.5650224685668945,0.26761168241500854,-0.06077541783452034,0.4576168954372406,0.42970991134643555,-0.025596238672733307,0.44330137968063354,0.33243662118911743,-0.05401218682527542,0.4324335753917694,0.266765296459198,-0.07508798688650131,0.4185922145843506,0.2139042615890503,-0.08544041216373444,0.4165336489677429,0.4481058418750763,-0.031060298904776573,0.408784955739975,0.3927588164806366,-0.06713202595710754,0.4323232173919678,0.4348655045032501,-0.07951584458351135,0.44719651341438293,0.47231340408325195,-0.07713019847869873,0.37884026765823364,0.47685426473617554,-0.03819562494754791,0.35718613862991333,0.41165855526924133,-0.06105300784111023,0.3421909511089325,0.3704690635204315,-0.06561491638422012,0.32772982120513916,0.32900387048721313,-0.0641542300581932
0.49429577589035034,0.6547662615776062,4.0764498976386676e-07,0.5484961271286011,0.6278011798858643,-0.023109229281544685,0.5844535827636719,0.5851438045501709,-0.039843153208494186,0.5933231711387634,0.5439777374267578,-0.057797327637672424,0.5711549520492554,0.5240567326545715,-0.07541673630475998,0.5755276679992676,0.44771087169647217,-0.03040197491645813,0.6130398511886597,0.36794421076774597,-0.05222223326563835,0.6335638761520386,0.31983011960983276,-0.06551150232553482,0.6458953619003296,0.273982971906662,-0.07286571711301804,0.5317203998565674,0.43856680393218994,-0.03942659869790077,0.5173873901367188,0.3305952548980713,-0.07235816866159439,0.5076771378517151,0.2604261338710785,-0.09587772935628891,0.4941057562828064,0.19950851798057556,-0.10832521319389343,0.48759111762046814,0.4585852324962616,-0.04959705471992493,0.49095502495765686,0.407553106546402,-0.09138281643390656,0.521022617816925,0.45639559626579285,-0.10541415214538574,0.5397500991821289,0.49632441997528076,-0.10386569052934647,0.44835546612739563,0.4883304238319397,-0.06057405099272728,0.4256344735622406,0.4181831181049347,-0.08504633605480194,0.41264623403549194,0.3732961416244507,-0.0886383056640625,0.40214577317237854,0.32547348737716675,-0.08753906935453415
0.5494537353515625,0.6666160821914673,4.870896646025358e-07,0.6123878359794617,0.6567051410675049,-0.0315292552113533,0.6587730050086975,0.6198073625564575,-0.05414385721087456,0.682571530342102,0.5802832245826721,-0.0771857425570488,0.655725359916687,0.5543067455291748,-0.09954627603292465,0.6560174822807312,0.46516984701156616,-0.04297376424074173,0.7008821964263916,0.3781420588493347,-0.07047630101442337,0.7273593544960022,0.328743577003479,-0.08563593775033951,0.7411868572235107,0.2775585651397705,-0.09452556818723679,0.6068178415298462,0.4505131244659424,-0.05096707120537758,0.6018186211585999,0.33533018827438354,-0.09322942793369293,0.5970848202705383,0.26082050800323486,-0.11919433623552322,0.5847641229629517,0.19387409090995789,-0.13230973482131958,0.5592734813690186,0.4680556356906891,-0.06106052175164223,0.5769932270050049,0.42130371928215027,-0.11227651685476303,0.6062790751457214,0.48384031653404236,-0.12901338934898376,0.6235533356666565,0.5281261801719666,-0.12752781808376312,0.5169553756713867,0.4976494610309601,-0.07238772511482239,0.5042691230773926,0.4300982356071472,-0.10267660766839981,0.4887544512748718,0.3845783770084381,-0.1101672425866127,0.47656285762786865,0.33570581674575806,-0.1116921529173851
0.5648233294487,0.6640868782997131,4.2433865132807114e-07,0.629518985748291,0.6486196517944336,-0.026092778891324997,0.6778626441955566,0.6087175011634827,-0.04506104066967964,0.702057421207428,0.5700911283493042,-0.06552395224571228,0.6779698729515076,0.5504489541053772,-0.08565595000982285,0.6736024022102356,0.45244184136390686,-0.03481851890683174,0.7205150723457336,0.36595848202705383,-0.06033375486731529,0.7479121685028076,0.3167528510093689,-0.07535900920629501,0.7636955380439758,0.26711219549179077,-0.08426912128925323,0.625823974609375,0.4396977424621582,-0.04510831460356712,0.6214072704315186,0.32264065742492676,-0.08452153205871582,0.616973876953125,0.2464277595281601,-0.11100326478481293,0.6057228446006775,0.17724847793579102,-0.1250799596309662,0.577858030796051,0.4577370584011078,-0.05712924897670746,0.5968063473701477,0.40718966722488403,-0.10601843148469925,0.6259327530860901,0.47041410207748413,-0.12253497540950775,0.6426982283592224,0.5164649486541748,-0.12144172936677933,0.5347179174423218,0.48787230253219604,-0.07005178183317184,0.520508885383606,0.41566982865333557,-0.09907451272010803,0.5071439743041992,0.367729514837265,-0.10573103278875351,0.4977295398712158,0.3166584372520447,-0.10676385462284088
0.6134145259857178,0.7421141266822815,4.132505466714065e-07,0.678386390209198,0.7341018915176392,-0.02775818668305874,0.7299436926841736,0.7071207165718079,-0.04846116900444031,0.7642610669136047,0.6775072813034058,-0.07015421986579895,0.7507187128067017,0.6556390523910522,-0.09126604348421097,0.7396899461746216,0.5504343509674072,-0.03836151584982872,0.7947813272476196,0.4703488051891327,-0.06283648312091827,0.8251938819885254,0.42330092191696167,-0.07588846981525421,0.8444532752037048,0.37551796436309814,-0.0833299309015274,0.6959829330444336,0.5309291481971741,-0.04871565103530884,0.7030782103538513,0.41437336802482605,-0.08718632906675339,0.7061731219291687,0.33434587717056274,-0.11241406947374344,0.7016119360923767,0.262734591960907,-0.12558722496032715,0.6477438807487488,0.5420207381248474,-0.06097932904958725,0.6766934394836426,0.5039506554603577,-0.11145319044589996,0.7053470015525818,0.568919837474823,-0.1304437220096588,0.720960259437561,0.6153950691223145,-0.1308528184890747,0.6020258069038391,0.5648359060287476,-0.07394105941057205,0.5924375653266907,0.4937140941619873,-0.10494376718997955,0.5841777920722961,0.4453859031200409,-0.11328202486038208,0.5798153877258301,0.39562007784843445,-0.11545467376708984
0.6021557450294495,0.6673360466957092,3.060036135593691e-07,0.6714280247688293,0.6556981801986694,-0.019228503108024597,0.7221923470497131,0.6226707100868225,-0.03463366627693176,0.7577117085456848,0.5921948552131653,-0.05099277198314667,0.7475115060806274,0.566413938999176,-0.06664619594812393,0.7270466685295105,0.4763370454311371,-0.03564932197332382,0.785252571105957,0.39327383041381836,-0.0579429566860199,0.815502941608429,0.34729650616645813,-0.07042039930820465,0.8351722955703735,0.2983650863170624,-0.07863307744264603,0.683405339717865,0.45895320177078247,-0.04707900434732437,0.6906839609146118,0.34321343898773193,-0.08173653483390808,0.692304253578186,0.2668660283088684,-0.10510498285293579,0.6866996884346008,0.19978559017181396,-0.11896760016679764,0.6361410021781921,0.47179940342903137,-0.05910971760749817,0.6648481488227844,0.42845016717910767,-0.1013994961977005,0.6945518851280212,0.485587477684021,-0.11756432056427002,0.7116693258285522,0.52884441614151,-0.11983085423707962,0.5922770500183105,0.49862363934516907,-0.07143360376358032,0.5783722996711731,0.42881953716278076,-0.09938783943653107,0.5694149136543274,0.3788614273071289,-0.10841018706560135,0.566674530506134,0.3288293778896332,-0.11228962242603302
0.5408447980880737,0.5844446420669556,4.3897449586438597e-07,0.6037377119064331,0.5602591037750244,-0.022037770599126816,0.6475554704666138,0.5104177594184875,-0.036258891224861145,0.663888156414032,0.4637466371059418,-0.05169728398323059,0.6445803046226501,0.4376086890697479,-0.06654718518257141,0.6457382440567017,0.36964353919029236,-0.031020909547805786,0.6945227980613708,0.2749675512313843,-0.053499121218919754,0.723430871963501,0.22420288622379303,-0.0664096549153328,0.7418060302734375,0.17622020840644836,-0.07366295158863068,0.5989313721656799,0.35628971457481384,-0.041061513125896454,0.596204400062561,0.2357684224843979,-0.0744909793138504,0.5935271978378296,0.15813787281513214,-0.09794825315475464,0.584987461566925,0.09279021620750427,-0.11097397655248642,0.5513363480567932,0.37111198902130127,-0.052534881979227066,0.5610583424568176,0.3118777573108673,-0.09432196617126465,0.5885921716690063,0.35983508825302124,-0.10907185822725296,0.6059702634811401,0.40128999948501587,-0.10916336625814438,0.5072290301322937,0.39861446619033813,-0.06477341055870056,0.48771291971206665,0.32707157731056213,-0.09124067425727844,0.47344833612442017,0.28002071380615234,-0.09698507934808731,0.46176016330718994,0.23188120126724243,-0.09768319129943848
0.41710561513900757,0.636715829372406,5.946953365310037e-07,0.47786635160446167,0.598159670829773,-0.03920666500926018,0.511451780796051,0.5183048844337463,-0.055249568074941635,0.49431222677230835,0.44076353311538696,-0.0695723444223404,0.4618244767189026,0.3918869197368622,-0.08128925412893295,0.5114001631736755,0.3922249674797058,-0.030487215146422386,0.5602385401725769,0.2947472333908081,-0.05527803301811218,0.5893917679786682,0.23572570085525513,-0.071003258228302,0.6114040613174438,0.1904468834400177,-0.07804324477910995,0.45751556754112244,0.37272801995277405,-0.030032450333237648,0.4488827586174011,0.2522051930427551,-0.061115290969610214,0.4448498487472534,0.17234595119953156,-0.08294273912906647,0.43942680954933167,0.10979607701301575,-0.09265194833278656,0.4074101448059082,0.3856222331523895,-0.033616963773965836,0.4011904001235962,0.3320886492729187,-0.07380671799182892,0.41547462344169617,0.386569619178772,-0.0848420262336731,0.4234144389629364,0.43096300959587097,-0.07945971190929413,0.3603605031967163,0.4134700298309326,-0.04019837826490402,0.3430749773979187,0.3404725193977356,-0.06288611888885498,0.33249127864837646,0.2952236533164978,-0.06374124437570572,0.32391515374183655,0.2508541941642761,-0.05879709869623184
0.29188409447669983,0.6278492212295532,7.435121460730443e-07,0.3396375775337219,0.6060947179794312,-0.051763370633125305,0.36560577154159546,0.5518081784248352,-0.07834845781326294,0.32262349128723145,0.5041196346282959,-0.10117369145154953,0.2742026448249817,0.48181718587875366,-0.1213950514793396,0.36623990535736084,0.4080103635787964,-0.054481010884046555,0.40537312626838684,0.3095093369483948,-0.09004092961549759,0.43260908126831055,0.24554896354675293,-0.11071309447288513,0.45200586318969727,0.19494843482971191,-0.12001155316829681,0.312837690114975,0.3872826397418976,-0.05052344873547554,0.295856237411499,0.26503777503967285,-0.09364555776119232,0.2867633104324341,0.18603983521461487,-0.12038751691579819,0.27952995896339417,0.1222560703754425,-0.1312894970178604,0.2686997652053833,0.39619311690330505,-0.05117884650826454,0.23700611293315887,0.3540102541446686,-0.10148688405752182,0.24551016092300415,0.4044346809387207,-0.1187584176659584,0.25489622354507446,0.4412495195865631,-0.1150808036327362,0.2291412055492401,0.41882091760635376,-0.055316850543022156,0.2038433849811554,0.35113325715065,-0.08327706158161163,0.18206357955932617,0.3063998520374298,-0.0879620760679245,0.16408908367156982,0.26163673400878906,-0.08477508276700974
0.24574145674705505,0.6935006976127625,5.263742082206591e-07,0.2892622649669647,0.6614112257957458,-0.04315686225891113,0.30287134647369385,0.6022859811782837,-0.06550420820713043,0.2647593319416046,0.550661027431488,-0.0847654938697815,0.22178013622760773,0.5218117237091064,-0.1017233356833458,0.30637338757514954,0.4822992980480194,-0.04514129087328911,0.341774046421051,0.3896488547325134,-0.07526175677776337,0.36069345474243164,0.3289838135242462,-0.09354343265295029,0.3732249140739441,0.2768017053604126,-0.10295873135328293,0.2575398087501526,0.4696163535118103,-0.04266958311200142,0.24259896576404572,0.36093202233314514,-0.0784505307674408,0.22964830696582794,0.2910483479499817,-0.09969310462474823,0.21592041850090027,0.23355884850025177,-0.10895203799009323,0.21662038564682007,0.4836605489253998,-0.04402488097548485,0.18589423596858978,0.43337342143058777,-0.08660661429166794,0.19554384052753448,0.4770585000514984,-0.09871747344732285,0.20386719703674316,0.5111023187637329,-0.09459280967712402,0.18116585910320282,0.5106452703475952,-0.048580169677734375,0.15407046675682068,0.44862058758735657,-0.07388391345739365,0.13592955470085144,0.4120190739631653,-0.07741569727659225,0.12218259274959564,0.3747405409812927,-0.07466082274913788
0.2731892466545105,0.7690438032150269,3.8217044107113907e-07,0.3146986663341522,0.7558289170265198,-0.03310302272439003,0.34462377429008484,0.7156259417533875,-0.04988539218902588,0.33004751801490784,0.6810585260391235,-0.0656697154045105,0.30475908517837524,0.6619094014167786,-0.07986319810152054,0.34017378091812134,0.6030340790748596,-0.029549790546298027,0.3528262972831726,0.5269066095352173,-0.05058065801858902,0.35815995931625366,0.479287326335907,-0.06325235962867737,0.36051684617996216,0.43797099590301514,-0.06964196264743805,0.3026629388332367,0.5925615429878235,-0.0313911996781826,0.29578912258148193,0.5008387565612793,-0.05911172553896904,0.29197850823402405,0.44465088844299316,-0.07726018875837326,0.2876620888710022,0.3958628177642822,-0.0852898582816124,0.2688124477863312,0.6022145748138428,-0.036653969436883926,0.2642102539539337,0.5614380836486816,-0.07379944622516632,0.27323123812675476,0.6137930750846863,-0.0826360210776329,0.27835896611213684,0.6507602334022522,-0.07694178819656372,0.23757046461105347,0.621574878692627,-0.04465508460998535,0.22867311537265778,0.5631055235862732,-0.06599391251802444,0.22395506501197815,0.5270441770553589,-0.06851895153522491,0.21986952424049377,0.4850482940673828,-0.06607404351234436
0.2663833200931549,0.7564490437507629,3.745062429061363e-07,0.3051667809486389,0.747245192527771,-0.031185118481516838,0.3343701660633087,0.7070951461791992,-0.04577304422855377,0.327090859413147,0.6696575880050659,-0.05943037569522858,0.3071715235710144,0.6403517723083496,-0.07091686129570007,0.3328229486942291,0.595923900604248,-0.023163968697190285,0.33880430459976196,0.5230869054794312,-0.04159059748053551,0.33653274178504944,0.48077988624572754,-0.052548449486494064,0.3318001627922058,0.4426701068878174,-0.05815413221716881,0.30122411251068115,0.5880216956138611,-0.024626106023788452,0.3079812228679657,0.5030227899551392,-0.04910009726881981,0.3121899962425232,0.44820666313171387,-0.06506457179784775,0.3138751983642578,0.3996928334236145,-0.0725460946559906,0.2705466151237488,0.5965213775634766,-0.030079884454607964,0.27684250473976135,0.5485867857933044,-0.0640183612704277,0.2837790846824646,0.5990832448005676,-0.07108283787965775,0.2875685393810272,0.634804904460907,-0.06543415039777756,0.24039174616336823,0.6138836741447449,-0.03840252384543419,0.2403760850429535,0.5614154934883118,-0.059367693960666656,0.24147747457027435,0.5300511121749878,-0.06332118064165115,0.24302616715431213,0.49197545647621155,-0.06242910027503967
0.5900099873542786,0.7044732570648193,7.800894081810839e-07,0.5486968159675598,0.6918967366218567,-0.029244715347886086,0.5199812650680542,0.6565452218055725,-0.0519547313451767,0.529354453086853,0.6217764019966125,-0.0738426223397255,0.55540531873703,0.5948543548583984,-0.09280189871788025,0.524232029914856,0.5359456539154053,-0.038480233401060104,0.511104941368103,0.45718222856521606,-0.059286825358867645,0.5071026682853699,0.40937691926956177,-0.07163446396589279,0.5051583647727966,0.3683454096317291,-0.08172664791345596,0.5611526966094971,0.5254941582679749,-0.03975389152765274,0.5657294988632202,0.44168174266815186,-0.0678960457444191,0.5667202472686768,0.38502299785614014,-0.08680165559053421,0.5698931217193604,0.33123844861984253,-0.09985825419425964,0.5955323576927185,0.5358839631080627,-0.043126460164785385,0.6082436442375183,0.4853123128414154,-0.07552000880241394,0.5938025116920471,0.5354759097099304,-0.07955922186374664,0.5812814831733704,0.5740578770637512,-0.07571139931678772,0.62718665599823,0.5600983500480652,-0.04907439649105072,0.6529849171638489,0.5151679515838623,-0.07889506220817566,0.6746078133583069,0.48551225662231445,-0.08953560143709183,0.6933335661888123,0.4509810209274292,-0.09238433092832565
0.5953371524810791,0.7201402187347412,8.08916979622154e-07,0.5529639720916748,0.707983136177063,-0.03115004487335682,0.5243251919746399,0.6714637279510498,-0.05514971911907196,0.5370006561279297,0.639203667640686,-0.07792264968156815,0.5665969252586365,0.6143396496772766,-0.09771779924631119,0.52890944480896,0.548903226852417,-0.04297427088022232,0.5159454941749573,0.46655118465423584,-0.0654815211892128,0.5114927291870117,0.4165171980857849,-0.07870170474052429,0.5091791152954102,0.3733367919921875,-0.08909890800714493,0.5672025084495544,0.5386561751365662,-0.04403458908200264,0.5731673240661621,0.45217597484588623,-0.0742945522069931,0.5750641822814941,0.3936344087123871,-0.09390640258789062,0.5793989896774292,0.3385522961616516,-0.10681159794330597,0.6028758883476257,0.5500708222389221,-0.04715987294912338,0.6207963824272156,0.50205397605896,-0.08238495886325836,0.6057078242301941,0.5539674162864685,-0.08730089664459229,0.5917444825172424,0.5926175117492676,-0.08293124288320541,0.6358939409255981,0.5754507780075073,-0.05282728374004364,0.6629518866539001,0.5301984548568726,-0.08462540060281754,0.6857253909111023,0.5010708570480347,-0.09522439539432526,0.7061182856559753,0.46687814593315125,-0.09725677222013474
0.6270903944969177,0.7609471678733826,8.678945278006722e-07,0.5803983211517334,0.7459946870803833,-0.03939684480428696,0.5556710362434387,0.696382462978363,-0.06608697026968002,0.5801602005958557,0.6553134918212891,-0.08970034867525101,0.6136243939399719,0.6231985092163086,-0.11000519245862961,0.5600003600120544,0.5590198040008545,-0.0503443107008934,0.5538496971130371,0.46082204580307007,-0.07396505773067474,0.5557321906089783,0.40304791927337646,-0.08733545243740082,0.5585170388221741,0.35271206498146057,-0.09803038835525513,0.6020629405975342,0.5496215224266052,-0.04841379448771477,0.620498776435852,0.45156073570251465,-0.07959466427564621,0.6355137825012207,0.3897666931152344,-0.09729258716106415,0.6485825777053833,0.3332720398902893,-0.10889904201030731,0.6367654800415039,0.5647119879722595,-0.04935494437813759,0.6489326357841492,0.495908260345459,-0.08308430761098862,0.6402757167816162,0.5583367943763733,-0.08028804510831833,0.6332253813743591,0.6042563319206238,-0.07065897434949875,0.6680493354797363,0.5907608866691589,-0.05419338494539261,0.6842376589775085,0.5278022289276123,-0.08177437633275986,0.6944712996482849,0.4879266321659088,-0.08668998628854752,0.7010273933410645,0.4433165192604065,-0.08586785942316055
0.633489191532135,0.7500035762786865,8.560681408198434e-07,0.5856102705001831,0.7375190258026123,-0.0391981303691864,0.5608358383178711,0.6875041723251343,-0.06500903517007828,0.5863983035087585,0.6444540023803711,-0.0880979374051094,0.6187729239463806,0.6107169389724731,-0.10787241160869598,0.5595179796218872,0.5491878986358643,-0.04678249731659889,0.5497485399246216,0.4552996754646301,-0.07060208916664124,0.5489417314529419,0.39838916063308716,-0.08418703824281693,0.549902081489563,0.34884053468704224,-0.09422212839126587,0.6014735698699951,0.538002610206604,-0.04490593448281288,0.6164034008979797,0.44229570031166077,-0.07651949673891068,0.6280381679534912,0.3790143132209778,-0.09425164014101028,0.6388030648231506,0.32086578011512756,-0.10496502369642258,0.6368422508239746,0.5513224005699158,-0.04626087844371796,0.6489604115486145,0.4872795045375824,-0.08193734288215637,0.6407169103622437,0.5509654879570007,-0.08038485050201416,0.6345323920249939,0.5975393652915955,-0.07009177654981613,0.6687396764755249,0.5761831998825073,-0.05134838819503784,0.6819195747375488,0.5121821165084839,-0.07850173115730286,0.6893830895423889,0.4714573919773102,-0.08247046917676926,0.6939059495925903,0.4270579218864441,-0.08033720403909683
0.6380667686462402,0.7312676906585693,7.496373086723906e-07,0.5913529992103577,0.7189916372299194,-0.03686167299747467,0.5663027167320251,0.6708994507789612,-0.06205027177929878,0.593868613243103,0.624626874923706,-0.08552706986665726,0.628298819065094,0.5891048312187195,-0.10569503903388977,0.5629804134368896,0.5359222292900085,-0.040918923914432526,0.5574199557304382,0.44382748007774353,-0.06739542633295059,0.5561492443084717,0.3865840435028076,-0.08407217264175415,0.5558425188064575,0.3375523090362549,-0.09515851736068726,0.6012721061706543,0.5214999318122864,-0.04029504209756851,0.6005054116249084,0.4250010550022125,-0.07349538803100586,0.5992264151573181,0.36151862144470215,-0.09304020553827286,0.5990184545516968,0.3032153844833374,-0.10388293117284775,0.6374255418777466,0.5303959250450134,-0.04295869171619415,0.6456159353256226,0.46579596400260925,-0.07952311635017395,0.6424443125724792,0.5282224416732788,-0.07780932635068893,0.6386363506317139,0.574535608291626,-0.06613539904356003,0.6719624996185303,0.5527969598770142,-0.04920259118080139,0.6795613169670105,0.4877376854419708,-0.074271060526371,0.6834765076637268,0.44945091009140015,-0.07530263066291809,0.6843267679214478,0.40669453144073486,-0.07037569582462311
0.6482825875282288,0.7152342200279236,7.069933189995936e-07,0.6035954356193542,0.7005540132522583,-0.038971785455942154,0.5811668634414673,0.6535261273384094,-0.06507784128189087,0.6079836487770081,0.6062119007110596,-0.08884960412979126,0.6396796703338623,0.5705195069313049,-0.10902425646781921,0.5728418827056885,0.5216275453567505,-0.043998803943395615,0.5630500912666321,0.4284338355064392,-0.07035430520772934,0.5580055713653564,0.37358832359313965,-0.08684870600700378,0.5539565086364746,0.3255355954170227,-0.09798390418291092,0.6103797554969788,0.5052918195724487,-0.04231751710176468,0.6077409386634827,0.40901094675064087,-0.07478836178779602,0.6047767400741577,0.3467244505882263,-0.0938505157828331,0.6026745438575745,0.287277489900589,-0.10473629087209702,0.6457268595695496,0.5133976936340332,-0.043933626264333725,0.6559126377105713,0.45040827989578247,-0.07916714996099472,0.655188798904419,0.5119946002960205,-0.07698725908994675,0.6523259878158569,0.5564268231391907,-0.06565108895301819,0.6799036860466003,0.5357083678245544,-0.04945749044418335,0.6873617172241211,0.4710068106651306,-0.07396409660577774,0.6923381090164185,0.4337846636772156,-0.074663445353508,0.6945525407791138,0.39285004138946533,-0.06974149495363235
0.6656413078308105,0.7119277119636536,7.202670531114563e-07,0.6218680739402771,0.6952663660049438,-0.04042715206742287,0.5992097854614258,0.6468671560287476,-0.06718877702951431,0.6286528706550598,0.6005825996398926,-0.09115477651357651,0.6632651686668396,0.5705109238624573,-0.11112166196107864,0.5894831418991089,0.5217204689979553,-0.04773549363017082,0.5614401698112488,0.4342264235019684,-0.07326129078865051,0.5455772876739502,0.38347524404525757,-0.08985687047243118,0.5328506231307983,0.33806493878364563,-0.10283654928207397,0.6293669939041138,0.5029444694519043,-0.04557541757822037,0.6242614388465881,0.40726274251937866,-0.07693246752023697,0.6210322976112366,0.3458822965621948,-0.09736700356006622,0.6187530755996704,0.28171873092651367,-0.11082980036735535,0.6667256951332092,0.5115504860877991,-0.04646298661828041,0.6869145035743713,0.44647061824798584,-0.08018238097429276,0.6868749856948853,0.5072317719459534,-0.07813198119401932,0.6823660731315613,0.5511912107467651,-0.06833765655755997,0.7030438184738159,0.5371957421302795,-0.05165468901395798,0.7226366996765137,0.4788653254508972,-0.07973365485668182,0.737423300743103,0.44380316138267517,-0.08407360315322876,0.7483653426170349,0.40542781352996826,-0.08159545809030533
0.6725496053695679,0.7132179737091064,7.335868872360152e-07,0.6281711459159851,0.6968741416931152,-0.04145726561546326,0.6069473028182983,0.6483948826789856,-0.06762250512838364,0.6389198899269104,0.6039738059043884,-0.09096177667379379,0.6740343570709229,0.5753653645515442,-0.11018998920917511,0.59874427318573,0.5248134732246399,-0.04680188000202179,0.5709479451179504,0.43832388520240784,-0.07145213335752487,0.5555547475814819,0.387023389339447,-0.08736367523670197,0.5431888103485107,0.3403688669204712,-0.1002674251794815,0.6393564939498901,0.5051921010017395,-0.044016480445861816,0.6352485418319702,0.4109058082103729,-0.07484930753707886,0.6327157616615295,0.3502270579338074,-0.09609094262123108,0.632252037525177,0.28663021326065063,-0.11050644516944885,0.6775603890419006,0.514392614364624,-0.044377315789461136,0.7005318999290466,0.4526386559009552,-0.07821889221668243,0.7006412744522095,0.5156886577606201,-0.07728386670351028,0.6966404914855957,0.5616623759269714,-0.06827083975076675,0.7147175073623657,0.5414355993270874,-0.04918112978339195,0.7379183173179626,0.4877544343471527,-0.07830101996660233,0.7566701769828796,0.4552757441997528,-0.0843065083026886,0.7716787457466125,0.4199866056442261,-0.08297695219516754
0.6893875598907471,0.7041659951210022,7.076664019223244e-07,0.6466295719146729,0.6825911998748779,-0.039873261004686356,0.6270052790641785,0.6304246783256531,-0.06646127998828888,0.660791277885437,0.5851072669029236,-0.09042899310588837,0.6983312964439392,0.5594651699066162,-0.1102442815899849,0.6261275410652161,0.5207338929176331,-0.048697419464588165,0.5943681001663208,0.43766558170318604,-0.0744323879480362,0.5769400000572205,0.38672977685928345,-0.0914154201745987,0.5631604194641113,0.34288424253463745,-0.10559920221567154,0.6674874424934387,0.5008370280265808,-0.045865774154663086,0.6712378263473511,0.40874284505844116,-0.07628738880157471,0.6744667887687683,0.3514462113380432,-0.09696324169635773,0.6783835291862488,0.2893596291542053,-0.11161569505929947,0.7031827569007874,0.5103999972343445,-0.04574771970510483,0.7277896404266357,0.4482525587081909,-0.07622116804122925,0.7265028357505798,0.5095897316932678,-0.07213832437992096,0.7210978865623474,0.553612232208252,-0.06253690272569656,0.7381401658058167,0.5389519929885864,-0.0501956082880497,0.7630654573440552,0.48970621824264526,-0.07737921923398972,0.7833990454673767,0.45990806818008423,-0.08212368190288544,0.7995975613594055,0.42759954929351807,-0.08049428462982178
0.6850876212120056,0.6998891234397888,6.594921160285594e-07,0.643509030342102,0.6804715394973755,-0.037036847323179245,0.6264632344245911,0.631062388420105,-0.06074943393468857,0.6607857942581177,0.5896181464195251,-0.08171498775482178,0.6968789100646973,0.565359354019165,-0.099830262362957,0.6290825009346008,0.5201292037963867,-0.044266339391469955,0.615529477596283,0.43483200669288635,-0.06716243177652359,0.6082525849342346,0.38481295108795166,-0.08222681283950806,0.6023552417755127,0.34039878845214844,-0.09424062073230743,0.6669524312019348,0.5064435601234436,-0.04183674976229668,0.6734474897384644,0.41769424080848694,-0.06969781965017319,0.6771214008331299,0.3623553514480591,-0.0884835496544838,0.681669294834137,0.30846500396728516,-0.10134314745664597,0.7008931040763855,0.5177627801895142,-0.04210848733782768,0.7242350578308105,0.45782676339149475,-0.07314295321702957,0.7185363173484802,0.5055652856826782,-0.0755549818277359,0.7112807035446167,0.5426097512245178,-0.07035258412361145,0.7328250408172607,0.545036256313324,-0.045926935970783234,0.757208526134491,0.49537181854248047,-0.07292432337999344,0.7750725150108337,0.4673621654510498,-0.07994867116212845,0.7901342511177063,0.43726152181625366,-0.08033830672502518
0.6692233681678772,0.6943066120147705,6.285681592999026e-07,0.6278623938560486,0.6755901575088501,-0.03323652595281601,0.6090991497039795,0.6261479258537292,-0.05518404766917229,0.6402500867843628,0.5831183195114136,-0.0752028077840805,0.675217866897583,0.5593019723892212,-0.09242797642946243,0.6135554313659668,0.5183114409446716,-0.03942083939909935,0.6123746633529663,0.4359426498413086,-0.06286396086215973,0.6150377988815308,0.38656988739967346,-0.07957393676042557,0.6173381805419922,0.3430092930793762,-0.09284576028585434,0.6475959420204163,0.505109429359436,-0.03855191171169281,0.6455315947532654,0.4188539683818817,-0.06700986623764038,0.6428021788597107,0.3657529950141907,-0.0866440013051033,0.6416426301002502,0.3109450042247772,-0.10016483813524246,0.6797712445259094,0.5145506262779236,-0.040058255195617676,0.6961851716041565,0.448245108127594,-0.07000593841075897,0.6939876079559326,0.4984658658504486,-0.0697663426399231,0.6891617774963379,0.5373803377151489,-0.06304409354925156,0.7114948034286499,0.5394629240036011,-0.045117899775505066,0.7325424551963806,0.48619288206100464,-0.07091010361909866,0.7484984993934631,0.4593263268470764,-0.07657790929079056,0.7602137327194214,0.4280237555503845,-0.07616092264652252
0.6687675714492798,0.6908932328224182,5.978151875751792e-07,0.6284087896347046,0.6724449396133423,-0.0346648283302784,0.609045147895813,0.6237310171127319,-0.0568971186876297,0.6390742659568787,0.5802984237670898,-0.07675068825483322,0.6726518869400024,0.5548452138900757,-0.09362044185400009,0.6113693118095398,0.5149493217468262,-0.04023833945393562,0.6069380044937134,0.4321664571762085,-0.06252502650022507,0.6066846251487732,0.3833838403224945,-0.07807013392448425,0.606412947177887,0.3406336307525635,-0.09042444825172424,0.6443556547164917,0.5023327469825745,-0.03841695562005043,0.6394914388656616,0.4167806804180145,-0.06557101756334305,0.6348108053207397,0.36458316445350647,-0.08390501886606216,0.6320633888244629,0.31039196252822876,-0.09638262540102005,0.6765154004096985,0.5116457343101501,-0.03916987031698227,0.6935407519340515,0.44643616676330566,-0.06856939941644669,0.692438542842865,0.49586859345436096,-0.06862903386354446,0.6878598928451538,0.5339938402175903,-0.06202904134988785,0.7085418701171875,0.5358072519302368,-0.04358482360839844,0.7296679615974426,0.48225465416908264,-0.06916088610887527,0.7453339099884033,0.45434996485710144,-0.07513856887817383,0.7567559480667114,0.4221946597099304,-0.07495485991239548
0.6658675074577332,0.6923779845237732,6.026141932125029e-07,0.6247440576553345,0.6735987663269043,-0.03290446102619171,0.6057050228118896,0.623832106590271,-0.05420143902301788,0.6346421837806702,0.5791252851486206,-0.0738411471247673,0.6684274077415466,0.5546192526817322,-0.09057127684354782,0.6083173155784607,0.5159931182861328,-0.03741590306162834,0.6040959358215332,0.4335826337337494,-0.05968445539474487,0.6048756837844849,0.3843315839767456,-0.0755355954170227,0.605690062046051,0.34087425470352173,-0.08834212273359299,0.6415371298789978,0.5039213299751282,-0.03670626878738403,0.6365655660629272,0.41838786005973816,-0.06472854316234589,0.6318140625953674,0.3659057915210724,-0.08436201512813568,0.629796028137207,0.3110988736152649,-0.09784600138664246,0.6736211776733398,0.5137529373168945,-0.03843115642666817,0.6909293532371521,0.4471011161804199,-0.06850136816501617,0.6893365383148193,0.49798262119293213,-0.06841137260198593,0.6848674416542053,0.5368859171867371,-0.06163088232278824,0.7057967185974121,0.5383714437484741,-0.043732549995183945,0.72756427526474,0.4838651120662689,-0.06981588900089264,0.7448278665542603,0.4549289345741272,-0.07591444253921509,0.7581260204315186,0.4214920103549957,-0.07574093341827393
0.6619313359260559,0.6949832439422607,6.174905706757272e-07,0.6213940978050232,0.6771547794342041,-0.03279737010598183,0.6013553142547607,0.6302450895309448,-0.05483110249042511,0.6283442378044128,0.5869367122650146,-0.07514825463294983,0.6605654358863831,0.5614078640937805,-0.09259607642889023,0.6028037667274475,0.52052903175354,-0.03924630582332611,0.5991438627243042,0.43783146142959595,-0.06218504160642624,0.6003731489181519,0.3884440064430237,-0.07821424305438995,0.6017952561378479,0.34507474303245544,-0.09072698652744293,0.635848343372345,0.5080094337463379,-0.03862955421209335,0.6317338943481445,0.42199963331222534,-0.0669812485575676,0.627109169960022,0.36882832646369934,-0.08665008842945099,0.624323844909668,0.31462913751602173,-0.09986097365617752,0.6682628989219666,0.5166553258895874,-0.04031604900956154,0.6849862933158875,0.4526408910751343,-0.06990072131156921,0.6815242171287537,0.5026946663856506,-0.06976187229156494,0.6745854616165161,0.5410906076431274,-0.06287099421024323,0.7012245655059814,0.5394530296325684,-0.04553021863102913,0.720178484916687,0.4839509129524231,-0.0697963610291481,0.7347629070281982,0.4551294147968292,-0.07455196976661682,0.7451828122138977,0.42282941937446594,-0.07355085015296936
0.6619144082069397,0.6923143267631531,6.201959195095696e-07,0.6204075813293457,0.6749433875083923,-0.032557424157857895,0.6001179814338684,0.6262199282646179,-0.05395485833287239,0.6291161179542542,0.5835463404655457,-0.07370532304048538,0.6633296012878418,0.5608963966369629,-0.0906883254647255,0.6043682098388672,0.5160308480262756,-0.038550686091184616,0.6012071967124939,0.43360957503318787,-0.06152566522359848,0.6026999950408936,0.38396427035331726,-0.0778886154294014,0.6044803261756897,0.340293824672699,-0.09090972691774368,0.6381137371063232,0.5044864416122437,-0.03797092288732529,0.6337898373603821,0.419209361076355,-0.06672416627407074,0.6296082139015198,0.366203635931015,-0.08682204782962799,0.6277031302452087,0.3112368583679199,-0.10050186514854431,0.6704626083374023,0.5144117474555969,-0.03970951959490776,0.688093900680542,0.4494643807411194,-0.07004920393228531,0.685357928276062,0.5000838041305542,-0.06999307125806808,0.6793451309204102,0.538779079914093,-0.06309279054403305,0.7028233408927917,0.538685142993927,-0.044947538524866104,0.7241916060447693,0.48365119099617004,-0.07066046446561813,0.7401889562606812,0.4551345705986023,-0.07623078674077988,0.751830518245697,0.42240214347839355,-0.07564009726047516
0.660615861415863,0.6881365776062012,6.230094413695042e-07,0.6185331344604492,0.6702706217765808,-0.03233681619167328,0.5977869033813477,0.6204460263252258,-0.05344272777438164,0.6262782216072083,0.5763077735900879,-0.07288005203008652,0.6599032878875732,0.5525189638137817,-0.08955805748701096,0.6018906831741333,0.510654628276825,-0.038107652217149734,0.5984213352203369,0.42825019359588623,-0.06104302778840065,0.6000567078590393,0.3782476782798767,-0.07760058343410492,0.6018851399421692,0.3347272574901581,-0.09086237102746964,0.6360347270965576,0.49941587448120117,-0.03764868527650833,0.6317481994628906,0.4134454131126404,-0.06611866503953934,0.6270968317985535,0.36027902364730835,-0.0866367444396019,0.6250721216201782,0.30588823556900024,-0.10077014565467834,0.6686466932296753,0.5100865960121155,-0.0394580252468586,0.685931384563446,0.44383755326271057,-0.06924028694629669,0.6821238994598389,0.4919525384902954,-0.06983359903097153,0.6755220293998718,0.5291593074798584,-0.06377553939819336,0.7012636661529541,0.5352428555488586,-0.04473927989602089,0.7229890823364258,0.4810405969619751,-0.0707821324467659,0.7397785186767578,0.4533141255378723,-0.07708700001239777,0.7524293661117554,0.42155125737190247,-0.07703132182359695
0.6592443585395813,0.6876466274261475,6.172891175992845e-07,0.6175410151481628,0.6688157916069031,-0.03153698518872261,0.5971096754074097,0.6186655163764954,-0.05204975977540016,0.6252692937850952,0.5747883319854736,-0.07093295454978943,0.6588094234466553,0.5513554215431213,-0.08710062503814697,0.6016791462898254,0.5088261365890503,-0.03684477508068085,0.5976126790046692,0.42727774381637573,-0.058972787111997604,0.5986964702606201,0.37751221656799316,-0.07524709403514862,0.6001236438751221,0.33419692516326904,-0.0885450467467308,0.6356706023216248,0.4985831677913666,-0.03662175312638283,0.6311211585998535,0.41318875551223755,-0.06414477527141571,0.6263864040374756,0.3601173758506775,-0.08456767350435257,0.6244348883628845,0.30564582347869873,-0.09890568256378174,0.667949378490448,0.5102494359016418,-0.03864458203315735,0.686791718006134,0.4442788064479828,-0.067795529961586,0.6826255917549133,0.49146607518196106,-0.06895136088132858,0.675214409828186,0.528041422367096,-0.0635576993227005,0.700324535369873,0.5360963344573975,-0.04403488710522652,0.723654568195343,0.48251035809516907,-0.07000299543142319,0.7411790490150452,0.4544146656990051,-0.07688476145267487,0.7542028427124023,0.4222795367240906,-0.07742809504270554
0.6518989205360413,0.6846538782119751,6.275922146414814e-07,0.6092308759689331,0.6665191054344177,-0.032183993607759476,0.5867877006530762,0.6196991801261902,-0.05349631607532501,0.6126037240028381,0.5752625465393066,-0.07280011475086212,0.646112322807312,0.5482714176177979,-0.08926431834697723,0.5898978114128113,0.5074418783187866,-0.0377366840839386,0.5839488506317139,0.4270745515823364,-0.060476064682006836,0.5831315517425537,0.3772096037864685,-0.07700413465499878,0.5827966332435608,0.3326858878135681,-0.090130515396595,0.6237654089927673,0.4955916702747345,-0.03727901726961136,0.6191710829734802,0.40984344482421875,-0.06458807736635208,0.6139944791793823,0.35582780838012695,-0.08400700986385345,0.6122281551361084,0.3020116984844208,-0.09738077223300934,0.6570646166801453,0.5066418051719666,-0.03924717754125595,0.6765812039375305,0.444077730178833,-0.06864599138498306,0.6701240539550781,0.48867711424827576,-0.07019733637571335,0.6612253785133362,0.5240530967712402,-0.064874567091465,0.6911242604255676,0.5317901968955994,-0.04458100348711014,0.7134968042373657,0.4783117473125458,-0.07073357701301575,0.7307241559028625,0.44921839237213135,-0.07741878926753998,0.7445535063743591,0.41720151901245117,-0.07756326347589493
0.6334023475646973,0.6753033399581909,6.660088729404379e-07,0.5902556777000427,0.6604556441307068,-0.03137127310037613,0.565462052822113,0.6133960485458374,-0.05254579707980156,0.5858811140060425,0.5649085640907288,-0.07244956493377686,0.6172506213188171,0.5375166535377502,-0.08921099454164505,0.5680264234542847,0.49782854318618774,-0.03614341467618942,0.5611522793769836,0.41538968682289124,-0.05941439047455788,0.5608312487602234,0.3641068935394287,-0.07583783566951752,0.5615476369857788,0.32025033235549927,-0.0890069454908371,0.6023433208465576,0.4852612018585205,-0.03625490516424179,0.5956631302833557,0.3987971544265747,-0.0658469945192337,0.5889710187911987,0.34375929832458496,-0.08672375977039337,0.5858524441719055,0.28818219900131226,-0.10091177374124527,0.6358749866485596,0.4949497580528259,-0.038671959191560745,0.6516214609146118,0.4286041259765625,-0.06934382021427155,0.646084725856781,0.4794873893260956,-0.06876387447118759,0.6382117867469788,0.5187946557998657,-0.06157391518354416,0.6704343557357788,0.5186809301376343,-0.04457967355847359,0.6927786469459534,0.46616020798683167,-0.07206081598997116,0.7106420397758484,0.43693989515304565,-0.07873910665512085,0.7243766784667969,0.4032209515571594,-0.07841955870389938
0.6169964075088501,0.6630085110664368,6.471649385275668e-07,0.5733675360679626,0.6476125717163086,-0.027917366474866867,0.5456891059875488,0.6003434658050537,-0.04708419740200043,0.5633686184883118,0.550419807434082,-0.065556101500988,0.595392644405365,0.5242297649383545,-0.08127353340387344,0.5478530526161194,0.48498499393463135,-0.03122439607977867,0.5393880009651184,0.402779221534729,-0.05275190621614456,0.5389418601989746,0.35130128264427185,-0.06782151013612747,0.5399904847145081,0.3074648380279541,-0.07989368587732315,0.5824138522148132,0.47243210673332214,-0.0323973223567009,0.5744228363037109,0.3855264186859131,-0.05971940606832504,0.5676135420799255,0.33017149567604065,-0.0789121687412262,0.5651634335517883,0.27648040652275085,-0.09179968386888504,0.6171242594718933,0.48084205389022827,-0.03585929796099663,0.6314746737480164,0.4147053360939026,-0.06544624269008636,0.6244747638702393,0.4610821604728699,-0.06618263572454453,0.6161662340164185,0.4991244673728943,-0.059979598969221115,0.6524465084075928,0.5030228495597839,-0.042339012026786804,0.6739522218704224,0.4504118859767914,-0.06920138746500015,0.6911143064498901,0.4201772212982178,-0.07637974619865417,0.7046301960945129,0.38643258810043335,-0.07650559395551682
0.5979124903678894,0.6470977067947388,6.577017757081194e-07,0.5532501935958862,0.6324154138565063,-0.029587065801024437,0.5245277881622314,0.5869321823120117,-0.04991739243268967,0.5398186445236206,0.5359519720077515,-0.06930427253246307,0.5711320638656616,0.5044276714324951,-0.08554267883300781,0.5263777375221252,0.47028741240501404,-0.03260568529367447,0.5162959098815918,0.38760054111480713,-0.05481114983558655,0.5148308277130127,0.33583134412765503,-0.07055484503507614,0.5149222016334534,0.2920086085796356,-0.08346227556467056,0.5613005757331848,0.455940306186676,-0.03301644325256348,0.5507983565330505,0.3685730993747711,-0.060858648270368576,0.5422725081443787,0.3133416771888733,-0.08121638000011444,0.5388851165771484,0.26047375798225403,-0.09546028077602386,0.5963095426559448,0.4633084237575531,-0.035784151405096054,0.6072350144386292,0.3957500755786896,-0.06494911015033722,0.5985502004623413,0.44198790192604065,-0.06556466221809387,0.5895522832870483,0.48032793402671814,-0.05993371829390526,0.6315994262695312,0.4845469295978546,-0.04177091270685196,0.6532049775123596,0.43258169293403625,-0.06881622225046158,0.670684814453125,0.40202951431274414,-0.07673545181751251,0.6841182708740234,0.36794039607048035,-0.0776667520403862
0.5790737867355347,0.6305810213088989,7.030520237094606e-07,0.5314231514930725,0.6124464869499207,-0.02867845632135868,0.5019655227661133,0.5649669766426086,-0.04927463456988335,0.5188897252082825,0.5125462412834167,-0.0692884624004364,0.5531127452850342,0.48258134722709656,-0.08614283800125122,0.5046261548995972,0.44826745986938477,-0.034428294748067856,0.4930519461631775,0.3625600337982178,-0.05831542983651161,0.49149948358535767,0.3081323504447937,-0.0761963501572609,0.4912082254886627,0.2630106806755066,-0.09111528843641281,0.5409281253814697,0.433942973613739,-0.035809628665447235,0.5301250219345093,0.3437831997871399,-0.06608586758375168,0.5213786959648132,0.2864518165588379,-0.0895174965262413,0.5169961452484131,0.22973959147930145,-0.10648223757743835,0.5769131779670715,0.4418732523918152,-0.039070021361112595,0.5871655941009521,0.3706982135772705,-0.06820010393857956,0.5790740251541138,0.4202912747859955,-0.06755561381578445,0.5697311758995056,0.4604465961456299,-0.06155708059668541,0.6132471561431885,0.4639425277709961,-0.04576679319143295,0.6344714760780334,0.40976569056510925,-0.07296920567750931,0.6527721881866455,0.3781067728996277,-0.08059149980545044,0.6663663387298584,0.34273433685302734,-0.08145806193351746
0.5364716053009033,0.6158518195152283,6.952898274903418e-07,0.4886585474014282,0.6009326577186584,-0.02799910679459572,0.4561576247215271,0.556292712688446,-0.04849346727132797,0.4693305790424347,0.5039620995521545,-0.06882356107234955,0.49897438287734985,0.47079071402549744,-0.08622760325670242,0.456332802772522,0.43271422386169434,-0.0319763720035553,0.4422452449798584,0.34747007489204407,-0.05549154058098793,0.43878763914108276,0.29254937171936035,-0.07192055881023407,0.4374980330467224,0.2461397349834442,-0.08497161418199539,0.49200868606567383,0.417165070772171,-0.03421572968363762,0.47957104444503784,0.3259623050689697,-0.06359751522541046,0.4687812030315399,0.26802727580070496,-0.08460570126771927,0.46306395530700684,0.21321919560432434,-0.09891501814126968,0.5295568704605103,0.4231852889060974,-0.03873680904507637,0.5376264452934265,0.3511030972003937,-0.07046496123075485,0.5290870666503906,0.39956149458885193,-0.07176075130701065,0.521162748336792,0.4408172369003296,-0.06583910435438156,0.5678896903991699,0.44480404257774353,-0.046267516911029816,0.5900867581367493,0.3889760971069336,-0.07526137679815292,0.6076726317405701,0.3550192415714264,-0.08365565538406372,0.621610164642334,0.3182908296585083,-0.08439414948225021
0.5065923929214478,0.6190072298049927,7.94936852344108e-07,0.4544171690940857,0.6053038835525513,-0.03256168216466904,0.4218125343322754,0.563624382019043,-0.05704457312822342,0.4259282052516937,0.5083547830581665,-0.08059638738632202,0.44991081953048706,0.46676963567733765,-0.10081526637077332,0.4165894091129303,0.43290019035339355,-0.03876117244362831,0.39917853474617004,0.3467835783958435,-0.06440367549657822,0.3939224183559418,0.28984084725379944,-0.08251836895942688,0.3917360305786133,0.2418719083070755,-0.09731247276067734,0.4526227116584778,0.41662201285362244,-0.04055304452776909,0.43711429834365845,0.3224772810935974,-0.07334611564874649,0.42223262786865234,0.2615523934364319,-0.09894261509180069,0.41328853368759155,0.20291495323181152,-0.11759380996227264,0.4909922480583191,0.4227890074253082,-0.044632043689489365,0.491778701543808,0.3488977253437042,-0.07916315644979477,0.4751626253128052,0.39877256751060486,-0.08428554981946945,0.4610171318054199,0.4403688311576843,-0.08199569582939148,0.5292964577674866,0.4448953866958618,-0.051937490701675415,0.5484488606452942,0.3861498534679413,-0.08444152027368546,0.5669949054718018,0.34990257024765015,-0.09698186814785004,0.5817998647689819,0.310442179441452,-0.10128077864646912
0.5114873051643372,0.5971341133117676,7.401678203677875e-07,0.45989885926246643,0.5797431468963623,-0.029677797108888626,0.42995595932006836,0.5291870832443237,-0.05100800469517708,0.4440654516220093,0.46968621015548706,-0.07168994843959808,0.47171345353126526,0.4328238368034363,-0.08911251276731491,0.43156716227531433,0.3991455137729645,-0.036375027149915695,0.4182683825492859,0.3106260597705841,-0.06200840324163437,0.41573408246040344,0.252798855304718,-0.0816553458571434,0.4151254892349243,0.20432332158088684,-0.09813886880874634,0.4702509641647339,0.3846878409385681,-0.038644663989543915,0.45742475986480713,0.2889211177825928,-0.07133831083774567,0.4462457597255707,0.22641290724277496,-0.09827043116092682,0.4400566518306732,0.16420328617095947,-0.11843308806419373,0.5086905360221863,0.3941497802734375,-0.042696673423051834,0.5161084532737732,0.31952691078186035,-0.07502614706754684,0.5021235346794128,0.36999189853668213,-0.0776793584227562,0.4890955090522766,0.41199028491973877,-0.07427968084812164,0.5469721555709839,0.41935446858406067,-0.05009240657091141,0.570142388343811,0.36140966415405273,-0.08090124279260635,0.5905911922454834,0.32627254724502563,-0.09180563688278198,0.6072410345077515,0.28819429874420166,-0.09513679891824722
0.4500216245651245,0.7146080732345581,6.377320005412912e-07,0.39640504121780396,0.704715371131897,-0.027520721778273582,0.3542602062225342,0.6620439291000366,-0.04889492318034172,0.3599892854690552,0.60555100440979,-0.06981764733791351,0.3865809738636017,0.5595484375953674,-0.08756233751773834,0.34740132093429565,0.5284715890884399,-0.03537340462207794,0.3200632631778717,0.44641950726509094,-0.05809732526540756,0.30765554308891296,0.39562880992889404,-0.07317861169576645,0.2988604009151459,0.3513977527618408,-0.08534098416566849,0.38126957416534424,0.5027350187301636,-0.03975829854607582,0.35449913144111633,0.4103080630302429,-0.06772235035896301,0.3354860246181488,0.3518568277359009,-0.08755019307136536,0.322040855884552,0.29722392559051514,-0.10169105976819992,0.4227261543273926,0.5022652745246887,-0.04654191434383392,0.4165176451206207,0.44221046566963196,-0.08103010058403015,0.4062555134296417,0.49034035205841064,-0.08839089423418045,0.3973709046840668,0.5328261256217957,-0.0873301699757576,0.46811413764953613,0.5190930962562561,-0.05582091212272644,0.485086053609848,0.45575597882270813,-0.08847097307443619,0.4995066523551941,0.41545650362968445,-0.10115236788988113,0.5127311944961548,0.37620070576667786,-0.10573270171880722
0.44902074337005615,0.7803032398223877,8.614150601715664e-07,0.3838656544685364,0.7787638306617737,-0.029245810583233833,0.3422590494155884,0.7465555667877197,-0.050636086612939835,0.33205506205558777,0.6901398301124573,-0.07213198393583298,0.35156264901161194,0.6438692808151245,-0.0898112878203392,0.3243892788887024,0.6137596368789673,-0.03438520058989525,0.2897895276546478,0.5255422592163086,-0.05516109615564346,0.2742670774459839,0.47132182121276855,-0.06897523254156113,0.2633018493652344,0.42485228180885315,-0.08236614614725113,0.35826948285102844,0.5857467651367188,-0.03737357631325722,0.3281923830509186,0.48933714628219604,-0.0695735365152359,0.3019751012325287,0.4301166534423828,-0.09553172439336777,0.28323879837989807,0.37424540519714355,-0.11574500799179077,0.3966299891471863,0.5821640491485596,-0.042233239859342575,0.3867948055267334,0.5026162266731262,-0.07591000199317932,0.37884819507598877,0.5703831911087036,-0.0792897492647171,0.3704665005207062,0.6226474642753601,-0.07688727229833603,0.4365042448043823,0.5949813723564148,-0.050414327532052994,0.4521965980529785,0.534597635269165,-0.08738827705383301,0.46739986538887024,0.4925476908683777,-0.10449592024087906,0.47756561636924744,0.4436531364917755,-0.11216660588979721
0.4620412588119507,0.7613433003425598,6.974368034207146e-07,0.411838561296463,0.7567847371101379,-0.024501550942659378,0.3721928298473358,0.7184467315673828,-0.042961474508047104,0.3659888207912445,0.6651737689971924,-0.061634622514247894,0.37880468368530273,0.6235698461532593,-0.0775444358587265,0.3434273600578308,0.6063368320465088,-0.029829196631908417,0.2996956706047058,0.5346518158912659,-0.048889148980379105,0.2753264904022217,0.48945391178131104,-0.059988733381032944,0.2568720877170563,0.4507283568382263,-0.06957206130027771,0.3771980106830597,0.5773180723190308,-0.03451182320713997,0.3462636172771454,0.4887477457523346,-0.05946279689669609,0.32185429334640503,0.43155840039253235,-0.07728171348571777,0.3055056035518646,0.3819040060043335,-0.0899689570069313,0.41681236028671265,0.5725619792938232,-0.041320763528347015,0.404403954744339,0.5026365518569946,-0.07261394709348679,0.3927778899669647,0.5495823621749878,-0.078457310795784,0.3850477933883667,0.5920289158821106,-0.07692272216081619,0.45819327235221863,0.5862907767295837,-0.05028493329882622,0.47227635979652405,0.5276315808296204,-0.08269070833921432,0.4835817217826843,0.48683443665504456,-0.09552092850208282,0.49376603960990906,0.44544517993927,-0.09990952163934708
0.520643949508667,0.7391088604927063,6.740273761352e-07,0.4678666591644287,0.729280948638916,-0.02547416277229786,0.42867058515548706,0.6919631958007812,-0.04630270227789879,0.4398146867752075,0.6394839882850647,-0.06664822995662689,0.4713684916496277,0.6018834114074707,-0.08458536118268967,0.4149085581302643,0.5732054114341736,-0.03773800656199455,0.3770979642868042,0.49719858169555664,-0.05993471294641495,0.3529532551765442,0.4504752457141876,-0.07539458572864532,0.3335922658443451,0.4087267220020294,-0.08826877921819687,0.4514405429363251,0.5491447448730469,-0.04173094779253006,0.43158912658691406,0.4593736529350281,-0.06866346299648285,0.4139791429042816,0.3989894390106201,-0.08862127363681793,0.40192288160324097,0.34201303124427795,-0.10333652049303055,0.4922086000442505,0.5481381416320801,-0.04714690521359444,0.4976651072502136,0.4817463755607605,-0.07798037678003311,0.48455530405044556,0.5283631086349487,-0.08337961137294769,0.473793625831604,0.5720869302749634,-0.08152978122234344,0.5337108373641968,0.5643848776817322,-0.05493606999516487,0.551478922367096,0.504011332988739,-0.08500145375728607,0.5667611956596375,0.4645191729068756,-0.09507770091295242,0.5814450979232788,0.42800021171569824,-0.09748764336109161
0.5562630891799927,0.7103047966957092,6.59150032333855e-07,0.50951087474823,0.6956302523612976,-0.027425827458500862,0.4755297303199768,0.6482281684875488,-0.04671057313680649,0.49520957469940186,0.5961135625839233,-0.06517720222473145,0.5289469361305237,0.5657881498336792,-0.08107686042785645,0.47176411747932434,0.531049370765686,-0.037211354821920395,0.4369083344936371,0.45358651876449585,-0.059033751487731934,0.4177785813808441,0.4031405448913574,-0.07419593632221222,0.4023212194442749,0.35847774147987366,-0.08738183975219727,0.5113335847854614,0.5109493732452393,-0.03957230597734451,0.4999643564224243,0.4200446605682373,-0.06722025573253632,0.4900611639022827,0.3590179681777954,-0.08749578148126602,0.4842466413974762,0.2995166778564453,-0.10228440910577774,0.5498848557472229,0.51705002784729,-0.04374407231807709,0.5643157958984375,0.4530267119407654,-0.07506883144378662,0.5528954267501831,0.5026116371154785,-0.07835778594017029,0.5419390201568604,0.5449815988540649,-0.07426415383815765,0.5872162580490112,0.5397202968597412,-0.05058838427066803,0.6104970574378967,0.4836702346801758,-0.0810137540102005,0.6297354102134705,0.4481312334537506,-0.09100870788097382,0.6467325091362,0.41271352767944336,-0.09308928996324539
0.5750108957290649,0.6989517211914062,6.633609359596448e-07,0.5293691754341125,0.6827483177185059,-0.028325917199254036,0.4976518750190735,0.6318910717964172,-0.04773522913455963,0.5187683701515198,0.5829437375068665,-0.06652390956878662,0.5535680055618286,0.5568199157714844,-0.08250381797552109,0.4979954957962036,0.5168738961219788,-0.035623032599687576,0.4646223485469818,0.43883538246154785,-0.05727338045835495,0.4461427330970764,0.3888804316520691,-0.07177272439002991,0.4322436451911926,0.34416335821151733,-0.08448036760091782,0.5384281873703003,0.4988355338573456,-0.037763386964797974,0.5326001644134521,0.4051362872123718,-0.06570981442928314,0.526032030582428,0.344363808631897,-0.08651725947856903,0.5239715576171875,0.2854209840297699,-0.10146813094615936,0.5766650438308716,0.50704425573349,-0.041864655911922455,0.5964939594268799,0.4422954320907593,-0.07289828360080719,0.5844362378120422,0.4923765957355499,-0.07523653656244278,0.5722410678863525,0.5339580774307251,-0.07036608457565308,0.6134768128395081,0.5318527817726135,-0.04889765754342079,0.6394456624984741,0.4794729948043823,-0.0780322477221489,0.6604371666908264,0.44585317373275757,-0.08686156570911407,0.6786894798278809,0.4110373258590698,-0.0882420688867569
0.5914320349693298,0.7092662453651428,6.756835091437097e-07,0.5454807281494141,0.692451536655426,-0.029074883088469505,0.5150594115257263,0.6386901140213013,-0.04895145446062088,0.5399983525276184,0.5910018682479858,-0.06831168383359909,0.5775623917579651,0.5678019523620605,-0.08477841317653656,0.519710123538971,0.5251560807228088,-0.037639908492565155,0.4894000291824341,0.4432540237903595,-0.06039655953645706,0.4726592004299164,0.3911339044570923,-0.07551737129688263,0.4592150151729584,0.3451031446456909,-0.08875485509634018,0.5608015656471252,0.5086247324943542,-0.03981636464595795,0.5578444004058838,0.4155425429344177,-0.06981386244297028,0.5527690052986145,0.35375624895095825,-0.09182853996753693,0.5514863729476929,0.2932888865470886,-0.10748302936553955,0.5981894135475159,0.5189433693885803,-0.04389405995607376,0.6200701594352722,0.45711028575897217,-0.07602371275424957,0.6085947751998901,0.5099260807037354,-0.07720139622688293,0.5963837504386902,0.5519176721572876,-0.07110302150249481,0.6341810822486877,0.5451004505157471,-0.05107082426548004,0.6612879037857056,0.4935382902622223,-0.08079448342323303,0.6834921836853027,0.4612154960632324,-0.08902891725301743,0.7024021744728088,0.4271877706050873,-0.08974246680736542
0.6011366844177246,0.7031518816947937,6.408520789591421e-07,0.5559679865837097,0.6852126717567444,-0.02928902581334114,0.5286742448806763,0.6311073899269104,-0.04848722741007805,0.5527037978172302,0.5791851878166199,-0.06658870726823807,0.5867592692375183,0.5538240075111389,-0.08214686810970306,0.5357310175895691,0.5142025947570801,-0.03485243394970894,0.5170809030532837,0.42978259921073914,-0.055916495621204376,0.5076802372932434,0.37732064723968506,-0.07035157084465027,0.5006619095802307,0.3318537175655365,-0.08249218761920929,0.5759865641593933,0.5015437602996826,-0.035822488367557526,0.5761642456054688,0.4081265330314636,-0.06258965283632278,0.5733569264411926,0.34870338439941406,-0.08207038044929504,0.5746288299560547,0.2927391827106476,-0.09567984193563461,0.6130088567733765,0.5133927464485168,-0.03895869478583336,0.6360517144203186,0.44894659519195557,-0.06904254108667374,0.6221820116043091,0.49500444531440735,-0.07138613611459732,0.6091049909591675,0.5342743992805481,-0.06642518192529678,0.6480445861816406,0.5405882596969604,-0.044981468468904495,0.6749976277351379,0.4892374873161316,-0.07290183007717133,0.6960036754608154,0.45913252234458923,-0.08097907155752182,0.7146177291870117,0.42784222960472107,-0.08177603781223297
0.5983645915985107,0.697870671749115,6.296452852438961e-07,0.5533787608146667,0.6796340942382812,-0.028362249955534935,0.5261946320533752,0.6272451877593994,-0.04713848605751991,0.5445860624313354,0.5740240216255188,-0.06540017575025558,0.5768853425979614,0.5475083589553833,-0.08082283288240433,0.5356429815292358,0.5122489929199219,-0.030065685510635376,0.5208849906921387,0.4289837181568146,-0.05015874281525612,0.5168490409851074,0.37712550163269043,-0.06362385302782059,0.5150647759437561,0.3342459201812744,-0.07501848042011261,0.5734727382659912,0.5008390545845032,-0.03105761855840683,0.5719018578529358,0.4102333188056946,-0.05728302523493767,0.5674663782119751,0.35278305411338806,-0.0765228196978569,0.5679197311401367,0.301589697599411,-0.09011361002922058,0.6086583733558655,0.511872410774231,-0.03444335609674454,0.6260215044021606,0.4421328604221344,-0.06250294297933578,0.6127377152442932,0.4855877161026001,-0.06365936994552612,0.6008332967758179,0.5234581232070923,-0.05885937437415123,0.6419535875320435,0.5378084778785706,-0.040947768837213516,0.6681430339813232,0.48976412415504456,-0.06753011047840118,0.6880974769592285,0.46115392446517944,-0.07604535669088364,0.7050915956497192,0.42951029539108276,-0.07777250558137894
0.5955185890197754,0.6936218738555908,6.145930910861352e-07,0.5517069101333618,0.6758599281311035,-0.027652842923998833,0.5253583788871765,0.6239053606987,-0.045815981924533844,0.5422885417938232,0.5701841115951538,-0.06368926912546158,0.5728198885917664,0.5431597232818604,-0.07872581481933594,0.5339767336845398,0.5121678113937378,-0.028498763218522072,0.5221250057220459,0.4302305579185486,-0.048293475061655045,0.5198857188224792,0.3794820308685303,-0.061511922627687454,0.5194056630134583,0.33782631158828735,-0.07271591573953629,0.570414125919342,0.5011535882949829,-0.029707305133342743,0.5675600171089172,0.41284579038619995,-0.0560450479388237,0.5619525909423828,0.35669010877609253,-0.07579977065324783,0.5613017678260803,0.3053891062736511,-0.08969522267580032,0.6047652363777161,0.5115920901298523,-0.03323426842689514,0.6202969551086426,0.4424228370189667,-0.061317328363657,0.6081017851829529,0.4856231212615967,-0.06275539845228195,0.5968798995018005,0.522480309009552,-0.05817689001560211,0.6377214789390564,0.5367035269737244,-0.03980559855699539,0.6628526449203491,0.48948758840560913,-0.06630868464708328,0.6826991438865662,0.4612395763397217,-0.07501468062400818,0.6994033455848694,0.4294130802154541,-0.07691740989685059
0.592699408531189,0.684268593788147,6.289268981163332e-07,0.5477501749992371,0.6670612692832947,-0.025650635361671448,0.5215359330177307,0.6171285510063171,-0.04308018088340759,0.5358093976974487,0.5635421872138977,-0.06047901511192322,0.5637821555137634,0.5339845418930054,-0.07486607134342194,0.529140055179596,0.5090366005897522,-0.02722276747226715,0.5201114416122437,0.43080222606658936,-0.04729129374027252,0.5202541351318359,0.38126856088638306,-0.061511553823947906,0.5220927000045776,0.3405293822288513,-0.07372692972421646,0.5632327198982239,0.49764177203178406,-0.028788333758711815,0.5567827224731445,0.4125218093395233,-0.055792465806007385,0.5488190054893494,0.35815316438674927,-0.0767325907945633,0.5471726059913635,0.3082839250564575,-0.09172098338603973,0.5961799025535583,0.5070465803146362,-0.03228428214788437,0.6079915165901184,0.43645763397216797,-0.05964447557926178,0.5951331257820129,0.48125603795051575,-0.05988578125834465,0.5840198397636414,0.5191186666488647,-0.05487523600459099,0.6290216445922852,0.5302404761314392,-0.03873182833194733,0.6528550982475281,0.483024001121521,-0.06500646471977234,0.67251056432724,0.4552895426750183,-0.073484867811203,0.6886916756629944,0.42362290620803833,-0.07515104115009308
0.5921189785003662,0.6793885827064514,6.30354691111279e-07,0.5479968190193176,0.662140965461731,-0.026164989918470383,0.5219899415969849,0.6121286153793335,-0.044163454324007034,0.5358428955078125,0.5575935244560242,-0.06209202855825424,0.5651138424873352,0.527711033821106,-0.07703637331724167,0.5279771685600281,0.5047969818115234,-0.028069961816072464,0.5187652111053467,0.4256691336631775,-0.04869701713323593,0.5187823176383972,0.3757045269012451,-0.06352934241294861,0.5206397771835327,0.33508697152137756,-0.07627379894256592,0.5618312954902649,0.4932466745376587,-0.029502402991056442,0.5550631284713745,0.40839460492134094,-0.05662471428513527,0.546909511089325,0.35432279109954834,-0.0777912512421608,0.5445823073387146,0.30400779843330383,-0.093195341527462,0.5945218801498413,0.5019766092300415,-0.03292662277817726,0.6064432263374329,0.4296463429927826,-0.059500206261873245,0.5952293872833252,0.47253015637397766,-0.059531938284635544,0.5850895643234253,0.5092625021934509,-0.05490292236208916,0.6272518634796143,0.5245108604431152,-0.03948527202010155,0.6512287259101868,0.47685810923576355,-0.06540867686271667,0.6707653999328613,0.44815003871917725,-0.07415837794542313,0.6864862442016602,0.41572830080986023,-0.07630663365125656
0.5934966206550598,0.6844655871391296,6.428475103348319e-07,0.5493841767311096,0.6687374114990234,-0.026238812133669853,0.5214570760726929,0.6175854802131653,-0.044116564095020294,0.5370396375656128,0.563034176826477,-0.06178572028875351,0.5679584741592407,0.5349676609039307,-0.07651736587285995,0.5288931131362915,0.5047217011451721,-0.0294041708111763,0.5209223031997681,0.4242950677871704,-0.05025063082575798,0.5213170051574707,0.37291330099105835,-0.06526196002960205,0.5230617523193359,0.3306690454483032,-0.07818352431058884,0.5642920136451721,0.49313926696777344,-0.031172161921858788,0.5585064888000488,0.4065988063812256,-0.058739323168992996,0.5503764152526855,0.35018178820610046,-0.07995211333036423,0.5474914908409119,0.2977847456932068,-0.09527526795864105,0.5982580184936523,0.5027828812599182,-0.034884560853242874,0.6113070845603943,0.432045042514801,-0.06289983540773392,0.5989296436309814,0.4756310284137726,-0.06376959383487701,0.5874320864677429,0.5132202506065369,-0.059191301465034485,0.6316321492195129,0.5266321897506714,-0.041588347405195236,0.6564584374427795,0.4775317907333374,-0.06871876865625381,0.676496148109436,0.44813966751098633,-0.07784414291381836,0.6928704977035522,0.4155958592891693,-0.07996771484613419
0.5962363481521606,0.6859246492385864,6.633346174567123e-07,0.5518218278884888,0.6696740984916687,-0.028638286516070366,0.523716151714325,0.6185381412506104,-0.04812214523553848,0.5418140888214111,0.565703809261322,-0.06717143952846527,0.5739356875419617,0.537723183631897,-0.08318942040205002,0.5334191918373108,0.498350590467453,-0.032440055161714554,0.5269428491592407,0.4147814214229584,-0.0552876740694046,0.5276062488555908,0.3615866005420685,-0.07155631482601166,0.5295414328575134,0.31633707880973816,-0.08499675989151001,0.5696842074394226,0.4877946078777313,-0.03395602107048035,0.5649009346961975,0.3976243734359741,-0.06430137902498245,0.5571153163909912,0.3390328288078308,-0.08702239394187927,0.5542414784431458,0.28279927372932434,-0.1027061864733696,0.6045016646385193,0.4989607334136963,-0.03754079341888428,0.6216806769371033,0.4298093020915985,-0.06934691220521927,0.6097825765609741,0.47749173641204834,-0.07091677933931351,0.5978646874427795,0.5168488621711731,-0.06527374684810638,0.6390052437782288,0.524418294429779,-0.044204339385032654,0.6650967001914978,0.47291505336761475,-0.07324160635471344,0.6862009763717651,0.4433056712150574,-0.08205094933509827,0.7035527229309082,0.40982484817504883,-0.08317076414823532
0.6024163961410522,0.6839945316314697,6.754159471711318e-07,0.5581947565078735,0.6649820804595947,-0.02879696525633335,0.5312601923942566,0.6119382381439209,-0.048486776649951935,0.5503814220428467,0.5588056445121765,-0.06777221709489822,0.5834653377532959,0.5319474339485168,-0.08399875462055206,0.5413447022438049,0.4915962219238281,-0.03319947049021721,0.5369046926498413,0.40604281425476074,-0.05650581046938896,0.5385304093360901,0.35228991508483887,-0.07332270592451096,0.5408893823623657,0.3066297769546509,-0.08735980093479156,0.5782150626182556,0.4818345308303833,-0.034836526960134506,0.5755739212036133,0.39034250378608704,-0.06572847813367844,0.5685666799545288,0.3304154872894287,-0.08906324952840805,0.5659979581832886,0.2728930711746216,-0.1054595336318016,0.6131470799446106,0.4942478835582733,-0.038491182029247284,0.631824254989624,0.42348846793174744,-0.07006988674402237,0.6191527843475342,0.4715719521045685,-0.07104579359292984,0.606131911277771,0.5110141634941101,-0.06531231850385666,0.6475026607513428,0.5213274955749512,-0.04535004124045372,0.674342691898346,0.4698191285133362,-0.07445622980594635,0.6961383819580078,0.440190851688385,-0.08319974690675735,0.7141632437705994,0.4064864218235016,-0.08442026376724243
0.6079007387161255,0.6857736110687256,6.552960485350923e-07,0.5633650422096252,0.6687217950820923,-0.02912209741771221,0.5380371809005737,0.6176378726959229,-0.0505257286131382,0.5584491491317749,0.5695547461509705,-0.0714898481965065,0.5871018171310425,0.5378345847129822,-0.09030071645975113,0.5450965762138367,0.4911300241947174,-0.03430764377117157,0.5442330837249756,0.4072023034095764,-0.05910900980234146,0.5481646656990051,0.35446345806121826,-0.07713912427425385,0.551803469657898,0.3065606355667114,-0.09027412533760071,0.5799794793128967,0.4827039837837219,-0.03679070249199867,0.5787732601165771,0.38877320289611816,-0.06685235351324081,0.5756731033325195,0.3285532593727112,-0.08690948039293289,0.5746511220932007,0.2705952823162079,-0.09966181963682175,0.6134305596351624,0.4957274794578552,-0.04162803292274475,0.6176320314407349,0.42489033937454224,-0.07294408231973648,0.6073207259178162,0.4753415584564209,-0.0718463584780693,0.5994522571563721,0.5156943798065186,-0.06344792246818542,0.6449027061462402,0.5218297243118286,-0.04957815632224083,0.6528970003128052,0.45658278465270996,-0.07273373752832413,0.6576246023178101,0.418570876121521,-0.07487175613641739,0.6604536175727844,0.37801194190979004,-0.07211459428071976
0.6092301607131958,0.6735715866088867,6.23920641373843e-07,0.56662917137146,0.6532219052314758,-0.02917729876935482,0.545335590839386,0.5990654826164246,-0.050008874386548996,0.5678760409355164,0.5491424798965454,-0.07029294967651367,0.5980067849159241,0.5170910954475403,-0.08840321004390717,0.551567792892456,0.4787742495536804,-0.033440642058849335,0.5513192415237427,0.3952086567878723,-0.05756310373544693,0.5553407073020935,0.34382081031799316,-0.07499565184116364,0.5588780641555786,0.29745936393737793,-0.08757911622524261,0.5851835012435913,0.4715133607387543,-0.03526026010513306,0.5844323635101318,0.37759268283843994,-0.06429915130138397,0.5820662379264832,0.3194495141506195,-0.08327768743038177,0.582073450088501,0.26486968994140625,-0.09509919583797455,0.6172105073928833,0.48523467779159546,-0.03948190063238144,0.6225463151931763,0.4136565923690796,-0.06962819397449493,0.6142033338546753,0.4633130133152008,-0.06782449781894684,0.6077837944030762,0.502557098865509,-0.05903182551264763,0.6477937698364258,0.5115002989768982,-0.04682374373078346,0.6568173766136169,0.44822075963020325,-0.06869177520275116,0.6631505489349365,0.41310420632362366,-0.06994840502738953,0.6675713062286377,0.37410834431648254,-0.0666087344288826
0.6108456254005432,0.6685742735862732,6.381254138432269e-07,0.5669693350791931,0.6479262113571167,-0.031152015551924706,0.5469457507133484,0.5930461287498474,-0.052558545023202896,0.5705116391181946,0.5414617657661438,-0.07317975163459778,0.6002260446548462,0.5072664618492126,-0.09126044064760208,0.5533798336982727,0.4725485146045685,-0.03451692685484886,0.5538662672042847,0.3887411057949066,-0.05905022844672203,0.558224618434906,0.33724766969680786,-0.07681207358837128,0.5619659423828125,0.291665256023407,-0.0898602083325386,0.5875868201255798,0.4654344320297241,-0.03563300520181656,0.5879069566726685,0.37182244658470154,-0.06573880463838577,0.5854263305664062,0.31362560391426086,-0.08613266050815582,0.5855246186256409,0.2595478296279907,-0.09913843125104904,0.6195939779281616,0.4792548716068268,-0.039257410913705826,0.6249816417694092,0.4065294861793518,-0.06978127360343933,0.6153185367584229,0.45818763971328735,-0.06764306873083115,0.6083515286445618,0.4983657896518707,-0.05884300172328949,0.6499843597412109,0.5054777264595032,-0.04626227170228958,0.6592428684234619,0.44299307465553284,-0.06854113191366196,0.6653562188148499,0.4077429473400116,-0.07014544308185577,0.669594407081604,0.36794212460517883,-0.06716272979974747
0.6124784350395203,0.6659252643585205,6.075148917261686e-07,0.5685244798660278,0.6434510946273804,-0.028936680406332016,0.5499244928359985,0.5879196524620056,-0.04942375048995018,0.5730071067810059,0.5358110070228577,-0.06980887800455093,0.6029413938522339,0.5039082765579224,-0.0874667689204216,0.5531525611877441,0.47035712003707886,-0.031128693372011185,0.5502943992614746,0.38579973578453064,-0.05508739873766899,0.5533480644226074,0.33473771810531616,-0.07272066175937653,0.5560318827629089,0.2903844118118286,-0.0862460508942604,0.5880093574523926,0.46153855323791504,-0.03328387066721916,0.5860956311225891,0.3677457869052887,-0.06321568787097931,0.5817732810974121,0.31049928069114685,-0.08476488292217255,0.5805732607841492,0.258772075176239,-0.09910981357097626,0.6205621361732483,0.47412410378456116,-0.0377582311630249,0.6286100149154663,0.39712798595428467,-0.06657382845878601,0.6210237741470337,0.44726839661598206,-0.06363891810178757,0.6145815849304199,0.4876478910446167,-0.05507459491491318,0.6520546078681946,0.4994810223579407,-0.04566502943634987,0.6651471257209778,0.43882766366004944,-0.06714208424091339,0.6741196513175964,0.40611904859542847,-0.06880267709493637,0.679287850856781,0.3687126040458679,-0.06612645089626312
0.6130666732788086,0.6604709625244141,6.317421252788336e-07,0.56984543800354,0.6382567882537842,-0.03144766390323639,0.5491557121276855,0.584013819694519,-0.05298525467514992,0.5706230401992798,0.5321277379989624,-0.07362421602010727,0.6027837991714478,0.5013912916183472,-0.09124156832695007,0.5512889623641968,0.4685376286506653,-0.03451262786984444,0.5437395572662354,0.381612628698349,-0.05780864506959915,0.5434502959251404,0.32947444915771484,-0.0737898126244545,0.5442240238189697,0.28599053621292114,-0.08634466677904129,0.586845874786377,0.45854634046554565,-0.035158589482307434,0.5830528736114502,0.36682724952697754,-0.06458894908428192,0.5787114500999451,0.3099595904350281,-0.0851762443780899,0.577958345413208,0.25694939494132996,-0.0989951491355896,0.6207878589630127,0.470924973487854,-0.038310419768095016,0.6323663592338562,0.3968353271484375,-0.06746388971805573,0.6263091564178467,0.4453584551811218,-0.06539645045995712,0.6197850108146667,0.48382091522216797,-0.057594116777181625,0.653872549533844,0.4967033267021179,-0.045035213232040405,0.6728038191795349,0.43986010551452637,-0.0691935196518898,0.6869109869003296,0.40876591205596924,-0.07343223690986633,0.6965319514274597,0.3723319172859192,-0.07217129319906235
0.6148982644081116,0.6628837585449219,6.132052021712298e-07,0.5713704824447632,0.6400365829467773,-0.029822999611496925,0.5501240491867065,0.5827383399009705,-0.05001326650381088,0.5734055638313293,0.5299055576324463,-0.06966245919466019,0.6067628264427185,0.5026470422744751,-0.08634420484304428,0.5523782968521118,0.46910417079925537,-0.0327109768986702,0.540464460849762,0.38243022561073303,-0.05408557131886482,0.5366133451461792,0.3310679793357849,-0.06884312629699707,0.5331155061721802,0.28888148069381714,-0.08119258284568787,0.5889429450035095,0.4582318663597107,-0.03374437242746353,0.5855844020843506,0.3663874566555023,-0.06145220622420311,0.5812752842903137,0.3096464276313782,-0.08156109601259232,0.5801065564155579,0.25666457414627075,-0.09569863975048065,0.6229504346847534,0.4708077013492584,-0.03707023710012436,0.6344251036643982,0.3957623541355133,-0.06428476423025131,0.6293229460716248,0.44431960582733154,-0.06201677396893501,0.6238444447517395,0.48354771733283997,-0.054862577468156815,0.6559880375862122,0.4975987374782562,-0.043962422758340836,0.6770191192626953,0.4421354830265045,-0.06793539971113205,0.6931645274162292,0.4109407067298889,-0.07318436354398727,0.7048537731170654,0.37528160214424133,-0.07297550141811371
0.6150648593902588,0.6621879935264587,5.988346742924477e-07,0.5720711946487427,0.6398060321807861,-0.02928694151341915,0.5501341819763184,0.5833156108856201,-0.04913073033094406,0.5732135772705078,0.5310884118080139,-0.06847481429576874,0.606248140335083,0.5025198459625244,-0.08491357415914536,0.5525315999984741,0.4691016376018524,-0.03168965131044388,0.5382639169692993,0.3840183913707733,-0.05235474929213524,0.5324408411979675,0.3335953950881958,-0.06616795808076859,0.5273483991622925,0.2921285033226013,-0.0776103287935257,0.5889114737510681,0.4584038555622101,-0.03300639986991882,0.5862686634063721,0.3661590814590454,-0.060368966311216354,0.5820177793502808,0.3087655305862427,-0.07981336861848831,0.5813722610473633,0.25722119212150574,-0.09309091418981552,0.6231864094734192,0.47121569514274597,-0.036642663180828094,0.6348845362663269,0.39757484197616577,-0.06441961973905563,0.6280299425125122,0.4450535476207733,-0.06270966678857803,0.6218332052230835,0.4840345084667206,-0.05550146847963333,0.6561194062232971,0.4978444576263428,-0.043624505400657654,0.6764386296272278,0.44199877977371216,-0.06752602756023407,0.691550612449646,0.41016721725463867,-0.07238059490919113,0.7028400301933289,0.37392932176589966,-0.07175321131944656
0.614358127117157,0.662363588809967,5.948739385530644e-07,0.5707916021347046,0.640835702419281,-0.029057571664452553,0.5485740303993225,0.5847206115722656,-0.04852639511227608,0.5704864859580994,0.5322456359863281,-0.06759478896856308,0.60261070728302,0.5031725168228149,-0.08366553485393524,0.5503124594688416,0.46960726380348206,-0.029966309666633606,0.5356436371803284,0.38549113273620605,-0.05015035718679428,0.5299937129020691,0.3354526162147522,-0.06377489119768143,0.5251820087432861,0.2942814826965332,-0.07521037012338638,0.587196946144104,0.458855539560318,-0.03135697543621063,0.5845518112182617,0.36742904782295227,-0.058570653200149536,0.5802026391029358,0.31060391664505005,-0.07838860899209976,0.5792788863182068,0.2591468095779419,-0.0920109674334526,0.6217175126075745,0.4715251922607422,-0.03509579971432686,0.632993757724762,0.3985852003097534,-0.06254293769598007,0.6256625652313232,0.44671303033828735,-0.060530275106430054,0.6189191341400146,0.48529544472694397,-0.053197357803583145,0.6545801162719727,0.4977118670940399,-0.042211659252643585,0.6738827228546143,0.44231975078582764,-0.0656689703464508,0.6880586743354797,0.4105917513370514,-0.07017450034618378,0.6982821822166443,0.3738493323326111,-0.06938820332288742
0.6109206080436707,0.6588581800460815,6.199146582730464e-07,0.5669201612472534,0.6389753818511963,-0.02955537475645542,0.5436832904815674,0.5833986401557922,-0.049820009618997574,0.5637246966362,0.5301061868667603,-0.06975597143173218,0.5966622233390808,0.5020718574523926,-0.08650778234004974,0.5445632338523865,0.46833497285842896,-0.030662313103675842,0.5275614857673645,0.38509225845336914,-0.05143733695149422,0.5217071175575256,0.3345996141433716,-0.06507788598537445,0.5173565745353699,0.29402464628219604,-0.07641857862472534,0.5820666551589966,0.4555005729198456,-0.03175172582268715,0.5794399976730347,0.3651057779788971,-0.05913883447647095,0.5754473805427551,0.3088211119174957,-0.0783318504691124,0.5749227404594421,0.257538765668869,-0.09139231592416763,0.617013692855835,0.46646735072135925,-0.03528881072998047,0.6265822649002075,0.3927858769893646,-0.062198054045438766,0.6200175881385803,0.44225308299064636,-0.058767177164554596,0.6142390966415405,0.4814516007900238,-0.05049877613782883,0.6503000259399414,0.49155983328819275,-0.042387936264276505,0.669730007648468,0.4371585249900818,-0.06555893272161484,0.6843196153640747,0.4053656756877899,-0.06985144317150116,0.6948466897010803,0.36817479133605957,-0.06880537420511246
0.608555793762207,0.6553845405578613,6.064870490263274e-07,0.5643325448036194,0.6356428861618042,-0.029077520594000816,0.5399285554885864,0.5796939730644226,-0.04877824708819389,0.5598257780075073,0.5270978212356567,-0.06829992681741714,0.5929954648017883,0.4987012445926666,-0.08479345589876175,0.5419989824295044,0.46581000089645386,-0.029814966022968292,0.5231364965438843,0.3837774991989136,-0.05029652267694473,0.5165847539901733,0.3338189721107483,-0.06384485960006714,0.5116849541664124,0.2931506037712097,-0.07527179270982742,0.5793666243553162,0.4530599117279053,-0.031253404915332794,0.5762810111045837,0.36260563135147095,-0.058655500411987305,0.5721341967582703,0.3060641884803772,-0.07829274982213974,0.5715962052345276,0.25505203008651733,-0.09182745218276978,0.6140226721763611,0.46425238251686096,-0.03515591099858284,0.6231071352958679,0.38955867290496826,-0.06255507469177246,0.6159383058547974,0.4385756850242615,-0.060067251324653625,0.6098660230636597,0.47778499126434326,-0.052532859146595,0.6468179225921631,0.48947620391845703,-0.04249581694602966,0.6662227511405945,0.43453413248062134,-0.0661504715681076,0.6804776191711426,0.401899516582489,-0.07104921340942383,0.6905871629714966,0.36383530497550964,-0.07063079625368118
0.6067978143692017,0.6531684398651123,6.029479777680535e-07,0.5624476671218872,0.6345211267471313,-0.028544824570417404,0.5380017757415771,0.5791485905647278,-0.04819324612617493,0.5572423934936523,0.52578204870224,-0.06784263998270035,0.5901140570640564,0.4973367750644684,-0.0844210833311081,0.5410345196723938,0.46574124693870544,-0.029293900355696678,0.5215487480163574,0.38398346304893494,-0.04980618506669998,0.515224814414978,0.3344094753265381,-0.06326323002576828,0.5107070207595825,0.2942732870578766,-0.07464639097452164,0.5783606171607971,0.4529247581958771,-0.03103647753596306,0.5749676823616028,0.3621981143951416,-0.05909346416592598,0.5702421069145203,0.30577027797698975,-0.0790705755352974,0.5691738128662109,0.254098504781723,-0.09277939051389694,0.612669050693512,0.4636121988296509,-0.03513958677649498,0.6204562187194824,0.38850051164627075,-0.06274094432592392,0.6125074625015259,0.4389023780822754,-0.059393662959337234,0.606160044670105,0.4789073169231415,-0.051237624138593674,0.6450233459472656,0.48826444149017334,-0.04268984496593475,0.663753092288971,0.43329697847366333,-0.06627891957759857,0.6776136755943298,0.4000869393348694,-0.0706997737288475,0.6872664093971252,0.361126184463501,-0.06995735317468643
0.5906887650489807,0.6657246351242065,6.587593475160247e-07,0.545330822467804,0.6477751135826111,-0.030749503523111343,0.517369270324707,0.5969106554985046,-0.05365981534123421,0.5322091579437256,0.5421992540359497,-0.07602539658546448,0.5651046633720398,0.5119093656539917,-0.09531830251216888,0.5163826942443848,0.48393478989601135,-0.036950644105672836,0.49040162563323975,0.39997172355651855,-0.05911148712038994,0.47991782426834106,0.3485967516899109,-0.07358133792877197,0.47287240624427795,0.3078693151473999,-0.08609013259410858,0.553757905960083,0.46797046065330505,-0.03781997412443161,0.5471248030662537,0.3753155767917633,-0.0656522884964943,0.5419130921363831,0.32011404633522034,-0.08544431626796722,0.5389993786811829,0.2623233199119568,-0.0999801829457283,0.5886006951332092,0.47522422671318054,-0.040854036808013916,0.5943724513053894,0.4011644721031189,-0.06679386645555496,0.5877964496612549,0.4539608359336853,-0.06277482211589813,0.5815830826759338,0.49446776509284973,-0.055319689214229584,0.6220158338546753,0.4971667528152466,-0.047719262540340424,0.6390698552131653,0.4418594241142273,-0.07171782106161118,0.6523776650428772,0.40681183338165283,-0.07761022448539734,0.6613247990608215,0.36697256565093994,-0.07836037129163742
0.5676308870315552,0.6640594005584717,6.523993079099455e-07,0.5213401913642883,0.6503676176071167,-0.029351210221648216,0.4891517460346222,0.6035552024841309,-0.050478480756282806,0.5030962228775024,0.5541090369224548,-0.07088766247034073,0.5343828797340393,0.5222527384757996,-0.08838596194982529,0.48976531624794006,0.4866911470890045,-0.03517569974064827,0.46353453397750854,0.4065588712692261,-0.05701550096273422,0.4514830410480499,0.3576475977897644,-0.07103466987609863,0.44204872846603394,0.31565308570861816,-0.08280019462108612,0.5269113183021545,0.4696226716041565,-0.03659028932452202,0.5189982652664185,0.37936586141586304,-0.06539181619882584,0.5116745233535767,0.3216366171836853,-0.08515334129333496,0.5073307156562805,0.2665707468986511,-0.09883244335651398,0.5621598362922668,0.47674015164375305,-0.040118444710969925,0.5651440024375916,0.40586593747138977,-0.06970030814409256,0.5572559833526611,0.4563426971435547,-0.06785410642623901,0.5509843230247498,0.49689754843711853,-0.060338448733091354,0.5959662199020386,0.49776265025138855,-0.046827323734760284,0.6112248301506042,0.44063979387283325,-0.07249312847852707,0.6223790049552917,0.40487444400787354,-0.0780322253704071,0.6294583082199097,0.36515700817108154,-0.0777679830789566
0.5535183548927307,0.6561315655708313,6.808294870097598e-07,0.5061437487602234,0.6422768831253052,-0.028665540739893913,0.47349417209625244,0.5963473916053772,-0.04970211163163185,0.4850481152534485,0.5473229885101318,-0.0703125,0.5150828957557678,0.5154855251312256,-0.08803119510412216,0.4730726480484009,0.48032134771347046,-0.03424910828471184,0.4467867314815521,0.39955639839172363,-0.055594172328710556,0.4352349042892456,0.34958600997924805,-0.06891130656003952,0.4265279173851013,0.3082038164138794,-0.08012297749519348,0.5098733901977539,0.46311601996421814,-0.03605261817574501,0.5015499591827393,0.3719366192817688,-0.06472957134246826,0.49348047375679016,0.3136034607887268,-0.08396344631910324,0.4891018867492676,0.25984954833984375,-0.09715941548347473,0.5452009439468384,0.46970877051353455,-0.040008001029491425,0.5458823442459106,0.3970262110233307,-0.06963732093572617,0.5368809103965759,0.4479260742664337,-0.06775061786174774,0.5302469730377197,0.4894704222679138,-0.06016970053315163,0.5790677070617676,0.49020346999168396,-0.04708394035696983,0.5939125418663025,0.43313878774642944,-0.07324232906103134,0.6049930453300476,0.3969792425632477,-0.07938869297504425,0.6123191118240356,0.356973260641098,-0.07947787642478943
0.5416188836097717,0.6595534682273865,6.993730607973703e-07,0.4918712377548218,0.6443778872489929,-0.0280193779617548,0.4595867693424225,0.5975479483604431,-0.0487256795167923,0.47094041109085083,0.546370267868042,-0.0689886137843132,0.4995407462120056,0.5109875798225403,-0.08626040071249008,0.4576190114021301,0.4790917932987213,-0.034230053424835205,0.43443697690963745,0.3968466520309448,-0.05486663430929184,0.42483827471733093,0.34650662541389465,-0.06896544992923737,0.4177055060863495,0.3043772578239441,-0.08163563907146454,0.49517929553985596,0.4624929130077362,-0.03615865111351013,0.4865582287311554,0.37152212858200073,-0.06387907266616821,0.4779393970966339,0.31240707635879517,-0.08524133265018463,0.4732194244861603,0.2571290135383606,-0.10156265646219254,0.5307518839836121,0.469561904668808,-0.03995446488261223,0.5302964448928833,0.39592111110687256,-0.06733537465333939,0.5179483294487,0.4473415017127991,-0.06632775813341141,0.5080594420433044,0.4889295697212219,-0.061178289353847504,0.5646770000457764,0.49033495783805847,-0.04694231227040291,0.5778026580810547,0.43234866857528687,-0.07269338518381119,0.589218258857727,0.3959081172943115,-0.08030978590250015,0.5969275832176208,0.3558359444141388,-0.08238913863897324
0.5266855955123901,0.6587842106819153,6.82043094002438e-07,0.4783819317817688,0.6497196555137634,-0.02864769659936428,0.4440077841281891,0.6019287109375,-0.04903057590126991,0.4532417058944702,0.550984799861908,-0.06925684213638306,0.4786653220653534,0.5130212903022766,-0.08662017434835434,0.44137927889823914,0.47995632886886597,-0.03215223178267479,0.41549286246299744,0.40134871006011963,-0.053461842238903046,0.4035292863845825,0.3516322672367096,-0.06732472032308578,0.39502692222595215,0.3097057044506073,-0.07921585440635681,0.4784463942050934,0.4623568654060364,-0.034324102103710175,0.4688161611557007,0.3715083599090576,-0.06348663568496704,0.4589713215827942,0.3112335801124573,-0.08464737236499786,0.45422106981277466,0.25713664293289185,-0.09968169778585434,0.5138755440711975,0.46947169303894043,-0.03880413994193077,0.5126582980155945,0.39549872279167175,-0.06941217929124832,0.5016590356826782,0.4470027685165405,-0.06942924112081528,0.49400827288627625,0.4888571500778198,-0.06345994770526886,0.5474672913551331,0.49087968468666077,-0.046275876462459564,0.5596745014190674,0.43189093470573425,-0.07361958920955658,0.5702794194221497,0.3950984477996826,-0.08112163096666336,0.5775851607322693,0.35415059328079224,-0.08239848911762238
0.5291579961776733,0.6672109365463257,6.636853981945023e-07,0.4807245135307312,0.6530780792236328,-0.026235142722725868,0.4482743740081787,0.6054133176803589,-0.04594267159700394,0.45790767669677734,0.5540361404418945,-0.06586335599422455,0.4835774600505829,0.5154843926429749,-0.08274693787097931,0.4444882273674011,0.48526790738105774,-0.02912459895014763,0.41863858699798584,0.40612027049064636,-0.049081046134233475,0.4069131314754486,0.3572313189506531,-0.06172319874167442,0.39817649126052856,0.31588760018348694,-0.07277265936136246,0.48151758313179016,0.46770915389060974,-0.03206198662519455,0.4723897874355316,0.37699592113494873,-0.05965564772486687,0.46380239725112915,0.3177080750465393,-0.07958772033452988,0.45936107635498047,0.2632730305194855,-0.09392600506544113,0.5175274014472961,0.4743817448616028,-0.03709564357995987,0.5154810547828674,0.4004434645175934,-0.06620418280363083,0.5049391388893127,0.45322278141975403,-0.06449528783559799,0.49740928411483765,0.4957655370235443,-0.057598650455474854,0.551973283290863,0.49576589465141296,-0.045021913945674896,0.5651313662528992,0.4382413625717163,-0.0709526464343071,0.5765976905822754,0.4019215404987335,-0.07708097249269485,0.5842750072479248,0.3616842031478882,-0.07746580243110657
0.5419658422470093,0.672831118106842,6.611087428609608e-07,0.49445030093193054,0.6593462824821472,-0.02670808881521225,0.4614626169204712,0.6110730171203613,-0.04568725824356079,0.47541651129722595,0.5602853298187256,-0.06437139213085175,0.5057845711708069,0.5283877849578857,-0.0804038792848587,0.459185928106308,0.4923177659511566,-0.031463515013456345,0.4337754249572754,0.4125199019908905,-0.05126287043094635,0.4201301634311676,0.36411452293395996,-0.0639326274394989,0.40848255157470703,0.3231504559516907,-0.07498738169670105,0.497048020362854,0.4763687252998352,-0.033955033868551254,0.4896495044231415,0.3863063454627991,-0.06073768436908722,0.4803611636161804,0.32731181383132935,-0.07966546714305878,0.4738224744796753,0.2725415825843811,-0.09328211843967438,0.5332130193710327,0.48402324318885803,-0.03852801397442818,0.5329181551933289,0.4125289022922516,-0.06797616183757782,0.5212001204490662,0.4635278582572937,-0.06819357722997665,0.5125669836997986,0.5053301453590393,-0.06243482232093811,0.5669457912445068,0.5059934258460999,-0.04588708281517029,0.5813347101211548,0.4491139054298401,-0.07256908714771271,0.5923641324043274,0.4123556613922119,-0.07994981855154037,0.6006429195404053,0.3721243143081665,-0.08113990724086761
0.5779861211776733,0.6788002252578735,6.302396968749235e-07,0.5326927304267883,0.659874439239502,-0.02863585390150547,0.5051264762878418,0.6098992824554443,-0.049702275544404984,0.5235643982887268,0.558677613735199,-0.07022593170404434,0.5553282499313354,0.5328906178474426,-0.08831216394901276,0.5039050579071045,0.49405205249786377,-0.036732617765665054,0.48407235741615295,0.4080415368080139,-0.05989653244614601,0.4747622311115265,0.3573126196861267,-0.07615943998098373,0.46639811992645264,0.31310778856277466,-0.08923143148422241,0.5404258966445923,0.47928881645202637,-0.03882969543337822,0.533768892288208,0.3868454396724701,-0.06676765531301498,0.5270966291427612,0.3292117714881897,-0.08609698712825775,0.5218177437782288,0.27388399839401245,-0.09969083964824677,0.5750294923782349,0.48763588070869446,-0.042954836040735245,0.5822716355323792,0.4162334203720093,-0.07104383409023285,0.577052891254425,0.46470752358436584,-0.06927304714918137,0.5715534687042236,0.504786491394043,-0.06211110204458237,0.6083783507347107,0.5107223987579346,-0.050367482006549835,0.6243242621421814,0.45159611105918884,-0.07437467575073242,0.6365688443183899,0.41680246591567993,-0.07868308573961258,0.6451151371002197,0.3803969621658325,-0.0777016431093216
0.6117655634880066,0.6699406504631042,6.660089866272756e-07,0.5667415261268616,0.6453425884246826,-0.029696766287088394,0.5454325675964355,0.5898725986480713,-0.0506315603852272,0.5719161033630371,0.5407535433769226,-0.07054357975721359,0.6079843640327454,0.5219035148620605,-0.08782368898391724,0.550022542476654,0.48222604393959045,-0.036490246653556824,0.5289360880851746,0.39926081895828247,-0.056745924055576324,0.5191212296485901,0.3490932881832123,-0.0706019252538681,0.5106882452964783,0.30610132217407227,-0.08299253135919571,0.5891982913017273,0.47101283073425293,-0.03756960108876228,0.5958165526390076,0.38012683391571045,-0.06416311860084534,0.5989625453948975,0.32343029975891113,-0.08298984169960022,0.6027738451957703,0.2695959806442261,-0.09671635180711746,0.6226006150245667,0.4831961393356323,-0.04062477499246597,0.6360031962394714,0.4115939438343048,-0.0666888952255249,0.6270055174827576,0.4591822922229767,-0.06414108723402023,0.6187247633934021,0.4976767599582672,-0.05720745772123337,0.6538599729537964,0.5083986520767212,-0.04713331535458565,0.67192542552948,0.4513835906982422,-0.06937991082668304,0.6846120953559875,0.4180935025215149,-0.0734773725271225,0.6935380697250366,0.3827011287212372,-0.07305854558944702
0.632344663143158,0.6627709269523621,7.241869184326788e-07,0.5883761048316956,0.6344702243804932,-0.03126431629061699,0.5712132453918457,0.5766423940658569,-0.05317509546875954,0.6019114851951599,0.5293624997138977,-0.07323962450027466,0.6382186412811279,0.5101652145385742,-0.09052098542451859,0.5778138637542725,0.4720173478126526,-0.04074421525001526,0.5600860118865967,0.3886919617652893,-0.059728123247623444,0.5512118339538574,0.3381699323654175,-0.07215213775634766,0.5435928106307983,0.29490476846694946,-0.08396615833044052,0.6192606687545776,0.46379995346069336,-0.0403929203748703,0.6378709077835083,0.3741304278373718,-0.06474383175373077,0.6504490971565247,0.32121914625167847,-0.0813443660736084,0.6624860167503357,0.26718103885650635,-0.09416139125823975,0.6522152423858643,0.47840651869773865,-0.04185137897729874,0.6713573932647705,0.4102540910243988,-0.06591713428497314,0.6590604186058044,0.4583473801612854,-0.06236454099416733,0.648133397102356,0.495645135641098,-0.05565967038273811,0.6819226741790771,0.5062361359596252,-0.046917591243982315,0.7034311294555664,0.4514993727207184,-0.06875854730606079,0.7181341648101807,0.419301301240921,-0.07318121194839478,0.7296508550643921,0.38567331433296204,-0.07344210892915726
0.6406160593032837,0.6572844982147217,7.015128176135477e-07,0.5987311601638794,0.6331638097763062,-0.032208263874053955,0.5802417993545532,0.5774468779563904,-0.054394107311964035,0.6093290448188782,0.5312077403068542,-0.07455101609230042,0.6445844173431396,0.5104127526283264,-0.0918438583612442,0.5869746208190918,0.47144797444343567,-0.042679399251937866,0.5710119009017944,0.38789796829223633,-0.06288933753967285,0.5633506774902344,0.33777880668640137,-0.07574772834777832,0.5565757751464844,0.29413527250289917,-0.08750192075967789,0.6282151341438293,0.462093323469162,-0.04213352128863335,0.646209180355072,0.3725241720676422,-0.06759142875671387,0.6586657762527466,0.318120539188385,-0.08493643254041672,0.6703898906707764,0.263576865196228,-0.09807839244604111,0.6616290211677551,0.4762568175792694,-0.043443433940410614,0.6824836134910583,0.41132652759552,-0.06894641369581223,0.6706711649894714,0.45844948291778564,-0.06670305132865906,0.6595555543899536,0.49549174308776855,-0.060459863394498825,0.6916872262954712,0.5039835572242737,-0.04828245937824249,0.7138213515281677,0.4514441192150116,-0.07092297077178955,0.7286614179611206,0.42085644602775574,-0.07586394995450974,0.7404038310050964,0.3889560103416443,-0.07625391334295273
0.6475440859794617,0.6589813828468323,6.917333053024777e-07,0.6070178747177124,0.6297309398651123,-0.030391106382012367,0.5898517966270447,0.575771689414978,-0.051412444561719894,0.620809018611908,0.5332288146018982,-0.07104583084583282,0.653954029083252,0.5124526023864746,-0.08770078420639038,0.6009499430656433,0.46678781509399414,-0.04047362133860588,0.5809435844421387,0.38574644923210144,-0.06261365115642548,0.570698082447052,0.335252046585083,-0.0773361548781395,0.5629248023033142,0.29191839694976807,-0.09056141972541809,0.6443268656730652,0.4578070044517517,-0.04178102687001228,0.6580362915992737,0.36937394738197327,-0.06986268609762192,0.6629074215888977,0.3115980327129364,-0.09170034527778625,0.6712937355041504,0.2570829391479492,-0.1081726923584938,0.6800517439842224,0.47807830572128296,-0.04490552097558975,0.7115480899810791,0.4214830994606018,-0.07686679065227509,0.6922540664672852,0.4638754427433014,-0.08339454233646393,0.6751720905303955,0.49959659576416016,-0.0825447142124176,0.7112022638320923,0.5170472860336304,-0.05073254555463791,0.7494290471076965,0.48212218284606934,-0.08508665859699249,0.7800015211105347,0.46247735619544983,-0.09970494359731674,0.8084397315979004,0.4417085349559784,-0.10504268109798431
0.6451900601387024,0.6557745933532715,6.672509016425465e-07,0.6055043339729309,0.6266286373138428,-0.029302086681127548,0.588972806930542,0.5718627572059631,-0.04951995238661766,0.6188769936561584,0.5276014804840088,-0.06861479580402374,0.6510603427886963,0.5055375099182129,-0.08486665785312653,0.6003268361091614,0.4648691415786743,-0.03864261507987976,0.5804867148399353,0.3849264979362488,-0.060231104493141174,0.5700583457946777,0.3356268107891083,-0.07425986975431442,0.5615129470825195,0.2939850687980652,-0.08673566579818726,0.6432546973228455,0.4561883807182312,-0.04036741331219673,0.6579710245132446,0.3679178059101105,-0.06776360422372818,0.6625819802284241,0.3099430799484253,-0.08921073377132416,0.6704928278923035,0.25693148374557495,-0.10528478026390076,0.6784536242485046,0.476839154958725,-0.04388977959752083,0.7088229656219482,0.4194253981113434,-0.07553604245185852,0.6901815533638,0.45910510420799255,-0.08274383097887039,0.6740648150444031,0.49286219477653503,-0.08249073475599289,0.7085934281349182,0.5160335898399353,-0.04996004328131676,0.7472864985466003,0.48252275586128235,-0.08392752707004547,0.7783677577972412,0.4629993140697479,-0.09866439551115036,0.8074833750724792,0.4420374631881714,-0.10421012341976166
0.6424750685691833,0.6486993432044983,6.544515827044961e-07,0.6026900410652161,0.6206353902816772,-0.027775857597589493,0.5844131708145142,0.564985454082489,-0.047352228313684464,0.6130824685096741,0.5193368196487427,-0.06620870530605316,0.6470293402671814,0.4986341595649719,-0.0824078842997551,0.5959914922714233,0.4592675268650055,-0.03669347986578941,0.5736860036849976,0.3792803883552551,-0.05782316252589226,0.5609234571456909,0.33084988594055176,-0.07132890075445175,0.5505091547966003,0.29091542959213257,-0.08320046961307526,0.6382279992103577,0.4497981667518616,-0.03889261558651924,0.6509307026863098,0.36030352115631104,-0.06497113406658173,0.6549209356307983,0.30232545733451843,-0.08510346710681915,0.662549614906311,0.24935349822044373,-0.10008132457733154,0.673652172088623,0.468977153301239,-0.04289771988987923,0.7011833190917969,0.4069090187549591,-0.07316753268241882,0.6839671730995178,0.4455774426460266,-0.07954931259155273,0.6694410443305969,0.4795607328414917,-0.07879119366407394,0.7041870355606079,0.5063751935958862,-0.04937449470162392,0.7423258423805237,0.4705429971218109,-0.08201649785041809,0.7725521922111511,0.448809951543808,-0.09604206681251526,0.80088210105896,0.42585062980651855,-0.1011514961719513
0.6279316544532776,0.6449916958808899,6.428654728551919e-07,0.5866978168487549,0.6196697354316711,-0.02622174844145775,0.5648859739303589,0.5651589632034302,-0.04517674446105957,0.5886769890785217,0.5145317316055298,-0.0643862932920456,0.6221536993980408,0.49241751432418823,-0.08052383363246918,0.5746853947639465,0.4578818082809448,-0.03126883506774902,0.548077404499054,0.3797571659088135,-0.05129780247807503,0.5344445705413818,0.3312734067440033,-0.06454974412918091,0.523534893989563,0.2923493981361389,-0.07689735293388367,0.6152719259262085,0.4454213082790375,-0.03393914923071861,0.6213680505752563,0.35628819465637207,-0.060534313321113586,0.6223402619361877,0.29855984449386597,-0.0813276544213295,0.6282048225402832,0.24545447528362274,-0.09695952385663986,0.6503093838691711,0.46030503511428833,-0.038529254496097565,0.6720368266105652,0.3934393525123596,-0.06686781346797943,0.6563286781311035,0.43714773654937744,-0.06919680535793304,0.6435693502426147,0.4745487570762634,-0.066016286611557,0.6824302077293396,0.4925490617752075,-0.04601115360856056,0.7162154316902161,0.4531901478767395,-0.0763552188873291,0.7443670630455017,0.42872706055641174,-0.08851319551467896,0.770240843296051,0.40201953053474426,-0.0925806313753128
0.6196310520172119,0.6426100134849548,6.436375201701594e-07,0.5789003372192383,0.6170545220375061,-0.025970077142119408,0.5572620034217834,0.5642108917236328,-0.04502123221755028,0.5781668424606323,0.5126866698265076,-0.0642436295747757,0.6095103025436401,0.48790106177330017,-0.08057168871164322,0.5640771389007568,0.45887574553489685,-0.031670890748500824,0.536810576915741,0.38139891624450684,-0.05147424712777138,0.5231137275695801,0.3333793878555298,-0.06448428332805634,0.5123066902160645,0.293813556432724,-0.07667303830385208,0.6035520434379578,0.44530948996543884,-0.0343775637447834,0.6081843972206116,0.3553445339202881,-0.06049015372991562,0.6090161800384521,0.2984297573566437,-0.08093981444835663,0.6144004464149475,0.24582704901695251,-0.09643014520406723,0.6384977102279663,0.4588400721549988,-0.038900986313819885,0.6578488349914551,0.3908383846282959,-0.0671156793832779,0.6436512470245361,0.4332210421562195,-0.07004740834236145,0.6323573589324951,0.4701685607433319,-0.06750605255365372,0.6710111498832703,0.4898994266986847,-0.046196166425943375,0.7042235732078552,0.44969993829727173,-0.0762932151556015,0.731911838054657,0.42358484864234924,-0.08865208178758621,0.7571176290512085,0.3958888649940491,-0.09309610724449158
0.6108267307281494,0.6398887634277344,6.356916060212825e-07,0.5691441297531128,0.6169729828834534,-0.025456316769123077,0.5447546243667603,0.5639954209327698,-0.04356224834918976,0.56447833776474,0.5111903548240662,-0.061702363193035126,0.597610354423523,0.4869498610496521,-0.07713696360588074,0.5490075945854187,0.4598846137523651,-0.03145232051610947,0.5207399725914001,0.3824523687362671,-0.05083572864532471,0.5073641538619995,0.3338658809661865,-0.0636473149061203,0.49694281816482544,0.29297947883605957,-0.07582034170627594,0.5885436534881592,0.4443097412586212,-0.03413340076804161,0.5909878015518188,0.35417428612709045,-0.0600934661924839,0.591075599193573,0.29718419909477234,-0.08045195788145065,0.5948949456214905,0.2453591227531433,-0.09578725695610046,0.6239557266235352,0.4556182622909546,-0.03853653743863106,0.6423910856246948,0.3875955045223236,-0.06605309247970581,0.6310418844223022,0.42790812253952026,-0.06891123950481415,0.620902419090271,0.4629950225353241,-0.06630634516477585,0.6574432849884033,0.4836421310901642,-0.04564365744590759,0.6885091662406921,0.4407430589199066,-0.07385846972465515,0.7131905555725098,0.4130553603172302,-0.08497309684753418,0.7345540523529053,0.38434451818466187,-0.0888339951634407
0.6018783450126648,0.649346113204956,6.055197445675731e-07,0.559590220451355,0.6281524896621704,-0.0287130456417799,0.5351786017417908,0.5754029154777527,-0.047338537871837616,0.5547878742218018,0.5223185420036316,-0.0652368888258934,0.5888118147850037,0.4948069453239441,-0.0803561732172966,0.5410834550857544,0.46890249848365784,-0.03215502202510834,0.5296355485916138,0.38378554582595825,-0.05352359637618065,0.5272830128669739,0.33144551515579224,-0.06863342225551605,0.5262238383293152,0.28756606578826904,-0.08159994333982468,0.5761760473251343,0.4561825394630432,-0.032933030277490616,0.5680590271949768,0.36750632524490356,-0.059604719281196594,0.5600534081459045,0.31187155842781067,-0.0806315466761589,0.5571967363357544,0.26065897941589355,-0.09595838189125061,0.610858678817749,0.4663180410861969,-0.03595550358295441,0.6267024874687195,0.3957681953907013,-0.06405137479305267,0.6183950901031494,0.43330124020576477,-0.0679468959569931,0.6091673374176025,0.4665313959121704,-0.0657380148768425,0.6451995372772217,0.4914741516113281,-0.04209832474589348,0.6724781394004822,0.4443006217479706,-0.06996485590934753,0.6941713690757751,0.41600972414016724,-0.0810989961028099,0.7123658657073975,0.385381817817688,-0.08495479077100754
0.5956395268440247,0.6470492482185364,6.086507937652641e-07,0.5526195168495178,0.6252883672714233,-0.028031444177031517,0.5289495587348938,0.5731058120727539,-0.04616761580109596,0.5475854277610779,0.5185481309890747,-0.06351353228092194,0.5804091095924377,0.48882195353507996,-0.07784658670425415,0.5357614755630493,0.4661855697631836,-0.030220497399568558,0.5278459191322327,0.38212838768959045,-0.050810765475034714,0.5281637907028198,0.330295205116272,-0.06572675704956055,0.5295371413230896,0.2878239154815674,-0.07876114547252655,0.5705801248550415,0.4549209177494049,-0.03077787347137928,0.5629553198814392,0.36633986234664917,-0.0568409338593483,0.5562078952789307,0.3119123578071594,-0.07786951214075089,0.5549640655517578,0.26257967948913574,-0.09363134205341339,0.604392945766449,0.4654814898967743,-0.03355802968144417,0.6181080341339111,0.3941747546195984,-0.0602567121386528,0.6081270575523376,0.4317866861820221,-0.06322253495454788,0.5980643630027771,0.4649147093296051,-0.06105567887425423,0.6379614472389221,0.49013954401016235,-0.03946293145418167,0.6643859148025513,0.4433758854866028,-0.06614373624324799,0.6854931712150574,0.41531288623809814,-0.07692508399486542,0.7027589082717896,0.38432544469833374,-0.080998994410038
0.5886996984481812,0.6436669826507568,6.116684403423278e-07,0.5462814569473267,0.6226296424865723,-0.027391837909817696,0.5212088227272034,0.5701484680175781,-0.045614928007125854,0.5395281314849854,0.5157065391540527,-0.0632372498512268,0.5730238556861877,0.48546406626701355,-0.07786616683006287,0.5276567935943604,0.46411579847335815,-0.03025863878428936,0.5186135768890381,0.3815152049064636,-0.05130375176668167,0.5186291337013245,0.329914391040802,-0.06656346470117569,0.519605278968811,0.28746482729911804,-0.07985005527734756,0.5621923804283142,0.4527492821216583,-0.03127289190888405,0.5540273785591125,0.3647863268852234,-0.05797237902879715,0.5461843609809875,0.31047385931015015,-0.07911243289709091,0.544118344783783,0.2615247368812561,-0.0947798639535904,0.5959309935569763,0.46353811025619507,-0.03444279357790947,0.6089142560958862,0.391571581363678,-0.061606112867593765,0.5980675220489502,0.4299403727054596,-0.06406300514936447,0.5875216722488403,0.46373698115348816,-0.061350107192993164,0.6294945478439331,0.4883163571357727,-0.04067042097449303,0.6556147933006287,0.4406840205192566,-0.06762875616550446,0.6767551302909851,0.41228723526000977,-0.07805521041154861,0.69415283203125,0.3807636499404907,-0.08170516788959503
0.5866816639900208,0.6458792686462402,6.246216912586533e-07,0.5445907711982727,0.6246277689933777,-0.028375063091516495,0.5182914733886719,0.5739126205444336,-0.047760870307683945,0.5348933339118958,0.5205976963043213,-0.06650066375732422,0.5698345899581909,0.49100029468536377,-0.082083560526371,0.5250212550163269,0.4665262699127197,-0.03173954039812088,0.5150157809257507,0.3833451271057129,-0.05292719975113869,0.514022946357727,0.33180004358291626,-0.06776155531406403,0.5138089060783386,0.2896523177623749,-0.0807141438126564,0.5597767233848572,0.4544919431209564,-0.03236375004053116,0.5522067546844482,0.3668866455554962,-0.059285130351781845,0.5436555743217468,0.3128276467323303,-0.07960763573646545,0.5402941703796387,0.26326513290405273,-0.09463422000408173,0.5936046838760376,0.46473875641822815,-0.03521256521344185,0.6048056483268738,0.39205849170684814,-0.06251583993434906,0.5943508148193359,0.4332371652126312,-0.06352362036705017,0.5845035314559937,0.4693375825881958,-0.05955490469932556,0.6272850632667542,0.4893186688423157,-0.041284676641225815,0.6531524658203125,0.44192180037498474,-0.06852458417415619,0.6743369102478027,0.41360074281692505,-0.07865017652511597,0.6917753219604492,0.38220900297164917,-0.08184720575809479
0.587370753288269,0.6497257947921753,5.824421691613679e-07,0.5437978506088257,0.62904953956604,-0.026790479198098183,0.5178795456886292,0.5781483054161072,-0.046267785131931305,0.533454418182373,0.523296058177948,-0.06587468832731247,0.5667023062705994,0.4969518780708313,-0.08213325589895248,0.5190815329551697,0.47598904371261597,-0.030839618295431137,0.49270397424697876,0.39765018224716187,-0.05040987581014633,0.48116034269332886,0.34919047355651855,-0.06334005296230316,0.47275787591934204,0.31162938475608826,-0.07544352114200592,0.5555422902107239,0.45830270648002625,-0.03217224031686783,0.5453741550445557,0.37069234251976013,-0.05754637345671654,0.5351324677467346,0.31812387704849243,-0.07723258435726166,0.529693067073822,0.26454976201057434,-0.09239237755537033,0.5902988314628601,0.4651619493961334,-0.03529658913612366,0.5991628170013428,0.3947877287864685,-0.05873952805995941,0.5893376469612122,0.4447040259838104,-0.05544538423418999,0.5803662538528442,0.48472508788108826,-0.049458928406238556,0.6243521571159363,0.4883100688457489,-0.042033907026052475,0.6484636068344116,0.4429057836532593,-0.06651336699724197,0.6700249314308167,0.4136064946651459,-0.07461947202682495,0.6878554821014404,0.38051992654800415,-0.07684487104415894
0.5872626900672913,0.6452764868736267,5.780169658464729e-07,0.5442663431167603,0.6271541118621826,-0.026766670867800713,0.5169168710708618,0.5758464932441711,-0.04479428008198738,0.5340080261230469,0.522216796875,-0.06301505118608475,0.5680478811264038,0.49592047929763794,-0.07793157547712326,0.5186777710914612,0.47117507457733154,-0.028514329344034195,0.4906524419784546,0.39499807357788086,-0.04760528355836868,0.4778091013431549,0.34680894017219543,-0.0599641352891922,0.4681989550590515,0.30785202980041504,-0.0714765265583992,0.5557846426963806,0.4539163112640381,-0.030283866450190544,0.5460461974143982,0.3674544095993042,-0.05637364462018013,0.5353286266326904,0.31310439109802246,-0.076395183801651,0.530577540397644,0.2623988687992096,-0.09106118977069855,0.5909445285797119,0.46190106868743896,-0.034126389771699905,0.6013224720954895,0.392267644405365,-0.0606478750705719,0.5912262797355652,0.43923163414001465,-0.059874001890420914,0.5827429294586182,0.4782300591468811,-0.05437832325696945,0.6250386238098145,0.48535194993019104,-0.041223909705877304,0.6497312188148499,0.43951281905174255,-0.06760998070240021,0.6710723042488098,0.40998682379722595,-0.07640938460826874,0.6892523765563965,0.37722885608673096,-0.07852156460285187
0.5872805118560791,0.643710196018219,6.205817726367968e-07,0.5442860722541809,0.6251302361488342,-0.026463594287633896,0.5166497230529785,0.5759703516960144,-0.046175144612789154,0.5307822227478027,0.5218662619590759,-0.06609059125185013,0.5639123320579529,0.4952511191368103,-0.08287029713392258,0.5205591320991516,0.4702015519142151,-0.029723016545176506,0.49690455198287964,0.3943972587585449,-0.048492420464754105,0.48853686451911926,0.3477112054824829,-0.06065702065825462,0.4837753176689148,0.3116493821144104,-0.07202770560979843,0.556757390499115,0.4539274573326111,-0.031020842492580414,0.5502454042434692,0.36767131090164185,-0.05599327012896538,0.5437638759613037,0.3150191009044647,-0.07534365355968475,0.5426842570304871,0.26157742738723755,-0.09020379930734634,0.5909467339515686,0.4611121416091919,-0.03417887166142464,0.6000919342041016,0.39015984535217285,-0.057951103895902634,0.5900516510009766,0.43827757239341736,-0.05587226152420044,0.5818470120429993,0.4777846932411194,-0.05072342976927757,0.6244666576385498,0.48437514901161194,-0.040724098682403564,0.6492100954055786,0.4390261471271515,-0.06560725718736649,0.670957088470459,0.4097285270690918,-0.07450501620769501,0.6888662576675415,0.37657231092453003,-0.07730670273303986
0.5881437063217163,0.6444965600967407,6.332656425911409e-07,0.5450457334518433,0.6245680451393127,-0.02649906650185585,0.5174006819725037,0.5758785009384155,-0.04680212214589119,0.53147953748703,0.5217742323875427,-0.06717287749052048,0.5649234652519226,0.49580374360084534,-0.08430305868387222,0.5210980176925659,0.4694361984729767,-0.030575260519981384,0.49872300028800964,0.39275237917900085,-0.049202967435121536,0.4914064407348633,0.34607240557670593,-0.06110178306698799,0.48762816190719604,0.3106045424938202,-0.07228826731443405,0.557352602481842,0.4536488354206085,-0.031840939074754715,0.5522518754005432,0.3658161461353302,-0.05655298009514809,0.5472102761268616,0.31369197368621826,-0.07551494240760803,0.5468510389328003,0.25948604941368103,-0.09018334001302719,0.5917001366615295,0.4610854685306549,-0.03483772277832031,0.6010564565658569,0.39032378792762756,-0.05791948735713959,0.5908206701278687,0.4397355914115906,-0.05507657304406166,0.5821391344070435,0.4795788824558258,-0.04959898442029953,0.6253075003623962,0.4848102927207947,-0.041270993649959564,0.6503005027770996,0.4395735561847687,-0.06540142744779587,0.6719416379928589,0.41023576259613037,-0.07381189614534378,0.6891963481903076,0.37657028436660767,-0.0764746218919754
0.5881057977676392,0.6446859240531921,6.130931069492362e-07,0.5457942485809326,0.62870192527771,-0.02679578959941864,0.5181093215942383,0.577887237071991,-0.04552584886550903,0.5331670045852661,0.523262619972229,-0.06430397927761078,0.5657933354377747,0.49494263529777527,-0.07990477979183197,0.5196738839149475,0.4723074734210968,-0.02944229543209076,0.49423155188560486,0.396059513092041,-0.04791926592588425,0.48344093561172485,0.3485434055328369,-0.059607379138469696,0.47600969672203064,0.31071627140045166,-0.07069466263055801,0.5567215085029602,0.45500993728637695,-0.030805062502622604,0.5516802072525024,0.36849328875541687,-0.05587262287735939,0.5461320281028748,0.31448861956596375,-0.07524337619543076,0.5456013679504395,0.26280730962753296,-0.08994890004396439,0.5914599895477295,0.4622838795185089,-0.034147780388593674,0.601835310459137,0.3921396732330322,-0.05931594967842102,0.5914298892021179,0.43896692991256714,-0.05859486758708954,0.5831179618835449,0.4778707027435303,-0.053966179490089417,0.6247453093528748,0.485122948884964,-0.04067900404334068,0.6495766043663025,0.4402123987674713,-0.06634635478258133,0.6704285144805908,0.4108172059059143,-0.07551436126232147,0.6879063844680786,0.3780708312988281,-0.07840342074632645
0.5826014876365662,0.647419273853302,6.378572834364604e-07,0.5380790829658508,0.6310632228851318,-0.028011362999677658,0.509768545627594,0.582706093788147,-0.048655860126018524,0.5236489772796631,0.5260058045387268,-0.06920326501131058,0.5559353232383728,0.49639812111854553,-0.08639232069253922,0.508171796798706,0.47753316164016724,-0.03240775689482689,0.47572028636932373,0.4016610383987427,-0.051998913288116455,0.4602717161178589,0.3539053201675415,-0.06441812962293625,0.44950297474861145,0.31597286462783813,-0.07622624188661575,0.5454999208450317,0.4574533998966217,-0.03329019621014595,0.5378180146217346,0.3696230351924896,-0.05878307670354843,0.530971348285675,0.3163014352321625,-0.07818600535392761,0.5284499526023865,0.26083454489707947,-0.09312699735164642,0.5806507468223572,0.46215957403182983,-0.03607437387108803,0.5891173481941223,0.3919221758842468,-0.06036290526390076,0.580592930316925,0.4419933259487152,-0.057651836425065994,0.5733447670936584,0.4824499189853668,-0.05194149166345596,0.6152461171150208,0.48330584168434143,-0.04242929816246033,0.6385363936424255,0.4380963444709778,-0.06759767979383469,0.658966600894928,0.40737012028694153,-0.07606358081102371,0.675940215587616,0.3735262453556061,-0.07845649868249893
0.5548776984214783,0.6569705009460449,6.133586794021539e-07,0.5087916851043701,0.6418875455856323,-0.025027170777320862,0.4784477949142456,0.594530463218689,-0.04241281747817993,0.49389222264289856,0.5433846116065979,-0.05979219079017639,0.5252323150634766,0.515251874923706,-0.07432322949171066,0.4773232042789459,0.48486238718032837,-0.028518568724393845,0.4487215578556061,0.41048264503479004,-0.047472309321165085,0.43460556864738464,0.36298221349716187,-0.06027321517467499,0.4237019419670105,0.32293272018432617,-0.07199981808662415,0.5150247812271118,0.4668335020542145,-0.03100353293120861,0.5062756538391113,0.38174164295196533,-0.05704518035054207,0.49779340624809265,0.3254106342792511,-0.0771634504199028,0.49450597167015076,0.27238017320632935,-0.09203613549470901,0.5515663623809814,0.4735688269138336,-0.03531959652900696,0.5600973963737488,0.4056566655635834,-0.06254254281520844,0.549717128276825,0.45067739486694336,-0.06311459094285965,0.541281521320343,0.48922857642173767,-0.05846145749092102,0.587168276309967,0.4950457215309143,-0.042475663125514984,0.6091338992118835,0.4446394145488739,-0.06891554594039917,0.6274187564849854,0.4115021228790283,-0.07744995504617691,0.6427002549171448,0.37660589814186096,-0.07941899448633194
0.554671585559845,0.6633194088935852,6.345431415866187e-07,0.5105419754981995,0.6423301696777344,-0.02532978355884552,0.4816269874572754,0.5918180346488953,-0.04381905868649483,0.5007195472717285,0.5420742630958557,-0.061887770891189575,0.5335528254508972,0.516883134841919,-0.07742860913276672,0.48685646057128906,0.4804396629333496,-0.03431563079357147,0.46419310569763184,0.39821332693099976,-0.05450353026390076,0.4535492956638336,0.34837090969085693,-0.06794203072786331,0.4452410638332367,0.3062296509742737,-0.07951042056083679,0.525191605091095,0.4667345881462097,-0.03679240122437477,0.5201913714408875,0.37612470984458923,-0.06272317469120026,0.5139039754867554,0.318459153175354,-0.08171997964382172,0.5107626914978027,0.263171911239624,-0.09547459334135056,0.5609846711158752,0.47613489627838135,-0.040807031095027924,0.573947548866272,0.40909242630004883,-0.06880933791399002,0.5617899298667908,0.4541100263595581,-0.0703810378909111,0.5506422519683838,0.4929428696632385,-0.06592392176389694,0.5947591662406921,0.500708818435669,-0.04747024551033974,0.6196529269218445,0.448295921087265,-0.0745474100112915,0.6397186517715454,0.41637253761291504,-0.08320710062980652,0.6570872664451599,0.38390272855758667,-0.08487987518310547
0.5780432224273682,0.6682694554328918,7.141404125832196e-07,0.5324654579162598,0.6451293230056763,-0.03192180022597313,0.5057250261306763,0.5909261107444763,-0.05465460941195488,0.5271753668785095,0.540441632270813,-0.07622793316841125,0.5634039044380188,0.5147368907928467,-0.09429682791233063,0.5144150257110596,0.47554391622543335,-0.04061691835522652,0.4949806332588196,0.387284517288208,-0.06343257427215576,0.48810482025146484,0.33470654487609863,-0.0789567083120346,0.48370176553726196,0.2902246415615082,-0.09297740459442139,0.5550403594970703,0.4631647765636444,-0.040879059582948685,0.555534839630127,0.3691874146461487,-0.0715484544634819,0.5538731813430786,0.3113303780555725,-0.09516221284866333,0.5557218790054321,0.2516658902168274,-0.11300910264253616,0.5914386510848999,0.4758131504058838,-0.04284152761101723,0.6115822792053223,0.40858766436576843,-0.07211436331272125,0.5963961482048035,0.4619898796081543,-0.07157144695520401,0.5817420482635498,0.5032908320426941,-0.06633137166500092,0.6258134245872498,0.5044653415679932,-0.048475585877895355,0.6539795398712158,0.4561348855495453,-0.07711556553840637,0.6772164702415466,0.42536771297454834,-0.08666611462831497,0.6963328123092651,0.3898194134235382,-0.08937886357307434
0.5781781077384949,0.6653673052787781,7.06538230588194e-07,0.5336573719978333,0.6397441625595093,-0.029976004734635353,0.5064647197723389,0.5869244933128357,-0.05233657732605934,0.5256581902503967,0.5339313745498657,-0.07390173524618149,0.5623406767845154,0.5095427632331848,-0.09180529415607452,0.515786349773407,0.4725967347621918,-0.03825395554304123,0.4962378144264221,0.3853188753128052,-0.060293372720479965,0.49020087718963623,0.33331298828125,-0.07513308525085449,0.48699891567230225,0.29069817066192627,-0.08871590346097946,0.5559399127960205,0.46043404936790466,-0.039075810462236404,0.5562388300895691,0.3668261170387268,-0.0694546103477478,0.5545308589935303,0.3092989921569824,-0.0927109569311142,0.5569179654121399,0.2504537105560303,-0.11024902760982513,0.5918378829956055,0.47297433018684387,-0.04135788232088089,0.6095262169837952,0.4044463634490967,-0.06915072351694107,0.5943986177444458,0.4568433165550232,-0.06699522584676743,0.58033287525177,0.4976983666419983,-0.060952749103307724,0.6256461143493652,0.5010831356048584,-0.0472848042845726,0.6540260910987854,0.45391371846199036,-0.07492399960756302,0.6775928139686584,0.42364659905433655,-0.08380001783370972,0.6962608098983765,0.3882905840873718,-0.0860973596572876
0.5826624631881714,0.6672614812850952,6.865964223834453e-07,0.5384764075279236,0.643688440322876,-0.029715586453676224,0.5118851661682129,0.5892316699028015,-0.05085925757884979,0.5327258706092834,0.5394067168235779,-0.07132582366466522,0.5688440203666687,0.5147832632064819,-0.08850688487291336,0.5217110514640808,0.4735201299190521,-0.0363692045211792,0.5031242370605469,0.388084352016449,-0.05832939222455025,0.496975302696228,0.33649641275405884,-0.07330503314733505,0.4929496943950653,0.292774498462677,-0.08655613660812378,0.5621557235717773,0.4625735580921173,-0.037474796175956726,0.5638623833656311,0.36988407373428345,-0.06627635657787323,0.5626855492591858,0.3112727403640747,-0.08810729533433914,0.5650364756584167,0.2543336749076843,-0.10434184223413467,0.5981409549713135,0.47586074471473694,-0.04052790626883507,0.6181067824363708,0.40748658776283264,-0.06930647790431976,0.6034380197525024,0.4566860795021057,-0.06915813684463501,0.5895414352416992,0.496578186750412,-0.06384021043777466,0.6315689086914062,0.5048341751098633,-0.04698346182703972,0.6608623266220093,0.4567202627658844,-0.07486676424741745,0.6839984655380249,0.4265342652797699,-0.08384528011083603,0.7035626173019409,0.3929387032985687,-0.08592284470796585
0.6038134694099426,0.6676688194274902,6.54405880595732e-07,0.5617871880531311,0.6446694135665894,-0.0289148036390543,0.537275493144989,0.590054988861084,-0.049044299870729446,0.5592783093452454,0.5406438112258911,-0.06852314621210098,0.5949746966362,0.5195692777633667,-0.08484701067209244,0.5463767051696777,0.4758400321006775,-0.03534926474094391,0.5306586623191833,0.3902927041053772,-0.05571383982896805,0.5239869356155396,0.3397795259952545,-0.06923972815275192,0.5192415118217468,0.29651498794555664,-0.0814017727971077,0.5867623686790466,0.46567296981811523,-0.0367017462849617,0.5910626649856567,0.3742988705635071,-0.06429767608642578,0.5912618637084961,0.3164341449737549,-0.08523667603731155,0.595217764377594,0.2602429986000061,-0.1006019115447998,0.6226909756660461,0.4802261292934418,-0.03984281048178673,0.6479369401931763,0.4162054657936096,-0.06831420212984085,0.6323798298835754,0.4652351438999176,-0.06841554492712021,0.6172078251838684,0.5041000843048096,-0.06293434649705887,0.6566933393478394,0.5101718306541443,-0.04618333652615547,0.6860443949699402,0.46319055557250977,-0.07316423952579498,0.7092740535736084,0.4342067837715149,-0.08117952197790146,0.7295823097229004,0.40248122811317444,-0.08247212320566177
0.6077914834022522,0.6604851484298706,6.713420930282155e-07,0.566369891166687,0.6361960172653198,-0.029524343088269234,0.5429686307907104,0.5827566385269165,-0.050569068640470505,0.5634638071060181,0.5321477651596069,-0.07088632881641388,0.5987393856048584,0.5106860399246216,-0.08775725215673447,0.55324387550354,0.4694776237010956,-0.03615077584981918,0.5378166437149048,0.3836672008037567,-0.05657615512609482,0.5327078700065613,0.33357322216033936,-0.06995818763971329,0.5297774076461792,0.2918348014354706,-0.08224663138389587,0.5929418802261353,0.4600462317466736,-0.03714504465460777,0.5974752306938171,0.36873120069503784,-0.06570561975240707,0.5980870723724365,0.3120574653148651,-0.08771155029535294,0.6027142405509949,0.25598400831222534,-0.10412821173667908,0.6282429099082947,0.47475332021713257,-0.03978092968463898,0.6510556936264038,0.4091952443122864,-0.0676090270280838,0.6351802349090576,0.4581846296787262,-0.06738648563623428,0.6202608346939087,0.4964975416660309,-0.06237180903553963,0.661399781703949,0.5045126676559448,-0.04581395164132118,0.6905878186225891,0.45959872007369995,-0.07290036976337433,0.7143569588661194,0.430978387594223,-0.08196647465229034,0.7345539331436157,0.39813661575317383,-0.08437991142272949
0.6088199019432068,0.659463107585907,6.700457220176759e-07,0.5672996640205383,0.6365329027175903,-0.029588371515274048,0.5428779721260071,0.5826864242553711,-0.05050664767622948,0.5629720091819763,0.5328450202941895,-0.07071893662214279,0.5983952879905701,0.5107241272926331,-0.087700754404068,0.5544778108596802,0.46912136673927307,-0.03626938909292221,0.5395615100860596,0.3836882710456848,-0.05684865638613701,0.5348438024520874,0.33343881368637085,-0.07036489248275757,0.5319709181785583,0.29150182008743286,-0.08269692212343216,0.5943335294723511,0.46001997590065,-0.0374193973839283,0.5992514491081238,0.36889010667800903,-0.06547456979751587,0.6004812717437744,0.31164252758026123,-0.08692093193531036,0.6055576205253601,0.2559768855571747,-0.10296501964330673,0.6295859217643738,0.47509053349494934,-0.04039578139781952,0.6510785222053528,0.40827232599258423,-0.0686572790145874,0.6355948448181152,0.4565226137638092,-0.06909666955471039,0.6214717626571655,0.4948110282421112,-0.06448812037706375,0.6625182628631592,0.5052707195281982,-0.04667113721370697,0.692295253276825,0.46026134490966797,-0.07438681274652481,0.7160634994506836,0.43121665716171265,-0.0840064287185669,0.7365598678588867,0.39802077412605286,-0.08682600408792496
0.6095227599143982,0.6607611179351807,6.943176344975655e-07,0.5668603777885437,0.6366539001464844,-0.02956238202750683,0.5425525307655334,0.5848650336265564,-0.051219820976257324,0.561241865158081,0.5349609851837158,-0.07226870208978653,0.5966063141822815,0.5128245949745178,-0.08993823081254959,0.5538690686225891,0.4705459177494049,-0.03673185035586357,0.5388909578323364,0.3844817876815796,-0.05714460089802742,0.5346077084541321,0.3336300849914551,-0.07022254168987274,0.532783567905426,0.2921183705329895,-0.08232468366622925,0.593945324420929,0.4610742926597595,-0.03774367645382881,0.598038375377655,0.36984410881996155,-0.06612970679998398,0.5990257859230042,0.3129013180732727,-0.08793016523122787,0.6043450832366943,0.255867063999176,-0.10440205782651901,0.6296671628952026,0.4755110442638397,-0.04038621857762337,0.6496852040290833,0.40817609429359436,-0.06819149106740952,0.6333188414573669,0.458125501871109,-0.06783611327409744,0.6185693144798279,0.49713650345802307,-0.06293492019176483,0.6628677248954773,0.5052003264427185,-0.046409737318754196,0.6924631595611572,0.4604647159576416,-0.07393118739128113,0.7167205810546875,0.4311928153038025,-0.08369099348783493,0.7372258901596069,0.3968994915485382,-0.08670438826084137
