0.6395672559738159,0.906531572341919,7.20693549283169e-08,0.5809429883956909,0.8846549391746521,-0.03412380814552307,0.5379717946052551,0.8323784470558167,-0.06525745242834091,0.5342584848403931,0.7931671142578125,-0.09455949068069458,0.5677269101142883,0.7412622570991516,-0.12294650822877884,0.5485252737998962,0.6472310423851013,-0.029354721307754517,0.5358357429504395,0.530466616153717,-0.05320269614458084,0.5303363800048828,0.4619791507720947,-0.07076352089643478,0.5323030352592468,0.39636704325675964,-0.08836627751588821,0.5985539555549622,0.6393842101097107,-0.03849933668971062,0.5845499634742737,0.5538933873176575,-0.09715662151575089,0.5782744288444519,0.6272473931312561,-0.11943688243627548,0.5808877348899841,0.6948367953300476,-0.1194387674331665,0.6500145196914673,0.6496101021766663,-0.0530766136944294,0.6540213227272034,0.5350908041000366,-0.09112215787172318,0.6552019119262695,0.4627648890018463,-0.10525026172399521,0.6564996838569641,0.39028504490852356,-0.1110912412405014,0.6984446048736572,0.6777473092079163,-0.0698612704873085,0.7195243239402771,0.602348804473877,-0.0914144366979599,0.7370122671127319,0.5563985109329224,-0.09564553946256638,0.749875545501709,0.5010083913803101,-0.09862042963504791
0.6180546283721924,0.9362306594848633,5.905601341282818e-08,0.5786358714103699,0.9263952374458313,-0.022936834022402763,0.5482977032661438,0.8918880224227905,-0.045989613980054855,0.5402102470397949,0.8642018437385559,-0.06842915713787079,0.5590356588363647,0.8295862078666687,-0.09042734652757645,0.5485304594039917,0.7640014886856079,-0.022513611242175102,0.5355219841003418,0.6807270646095276,-0.04172154515981674,0.5267404317855835,0.6310749053955078,-0.054886430501937866,0.5258867740631104,0.5853595733642578,-0.067090705037117,0.5810459852218628,0.7577382922172546,-0.029006073251366615,0.5651525855064392,0.703126847743988,-0.07097160816192627,0.5608542561531067,0.7556543946266174,-0.08373471349477768,0.5650573968887329,0.7997546195983887,-0.08122531324625015,0.6171156764030457,0.7614417672157288,-0.039310481399297714,0.6151642203330994,0.6852240562438965,-0.0655650943517685,0.6141425371170044,0.635857105255127,-0.07092096656560898,0.6151190400123596,0.5856765508651733,-0.07154394686222076,0.6513409614562988,0.7778002619743347,-0.05151498317718506,0.663633406162262,0.7239239811897278,-0.06647583842277527,0.674764096736908,0.6901924014091492,-0.06754343211650848,0.6839931607246399,0.6491594910621643,-0.06761875003576279
0.677564263343811,0.9363943338394165,7.124923229184787e-08,0.6371194124221802,0.9206223487854004,-0.02415587566792965,0.6099631786346436,0.884472668170929,-0.04591614753007889,0.6150978803634644,0.8586001992225647,-0.06612518429756165,0.6364981532096863,0.8262276649475098,-0.08598795533180237,0.6114313006401062,0.7568793296813965,-0.023051591590046883,0.6033492088317871,0.6747674942016602,-0.038927968591451645,0.5996050834655762,0.6236216425895691,-0.05040178820490837,0.5989384055137634,0.5767509341239929,-0.06188960000872612,0.6479752659797668,0.7528776526451111,-0.028352629393339157,0.6424499750137329,0.6978617310523987,-0.06790830940008163,0.6444865465164185,0.7501847147941589,-0.08168495446443558,0.6490047574043274,0.7954577207565308,-0.08057193458080292,0.684731125831604,0.7594104409217834,-0.03710127994418144,0.6869606375694275,0.6837540864944458,-0.06141768768429756,0.688774049282074,0.6352897882461548,-0.06842920929193497,0.6886642575263977,0.5850167870521545,-0.07093660533428192,0.7189804315567017,0.7777848839759827,-0.047620438039302826,0.7315682172775269,0.7254558205604553,-0.06021668389439583,0.7418713569641113,0.6935784220695496,-0.06067856773734093,0.7478315830230713,0.6531876921653748,-0.06114784628152847
0.7016331553459167,0.8904266953468323,1.288683648681399e-07,0.6601623296737671,0.8705419898033142,-0.026248063892126083,0.6348016262054443,0.829021155834198,-0.04780583456158638,0.6457862854003906,0.7966911792755127,-0.06751944124698639,0.6694613695144653,0.7652226090431213,-0.08660987764596939,0.6392444372177124,0.7065214514732361,-0.02161594294011593,0.6326322555541992,0.6253919005393982,-0.03565339744091034,0.6310486197471619,0.5739021301269531,-0.04568065330386162,0.6323532462120056,0.5265099406242371,-0.0563681535422802,0.6774591207504272,0.7015125751495361,-0.02587141841650009,0.6747007369995117,0.6406230926513672,-0.06306550651788712,0.6767690181732178,0.691914975643158,-0.07556825131177902,0.6821510791778564,0.7385802268981934,-0.07368063926696777,0.7137897610664368,0.7086024284362793,-0.03398219123482704,0.7181949019432068,0.6343092322349548,-0.05583323538303375,0.7202263474464417,0.5876262187957764,-0.06308889389038086,0.7204205393791199,0.5408726334571838,-0.06623345613479614,0.7481326460838318,0.7288281321525574,-0.04444306343793869,0.7630276083946228,0.6789911985397339,-0.0551152229309082,0.7729263305664062,0.6487622857093811,-0.05656249076128006,0.7790675163269043,0.6111735105514526,-0.058382581919431686
0.7281757593154907,0.7694584131240845,1.1371820107797248e-07,0.6840685606002808,0.7467514276504517,-0.027206141501665115,0.6598901152610779,0.6957419514656067,-0.046523384749889374,0.6763538122177124,0.6534929871559143,-0.06295248121023178,0.7064582705497742,0.6187426447868347,-0.0782252624630928,0.6661555171012878,0.5751382112503052,-0.0193027313798666,0.6574708223342896,0.49264082312583923,-0.03352832794189453,0.6549607515335083,0.43922001123428345,-0.043682560324668884,0.6538122892379761,0.3904458284378052,-0.05446483567357063,0.7051149010658264,0.5663986206054688,-0.02286926470696926,0.7049996256828308,0.49458545446395874,-0.05768578127026558,0.7120225429534912,0.5395171642303467,-0.06990191340446472,0.7176790833473206,0.5846806764602661,-0.06805787980556488,0.7405605912208557,0.5737591981887817,-0.03068215399980545,0.7460604906082153,0.4950793981552124,-0.052842505276203156,0.7507333755493164,0.4419054388999939,-0.0626245066523552,0.7504327893257141,0.389387309551239,-0.0673932209610939,0.7743655443191528,0.5963132381439209,-0.04062715917825699,0.788437008857727,0.5475699305534363,-0.05114024877548218,0.7981782555580139,0.5177345871925354,-0.053166985511779785,0.8014742732048035,0.4823765456676483,-0.055748045444488525
0.5799599885940552,0.7360777854919434,1.3255173314519197e-07,0.5376282930374146,0.719806432723999,-0.024901462718844414,0.504976749420166,0.6790648698806763,-0.04706577584147453,0.4967941641807556,0.6430320143699646,-0.06833546608686447,0.5102452039718628,0.6047292947769165,-0.08892612159252167,0.5077717304229736,0.5458776354789734,-0.020670482888817787,0.49323731660842896,0.46151626110076904,-0.04009716957807541,0.4834531247615814,0.4100237488746643,-0.05354180932044983,0.4809979796409607,0.36182066798210144,-0.06595166772603989,0.543106198310852,0.5363469123840332,-0.027977770194411278,0.5261862277984619,0.4670774042606354,-0.07116319984197617,0.5179474949836731,0.5181877017021179,-0.08599673211574554,0.5187111496925354,0.5632777810096741,-0.08430486917495728,0.5813283324241638,0.5413017272949219,-0.039740223437547684,0.5802675485610962,0.46048295497894287,-0.06872743368148804,0.5736320614814758,0.4058288335800171,-0.08060639351606369,0.5683271288871765,0.3504398465156555,-0.08561275899410248,0.6192682981491089,0.560632050037384,-0.053263623267412186,0.6402856707572937,0.5089424252510071,-0.07008707523345947,0.6550549268722534,0.4747360348701477,-0.07541403919458389,0.6652601361274719,0.4357732832431793,-0.07915890961885452
0.5922626256942749,0.7838489413261414,5.434190697428676e-08,0.549697756767273,0.7707465887069702,-0.02750140056014061,0.5154386162757874,0.7319110631942749,-0.048250000923871994,0.509639322757721,0.689175009727478,-0.06591633707284927,0.5178216695785522,0.6393297910690308,-0.08216221630573273,0.507284939289093,0.6078551411628723,-0.02513286843895912,0.4739038944244385,0.5375416278839111,-0.04329833388328552,0.4525369703769684,0.49021318554878235,-0.05415711551904678,0.4422459602355957,0.44534891843795776,-0.06467985361814499,0.5438209176063538,0.5904054641723633,-0.02995760552585125,0.5321796536445618,0.5161606073379517,-0.06947393715381622,0.5318676829338074,0.5675537586212158,-0.082392618060112,0.5371869206428528,0.6160834431648254,-0.07976840436458588,0.5819690823554993,0.592355489730835,-0.038976039737463,0.5860965847969055,0.5098928809165955,-0.06957213580608368,0.5878392457962036,0.4610072374343872,-0.08347900211811066,0.5884544253349304,0.41404181718826294,-0.08920152485370636,0.617576539516449,0.6112598776817322,-0.04920024052262306,0.6385735273361206,0.5611280202865601,-0.07039444148540497,0.6562113761901855,0.528110682964325,-0.07880119979381561,0.6666961908340454,0.49088895320892334,-0.08398295193910599
0.650870680809021,0.8143903017044067,1.5630708105618396e-07,0.6037395596504211,0.7881903052330017,-0.021734360605478287,0.5810468196868896,0.7248064875602722,-0.03486466035246849,0.5867075324058533,0.666775643825531,-0.04664464294910431,0.5982406735420227,0.6149773597717285,-0.05798982083797455,0.5732068419456482,0.6258407831192017,-0.007328823674470186,0.5480343699455261,0.5503787994384766,-0.01764666475355625,0.533530056476593,0.5041447877883911,-0.02801584079861641,0.5235538482666016,0.46085864305496216,-0.03837146237492561,0.6090329885482788,0.6160047650337219,-0.011602637358009815,0.6063288450241089,0.5335439443588257,-0.03747977316379547,0.6112537384033203,0.5390480756759644,-0.055001962929964066,0.615291953086853,0.5569393634796143,-0.060469307005405426,0.640843391418457,0.621442973613739,-0.019046256318688393,0.6353022456169128,0.5408470034599304,-0.03604992851614952,0.6320889592170715,0.4884849786758423,-0.04897541552782059,0.6282105445861816,0.4406055212020874,-0.056890275329351425,0.6710513830184937,0.6384440064430237,-0.028433101251721382,0.6667407751083374,0.5784096121788025,-0.0383114255964756,0.6670334339141846,0.5388627052307129,-0.04274611920118332,0.6659345030784607,0.4990338087081909,-0.046889252960681915
0.5276917815208435,0.8261600732803345,1.3983668623041012e-07,0.47836217284202576,0.8096641302108765,-0.022221151739358902,0.44607147574424744,0.7513094544410706,-0.0356551855802536,0.44091710448265076,0.6977876424789429,-0.04772303253412247,0.45038047432899475,0.6459677815437317,-0.058855585753917694,0.43963944911956787,0.654852032661438,-0.006785862147808075,0.41315725445747375,0.5811901092529297,-0.01835293509066105,0.3955775499343872,0.5386981964111328,-0.0283945444971323,0.3833577334880829,0.49504679441452026,-0.03853172808885574,0.4695969223976135,0.6414317488670349,-0.012071782723069191,0.45490917563438416,0.5590389370918274,-0.04220166802406311,0.45408013463020325,0.5738204717636108,-0.05827658995985985,0.4598023593425751,0.6017782688140869,-0.06071054935455322,0.4996488690376282,0.6424329280853271,-0.021134451031684875,0.484748512506485,0.5585668683052063,-0.04115433618426323,0.4716780185699463,0.5097876787185669,-0.05317893996834755,0.46176350116729736,0.46555599570274353,-0.059289880096912384,0.5302987694740295,0.6545253992080688,-0.032271742820739746,0.5215374231338501,0.5938546657562256,-0.04393186420202255,0.5171565413475037,0.5542076230049133,-0.049032628536224365,0.5124673247337341,0.5137978196144104,-0.05326047167181969
0.6100748777389526,0.7831123471260071,1.30228130501564e-07,0.5653286576271057,0.7558250427246094,-0.0253912266343832,0.5427116751670837,0.6962052583694458,-0.04097734019160271,0.5532792210578918,0.638946533203125,-0.05400844290852547,0.5746309757232666,0.5886664390563965,-0.06598164886236191,0.5463510751724243,0.5830697417259216,-0.01533109974116087,0.5275793075561523,0.5054135322570801,-0.02835717238485813,0.5168066024780273,0.45271509885787964,-0.037594255059957504,0.5129166841506958,0.4049346148967743,-0.04731007665395737,0.5847155451774597,0.5734661221504211,-0.018566681072115898,0.5909290313720703,0.49197474122047424,-0.05024397745728493,0.5927165746688843,0.5190540552139282,-0.06499804556369781,0.5927313566207886,0.5531830787658691,-0.06589902192354202,0.6212011575698853,0.5828354954719543,-0.025283215567469597,0.6380734443664551,0.5010683536529541,-0.04973255842924118,0.6503427028656006,0.45246320962905884,-0.06311538070440292,0.6584597826004028,0.40884628891944885,-0.06946060806512833,0.6533254981040955,0.6086577773094177,-0.033499740064144135,0.677092432975769,0.5643843412399292,-0.05124218761920929,0.6954476237297058,0.5362564921379089,-0.058690980076789856,0.7079422473907471,0.5056136250495911,-0.06315109878778458
0.6833060383796692,0.8468136787414551,1.128246864823268e-07,0.6399542689323425,0.8175289630889893,-0.02791428007185459,0.6203199625015259,0.7589048147201538,-0.04598560184240341,0.6399368047714233,0.7093295454978943,-0.06097675859928131,0.6690658926963806,0.6735432744026184,-0.07477652281522751,0.6280123591423035,0.63707035779953,-0.020135801285505295,0.618091881275177,0.5526624917984009,-0.034717850387096405,0.6127914190292358,0.499225914478302,-0.044653333723545074,0.611365556716919,0.44876164197921753,-0.0551971010863781,0.6706430315971375,0.6315605640411377,-0.023350177332758904,0.6830724477767944,0.5526313781738281,-0.059335362166166306,0.6886063814163208,0.59095299243927,-0.07434525340795517,0.6905897855758667,0.6317129731178284,-0.07426730543375015,0.7079371809959412,0.6445354223251343,-0.030179835855960846,0.7271881699562073,0.5654879808425903,-0.05566122755408287,0.7433672547340393,0.5159238576889038,-0.06755226850509644,0.753603994846344,0.4685038924217224,-0.07257397472858429,0.739495038986206,0.6732211112976074,-0.03885945677757263,0.7593363523483276,0.625967264175415,-0.053857121616601944,0.775424599647522,0.5989136695861816,-0.05773697793483734,0.785224974155426,0.5678375959396362,-0.060295235365629196
0.6856061220169067,0.8641408085823059,1.2658261994147324e-07,0.6433227062225342,0.8366305232048035,-0.027414854615926743,0.6232106685638428,0.7820031642913818,-0.04714648798108101,0.6460079550743103,0.7385551929473877,-0.06383883953094482,0.6768194437026978,0.7068063616752625,-0.07936643064022064,0.6367430686950684,0.661037027835846,-0.024247940629720688,0.6272064447402954,0.5769093632698059,-0.03961809352040291,0.6234469413757324,0.522419273853302,-0.04917158558964729,0.6238256692886353,0.47216442227363586,-0.05919714272022247,0.6781010031700134,0.6582234501838684,-0.027894342318177223,0.6912980079650879,0.5844001173973083,-0.0647004023194313,0.6938885450363159,0.6260514855384827,-0.07767738401889801,0.6941011548042297,0.6670485138893127,-0.07584390789270401,0.7141632437705994,0.6726324558258057,-0.03498983010649681,0.7360531687736511,0.5951396822929382,-0.060824617743492126,0.7520195245742798,0.5467900633811951,-0.07033671438694,0.7619807124137878,0.4986895024776459,-0.07337626814842224,0.7445018887519836,0.7017788887023926,-0.04378421604633331,0.7650152444839478,0.6546949744224548,-0.058345042169094086,0.7803977727890015,0.6265185475349426,-0.06056375429034233,0.7898432016372681,0.5925224423408508,-0.06174224242568016
0.5973868370056152,0.7906411290168762,1.534745734943499e-07,0.558289647102356,0.7599498629570007,-0.024933118373155594,0.5421993732452393,0.7071908116340637,-0.04187660291790962,0.5592231154441833,0.667512834072113,-0.05651044473052025,0.5775147676467896,0.6365144848823547,-0.07038559764623642,0.5456427335739136,0.583279550075531,-0.025013888254761696,0.5375970602035522,0.4951208829879761,-0.04389169067144394,0.5356067419052124,0.4395698308944702,-0.056944217532873154,0.5426875948905945,0.387684166431427,-0.06853950023651123,0.586938202381134,0.5790818929672241,-0.03069884143769741,0.6003695726394653,0.5016558170318604,-0.06800593435764313,0.5982956290245056,0.533151388168335,-0.0847833901643753,0.5951782464981079,0.5690528750419617,-0.08709616959095001,0.6253008246421814,0.5944925546646118,-0.0398184098303318,0.6525018215179443,0.508598804473877,-0.06776326894760132,0.6689348816871643,0.4590584933757782,-0.08319377899169922,0.681018054485321,0.4124191999435425,-0.09092903137207031,0.6576697826385498,0.6263363361358643,-0.05020885542035103,0.6903744339942932,0.5795140862464905,-0.0693342387676239,0.712797999382019,0.5475397706031799,-0.07747473567724228,0.7291238307952881,0.5137797594070435,-0.08271542936563492
0.36384132504463196,0.8571117520332336,6.897340654177242e-08,0.3164420425891876,0.8339714407920837,-0.016269534826278687,0.2797738015651703,0.7829693555831909,-0.03359457850456238,0.2625511884689331,0.7445347905158997,-0.05245191976428032,0.27437981963157654,0.7094364166259766,-0.07092481851577759,0.3035179376602173,0.6495600342750549,-0.009051608853042126,0.2866446375846863,0.5564395189285278,-0.025086859241127968,0.27421459555625916,0.5028233528137207,-0.035535749047994614,0.2705441117286682,0.4555550813674927,-0.04611587151885033,0.3354426324367523,0.6459060311317444,-0.021023297682404518,0.30796608328819275,0.5759705305099487,-0.06349124759435654,0.2801043391227722,0.6224352717399597,-0.07877668738365173,0.2707595229148865,0.6666924357414246,-0.07760480046272278,0.3713551461696625,0.6563053131103516,-0.03712187334895134,0.3733654022216797,0.5704987049102783,-0.06820068508386612,0.3641776144504547,0.5151462554931641,-0.08168933540582657,0.3608543574810028,0.46475815773010254,-0.08741546422243118,0.40689215064048767,0.6825909614562988,-0.05428506061434746,0.438019722700119,0.6262283325195312,-0.07538671791553497,0.4595658779144287,0.5870989561080933,-0.08402295410633087,0.47771477699279785,0.5448095202445984,-0.08949533849954605
0.26496267318725586,0.924239993095398,8.106487570103127e-08,0.21151095628738403,0.9187222719192505,-0.01105171162635088,0.16323336958885193,0.8783690929412842,-0.026112375780940056,0.13226571679115295,0.8540536165237427,-0.04433596506714821,0.11346016079187393,0.8184491991996765,-0.06219619885087013,0.17256669700145721,0.7439538836479187,-0.00749895628541708,0.14467385411262512,0.6540630459785461,-0.022945210337638855,0.1255270540714264,0.6059919595718384,-0.031013531610369682,0.11651871353387833,0.5647705793380737,-0.0389530248939991,0.1965855062007904,0.7363181114196777,-0.02136499434709549,0.1487252563238144,0.6905061602592468,-0.06414759159088135,0.12453418970108032,0.745975911617279,-0.07864157110452652,0.12039629369974136,0.7845680117607117,-0.07636411488056183,0.22772057354450226,0.7367721199989319,-0.03873099014163017,0.2111043781042099,0.6587122678756714,-0.07055450230836868,0.18797257542610168,0.6115313172340393,-0.08498767018318176,0.1706618368625641,0.5639017224311829,-0.09107542037963867,0.26092827320098877,0.7544133067131042,-0.056888680905103683,0.2897476553916931,0.6940529346466064,-0.0807342380285263,0.3067029118537903,0.6496219038963318,-0.0928148627281189,0.3199622929096222,0.6013271808624268,-0.09991229325532913
0.26377326250076294,0.7562297582626343,1.4961995020712493e-07,0.2119707614183426,0.7460024952888489,-0.017832733690738678,0.16768930852413177,0.6948646306991577,-0.03673355653882027,0.14128074049949646,0.6544153690338135,-0.05713561549782753,0.1351301223039627,0.6051570177078247,-0.07757875323295593,0.18099351227283478,0.5609506368637085,-0.005985485389828682,0.1595347672700882,0.4773421883583069,-0.021438948810100555,0.14497336745262146,0.4255995750427246,-0.03217015787959099,0.14116862416267395,0.37982600927352905,-0.0429573729634285,0.2134711742401123,0.5489526391029358,-0.01818145252764225,0.1756531298160553,0.4772453308105469,-0.061591632664203644,0.15046384930610657,0.5265423059463501,-0.0789111852645874,0.14466452598571777,0.5701286792755127,-0.0774582102894783,0.24938887357711792,0.549614667892456,-0.0346292108297348,0.24150654673576355,0.45988398790359497,-0.06502394378185272,0.22505143284797668,0.4009193181991577,-0.08121752738952637,0.2163449376821518,0.345969021320343,-0.0887308344244957,0.28596270084381104,0.5702281594276428,-0.052363839000463486,0.3133830428123474,0.5191401839256287,-0.0745127871632576,0.3325185477733612,0.4803771376609802,-0.08604437112808228,0.34969180822372437,0.43935704231262207,-0.09324678778648376
0.5130438804626465,0.6800357699394226,1.7280780184592004e-07,0.465920090675354,0.6465746164321899,-0.022894153371453285,0.4432958960533142,0.5714341402053833,-0.03452673181891441,0.4604022204875946,0.5072001218795776,-0.04383547976613045,0.48866263031959534,0.4605274200439453,-0.0526498444378376,0.4522171914577484,0.46037349104881287,-0.015204062685370445,0.4340626001358032,0.3718098998069763,-0.025725942105054855,0.4234868586063385,0.3147183656692505,-0.03261822089552879,0.42030563950538635,0.2635396122932434,-0.04092885181307793,0.49498462677001953,0.4525582790374756,-0.019730495288968086,0.5018351674079895,0.3627049922943115,-0.047391377389431,0.5018748044967651,0.38125255703926086,-0.06176113337278366,0.5028244853019714,0.4116830825805664,-0.0634898915886879,0.5348495244979858,0.4675082266330719,-0.027322711423039436,0.5624266266822815,0.37965595722198486,-0.05462884530425072,0.5796999931335449,0.3258742094039917,-0.07565342634916306,0.5940795540809631,0.27853941917419434,-0.0874728336930275,0.5683985948562622,0.5008242726325989,-0.03545227646827698,0.6132704615592957,0.4643357992172241,-0.06120395287871361,0.6448397636413574,0.44163376092910767,-0.07628994435071945,0.66957688331604,0.4169852137565613,-0.0855151116847992
0.5816729664802551,0.6794039011001587,1.6442366757019045e-07,0.5390526056289673,0.6395215392112732,-0.025519665330648422,0.5264638066291809,0.5609362125396729,-0.03738359361886978,0.5476252436637878,0.49441075325012207,-0.04640977457165718,0.5761435031890869,0.44787314534187317,-0.05434826761484146,0.5299665331840515,0.4538717567920685,-0.012527772225439548,0.5134685039520264,0.36596769094467163,-0.022424034774303436,0.5032179951667786,0.3083968758583069,-0.02936204895377159,0.500413179397583,0.2583816647529602,-0.03763189539313316,0.5738224387168884,0.44843944907188416,-0.01534009538590908,0.5857910513877869,0.3585209250450134,-0.04309825971722603,0.5867616534233093,0.3766205310821533,-0.05812297388911247,0.5865209102630615,0.4068429470062256,-0.059674832969903946,0.6132370829582214,0.4651217758655548,-0.021439339965581894,0.6445202827453613,0.3788725733757019,-0.04796937108039856,0.6663901805877686,0.32746052742004395,-0.06756433844566345,0.6840276718139648,0.28200989961624146,-0.07785280048847198,0.64515620470047,0.4998013973236084,-0.028443560004234314,0.6863279938697815,0.46615836024284363,-0.05292753130197525,0.7168920040130615,0.4459863007068634,-0.0661759227514267,0.7404964566230774,0.42295241355895996,-0.07361366599798203
0.6670069098472595,0.7381488680839539,1.8045207639261207e-07,0.6293750405311584,0.6922101974487305,-0.030798180028796196,0.6224014163017273,0.6183671355247498,-0.04690050706267357,0.6523973345756531,0.5589667558670044,-0.05917757377028465,0.6838021278381348,0.5136143565177917,-0.069389209151268,0.6233959794044495,0.5006558299064636,-0.018229197710752487,0.6092613339424133,0.40883389115333557,-0.030892670154571533,0.600104808807373,0.34895527362823486,-0.03948085010051727,0.5978298187255859,0.29570621252059937,-0.049255065619945526,0.6681298017501831,0.5002596378326416,-0.01957039348781109,0.6906612515449524,0.4094971716403961,-0.05294111743569374,0.6956489086151123,0.43971142172813416,-0.06833895295858383,0.6963625550270081,0.4773607552051544,-0.06870901584625244,0.7069579362869263,0.5229379534721375,-0.024724489077925682,0.7426770329475403,0.4401295483112335,-0.053466640412807465,0.7698898315429688,0.3924967050552368,-0.07008877396583557,0.7907708883285522,0.34750837087631226,-0.07750353217124939,0.7377188205718994,0.5619809627532959,-0.03139914944767952,0.7778099179267883,0.5234036445617676,-0.053548675030469894,0.8082470893859863,0.5021477937698364,-0.06291420757770538,0.8302678465843201,0.4759819209575653,-0.06795992702245712
0.6801537275314331,0.7452883124351501,2.2379572328645736e-07,0.6400183439254761,0.706138551235199,-0.029512589797377586,0.6299225091934204,0.6395738124847412,-0.04649556055665016,0.6582918167114258,0.5805258750915527,-0.059934958815574646,0.6872777342796326,0.5335493683815002,-0.07176396250724792,0.6396040320396423,0.5214961767196655,-0.022938264533877373,0.629143476486206,0.43088263273239136,-0.037549927830696106,0.6215565800666809,0.36827611923217773,-0.04758308082818985,0.6215347051620483,0.31469178199768066,-0.05776581913232803,0.6839829087257385,0.5186986923217773,-0.024748029187321663,0.7028377652168274,0.4344460368156433,-0.0561838299036026,0.7041836977005005,0.455963134765625,-0.07142792642116547,0.7021688222885132,0.484344482421875,-0.07340921461582184,0.723741888999939,0.5390657186508179,-0.029935548081994057,0.7608128190040588,0.4559152126312256,-0.05883718654513359,0.7885934114456177,0.4110499620437622,-0.07494594901800156,0.8102750778198242,0.3700089454650879,-0.08259156346321106,0.7551822662353516,0.5776403546333313,-0.03645247220993042,0.7965809106826782,0.5385600328445435,-0.06128375232219696,0.827936589717865,0.5176486968994141,-0.07180707156658173,0.8526244163513184,0.49354180693626404,-0.07713480293750763
0.694983184337616,0.602515459060669,1.6091995291844796e-07,0.6528180837631226,0.5607521533966064,-0.028889361768960953,0.6431429386138916,0.48218733072280884,-0.04334145039319992,0.668677031993866,0.4141225814819336,-0.05439630523324013,0.6978563070297241,0.3601242005825043,-0.06404609233140945,0.6524016261100769,0.3730810880661011,-0.014811230823397636,0.6374611854553223,0.2849274277687073,-0.026340683922171593,0.6277461051940918,0.22645047307014465,-0.03454500064253807,0.6268451809883118,0.17472228407859802,-0.044168870896101,0.6953843235969543,0.3685503304004669,-0.01687808893620968,0.7103365659713745,0.2755247950553894,-0.046923112124204636,0.7091436982154846,0.2981685400009155,-0.062421850860118866,0.7074169516563416,0.33055728673934937,-0.0640549436211586,0.7335878014564514,0.3863649368286133,-0.022693725302815437,0.7698755264282227,0.2969232201576233,-0.05043692886829376,0.7932428121566772,0.24511177837848663,-0.06941355764865875,0.8130711317062378,0.1982574462890625,-0.07957334071397781,0.7654630541801453,0.4229380786418915,-0.029794154688715935,0.8070300221443176,0.3888711929321289,-0.054629482328891754,0.8384264707565308,0.37029293179512024,-0.06753173470497131,0.8621482253074646,0.34810566902160645,-0.07521351426839828
0.7239536643028259,0.5877018570899963,1.6999145202589716e-07,0.6865324974060059,0.5378644466400146,-0.028504209592938423,0.6819862723350525,0.4537791907787323,-0.040233395993709564,0.7091904282569885,0.38676780462265015,-0.049075495451688766,0.7412130236625671,0.34353771805763245,-0.05647904425859451,0.6862435340881348,0.3457905054092407,-0.006855296436697245,0.6716578006744385,0.2559838891029358,-0.0166337713599205,0.6615548729896545,0.19716760516166687,-0.024656156077980995,0.6593058109283447,0.14526700973510742,-0.03406181186437607,0.7308583855628967,0.34415099024772644,-0.00904019270092249,0.7517133355140686,0.2465566247701645,-0.03855647146701813,0.7544540166854858,0.2667723596096039,-0.055380333214998245,0.7547738552093506,0.3004573583602905,-0.05672204867005348,0.769800066947937,0.3666635751724243,-0.015199004672467709,0.8075243234634399,0.275390088558197,-0.041559942066669464,0.8342955708503723,0.22326597571372986,-0.06100595369935036,0.8566000461578369,0.1763201504945755,-0.07052699476480484,0.7998796105384827,0.4072432816028595,-0.02287130244076252,0.8411577939987183,0.37224724888801575,-0.04554404690861702,0.8712965250015259,0.3525800406932831,-0.05693863704800606,0.8948620557785034,0.32991737127304077,-0.06301083415746689
0.7173448801040649,0.9133663177490234,8.090114533843007e-08,0.6752058863639832,0.8788858652114868,-0.037317436188459396,0.6604573130607605,0.8211901783943176,-0.06059005856513977,0.6961812973022461,0.7796328663825989,-0.0786694884300232,0.7343908548355103,0.7506961822509766,-0.09430138021707535,0.6802805066108704,0.6846235990524292,-0.04012284800410271,0.6692404747009277,0.5863834619522095,-0.061652202159166336,0.6625232100486755,0.5244380235671997,-0.07320810109376907,0.6630297899246216,0.4673094153404236,-0.0849156379699707,0.7254695296287537,0.6837651133537292,-0.04080742970108986,0.7462178468704224,0.6071463823318481,-0.08397907018661499,0.7483928203582764,0.6614072918891907,-0.09838710725307465,0.7496914863586426,0.7083250284194946,-0.09768152236938477,0.7660160064697266,0.7063785791397095,-0.04565773904323578,0.8032951951026917,0.632664680480957,-0.07942772656679153,0.833655059337616,0.5943388342857361,-0.0918588787317276,0.855537474155426,0.5528178811073303,-0.09613659977912903,0.7961416840553284,0.7465033531188965,-0.05286926403641701,0.8358814716339111,0.7002267241477966,-0.07453761249780655,0.8663572669029236,0.6775903105735779,-0.08091966807842255,0.8880295157432556,0.6462855935096741,-0.08458959311246872
0.7130250930786133,0.9560270309448242,3.87547380853448e-08,0.6721750497817993,0.9220628142356873,-0.03308742865920067,0.6588375568389893,0.8651087284088135,-0.054732248187065125,0.6939997673034668,0.8260009288787842,-0.07169734686613083,0.7318505644798279,0.7993185520172119,-0.08648598939180374,0.6781101822853088,0.735508143901825,-0.03802120313048363,0.6691647171974182,0.6418111324310303,-0.058730240911245346,0.6630147695541382,0.582502007484436,-0.06958429515361786,0.6639496088027954,0.5274933576583862,-0.08057144284248352,0.721746563911438,0.7362992763519287,-0.03989098593592644,0.7416279315948486,0.6629652976989746,-0.08193132281303406,0.7420541048049927,0.7186188697814941,-0.09558956325054169,0.7421337962150574,0.7661580443382263,-0.0946282148361206,0.7602572441101074,0.7585811614990234,-0.045399971306324005,0.7961291074752808,0.6863515377044678,-0.07856601476669312,0.8256697654724121,0.6513450145721436,-0.09009216725826263,0.847392201423645,0.61378413438797,-0.09362804144620895,0.7894940972328186,0.7962325811386108,-0.05271686613559723,0.8274111747741699,0.74884432554245,-0.07341229915618896,0.8569717407226562,0.7263554930686951,-0.07882038503885269,0.8778390884399414,0.6955030560493469,-0.08183558285236359
0.6506097316741943,0.8934260606765747,1.6582026773903635e-07,0.610715389251709,0.8623576164245605,-0.024893565103411674,0.592729926109314,0.8094105124473572,-0.041308190673589706,0.6144819259643555,0.7614890933036804,-0.05506424978375435,0.6372287273406982,0.7257281541824341,-0.06763501465320587,0.6009643077850342,0.693101704120636,-0.02520240657031536,0.587700366973877,0.6112605333328247,-0.03916878625750542,0.5805641412734985,0.5570634603500366,-0.04769004508852959,0.5783602595329285,0.5084682703018188,-0.05667821317911148,0.6411954164505005,0.6889784336090088,-0.028238454833626747,0.6548441052436829,0.617387592792511,-0.05837208405137062,0.6572784185409546,0.6463759541511536,-0.07124437391757965,0.655040979385376,0.6750662922859192,-0.07254479080438614,0.6784404516220093,0.7051212191581726,-0.033920325338840485,0.7061086893081665,0.6368806958198547,-0.05954234302043915,0.7271711230278015,0.5990859270095825,-0.07256665080785751,0.7415977716445923,0.563406229019165,-0.07869191467761993,0.7086569666862488,0.7366328835487366,-0.04089544713497162,0.7430499792098999,0.6975669860839844,-0.06201185658574104,0.7695916295051575,0.67623370885849,-0.07088061422109604,0.789454460144043,0.6523683667182922,-0.07562991231679916
0.3179554343223572,0.6978743076324463,9.283258606274103e-08,0.35339659452438354,0.7034852504730225,-0.024503737688064575,0.38429370522499084,0.6756700873374939,-0.04116182401776314,0.39710623025894165,0.6483186483383179,-0.05597981438040733,0.4000319242477417,0.6201790571212769,-0.06853045523166656,0.42490795254707336,0.5801515579223633,-0.024425724521279335,0.4612915813922882,0.5193633437156677,-0.041284553706645966,0.48580604791641235,0.4824882745742798,-0.05048611760139465,0.5031141638755798,0.44923973083496094,-0.058528512716293335,0.3949359655380249,0.5551196336746216,-0.027520041912794113,0.4105078876018524,0.5220024585723877,-0.06785942614078522,0.3988751173019409,0.5691622495651245,-0.07922830432653427,0.3899668753147125,0.6082073450088501,-0.07507205754518509,0.36222994327545166,0.5423039793968201,-0.03432965278625488,0.3764097988605499,0.4813411235809326,-0.06316482275724411,0.39122042059898376,0.431603342294693,-0.07575246691703796,0.40742063522338867,0.3805554509162903,-0.07976604998111725,0.3269754648208618,0.5449599027633667,-0.042785149067640305,0.3151300549507141,0.4934048354625702,-0.06008601188659668,0.3046332895755768,0.46358156204223633,-0.06543149799108505,0.29865777492523193,0.42802178859710693,-0.06770753860473633
0.30909663438796997,0.6966648101806641,1.1316706860498016e-07,0.34697505831718445,0.7002995014190674,-0.024435296654701233,0.38073039054870605,0.663141667842865,-0.03620893135666847,0.3950161337852478,0.6271139979362488,-0.046329036355018616,0.3974738121032715,0.5922914147377014,-0.054977238178253174,0.40677616000175476,0.578091025352478,-0.011924131773412228,0.4392206370830536,0.5154669284820557,-0.025256028398871422,0.4579533338546753,0.4764893352985382,-0.03477589786052704,0.47107619047164917,0.4403597116470337,-0.042555585503578186,0.37982726097106934,0.559627890586853,-0.01198787335306406,0.39095112681388855,0.509392261505127,-0.046783722937107086,0.38431301712989807,0.5452768802642822,-0.06019461899995804,0.37955278158187866,0.5823795795440674,-0.05852963775396347,0.35158610343933105,0.5500099658966064,-0.015842679888010025,0.3652862012386322,0.48894432187080383,-0.03673020005226135,0.3796890676021576,0.44649067521095276,-0.04496642202138901,0.3944362699985504,0.40557169914245605,-0.04605924338102341,0.3240552544593811,0.5524733662605286,-0.022200152277946472,0.33728596568107605,0.5044355392456055,-0.030516449362039566,0.34722959995269775,0.4728265702724457,-0.03206688538193703,0.3586921691894531,0.4373858571052551,-0.0323294922709465
0.30336594581604004,0.6877212524414062,1.2829340789721755e-07,0.34157058596611023,0.6860028505325317,-0.025639986619353294,0.37176141142845154,0.6416211724281311,-0.03693319857120514,0.3822818994522095,0.6000080704689026,-0.04651445150375366,0.3849914073944092,0.5597867965698242,-0.0544838011264801,0.39611122012138367,0.5600350499153137,-0.006273305043578148,0.42476922273635864,0.49934837222099304,-0.016421830281615257,0.44072526693344116,0.46144935488700867,-0.025674212723970413,0.45174163579940796,0.4272115230560303,-0.03405512124300003,0.3684483468532562,0.542639970779419,-0.005507782567292452,0.37442487478256226,0.48871052265167236,-0.03679228574037552,0.36884042620658875,0.5185546875,-0.05154037848114967,0.3640408217906952,0.5529965162277222,-0.05157412588596344,0.340068519115448,0.5356259942054749,-0.008813316002488136,0.35309022665023804,0.47113311290740967,-0.02744411677122116,0.367241233587265,0.42729997634887695,-0.037380579859018326,0.3805503249168396,0.38524746894836426,-0.04037248715758324,0.3125039339065552,0.5428379774093628,-0.014744888991117477,0.3209007680416107,0.49714577198028564,-0.022389493882656097,0.32834485173225403,0.4669293761253357,-0.024953505024313927,0.3363701403141022,0.43318185210227966,-0.026369750499725342
0.3036103844642639,0.700415849685669,1.0129314631512898e-07,0.34107324481010437,0.6965667009353638,-0.02354770340025425,0.3703053593635559,0.6516454219818115,-0.03470472991466522,0.3815399408340454,0.6097561717033386,-0.044194042682647705,0.38460859656333923,0.575183629989624,-0.05181938037276268,0.39502665400505066,0.5618143677711487,-0.012808335945010185,0.42241138219833374,0.4993416965007782,-0.023149671033024788,0.4383756220340729,0.4605509042739868,-0.0286350529640913,0.448189914226532,0.4261784553527832,-0.03495939448475838,0.3639217019081116,0.5435240268707275,-0.014664003625512123,0.370404452085495,0.49340909719467163,-0.04757837951183319,0.36873582005500793,0.5326154232025146,-0.058870501816272736,0.3665708303451538,0.5715813040733337,-0.055994611233472824,0.33109337091445923,0.5396981835365295,-0.02037128619849682,0.3336464464664459,0.4737091362476349,-0.0443938784301281,0.3402765691280365,0.42326176166534424,-0.0581718310713768,0.34759968519210815,0.3729846775531769,-0.06368527561426163,0.29854241013526917,0.5532869696617126,-0.027915330603718758,0.2820497751235962,0.5082545876502991,-0.04413909092545509,0.2697334885597229,0.4795496165752411,-0.05255313217639923,0.2592898905277252,0.44504988193511963,-0.057437654584646225
0.2981695830821991,0.6884927153587341,8.340172996668116e-08,0.3356388509273529,0.6801142692565918,-0.020502591505646706,0.3639667332172394,0.632061243057251,-0.03080204874277115,0.3740731477737427,0.5896145701408386,-0.03964579850435257,0.3741351366043091,0.5544956922531128,-0.046489913016557693,0.3853079080581665,0.5412635803222656,-0.01293244119733572,0.4109728932380676,0.4760856628417969,-0.024722177535295486,0.4272628724575043,0.43587371706962585,-0.03090350329875946,0.4380186200141907,0.3999479115009308,-0.03724890574812889,0.3533116579055786,0.5229091644287109,-0.015986278653144836,0.35879752039909363,0.47419559955596924,-0.04924190044403076,0.3577853739261627,0.5157994627952576,-0.05959277227520943,0.3566789925098419,0.5565272569656372,-0.05602536350488663,0.32001522183418274,0.5199754238128662,-0.022707903757691383,0.32317960262298584,0.4531947374343872,-0.046871524304151535,0.32952308654785156,0.4014515280723572,-0.05951068550348282,0.33702442049980164,0.3508509695529938,-0.064250648021698,0.28697964549064636,0.5354747772216797,-0.03092222660779953,0.26670917868614197,0.4885360896587372,-0.04619351029396057,0.2516414225101471,0.4599323570728302,-0.053004804998636246,0.23912498354911804,0.4269839823246002,-0.056824393570423126
0.34649649262428284,0.6269361972808838,1.558596380846211e-07,0.38890016078948975,0.6122220158576965,-0.021353796124458313,0.41967761516571045,0.5613344311714172,-0.033785395324230194,0.43316325545310974,0.5179430246353149,-0.044816307723522186,0.42244017124176025,0.48204565048217773,-0.05419161170721054,0.4330221116542816,0.44831225275993347,-0.01724938116967678,0.45619380474090576,0.3730829954147339,-0.032832272350788116,0.47259658575057983,0.3228349983692169,-0.04245888069272041,0.48031479120254517,0.2804211974143982,-0.050845157355070114,0.39281490445137024,0.43267959356307983,-0.02170446142554283,0.3973773121833801,0.37680932879447937,-0.058790139853954315,0.40288323163986206,0.4244067966938019,-0.0707184225320816,0.40575313568115234,0.4696316719055176,-0.06739838421344757,0.35257819294929504,0.4334406554698944,-0.029904805123806,0.3503700792789459,0.35364460945129395,-0.05650216341018677,0.3540457785129547,0.29559338092803955,-0.07032374292612076,0.357822448015213,0.23851096630096436,-0.07557230442762375,0.3125649094581604,0.45240744948387146,-0.03942645713686943,0.2882389724254608,0.396129310131073,-0.055052366107702255,0.268530011177063,0.3657444715499878,-0.06047697737812996,0.2516947090625763,0.3285372853279114,-0.06325456500053406
0.43908369541168213,0.663414478302002,2.2604449156915507e-07,0.4910876154899597,0.6494123339653015,-0.0356985405087471,0.5318482518196106,0.6071202754974365,-0.06123904511332512,0.5504050254821777,0.5668352246284485,-0.08473359048366547,0.544236421585083,0.5237472057342529,-0.1053001880645752,0.553157389163971,0.46676796674728394,-0.03477584570646286,0.5827822685241699,0.37107908725738525,-0.05786203220486641,0.6062536835670471,0.31263500452041626,-0.07054148614406586,0.6200129389762878,0.2605738639831543,-0.08135705441236496,0.5056418776512146,0.4463554322719574,-0.03940587490797043,0.5194985866546631,0.38220661878585815,-0.0916498675942421,0.5264284610748291,0.4416968524456024,-0.10849647223949432,0.5276001691818237,0.49785736203193665,-0.10462445765733719,0.4589780271053314,0.4427543580532074,-0.049128055572509766,0.4612104892730713,0.3504600524902344,-0.08569322526454926,0.47117942571640015,0.2785969376564026,-0.10282427072525024,0.480435848236084,0.2090241014957428,-0.1087031215429306,0.4139353930950165,0.45935916900634766,-0.06174235790967941,0.3856176435947418,0.388551265001297,-0.0832103043794632,0.36249202489852905,0.35039061307907104,-0.09066792577505112,0.34270554780960083,0.30714190006256104,-0.09437258541584015
0.4941297173500061,0.7198034524917603,2.50314940331009e-07,0.5406208634376526,0.711982011795044,-0.03287391737103462,0.5822543501853943,0.6801853179931641,-0.05819479376077652,0.6111375093460083,0.649523913860321,-0.0814552828669548,0.6079146265983582,0.6073146462440491,-0.10282938927412033,0.5995628833770752,0.5444671511650085,-0.035763856023550034,0.6314007639884949,0.4590798020362854,-0.05773266777396202,0.652474045753479,0.40474826097488403,-0.07121428847312927,0.6636531352996826,0.3549540638923645,-0.08293279260396957,0.559261679649353,0.5228840112686157,-0.040954820811748505,0.5819820165634155,0.4698421061038971,-0.08859852701425552,0.5906419157981873,0.525912880897522,-0.10555382072925568,0.5923289060592651,0.5791226625442505,-0.10436783730983734,0.5167821049690247,0.5170961618423462,-0.05032329633831978,0.5239354372024536,0.43577924370765686,-0.0816175639629364,0.533126175403595,0.37170255184173584,-0.09672082215547562,0.5416035056114197,0.3103925287723541,-0.103307344019413,0.47334742546081543,0.5338643789291382,-0.062452323734760284,0.4473278224468231,0.46945083141326904,-0.07972606271505356,0.426249623298645,0.4346993863582611,-0.08534350246191025,0.40807583928108215,0.39566144347190857,-0.0890575647354126
0.4938148856163025,0.7848758697509766,3.2327383792107867e-07,0.5377593636512756,0.7859622240066528,-0.03575647622346878,0.5752714276313782,0.7617506384849548,-0.06301087141036987,0.6016136407852173,0.7435765266418457,-0.08814935386180878,0.6090293526649475,0.7060732245445251,-0.11030160635709763,0.5959279537200928,0.6296626925468445,-0.03633992746472359,0.6295443177223206,0.5459256768226624,-0.059003572911024094,0.6511853933334351,0.4971446990966797,-0.07330383360385895,0.6619704365730286,0.45110243558883667,-0.08573532849550247,0.5576643943786621,0.6089385151863098,-0.04100598394870758,0.5860350728034973,0.5741915702819824,-0.09389813989400864,0.5928751826286316,0.6373146176338196,-0.11386948823928833,0.592881441116333,0.6895259022712708,-0.11348237842321396,0.5184705853462219,0.5994081497192383,-0.05016935616731644,0.529243528842926,0.5281575918197632,-0.0836334228515625,0.543847382068634,0.46821850538253784,-0.09883322566747665,0.5566917061805725,0.4052375555038452,-0.10494213551282883,0.47858119010925293,0.6083457469940186,-0.062496937811374664,0.4619290232658386,0.5490034818649292,-0.07985611259937286,0.4462420344352722,0.5126224160194397,-0.08399469405412674,0.4328041672706604,0.47048312425613403,-0.08627410978078842
0.512377142906189,0.8096473217010498,2.7324566076458723e-07,0.5545915961265564,0.8077201843261719,-0.026973314583301544,0.5929269194602966,0.7865216135978699,-0.0505342036485672,0.6254097819328308,0.7739003300666809,-0.07219693064689636,0.6393489837646484,0.7456186413764954,-0.09164910763502121,0.6012423038482666,0.6717807650566101,-0.03687499091029167,0.6345345377922058,0.5937076807022095,-0.06005421280860901,0.656952977180481,0.5496105551719666,-0.07457837462425232,0.6693957448005676,0.5070479512214661,-0.08594658225774765,0.571624219417572,0.6527219414710999,-0.04332882910966873,0.6102535724639893,0.6232615113258362,-0.09179341048002243,0.6211727857589722,0.6794808506965637,-0.10823113471269608,0.6206343770027161,0.7271765470504761,-0.1065794974565506,0.5382165312767029,0.6448025107383728,-0.053006041795015335,0.5568554997444153,0.579924464225769,-0.08550188690423965,0.5753448605537415,0.5257143974304199,-0.09995293617248535,0.5891260504722595,0.47102296352386475,-0.10525360703468323,0.5019784569740295,0.6525089144706726,-0.06449081748723984,0.4863278269767761,0.5970504283905029,-0.08165589720010757,0.47366103529930115,0.5606937408447266,-0.08572115749120712,0.46174630522727966,0.520296037197113,-0.08770477771759033
0.49555307626724243,0.8239216804504395,2.7379385869608086e-07,0.5374068021774292,0.8256511688232422,-0.030421433970332146,0.5732578039169312,0.8080273270606995,-0.055412549525499344,0.6039305329322815,0.7987051010131836,-0.07778318971395493,0.6219040155410767,0.7733930349349976,-0.09762053191661835,0.5875351428985596,0.6922205686569214,-0.040704671293497086,0.6199672222137451,0.6159518361091614,-0.06405507773160934,0.6424564123153687,0.5729028582572937,-0.07912950217723846,0.65495365858078,0.5317019820213318,-0.09137330204248428,0.5575981140136719,0.6731073260307312,-0.04649779573082924,0.5963990092277527,0.6484215259552002,-0.09442537277936935,0.6065859198570251,0.7041776180267334,-0.11148257553577423,0.605217456817627,0.7498863339424133,-0.11119762808084488,0.5246354937553406,0.6642012000083923,-0.055860936641693115,0.5430927872657776,0.6010652780532837,-0.08853144943714142,0.563529372215271,0.5494606494903564,-0.10346490889787674,0.5794498324394226,0.4955283999443054,-0.10974140465259552,0.48885929584503174,0.6711492538452148,-0.06742678582668304,0.47115910053253174,0.6121446490287781,-0.08557725697755814,0.455107718706131,0.5767401456832886,-0.09023671597242355,0.44059091806411743,0.538304328918457,-0.09294019639492035
0.4430863857269287,0.8300238847732544,2.5686310323180805e-07,0.4854954779148102,0.8349489569664001,-0.03149288147687912,0.5212759971618652,0.817482590675354,-0.05661870539188385,0.5428162217140198,0.8018420934677124,-0.08022383600473404,0.5532497763633728,0.7707704305648804,-0.10199709236621857,0.5372011661529541,0.6843603253364563,-0.03539624810218811,0.5657259225845337,0.6064093708992004,-0.05339498817920685,0.5856913328170776,0.561733067035675,-0.06492888182401657,0.5967217087745667,0.5219435691833496,-0.07537979632616043,0.5028879046440125,0.6657025218009949,-0.03884468227624893,0.5272364616394043,0.6515656113624573,-0.08216080814599991,0.5356667041778564,0.7075257897377014,-0.0981694683432579,0.5367715358734131,0.7516663670539856,-0.09840268641710281,0.46555665135383606,0.6586533188819885,-0.04580925405025482,0.4791117310523987,0.5987046360969543,-0.07243425399065018,0.49137750267982483,0.5515393018722534,-0.0819501131772995,0.5025342702865601,0.5028977394104004,-0.0857776626944542,0.42562174797058105,0.6695293188095093,-0.05569539964199066,0.40907642245292664,0.6148717999458313,-0.07143354415893555,0.3929068148136139,0.5837440490722656,-0.07390741258859634,0.3799595832824707,0.5479419231414795,-0.07463014125823975
0.4039677083492279,0.7953460216522217,2.5732751396390086e-07,0.4429701864719391,0.7898374795913696,-0.029730040580034256,0.47270020842552185,0.7607605457305908,-0.0529688335955143,0.48886778950691223,0.7360544204711914,-0.0746762603521347,0.49299100041389465,0.7034490704536438,-0.09390891343355179,0.48046839237213135,0.633529007434845,-0.029230771586298943,0.500207245349884,0.5514395236968994,-0.04723937064409256,0.5147494077682495,0.5026586055755615,-0.05779774859547615,0.5201039910316467,0.45914018154144287,-0.06719150394201279,0.4459543228149414,0.6211084723472595,-0.03354386240243912,0.466103196144104,0.5849094390869141,-0.07632049918174744,0.4769105017185211,0.6365073323249817,-0.09050289541482925,0.4811879098415375,0.6807555556297302,-0.08839714527130127,0.40942975878715515,0.6207992434501648,-0.041968848556280136,0.4105653762817383,0.5536874532699585,-0.06987452507019043,0.4124017655849457,0.49776190519332886,-0.08174507319927216,0.414478600025177,0.4407137334346771,-0.08626959472894669,0.37263184785842896,0.6390779614448547,-0.05300576984882355,0.3488767147064209,0.5879806280136108,-0.06810499727725983,0.33019089698791504,0.5587267279624939,-0.07172827422618866,0.3139033317565918,0.5234065055847168,-0.07375739514827728
0.3397671580314636,0.7790953516960144,2.5531252845212293e-07,0.3751240670681,0.7619839906692505,-0.02654603123664856,0.3984645903110504,0.7236562967300415,-0.0467042438685894,0.4092293977737427,0.691223680973053,-0.06558637320995331,0.408952921628952,0.6586976051330566,-0.08220101147890091,0.39793461561203003,0.6082143187522888,-0.026129204779863358,0.4176985025405884,0.5318847894668579,-0.044291138648986816,0.432062566280365,0.4845714569091797,-0.054553546011447906,0.43721330165863037,0.4442555904388428,-0.06310230493545532,0.3614088296890259,0.6014533042907715,-0.03009270690381527,0.37137842178344727,0.5562872886657715,-0.06879287958145142,0.38479921221733093,0.5974751114845276,-0.08113562315702438,0.39292287826538086,0.6338647603988647,-0.07916013151407242,0.324625164270401,0.6055538058280945,-0.038015805184841156,0.3173075318336487,0.537134051322937,-0.06531571596860886,0.3146127462387085,0.4820846915245056,-0.0769827589392662,0.3112926483154297,0.42760801315307617,-0.08143234252929688,0.28995221853256226,0.6268545389175415,-0.04807833209633827,0.2630227506160736,0.5803966522216797,-0.06342373043298721,0.24170160293579102,0.5579957365989685,-0.06698781996965408,0.22129550576210022,0.5312973260879517,-0.06874892115592957
0.2814745604991913,0.762320339679718,2.2122986820249935e-07,0.3202841877937317,0.7481673955917358,-0.027533024549484253,0.3405129611492157,0.7023939490318298,-0.04504096508026123,0.3440820574760437,0.6622481346130371,-0.06059721112251282,0.33919501304626465,0.6315839886665344,-0.07427489757537842,0.3473299741744995,0.5896580815315247,-0.025324735790491104,0.38235676288604736,0.5225797295570374,-0.043124716728925705,0.4042380452156067,0.4783923923969269,-0.05287729948759079,0.4177364110946655,0.4405839443206787,-0.06146371737122536,0.3092995285987854,0.5814306735992432,-0.027738245204091072,0.3046604096889496,0.5366090536117554,-0.06818146258592606,0.3074801564216614,0.5840290188789368,-0.07961136847734451,0.3122015595436096,0.6239017844200134,-0.07604098320007324,0.27181434631347656,0.5871152877807617,-0.034306950867176056,0.25694990158081055,0.5170469284057617,-0.06343784928321838,0.24728062748908997,0.46446090936660767,-0.07484234869480133,0.24062679708003998,0.40973103046417236,-0.07828383147716522,0.23966455459594727,0.6111010313034058,-0.04304083064198494,0.2090878188610077,0.5664553642272949,-0.06247604265809059,0.18799781799316406,0.5423226356506348,-0.06895975768566132,0.16940242052078247,0.5092803835868835,-0.07172595709562302
0.28758665919303894,0.7611651420593262,2.1416978768229455e-07,0.32654526829719543,0.7500799298286438,-0.025711556896567345,0.3493814468383789,0.7054647207260132,-0.04104253649711609,0.35534486174583435,0.66501784324646,-0.054042354226112366,0.3566966950893402,0.6318883895874023,-0.06503861397504807,0.3618142902851105,0.598307192325592,-0.024144429713487625,0.4003888964653015,0.5339121222496033,-0.04156798869371414,0.4247811734676361,0.4935973882675171,-0.05164146050810814,0.4419088661670685,0.4570276439189911,-0.06039131060242653,0.324444055557251,0.5869261622428894,-0.026218678802251816,0.3234938979148865,0.5369578003883362,-0.06539319455623627,0.32354363799095154,0.5815812945365906,-0.07775695621967316,0.32590270042419434,0.6215008497238159,-0.07518117129802704,0.28701120615005493,0.5894584655761719,-0.031998246908187866,0.27729490399360657,0.5182698965072632,-0.06049192324280739,0.27083536982536316,0.46470195055007935,-0.07297160476446152,0.2676660120487213,0.40919560194015503,-0.07726866751909256,0.253155380487442,0.6098096966743469,-0.03962233290076256,0.22663865983486176,0.5634539723396301,-0.05893995985388756,0.20706713199615479,0.5389849543571472,-0.06578779965639114,0.19038867950439453,0.5053795576095581,-0.06877730041742325
0.2865552604198456,0.7480651140213013,1.9791882266417815e-07,0.32494717836380005,0.7327892184257507,-0.024039415642619133,0.34708380699157715,0.6854767203330994,-0.037600938230752945,0.3559079170227051,0.6425485610961914,-0.04896184429526329,0.3553463816642761,0.6065809726715088,-0.05852914974093437,0.35703182220458984,0.5845327973365784,-0.021693745627999306,0.3912477493286133,0.5219045281410217,-0.03741643950343132,0.41139233112335205,0.48105257749557495,-0.04606122523546219,0.4246022701263428,0.44478464126586914,-0.053783342242240906,0.32130125164985657,0.5730692148208618,-0.024065880104899406,0.32326534390449524,0.5195813179016113,-0.05961852893233299,0.32651787996292114,0.5606048107147217,-0.07021176069974899,0.33024927973747253,0.5996997356414795,-0.06711643934249878,0.2844524383544922,0.5771886110305786,-0.030088890343904495,0.27448320388793945,0.5065500140190125,-0.056638430804014206,0.26777341961860657,0.4555410146713257,-0.06903041899204254,0.26407164335250854,0.4038834571838379,-0.07364923506975174,0.2511659264564514,0.5995069742202759,-0.03778809309005737,0.22323553264141083,0.55711829662323,-0.056165650486946106,0.20255061984062195,0.5346254706382751,-0.06359277665615082,0.18448472023010254,0.5038397312164307,-0.06738177686929703
0.2818504273891449,0.736476719379425,3.106918029516237e-07,0.31921568512916565,0.7170044779777527,-0.02272268757224083,0.34530961513519287,0.6645335555076599,-0.035621944814920425,0.3607994318008423,0.6172032356262207,-0.04666011407971382,0.35011446475982666,0.5824744701385498,-0.05651718005537987,0.34676605463027954,0.5833079814910889,-0.018351571634411812,0.3802415132522583,0.5246879458427429,-0.03180712088942528,0.40133166313171387,0.4864512085914612,-0.039658743888139725,0.415147602558136,0.4537692666053772,-0.04674071818590164,0.3152691125869751,0.5738381147384644,-0.02094947174191475,0.32479798793792725,0.5173525810241699,-0.05245543271303177,0.3345649242401123,0.5463470220565796,-0.0635959655046463,0.34094130992889404,0.5790576338768005,-0.06199822202324867,0.2821311950683594,0.5765238404273987,-0.026834657415747643,0.27368396520614624,0.5110878348350525,-0.049849361181259155,0.2685459852218628,0.46171051263809204,-0.0629681646823883,0.2633068859577179,0.41748517751693726,-0.0687887966632843,0.25175797939300537,0.5952187776565552,-0.034599289298057556,0.22481897473335266,0.5561445951461792,-0.05031929910182953,0.20377230644226074,0.5317355990409851,-0.058590080589056015,0.18376561999320984,0.5038591623306274,-0.06377436965703964
0.26586002111434937,0.7844001054763794,1.9266562389930186e-07,0.30918070673942566,0.7708081007003784,-0.026149524375796318,0.33893927931785583,0.7165654897689819,-0.04122493788599968,0.3462867736816406,0.6732633709907532,-0.05432348698377609,0.3246428072452545,0.6495083570480347,-0.06584174185991287,0.3454923629760742,0.6020932793617249,-0.020975004881620407,0.3778003454208374,0.5304348468780518,-0.03720191493630409,0.3990068733692169,0.48398691415786743,-0.04718286171555519,0.41226160526275635,0.4433155655860901,-0.05656737461686134,0.3053171634674072,0.5915537476539612,-0.02443350851535797,0.30709022283554077,0.5421561002731323,-0.06580927968025208,0.3057635724544525,0.5968271493911743,-0.07868172973394394,0.30543720722198486,0.6437982320785522,-0.07539013028144836,0.2652437388896942,0.5949580073356628,-0.031987033784389496,0.25655055046081543,0.5232784748077393,-0.0593806616961956,0.2517687678337097,0.46930670738220215,-0.07159541547298431,0.24834245443344116,0.4128495454788208,-0.0758802592754364,0.22877618670463562,0.6161112189292908,-0.041801199316978455,0.2022901177406311,0.5646049976348877,-0.05776744708418846,0.18278029561042786,0.536758542060852,-0.06319823861122131,0.16557914018630981,0.49987366795539856,-0.0661926344037056
0.21777883172035217,0.9120193719863892,2.216612386973793e-07,0.2606310546398163,0.8954796195030212,-0.05917460471391678,0.28963595628738403,0.8576276302337646,-0.09756356477737427,0.29646584391593933,0.8333885073661804,-0.12970219552516937,0.27870655059814453,0.7907997369766235,-0.15900053083896637,0.3177923858165741,0.6805290579795837,-0.06325168162584305,0.3350190818309784,0.5619857311248779,-0.09146958589553833,0.3470652103424072,0.48427814245224,-0.10575989633798599,0.3511044681072235,0.4185100495815277,-0.11691614985466003,0.267133504152298,0.6744748950004578,-0.05803334712982178,0.2658981382846832,0.6233121752738953,-0.1203194186091423,0.26056933403015137,0.7113340497016907,-0.13807156682014465,0.2605554759502411,0.7734629511833191,-0.13350580632686615,0.22086437046527863,0.6810206770896912,-0.0589841827750206,0.21159230172634125,0.6040177345275879,-0.09795165061950684,0.20646363496780396,0.555048942565918,-0.10728858411312103,0.20380674302577972,0.49348631501197815,-0.10729946941137314,0.1801598072052002,0.6973399519920349,-0.0654521957039833,0.18026618659496307,0.6175594925880432,-0.08435241878032684,0.18006396293640137,0.5683972835540771,-0.0870274230837822,0.18409425020217896,0.5042675733566284,-0.08755645900964737
0.21059846878051758,0.9083545207977295,1.694657498774177e-07,0.2581976652145386,0.8897725343704224,-0.05825745314359665,0.28540876507759094,0.8436532020568848,-0.09370983392000198,0.2805658280849457,0.8085504770278931,-0.12314393371343613,0.2540881335735321,0.7626630663871765,-0.14839066565036774,0.31252744793891907,0.6603235602378845,-0.05204670876264572,0.32237204909324646,0.5422874093055725,-0.0815802663564682,0.3288343846797943,0.46480080485343933,-0.09694908559322357,0.32912588119506836,0.4003131687641144,-0.10801860690116882,0.2600928843021393,0.654352605342865,-0.04776574298739433,0.2508290112018585,0.5974595546722412,-0.11227293312549591,0.24498848617076874,0.6906328797340393,-0.1299734115600586,0.24526387453079224,0.7562648057937622,-0.12280736863613129,0.2124088853597641,0.6628735065460205,-0.050914693623781204,0.19726680219173431,0.5891355872154236,-0.09291177988052368,0.19216212630271912,0.5416728854179382,-0.10294187068939209,0.18911723792552948,0.47872185707092285,-0.1010485291481018,0.17230165004730225,0.6811477541923523,-0.05960368737578392,0.1698245257139206,0.6042056083679199,-0.07877727597951889,0.1703043282032013,0.5602294206619263,-0.08052422106266022,0.17394237220287323,0.49991655349731445,-0.07931357622146606
0.1979544460773468,0.8861502408981323,2.5043775053745776e-07,0.24958743155002594,0.8658913969993591,-0.042326342314481735,0.28835880756378174,0.802192211151123,-0.06828966736793518,0.2947068512439728,0.7479972839355469,-0.09152045100927353,0.2746714651584625,0.6954970955848694,-0.11173534393310547,0.3180946707725525,0.6447710394859314,-0.026956137269735336,0.35165345668792725,0.5394976735115051,-0.050844840705394745,0.37371766567230225,0.47195109724998474,-0.06614475697278976,0.38569337129592896,0.4144939184188843,-0.07914941012859344,0.26875898241996765,0.6251820921897888,-0.029852645471692085,0.276091605424881,0.5484476089477539,-0.08606079965829849,0.26573044061660767,0.6218231916427612,-0.10382873564958572,0.25898149609565735,0.6885709166526794,-0.09872180968523026,0.21699309349060059,0.6258766651153564,-0.03959260135889053,0.21215085685253143,0.5336132049560547,-0.07364924252033234,0.20793312788009644,0.46352893114089966,-0.08688051998615265,0.20587824285030365,0.39128628373146057,-0.09012281149625778,0.167423814535141,0.6519228219985962,-0.05375964194536209,0.14528970420360565,0.5793917179107666,-0.0694771483540535,0.12945637106895447,0.5337761044502258,-0.07298289239406586,0.11572927981615067,0.4799005389213562,-0.07459910213947296
0.19890499114990234,0.8717749714851379,2.2141564670619118e-07,0.2570626735687256,0.8541957139968872,-0.034714896231889725,0.3062729835510254,0.7903112173080444,-0.05464975908398628,0.3255347013473511,0.7351455688476562,-0.072101891040802,0.30352452397346497,0.6896821856498718,-0.08721166849136353,0.33000969886779785,0.6431630253791809,-0.023271793499588966,0.3720666766166687,0.5416437983512878,-0.04180240258574486,0.3966842293739319,0.47944188117980957,-0.05256686359643936,0.4125451147556305,0.42166921496391296,-0.06335960328578949,0.28109145164489746,0.6206292510032654,-0.02872808463871479,0.2977428138256073,0.5405730605125427,-0.08010751008987427,0.2946045398712158,0.6079001426696777,-0.09650497883558273,0.29049912095069885,0.672614574432373,-0.09152184426784515,0.2285303771495819,0.6171261072158813,-0.039744652807712555,0.2283058762550354,0.5242642164230347,-0.07209721207618713,0.2342500537633896,0.44829699397087097,-0.08914971351623535,0.2409237176179886,0.3723762631416321,-0.09602425247430801,0.1771622896194458,0.6372599601745605,-0.054143548011779785,0.1520688831806183,0.5652667284011841,-0.07014889270067215,0.1358056664466858,0.519636869430542,-0.07696419209241867,0.12273691594600677,0.465543270111084,-0.0820111632347107
0.22415634989738464,0.8405885696411133,1.8086038267028925e-07,0.2789364755153656,0.8234215974807739,-0.030624691396951675,0.3246006965637207,0.7643089890480042,-0.04906044527888298,0.3459109663963318,0.7139323949813843,-0.0657709389925003,0.3327738344669342,0.6665267944335938,-0.07994618266820908,0.342552125453949,0.6200963258743286,-0.020134732127189636,0.3790062665939331,0.5214435458183289,-0.04106825962662697,0.4005882740020752,0.46074920892715454,-0.05368810147047043,0.41419872641563416,0.40545958280563354,-0.06467411667108536,0.297728955745697,0.5987768769264221,-0.02643374353647232,0.31674090027809143,0.5244287252426147,-0.07805079966783524,0.3165571093559265,0.5877779126167297,-0.09501821547746658,0.31535056233406067,0.6482527852058411,-0.09061156213283539,0.24909037351608276,0.5964322686195374,-0.038096483796834946,0.25441938638687134,0.5071101188659668,-0.07099826633930206,0.26276805996894836,0.4359537363052368,-0.08670195937156677,0.27272292971611023,0.3650209307670593,-0.09199757874011993,0.20001636445522308,0.6166772842407227,-0.05272357910871506,0.17785605788230896,0.5476616621017456,-0.06932587176561356,0.16427858173847198,0.5019147396087646,-0.07548095285892487,0.1549663096666336,0.4475545585155487,-0.07918661087751389
0.22256000339984894,0.8308210372924805,2.1937313476882991e-07,0.2771816849708557,0.8169643878936768,-0.03219250589609146,0.3199598491191864,0.7629455327987671,-0.05334854498505592,0.3360629081726074,0.7190377116203308,-0.0724249854683876,0.31747719645500183,0.6807076930999756,-0.08876239508390427,0.34331274032592773,0.6100761890411377,-0.025852855294942856,0.38549715280532837,0.5177171230316162,-0.04737693816423416,0.41407203674316406,0.4607052803039551,-0.059493571519851685,0.4311280846595764,0.4109323024749756,-0.06977066397666931,0.2958647608757019,0.5883787870407104,-0.03128157928586006,0.31575798988342285,0.5270109176635742,-0.08397207409143448,0.3138718008995056,0.5992157459259033,-0.09969856590032578,0.30907222628593445,0.6630994081497192,-0.09408066421747208,0.24542513489723206,0.5842229127883911,-0.04212736338376999,0.24905216693878174,0.4905705749988556,-0.0762978345155716,0.25460803508758545,0.41495782136917114,-0.0931965708732605,0.2607933282852173,0.33917731046676636,-0.0993051677942276,0.19489291310310364,0.6031001210212708,-0.055609676986932755,0.17250829935073853,0.5336089730262756,-0.07242496311664581,0.15794998407363892,0.49021780490875244,-0.07825598120689392,0.14750230312347412,0.4383583068847656,-0.08187243342399597
0.2293962687253952,0.827702522277832,2.3822911998649943e-07,0.28518471121788025,0.815185010433197,-0.030256735160946846,0.3297073543071747,0.7614110708236694,-0.049836352467536926,0.34950512647628784,0.7154829502105713,-0.06805886328220367,0.3342439532279968,0.6759333610534668,-0.0837869867682457,0.34821102023124695,0.6162226796150208,-0.020512845367193222,0.38786405324935913,0.5254018902778625,-0.040102336555719376,0.41426652669906616,0.46928250789642334,-0.0517028346657753,0.42963695526123047,0.4193052649497986,-0.06197011470794678,0.3032982349395752,0.5938943028450012,-0.026785006746649742,0.3245455324649811,0.5307510495185852,-0.07762227952480316,0.3265307545661926,0.5961056351661682,-0.09404587745666504,0.3248521089553833,0.6566741466522217,-0.08922244608402252,0.25527945160865784,0.5881595611572266,-0.03832636773586273,0.2601626515388489,0.4979371130466461,-0.07017289102077484,0.2682875096797943,0.4228678345680237,-0.0869707316160202,0.27727144956588745,0.34946998953819275,-0.09336229413747787,0.20667986571788788,0.6051660776138306,-0.05271262675523758,0.18539497256278992,0.5383395552635193,-0.0678052082657814,0.17149312794208527,0.4944413900375366,-0.0738050565123558,0.16145643591880798,0.4435790777206421,-0.07783226668834686
0.2327088713645935,0.832819938659668,2.456879713008675e-07,0.28263333439826965,0.8216348886489868,-0.034559063613414764,0.3211778700351715,0.7821286916732788,-0.058738432824611664,0.3374748229980469,0.7488505244255066,-0.08119423687458038,0.3354599177837372,0.7063341736793518,-0.10034516453742981,0.3469466269016266,0.6280025839805603,-0.028275681659579277,0.3831291198730469,0.535524845123291,-0.05067824572324753,0.40709811449050903,0.47785699367523193,-0.06374979764223099,0.42005810141563416,0.42525193095207214,-0.07483859360218048,0.3023930788040161,0.6072450876235962,-0.033408813178539276,0.32045698165893555,0.5461497902870178,-0.08594001084566116,0.32447350025177,0.6113259196281433,-0.10348004847764969,0.3244422376155853,0.6692707538604736,-0.10014539957046509,0.2557418942451477,0.6014752388000488,-0.044113390147686005,0.2589431703090668,0.5143370628356934,-0.07763294875621796,0.2670362889766693,0.4439646601676941,-0.09306512027978897,0.2753530740737915,0.37273484468460083,-0.09843011945486069,0.20880736410617828,0.616976261138916,-0.05812101438641548,0.18849797546863556,0.5475502014160156,-0.07521041482686996,0.17521831393241882,0.5051137208938599,-0.08087068051099777,0.16560670733451843,0.4547085762023926,-0.08399514853954315
0.26387736201286316,0.8185949325561523,1.2878481925326923e-07,0.3030824363231659,0.8113041520118713,-0.026071952655911446,0.33244872093200684,0.7769118547439575,-0.04609226807951927,0.34765321016311646,0.7543076872825623,-0.06486712396144867,0.34978577494621277,0.7298178672790527,-0.0806526243686676,0.3537120223045349,0.6487087607383728,-0.02588493935763836,0.37743350863456726,0.5627148151397705,-0.04597798362374306,0.39290958642959595,0.5113481879234314,-0.05781850963830948,0.3997794985771179,0.46562808752059937,-0.0676560327410698,0.31788602471351624,0.6327043175697327,-0.03152228519320488,0.33931025862693787,0.591877281665802,-0.07976479083299637,0.340995192527771,0.652781069278717,-0.09416388720273972,0.33951467275619507,0.7026172876358032,-0.08994385600090027,0.28021639585494995,0.6281694173812866,-0.04127689450979233,0.28710928559303284,0.5572284460067749,-0.07045861333608627,0.29572173953056335,0.5035151243209839,-0.08091231435537338,0.3042023479938507,0.4466118812561035,-0.08316526561975479,0.2410314977169037,0.6400052905082703,-0.053588517010211945,0.22264133393764496,0.5827814340591431,-0.0675511509180069,0.21112953126430511,0.5475152134895325,-0.07019961625337601,0.2034456431865692,0.5035028457641602,-0.07089392095804214
0.2655724287033081,0.8042978644371033,1.7144290609394375e-07,0.3103512227535248,0.7931468486785889,-0.033082351088523865,0.3394205570220947,0.7371522188186646,-0.04896453022956848,0.34533894062042236,0.6946626305580139,-0.06213374063372612,0.3509156405925751,0.6535120606422424,-0.07297288626432419,0.36223092675209045,0.6175559759140015,-0.011812977492809296,0.3909923732280731,0.5416978597640991,-0.026716740801930428,0.40539246797561646,0.49250131845474243,-0.03871822729706764,0.4157344400882721,0.4467088580131531,-0.049440495669841766,0.32575559616088867,0.6021940112113953,-0.012505259364843369,0.3262191712856293,0.5278415083885193,-0.05322892218828201,0.3265291452407837,0.5707610249519348,-0.0698009803891182,0.32844921946525574,0.6225748062133789,-0.06766433268785477,0.289104700088501,0.6042821407318115,-0.018850399181246758,0.29869356751441956,0.5177531242370605,-0.045102424919605255,0.3130655884742737,0.4628223776817322,-0.05757974460721016,0.3273039162158966,0.40910109877586365,-0.060473617166280746,0.25512465834617615,0.6242955327033997,-0.028483817353844643,0.2628745138645172,0.5678606629371643,-0.041556213051080704,0.27090927958488464,0.527944028377533,-0.04669627174735069,0.2803769111633301,0.48082512617111206,-0.04957146570086479
0.2547101080417633,0.7803735733032227,2.21446242676393e-07,0.3017359673976898,0.7675485610961914,-0.04042588174343109,0.32885271310806274,0.7084531188011169,-0.06148143112659454,0.33053985238075256,0.6633741855621338,-0.07857993990182877,0.3284929394721985,0.6173143982887268,-0.0925576314330101,0.34987252950668335,0.5727907419204712,-0.021178152412176132,0.38076022267341614,0.48693981766700745,-0.04020768776535988,0.39605146646499634,0.4316025972366333,-0.05388374999165535,0.4064202308654785,0.3809228539466858,-0.06571399420499802,0.3088020086288452,0.5593878626823425,-0.02028365060687065,0.30586469173431396,0.48103782534599304,-0.06606220453977585,0.3060024380683899,0.534771203994751,-0.08214518427848816,0.30966314673423767,0.5935807228088379,-0.07850614935159683,0.2693166136741638,0.564669132232666,-0.025908347219228745,0.2763276696205139,0.4718089699745178,-0.05455310642719269,0.2874554991722107,0.4167426824569702,-0.06478187441825867,0.2993687093257904,0.35715746879577637,-0.06588584184646606,0.23449429869651794,0.5895214676856995,-0.03566066175699234,0.23888935148715973,0.5278521180152893,-0.04993506520986557,0.24455298483371735,0.4850426912307739,-0.05424382537603378,0.2514415979385376,0.4310297966003418,-0.056416358798742294
0.2793472111225128,0.7391204237937927,3.0584629939767183e-07,0.3297991156578064,0.723433256149292,-0.05262133479118347,0.3599948287010193,0.6620761156082153,-0.08152905106544495,0.35949110984802246,0.6108197569847107,-0.10499664396047592,0.35160210728645325,0.5557868480682373,-0.12527741491794586,0.3765923082828522,0.5038706064224243,-0.03494415432214737,0.40314820408821106,0.4016961455345154,-0.05982844904065132,0.4174741804599762,0.3350498080253601,-0.0778520330786705,0.42701253294944763,0.27513137459754944,-0.09244097024202347,0.3279880881309509,0.4920106828212738,-0.030224472284317017,0.31896981596946716,0.4062788486480713,-0.0839843824505806,0.32115063071250916,0.46602365374565125,-0.10400895029306412,0.3291533887386322,0.528854250907898,-0.10134321451187134,0.2826964259147644,0.49967315793037415,-0.03273119032382965,0.2792052626609802,0.39875853061676025,-0.06618448346853256,0.28568577766418457,0.33470770716667175,-0.0789031982421875,0.29408738017082214,0.26863566040992737,-0.08104224503040314,0.24449090659618378,0.5280253887176514,-0.040434855967760086,0.24432604014873505,0.4584514796733856,-0.05597355216741562,0.2480049729347229,0.410810649394989,-0.0606803223490715,0.25335484743118286,0.353529155254364,-0.06315584480762482
0.5046142339706421,0.7930698990821838,1.3177189828184055e-07,0.5516447424888611,0.7637210488319397,-0.024060824885964394,0.5838594436645508,0.7118495106697083,-0.04278856888413429,0.6034846901893616,0.6776176691055298,-0.061041537672281265,0.6215454936027527,0.6334072351455688,-0.07710324227809906,0.5756730437278748,0.5756781697273254,-0.020556699484586716,0.5908628106117249,0.4771631360054016,-0.03961772844195366,0.599539577960968,0.4206932783126831,-0.05198366567492485,0.6034955382347107,0.36741238832473755,-0.06251934915781021,0.54011070728302,0.5722816586494446,-0.026912663131952286,0.5576115250587463,0.4976249933242798,-0.06633846461772919,0.5853328108787537,0.5449918508529663,-0.08009947091341019,0.5986300110816956,0.5960676670074463,-0.0793723613023758,0.5059829354286194,0.584843635559082,-0.03708228841423988,0.5217032432556152,0.4907820522785187,-0.06335326284170151,0.5441918969154358,0.46757304668426514,-0.06638377159833908,0.5569950342178345,0.4458756148815155,-0.06411775201559067,0.4723348915576935,0.6103224158287048,-0.050003260374069214,0.478236585855484,0.5435079336166382,-0.06790318340063095,0.48635968565940857,0.5020539164543152,-0.07153621315956116,0.49067631363868713,0.4568030834197998,-0.07235302776098251
0.525700032711029,0.8235675096511841,2.3510193614129093e-07,0.5713574886322021,0.8187333345413208,-0.033580366522073746,0.6106346249580383,0.7736415266990662,-0.05581128969788551,0.6327451467514038,0.7412633299827576,-0.07646036893129349,0.6527925729751587,0.6941084265708923,-0.09444130957126617,0.6244015097618103,0.6385277509689331,-0.013074452057480812,0.6504704356193542,0.5607505440711975,-0.029847031459212303,0.6597322225570679,0.5104115009307861,-0.043070465326309204,0.6640925407409668,0.4619150757789612,-0.05548933520913124,0.5917614698410034,0.620419979095459,-0.016805872321128845,0.6115013957023621,0.5549718737602234,-0.061180196702480316,0.6212703585624695,0.613706648349762,-0.07979034632444382,0.6255155205726624,0.6714067459106445,-0.07920099049806595,0.5585210919380188,0.6197893619537354,-0.026071926578879356,0.577708899974823,0.5327671766281128,-0.05179440975189209,0.5957787036895752,0.4837905168533325,-0.06000595539808273,0.6105305552482605,0.432012677192688,-0.06112247332930565,0.5240511298179626,0.6382617950439453,-0.039158716797828674,0.5368735194206238,0.579006016254425,-0.051868025213479996,0.546603798866272,0.5345699191093445,-0.054751474410295486,0.5535257458686829,0.48110437393188477,-0.05638977885246277
0.5284311175346375,0.8144123554229736,2.5233342171304685e-07,0.573560357093811,0.8089212775230408,-0.031958285719156265,0.6121660470962524,0.7648528814315796,-0.05330143868923187,0.6342562437057495,0.7336320281028748,-0.07322071492671967,0.6544324159622192,0.6873782873153687,-0.09061938524246216,0.624631404876709,0.6366673707962036,-0.012501353397965431,0.6523700952529907,0.5610124468803406,-0.028962284326553345,0.6622986793518066,0.5128527879714966,-0.04190035164356232,0.6673363447189331,0.4663490056991577,-0.05400492995977402,0.5933751463890076,0.6197167634963989,-0.01674421690404415,0.6158123016357422,0.5533891916275024,-0.060579996556043625,0.6255421042442322,0.6097331643104553,-0.07966060191392899,0.629860520362854,0.6657254099845886,-0.07966271042823792,0.560930073261261,0.618763267993927,-0.026279432699084282,0.5800763368606567,0.5340206027030945,-0.05158012732863426,0.5982862114906311,0.4845249652862549,-0.061059482395648956,0.613655686378479,0.4325137734413147,-0.06329139322042465,0.5274332165718079,0.6354990601539612,-0.039392270147800446,0.5411844849586487,0.5777525901794434,-0.05153632164001465,0.5516380667686462,0.5345486402511597,-0.05489766225218773,0.5591779947280884,0.48251873254776,-0.05722269415855408
0.4846112132072449,0.8384196758270264,1.438566812339559e-07,0.524674117565155,0.831140398979187,-0.02394220232963562,0.5598281621932983,0.7931516170501709,-0.040172427892684937,0.5817362070083618,0.7657149434089661,-0.05543692782521248,0.6045301556587219,0.7320259213447571,-0.0684448853135109,0.5694946646690369,0.6850098967552185,-0.012428046204149723,0.5938495397567749,0.6092831492424011,-0.028290674090385437,0.6038921475410461,0.5663134455680847,-0.03957537189126015,0.6097218990325928,0.5256085395812988,-0.04901246726512909,0.5446188449859619,0.6700870990753174,-0.016554631292819977,0.5716047286987305,0.6140682101249695,-0.05332019180059433,0.5832865834236145,0.6613552570343018,-0.06640788167715073,0.5861539244651794,0.7068907022476196,-0.06408786028623581,0.5183789134025574,0.6685227751731873,-0.0249934084713459,0.5433034896850586,0.5907509326934814,-0.047845013439655304,0.5620673894882202,0.5526848435401917,-0.05276752635836601,0.5766575932502747,0.5118694305419922,-0.05160849541425705,0.48916175961494446,0.6803725361824036,-0.036159057170152664,0.504128098487854,0.6285803318023682,-0.04866092652082443,0.5150325894355774,0.5927219986915588,-0.05004427954554558,0.5224417448043823,0.5500060319900513,-0.04977720230817795
0.4624902009963989,0.8291265964508057,1.5007505282937927e-07,0.5023220777511597,0.8228456974029541,-0.019340962171554565,0.5383461713790894,0.7814845442771912,-0.034428082406520844,0.5603219270706177,0.7534181475639343,-0.04947005212306976,0.5827537178993225,0.721829891204834,-0.06284860521554947,0.5494701266288757,0.6750038266181946,-0.00810127891600132,0.5744295120239258,0.6048356294631958,-0.02404635213315487,0.5839490294456482,0.5634148716926575,-0.035408008843660355,0.5885812640190125,0.5256121754646301,-0.044748928397893906,0.5242247581481934,0.6611794233322144,-0.015226004645228386,0.5499775409698486,0.60390305519104,-0.053105298429727554,0.5598285794258118,0.6512371301651001,-0.06720953434705734,0.5631051659584045,0.6983293294906616,-0.06491148471832275,0.49682390689849854,0.660277247428894,-0.026137247681617737,0.5196378827095032,0.5859020352363586,-0.04868166893720627,0.5389878153800964,0.5468169450759888,-0.053031567484140396,0.5557029247283936,0.5068372488021851,-0.05148908495903015,0.4659476578235626,0.6745963096618652,-0.039339903742074966,0.47885388135910034,0.6241205334663391,-0.05036760866641998,0.49101996421813965,0.5890308618545532,-0.0497758649289608,0.5010440945625305,0.5484676361083984,-0.04815840721130371
0.3555939197540283,0.8014518618583679,1.1538055133542002e-07,0.39583122730255127,0.7972575426101685,-0.024390770122408867,0.4235786199569702,0.7521182298660278,-0.036384254693984985,0.4306808412075043,0.716749370098114,-0.04683676362037659,0.44483983516693115,0.6890441179275513,-0.05501239374279976,0.4475246071815491,0.6453693509101868,-0.009360584430396557,0.47680166363716125,0.5807129144668579,-0.024388441815972328,0.49108344316482544,0.5391906499862671,-0.03441234305500984,0.501876175403595,0.5024338960647583,-0.042216576635837555,0.4162941873073578,0.6285136342048645,-0.01128669735044241,0.4241785407066345,0.5673326253890991,-0.04730595648288727,0.42569446563720703,0.6063845157623291,-0.05966683104634285,0.42762282490730286,0.6501901149749756,-0.05592164769768715,0.3846021890640259,0.6266975998878479,-0.01794450543820858,0.39555883407592773,0.5505763292312622,-0.04283887892961502,0.4093749225139618,0.5050790905952454,-0.05206315219402313,0.4238583743572235,0.46199625730514526,-0.05215461924672127,0.35335391759872437,0.6402528882026672,-0.026886848732829094,0.36362046003341675,0.5869501233100891,-0.0399867445230484,0.37181606888771057,0.551613986492157,-0.04354504123330116,0.38004443049430847,0.5122894048690796,-0.04397909715771675
0.28392934799194336,0.7716479301452637,1.5066018477227772e-07,0.32037338614463806,0.7679882645606995,-0.031203998252749443,0.34480249881744385,0.7271489500999451,-0.047016095370054245,0.3444916903972626,0.6913371682167053,-0.059282973408699036,0.33857598900794983,0.6556237936019897,-0.069139264523983,0.37553921341896057,0.619339108467102,-0.02165905199944973,0.4173316955566406,0.5633499622344971,-0.038317497819662094,0.440371036529541,0.5257142186164856,-0.04991300404071808,0.45754629373550415,0.4900031089782715,-0.0594506599009037,0.3413483500480652,0.6025958061218262,-0.020936500281095505,0.34230172634124756,0.5396500825881958,-0.056976765394210815,0.3340345323085785,0.5832110047340393,-0.06908183544874191,0.32891491055488586,0.6276381611824036,-0.0664990097284317,0.30814796686172485,0.6007822155952454,-0.024991294369101524,0.315745085477829,0.5250253677368164,-0.0496123805642128,0.3221363425254822,0.48497360944747925,-0.057936761528253555,0.3295734226703644,0.44153836369514465,-0.058696772903203964,0.2780877947807312,0.6152411699295044,-0.03192984312772751,0.2838064134120941,0.5643415451049805,-0.046087995171546936,0.2882120907306671,0.5323253870010376,-0.050108201801776886,0.2936173379421234,0.4917501211166382,-0.05154513195157051
0.2734278440475464,0.7623165845870972,1.6681032377618976e-07,0.3086811304092407,0.7598090171813965,-0.03296227380633354,0.3329675793647766,0.7220417261123657,-0.05052976310253143,0.3308005630970001,0.6884791851043701,-0.06444669514894485,0.32218867540359497,0.652097225189209,-0.07577366381883621,0.3630524277687073,0.6117381453514099,-0.025629032403230667,0.406085729598999,0.5531602501869202,-0.044081106781959534,0.4305728077888489,0.5139106512069702,-0.05667421594262123,0.448644757270813,0.4772268533706665,-0.06678325682878494,0.32798489928245544,0.5955085158348083,-0.02411719225347042,0.32852402329444885,0.5361623764038086,-0.06225573644042015,0.31903916597366333,0.5845996737480164,-0.07449586689472198,0.31419074535369873,0.630472719669342,-0.07191898673772812,0.2953300178050995,0.5928151607513428,-0.027375750243663788,0.3027363419532776,0.5171355605125427,-0.05264430493116379,0.3068375587463379,0.4809308648109436,-0.05925925076007843,0.3124951124191284,0.4421389400959015,-0.05879339203238487,0.2667176127433777,0.6060695052146912,-0.03385121002793312,0.2712841033935547,0.5542864799499512,-0.048374779522418976,0.2735958695411682,0.5224485993385315,-0.051768913865089417,0.2778305113315582,0.48216044902801514,-0.05244459956884384
0.22505968809127808,0.854210615158081,1.8870940721171792e-07,0.27162793278694153,0.8406549096107483,-0.02763313427567482,0.31191396713256836,0.7811267375946045,-0.04194888845086098,0.32898902893066406,0.7361973524093628,-0.055022042244672775,0.3196057975292206,0.6895939111709595,-0.06649626791477203,0.3265456557273865,0.6681948900222778,-0.003568801563233137,0.3530506193637848,0.5891436338424683,-0.015487739816308022,0.36655163764953613,0.5406690835952759,-0.026050696149468422,0.37447336316108704,0.4961039125919342,-0.03586769476532936,0.2905852794647217,0.6516402363777161,-0.007242231629788876,0.3019259572029114,0.5784432888031006,-0.04699124023318291,0.30404937267303467,0.6286458373069763,-0.06456337869167328,0.3048364222049713,0.6829083561897278,-0.06268618255853653,0.25319766998291016,0.6486537456512451,-0.015916544944047928,0.26565036177635193,0.5649932622909546,-0.03835098072886467,0.28084027767181396,0.5065444707870483,-0.050157058984041214,0.2949482202529907,0.45041194558143616,-0.053479067981243134,0.21697205305099487,0.6635198593139648,-0.0276491679251194,0.2237650752067566,0.6011305451393127,-0.03575332835316658,0.2287343591451645,0.5584126710891724,-0.03765246644616127,0.23434168100357056,0.5101279616355896,-0.038995519280433655
0.2367934137582779,0.820514976978302,1.775438391860007e-07,0.28551360964775085,0.8101817965507507,-0.027763504534959793,0.32732295989990234,0.7548627853393555,-0.043671559542417526,0.34533029794692993,0.7114778757095337,-0.05856421962380409,0.3368150591850281,0.6641826629638672,-0.0718255266547203,0.34794023633003235,0.631662905216217,-0.009944268502295017,0.37803757190704346,0.5453271865844727,-0.025993211194872856,0.39533039927482605,0.49293410778045654,-0.03779502958059311,0.4052295684814453,0.4463716745376587,-0.04741165414452553,0.3097078502178192,0.6134834289550781,-0.013351034373044968,0.3180786073207855,0.5423333048820496,-0.056621648371219635,0.31802812218666077,0.5961998701095581,-0.07368309050798416,0.3178711533546448,0.6502827405929565,-0.07110830396413803,0.2710334062576294,0.6082618236541748,-0.021643374115228653,0.28084129095077515,0.5223987698554993,-0.04615034535527229,0.29518944025039673,0.46640247106552124,-0.0554840974509716,0.30927225947380066,0.4112611711025238,-0.056599780917167664,0.2332586646080017,0.6208155155181885,-0.03302536532282829,0.24019351601600647,0.553949236869812,-0.042157743126153946,0.24677181243896484,0.5103134512901306,-0.042649585753679276,0.2554541528224945,0.4602473974227905,-0.042224302887916565
0.3359110355377197,0.7292414903640747,2.100528604387364e-07,0.39093706011772156,0.7157255411148071,-0.02595989964902401,0.4368802607059479,0.6579476594924927,-0.0418795645236969,0.4596365690231323,0.6139540076255798,-0.05706287547945976,0.4571051597595215,0.5636460781097412,-0.07038961350917816,0.44385284185409546,0.5282506346702576,-0.010019066743552685,0.4700562655925751,0.4322570264339447,-0.027686888352036476,0.48364031314849854,0.37543874979019165,-0.041064515709877014,0.489837110042572,0.32471054792404175,-0.05158708989620209,0.40543779730796814,0.5118460655212402,-0.015723254531621933,0.4243760406970978,0.4348186254501343,-0.06183885037899017,0.4323384463787079,0.4881764054298401,-0.08124072104692459,0.43475452065467834,0.5441734790802002,-0.07929031550884247,0.3643321394920349,0.5076456665992737,-0.0260350052267313,0.37720584869384766,0.41027069091796875,-0.05281384289264679,0.39397183060646057,0.34991323947906494,-0.06381362676620483,0.40939638018608093,0.29310691356658936,-0.06513594835996628,0.3226344585418701,0.5215598940849304,-0.039093978703022,0.3268181085586548,0.44500815868377686,-0.049780961126089096,0.33205756545066833,0.39461106061935425,-0.05050161853432655,0.3374533951282501,0.3405308127403259,-0.04954807460308075
0.47916069626808167,0.818928062915802,1.0014655060786026e-07,0.5331791043281555,0.8064064979553223,-0.0304960198700428,0.576522946357727,0.768329918384552,-0.054681744426488876,0.6022343039512634,0.7348130941390991,-0.07795462012290955,0.600321888923645,0.6917445659637451,-0.0989573746919632,0.5807580351829529,0.6260435581207275,-0.026300543919205666,0.6023926734924316,0.5211671590805054,-0.04686278477311134,0.6158334016799927,0.4638112783432007,-0.06059199199080467,0.6207485198974609,0.4083968698978424,-0.07151022553443909,0.5412141680717468,0.6127375960350037,-0.03226416930556297,0.5651997327804565,0.550613522529602,-0.08244405686855316,0.5771626234054565,0.6102182269096375,-0.10110842436552048,0.5820111036300659,0.6671055555343628,-0.0986514464020729,0.5000885128974915,0.6077507734298706,-0.04219985380768776,0.5153969526290894,0.5221800804138184,-0.0689382404088974,0.537067711353302,0.4656676948070526,-0.07655713707208633,0.5548353791236877,0.41023021936416626,-0.0760759562253952,0.4593719244003296,0.6169004440307617,-0.05551847815513611,0.46119430661201477,0.5365352034568787,-0.06405225396156311,0.46222785115242004,0.48862314224243164,-0.060382403433322906,0.4620588719844818,0.43623942136764526,-0.05642625316977501
0.4785003364086151,0.8245401978492737,2.1368070690641616e-07,0.5273402333259583,0.8224246501922607,-0.032833531498909,0.5697028636932373,0.7935357689857483,-0.05799790471792221,0.5990868806838989,0.7714976668357849,-0.08154349774122238,0.6018065214157104,0.7347981333732605,-0.10294131189584732,0.5815852880477905,0.6638286113739014,-0.0306936614215374,0.6080425977706909,0.5699937343597412,-0.053112320601940155,0.623257577419281,0.5153848528862,-0.06791935116052628,0.6297942399978638,0.46371930837631226,-0.07958152145147324,0.545633852481842,0.6483345627784729,-0.03550544008612633,0.5740626454353333,0.5979358553886414,-0.08466833084821701,0.5786806344985962,0.6579769253730774,-0.10193601250648499,0.5779944658279419,0.7118301391601562,-0.0998838022351265,0.5086182951927185,0.6403288245201111,-0.04467691481113434,0.5289688110351562,0.5670825839042664,-0.0720587819814682,0.5497325658798218,0.5166985392570496,-0.0793752446770668,0.5672878623008728,0.46359795331954956,-0.07970532774925232,0.4692632555961609,0.6454705595970154,-0.057475458830595016,0.4729838967323303,0.5775413513183594,-0.06831905245780945,0.47529682517051697,0.5351468324661255,-0.06664703041315079,0.47779980301856995,0.4861677885055542,-0.06460819393396378
0.4491402506828308,0.8239777088165283,1.6570329819387553e-07,0.49561071395874023,0.823877215385437,-0.02643674798309803,0.5370330214500427,0.7968176603317261,-0.046893127262592316,0.5642580389976501,0.775480329990387,-0.06659040600061417,0.575133204460144,0.7394326329231262,-0.08384628593921661,0.5504952073097229,0.6737058162689209,-0.02363559603691101,0.5775652527809143,0.5827727317810059,-0.044200967997312546,0.5921533107757568,0.53316330909729,-0.057440999895334244,0.5987324714660645,0.4902593791484833,-0.06733474880456924,0.5183968544006348,0.6568284034729004,-0.029032990336418152,0.5472732782363892,0.6132320165634155,-0.07357174158096313,0.5523077249526978,0.667127788066864,-0.08845287561416626,0.5517598390579224,0.7141556739807129,-0.08589431643486023,0.48459750413894653,0.6473314762115479,-0.03854364901781082,0.5074380040168762,0.5794870257377625,-0.06455406546592712,0.5277050137519836,0.5331876873970032,-0.07043661922216415,0.5453295111656189,0.48625659942626953,-0.06970131397247314,0.4478103220462799,0.6504277586936951,-0.05094435065984726,0.4507027268409729,0.5873857140541077,-0.0625535324215889,0.451658695936203,0.5489360094070435,-0.06062024459242821,0.45245957374572754,0.5060949325561523,-0.057487934827804565
0.3558955192565918,0.7548423409461975,1.4835333672635898e-07,0.4012396037578583,0.7479434609413147,-0.022538838908076286,0.43960049748420715,0.7164379358291626,-0.03953705355525017,0.4584572911262512,0.6877837181091309,-0.05637650936841965,0.45927250385284424,0.6480981707572937,-0.07179509103298187,0.44806811213493347,0.5986577868461609,-0.018400250002741814,0.4695109724998474,0.5130295753479004,-0.03592953085899353,0.48304247856140137,0.46565645933151245,-0.048176031559705734,0.49125632643699646,0.42494863271713257,-0.05725016072392464,0.41723817586898804,0.5853045582771301,-0.023104235529899597,0.4374029040336609,0.5454167723655701,-0.059241898357868195,0.4438379406929016,0.5827671885490417,-0.07343360036611557,0.4461521506309509,0.6184765100479126,-0.07374861091375351,0.38266295194625854,0.5803219676017761,-0.03153045102953911,0.4012090563774109,0.5146765112876892,-0.05360109731554985,0.4141934812068939,0.4698003828525543,-0.06140445917844772,0.42588526010513306,0.42869651317596436,-0.06355254352092743,0.3451859652996063,0.5880970358848572,-0.042395733296871185,0.34464511275291443,0.5274518132209778,-0.05348144844174385,0.3433321714401245,0.488495409488678,-0.054645273834466934,0.3427389860153198,0.44892773032188416,-0.05441511794924736
0.34452134370803833,0.7207529544830322,2.511231969037908e-07,0.3843153119087219,0.7189329266548157,-0.029821742326021194,0.4188796281814575,0.690386176109314,-0.05031362920999527,0.44105497002601624,0.66527259349823,-0.06921272724866867,0.45084336400032043,0.6260358095169067,-0.08599001914262772,0.4333365559577942,0.580996572971344,-0.022039227187633514,0.4585990905761719,0.5056026577949524,-0.03962598368525505,0.47377312183380127,0.46010369062423706,-0.05213501676917076,0.48200395703315735,0.417354941368103,-0.06211211159825325,0.4042494297027588,0.5652852058410645,-0.024052556604146957,0.42929258942604065,0.5213627815246582,-0.06426818668842316,0.43768906593322754,0.5659974813461304,-0.080344058573246,0.4399484694004059,0.6097466945648193,-0.07937789708375931,0.3733130693435669,0.557165265083313,-0.030028078705072403,0.3904516398906708,0.4935007393360138,-0.051658932119607925,0.4074646532535553,0.44857513904571533,-0.05900733545422554,0.4224548935890198,0.4040434658527374,-0.05998891219496727,0.33915725350379944,0.5635005831718445,-0.039459481835365295,0.3384120464324951,0.5081719160079956,-0.047752127051353455,0.33805325627326965,0.47287285327911377,-0.04735520854592323,0.33805254101753235,0.4336736500263214,-0.04612253978848457
0.37947121262550354,0.8513485789299011,1.1580638670238841e-07,0.4206528961658478,0.8420773148536682,-0.023423530161380768,0.45207515358924866,0.8081349730491638,-0.042662229388952255,0.4653587341308594,0.7833915948867798,-0.061883289366960526,0.4707804322242737,0.7600253820419312,-0.07907719165086746,0.45501336455345154,0.6846361756324768,-0.023084525018930435,0.47112709283828735,0.5993555784225464,-0.04139070585370064,0.4867814779281616,0.5491459965705872,-0.053039319813251495,0.49660778045654297,0.5085433721542358,-0.06182383373379707,0.42279207706451416,0.6718776822090149,-0.027880292385816574,0.4428388476371765,0.6379172205924988,-0.06803135573863983,0.45520874857902527,0.681787371635437,-0.08077576011419296,0.4589473605155945,0.7200846076011658,-0.07764284312725067,0.3894353210926056,0.6692240238189697,-0.0361979603767395,0.4030574560165405,0.5989000797271729,-0.06142152100801468,0.4168458878993988,0.5549620985984802,-0.06757627427577972,0.4276478886604309,0.5128713250160217,-0.06658953428268433,0.35434913635253906,0.6811802387237549,-0.04693109542131424,0.34018492698669434,0.6205217838287354,-0.06086929515004158,0.33250099420547485,0.5842546224594116,-0.06213691458106041,0.32619136571884155,0.5439355969429016,-0.06053895503282547
0.5067381262779236,0.8833495378494263,2.1827992213729885e-07,0.5503534078598022,0.8728355169296265,-0.019106948748230934,0.5877127647399902,0.8440394401550293,-0.04151540994644165,0.6175170540809631,0.8310793042182922,-0.06401071697473526,0.6388967037200928,0.8107659816741943,-0.08506247401237488,0.5838408470153809,0.7272001504898071,-0.03175848722457886,0.6011152267456055,0.6357502937316895,-0.05350549891591072,0.6118968725204468,0.5858936309814453,-0.06837709248065948,0.6155635118484497,0.5422660112380981,-0.08035637438297272,0.5568910837173462,0.7188668847084045,-0.042131487280130386,0.5993314981460571,0.6858072280883789,-0.08955332636833191,0.6176022291183472,0.7391210794448853,-0.10740404576063156,0.6198776960372925,0.7828322649002075,-0.10758619010448456,0.5255873203277588,0.7191882133483887,-0.05457980930805206,0.5526642799377441,0.6531246304512024,-0.08608599007129669,0.577158510684967,0.6105482578277588,-0.0987713485956192,0.5924202799797058,0.5678282380104065,-0.1028205081820488,0.4899202585220337,0.7318211197853088,-0.06821558624505997,0.4733150005340576,0.6713390946388245,-0.08660805970430374,0.4619511067867279,0.6316280961036682,-0.09063849598169327,0.44927430152893066,0.5880529880523682,-0.09205089509487152
0.47724515199661255,0.7575593590736389,2.206503353363587e-07,0.5211784243583679,0.7578138113021851,-0.03367618843913078,0.5638733506202698,0.7179156541824341,-0.05247480049729347,0.5868819355964661,0.678847074508667,-0.0690745934844017,0.5864700675010681,0.6310139298439026,-0.08399315923452377,0.5948016047477722,0.6076266169548035,-0.01833493635058403,0.6332603096961975,0.5276448726654053,-0.0341765470802784,0.6544730067253113,0.47991427779197693,-0.046184662729501724,0.6696470975875854,0.4347243309020996,-0.05639692023396492,0.5610615015029907,0.5858604311943054,-0.01848738081753254,0.5779706835746765,0.5227905511856079,-0.0594596341252327,0.5735653042793274,0.5664002299308777,-0.07711489498615265,0.5706518292427063,0.6136432886123657,-0.07689616084098816,0.5255508422851562,0.5744777321815491,-0.023231415078043938,0.5411088466644287,0.5047033429145813,-0.045254677534103394,0.5579327344894409,0.4540267586708069,-0.05472200736403465,0.5744653940200806,0.4056910276412964,-0.05718366429209709,0.4895828068256378,0.5781108736991882,-0.03187873587012291,0.5049673318862915,0.517929196357727,-0.03989119455218315,0.5142014026641846,0.47748440504074097,-0.04138198867440224,0.5243222117424011,0.43314623832702637,-0.04221599921584129
0.4637095630168915,0.7284323573112488,2.2891740059094445e-07,0.5084678530693054,0.7280388474464417,-0.03350624069571495,0.5515961050987244,0.6867178082466125,-0.05122852325439453,0.5726198554039001,0.646212100982666,-0.0664028450846672,0.5720756649971008,0.5969690084457397,-0.080006904900074,0.5831727385520935,0.5783882737159729,-0.021804390475153923,0.6199569702148438,0.4986351728439331,-0.0382215715944767,0.6396616101264954,0.4498642086982727,-0.0504765622317791,0.6549046635627747,0.404016375541687,-0.061007410287857056,0.5469566583633423,0.5569517016410828,-0.021507490426301956,0.5607026219367981,0.4949060082435608,-0.0626726821064949,0.555004358291626,0.5374703407287598,-0.08014126867055893,0.5516406893730164,0.583113431930542,-0.08046043664216995,0.5092768669128418,0.5477515459060669,-0.025562578812241554,0.5237243175506592,0.47617194056510925,-0.04901624470949173,0.5383495092391968,0.4279652237892151,-0.058692172169685364,0.5536215305328369,0.3816913068294525,-0.06122566759586334,0.4715994596481323,0.5528948307037354,-0.03326292708516121,0.48694339394569397,0.4938179552555084,-0.04327181354165077,0.49573883414268494,0.4558670222759247,-0.04557757079601288,0.5061457753181458,0.41356730461120605,-0.04668494313955307
0.4508413076400757,0.769806444644928,3.2804973670863546e-07,0.5023391246795654,0.7622284293174744,-0.037720952183008194,0.5499529838562012,0.7093409895896912,-0.06075749918818474,0.5743474960327148,0.6633384823799133,-0.08230024576187134,0.5667967796325684,0.6078897714614868,-0.10197452455759048,0.5791551470756531,0.5642624497413635,-0.01193108968436718,0.613979697227478,0.4739733338356018,-0.02649281919002533,0.635261058807373,0.4201812744140625,-0.03867842257022858,0.6481561064720154,0.3691156506538391,-0.049937475472688675,0.5360242128372192,0.5433110594749451,-0.013932754285633564,0.5473679900169373,0.4710802435874939,-0.060043640434741974,0.543281078338623,0.5285178422927856,-0.08084052801132202,0.5406587719917297,0.5868311524391174,-0.07990220189094543,0.4918235242366791,0.5365586876869202,-0.021668346598744392,0.4997439384460449,0.4474280774593353,-0.04684596508741379,0.5144588947296143,0.3779858648777008,-0.059917401522397995,0.5296698808670044,0.30993005633354187,-0.06382617354393005,0.4495413303375244,0.5492720007896423,-0.033639948815107346,0.4621901512145996,0.47343552112579346,-0.04175233468413353,0.4674745798110962,0.4231228232383728,-0.04288794472813606,0.4735601246356964,0.3685596287250519,-0.04362097382545471
0.4240495562553406,0.8113295435905457,3.5193818348489003e-07,0.48708727955818176,0.8150687217712402,-0.05539919435977936,0.5403748750686646,0.7633563876152039,-0.08931952714920044,0.5566548109054565,0.711091935634613,-0.11979927867650986,0.5414755344390869,0.6517422795295715,-0.14806847274303436,0.5813481211662292,0.5825971364974976,-0.03610699251294136,0.6302098035812378,0.4720630347728729,-0.06122758984565735,0.6618558168411255,0.40548908710479736,-0.07871823012828827,0.6811524629592896,0.34548577666282654,-0.09349458664655685,0.5262776017189026,0.5576685667037964,-0.03416042402386665,0.5331389307975769,0.48263996839523315,-0.09668385982513428,0.5191429853439331,0.5568339228630066,-0.1206616535782814,0.512987494468689,0.6231760382652283,-0.11887907981872559,0.47267794609069824,0.5479156970977783,-0.03946458548307419,0.48054739832878113,0.44948500394821167,-0.07379939407110214,0.4925709664821625,0.375887930393219,-0.08485349267721176,0.5065822601318359,0.3005814254283905,-0.08618879318237305,0.42181479930877686,0.5610870122909546,-0.051006656140089035,0.4304274320602417,0.4710146188735962,-0.0650811716914177,0.43251368403434753,0.4146832823753357,-0.06582131236791611,0.4380754232406616,0.35018566250801086,-0.06511493772268295
0.43187814950942993,0.8268440365791321,5.473485202855954e-07,0.4932158589363098,0.8247073888778687,-0.083553247153759,0.5426937937736511,0.7700961828231812,-0.13463659584522247,0.5506657361984253,0.7247869968414307,-0.17734840512275696,0.5228195786476135,0.6591061353683472,-0.21605989336967468,0.6021278500556946,0.5518289804458618,-0.06817720830440521,0.6567934155464172,0.42336800694465637,-0.10061494261026382,0.6935395002365112,0.3419554829597473,-0.12149690836668015,0.7165150046348572,0.2690912187099457,-0.13956506550312042,0.5339540243148804,0.5271418690681458,-0.06082896143198013,0.531333863735199,0.44926247000694275,-0.14059828221797943,0.5127472281455994,0.5512521266937256,-0.17042706906795502,0.5062078833580017,0.635800838470459,-0.1687689572572708,0.47089090943336487,0.5220463871955872,-0.06333835422992706,0.46318697929382324,0.41095757484436035,-0.11222998052835464,0.4704737067222595,0.3232029676437378,-0.13248948752880096,0.48264339566230774,0.231441468000412,-0.13840526342391968,0.4191269278526306,0.5411129593849182,-0.073971226811409,0.432670921087265,0.4348442554473877,-0.09509942680597305,0.43947386741638184,0.3678138852119446,-0.10064936429262161,0.4486575126647949,0.2919325530529022,-0.104206882417202
0.4467272162437439,0.8173362016677856,4.006391804978193e-07,0.5090392827987671,0.8175134658813477,-0.0663873702287674,0.5616671442985535,0.7620580792427063,-0.10701798647642136,0.5751059055328369,0.7146706581115723,-0.14255157113075256,0.5562617182731628,0.6545483469963074,-0.17503167688846588,0.6078464984893799,0.5681067705154419,-0.04887394234538078,0.6564165353775024,0.4487379193305969,-0.07772306352853775,0.6897597908973694,0.3754718601703644,-0.0974263846874237,0.7096563577651978,0.31087833642959595,-0.11427552253007889,0.5477505326271057,0.5438797473907471,-0.04543096944689751,0.5489566922187805,0.4672251045703888,-0.11688511818647385,0.5336527228355408,0.551141619682312,-0.14404939115047455,0.5248831510543823,0.6245304942131042,-0.1428126096725464,0.4903026521205902,0.5377814769744873,-0.05049506202340126,0.49096593260765076,0.43065088987350464,-0.09284456819295883,0.4998900890350342,0.3479374647140503,-0.10933039337396622,0.509726881980896,0.26353347301483154,-0.11373743414878845,0.43979015946388245,0.5544412732124329,-0.0623997263610363,0.4466809034347534,0.4582084119319916,-0.08147832006216049,0.448852002620697,0.3980429470539093,-0.08596986532211304,0.45384761691093445,0.327330082654953,-0.0884106233716011
0.4395529627799988,0.8088830709457397,4.194317284600402e-07,0.4955928325653076,0.8145476579666138,-0.07551202178001404,0.5390862822532654,0.773383617401123,-0.123837411403656,0.5528603196144104,0.7363885641098022,-0.16498006880283356,0.5439422726631165,0.6836724281311035,-0.20328915119171143,0.5859811902046204,0.5856267213821411,-0.0654531717300415,0.6364910006523132,0.4692147374153137,-0.08991747349500656,0.6677055358886719,0.40023523569107056,-0.10731115192174911,0.6870517730712891,0.3359307646751404,-0.12336137890815735,0.5318796038627625,0.5645143389701843,-0.05478179082274437,0.5376361012458801,0.49005407094955444,-0.12128562480211258,0.5203677415847778,0.5749410390853882,-0.14958897233009338,0.5115669369697571,0.6490684747695923,-0.1509166657924652,0.48157796263694763,0.5545922517776489,-0.05075034871697426,0.4815012812614441,0.4581640660762787,-0.08392970263957977,0.49070000648498535,0.38846445083618164,-0.0982307717204094,0.502651035785675,0.3176649510860443,-0.10348200798034668,0.4379619359970093,0.5631945729255676,-0.05460391193628311,0.44931405782699585,0.47405901551246643,-0.06307012587785721,0.4524628520011902,0.41903287172317505,-0.06349407881498337,0.4578590393066406,0.3573751449584961,-0.06541071832180023
0.41253143548965454,0.7961878776550293,2.4312225832545664e-07,0.45754528045654297,0.8028544187545776,-0.040464527904987335,0.4935441017150879,0.7659187316894531,-0.06206946447491646,0.4993777573108673,0.731865644454956,-0.08041583001613617,0.49327585101127625,0.6927919387817383,-0.09638766199350357,0.5208303332328796,0.634476363658905,-0.0220805536955595,0.5551163554191589,0.5568459630012512,-0.0344504788517952,0.574200451374054,0.5116884708404541,-0.04359769821166992,0.5865898728370667,0.47007036209106445,-0.05236257240176201,0.4827943444252014,0.6190146803855896,-0.01903863064944744,0.49368929862976074,0.5698730945587158,-0.058570828288793564,0.4854215085506439,0.6204900741577148,-0.0745144784450531,0.47826454043388367,0.672067403793335,-0.07298847287893295,0.44531071186065674,0.6132705807685852,-0.021216413006186485,0.4549858272075653,0.5449464917182922,-0.042053960263729095,0.4646536707878113,0.49743765592575073,-0.049651242792606354,0.4741538465023041,0.44945231080055237,-0.050683051347732544,0.4093664586544037,0.6204746961593628,-0.027970869094133377,0.41933274269104004,0.5566533207893372,-0.0359736904501915,0.4235624670982361,0.5176918506622314,-0.03656169772148132,0.4305483102798462,0.4721185863018036,-0.03636470437049866
0.3933294713497162,0.7935580015182495,2.2553352607701527e-07,0.43196818232536316,0.7992978692054749,-0.0351903960108757,0.4664119482040405,0.7753956913948059,-0.05681221932172775,0.47572293877601624,0.7474942207336426,-0.07609714567661285,0.4673028290271759,0.7140209674835205,-0.09382949024438858,0.4933638572692871,0.6593830585479736,-0.024633627384901047,0.5217345952987671,0.5913323760032654,-0.039834726601839066,0.5406665205955505,0.5520616173744202,-0.04972480982542038,0.5527662634849548,0.5164761543273926,-0.057979799807071686,0.4597530961036682,0.6448218822479248,-0.02392181195318699,0.4715399444103241,0.6077913045883179,-0.06248040497303009,0.4652465283870697,0.6531322002410889,-0.07656124234199524,0.46048951148986816,0.6932846903800964,-0.07525970041751862,0.4257493019104004,0.6379058361053467,-0.027947088703513145,0.43712595105171204,0.5809846520423889,-0.050473298877477646,0.4480915665626526,0.5415219068527222,-0.05682133510708809,0.45982974767684937,0.5003769993782043,-0.05705270916223526,0.3925829231739044,0.6413891315460205,-0.03591843694448471,0.4024773836135864,0.5828052163124084,-0.046618830412626266,0.40640079975128174,0.5453113913536072,-0.047715384513139725,0.4130614995956421,0.5019919872283936,-0.04746806621551514
0.39212799072265625,0.7864871025085449,2.1355022283842118e-07,0.4310152530670166,0.7908874154090881,-0.035094957798719406,0.46453678607940674,0.7694061994552612,-0.05678630992770195,0.4755866229534149,0.7426274418830872,-0.07615677267313004,0.4688611328601837,0.7087123394012451,-0.09403987228870392,0.4893864393234253,0.6520769596099854,-0.025042874738574028,0.5171847939491272,0.5841119289398193,-0.04122554510831833,0.5354417562484741,0.5434499382972717,-0.052230898290872574,0.5475661158561707,0.5069229006767273,-0.06111426278948784,0.45647457242012024,0.6383740901947021,-0.02394634298980236,0.46559810638427734,0.5986459255218506,-0.0622168593108654,0.4615471065044403,0.641083300113678,-0.07703737169504166,0.4586400091648102,0.6811391115188599,-0.07664724439382553,0.4230700433254242,0.6321730613708496,-0.02748570404946804,0.4337576627731323,0.5745514631271362,-0.04966338351368904,0.44405147433280945,0.5354355573654175,-0.056088872253894806,0.45505350828170776,0.49571236968040466,-0.05651853233575821,0.3898535668849945,0.6369841694831848,-0.03503662347793579,0.39718884229660034,0.5793274641036987,-0.04587521404027939,0.4000401794910431,0.5424739122390747,-0.04745103791356087,0.40540021657943726,0.5005584955215454,-0.047442782670259476
0.3958387076854706,0.7915365695953369,2.0970003333786735e-07,0.4338985085487366,0.7935165166854858,-0.0348750464618206,0.46634361147880554,0.7726674675941467,-0.056584760546684265,0.478596568107605,0.7478798627853394,-0.07591668516397476,0.4749719500541687,0.7128264904022217,-0.09375075995922089,0.49048373103141785,0.6556090712547302,-0.026745086535811424,0.5165037512779236,0.5844242572784424,-0.043314576148986816,0.5334711670875549,0.543082594871521,-0.05449073761701584,0.5443565249443054,0.5050742626190186,-0.06341609358787537,0.4573824405670166,0.643435537815094,-0.02587197721004486,0.4700641930103302,0.6060357689857483,-0.06473665684461594,0.46778404712677,0.6481266021728516,-0.08087126910686493,0.46471336483955383,0.6872390508651733,-0.08182785660028458,0.42389750480651855,0.6375342011451721,-0.029498662799596786,0.4358808100223541,0.5819199681282043,-0.052552297711372375,0.44636157155036926,0.5432860255241394,-0.061200812458992004,0.45648548007011414,0.5050903558731079,-0.0633976012468338,0.39069706201553345,0.6410857439041138,-0.036931928247213364,0.3978217840194702,0.5826494693756104,-0.04859624803066254,0.400256872177124,0.544304370880127,-0.05180685967206955,0.4050171375274658,0.5020097494125366,-0.05322869494557381
0.6999003291130066,0.8377625942230225,4.924854835053338e-08,0.646185576915741,0.8317286968231201,-0.027392100542783737,0.6083864569664001,0.7871020436286926,-0.0496203675866127,0.6013308167457581,0.7411642074584961,-0.070917509496212,0.6172202229499817,0.6974281668663025,-0.09117957204580307,0.5859846472740173,0.6530143022537231,-0.017511142417788506,0.564440131187439,0.5603854060173035,-0.03544013574719429,0.5578404068946838,0.5079295039176941,-0.04930678755044937,0.5543834567070007,0.45783305168151855,-0.062024667859077454,0.6258233785629272,0.6377333998680115,-0.023846963420510292,0.6170151829719543,0.5675244331359863,-0.06995270401239395,0.6285586357116699,0.6128538250923157,-0.08988053351640701,0.6385738253593445,0.6551699638366699,-0.09123726189136505,0.6645659804344177,0.6306011080741882,-0.034254301339387894,0.6540379524230957,0.5442522168159485,-0.061530858278274536,0.648967444896698,0.4925347864627838,-0.07063469290733337,0.6419299244880676,0.44556140899658203,-0.07304039597511292,0.7034730315208435,0.634477436542511,-0.04727509245276451,0.6913551092147827,0.5665821433067322,-0.05961093679070473,0.687799870967865,0.5240144729614258,-0.06033280864357948,0.6805657148361206,0.4777654707431793,-0.060504063963890076
0.6708983182907104,0.802087664604187,6.503429972326558e-08,0.619483470916748,0.7953031063079834,-0.023243548348546028,0.5825194716453552,0.7568536996841431,-0.04469287022948265,0.5759434103965759,0.7185840606689453,-0.0657084733247757,0.5950089693069458,0.6869579553604126,-0.08604592829942703,0.5670416355133057,0.6264725923538208,-0.020892055705189705,0.5498570203781128,0.5350449681282043,-0.03935566544532776,0.5449672341346741,0.4846612215042114,-0.0516803078353405,0.544869601726532,0.4368370771408081,-0.06290199607610703,0.6059635877609253,0.6142180562019348,-0.028014937415719032,0.5987264513969421,0.5494768619537354,-0.07228780537843704,0.6058060526847839,0.5968906879425049,-0.08795144408941269,0.6130791306495667,0.6390959620475769,-0.08721823990345001,0.645205020904541,0.6099523305892944,-0.03875289112329483,0.6383577585220337,0.5290660858154297,-0.06672637164592743,0.6369882822036743,0.4830571115016937,-0.07345142960548401,0.6346052885055542,0.43984293937683105,-0.07391395419836044,0.6834390759468079,0.6154681444168091,-0.05151091516017914,0.6778640747070312,0.5482161045074463,-0.0657142847776413,0.6802716255187988,0.507860004901886,-0.06636004894971848,0.6792569756507874,0.46328839659690857,-0.06590709090232849
0.6280181407928467,0.7778387069702148,9.856398719421122e-08,0.5846075415611267,0.7742981314659119,-0.022765956819057465,0.5491202473640442,0.7394500374794006,-0.04357076436281204,0.5329468250274658,0.7121120095252991,-0.06438376009464264,0.5486303567886353,0.6834396123886108,-0.08458344638347626,0.5425117015838623,0.6301195025444031,-0.019661707803606987,0.5274803638458252,0.5453818440437317,-0.03743525594472885,0.5215135812759399,0.4984246790409088,-0.05026360973715782,0.5199429392814636,0.45503461360931396,-0.061814144253730774,0.573434054851532,0.6238442063331604,-0.025397468358278275,0.5615866184234619,0.5766586661338806,-0.06794574111700058,0.561354398727417,0.6201063394546509,-0.08441091328859329,0.5653731822967529,0.6578805446624756,-0.08494595438241959,0.6060840487480164,0.6206748485565186,-0.03451162576675415,0.5982489585876465,0.5563156604766846,-0.06093829870223999,0.5931706428527832,0.5157906413078308,-0.06789416819810867,0.5890735983848572,0.47709357738494873,-0.0685202032327652,0.6390259861946106,0.6245238184928894,-0.045756932348012924,0.6383030414581299,0.565957248210907,-0.05875330790877342,0.6408261060714722,0.5287421941757202,-0.06007843464612961,0.6411752700805664,0.48788952827453613,-0.05997768044471741
0.6127085089683533,0.8026695847511292,1.2771343449458072e-07,0.5690426826477051,0.7994294166564941,-0.021822825074195862,0.5299196243286133,0.7644175291061401,-0.04194384440779686,0.5138126015663147,0.7340750694274902,-0.062170278280973434,0.5312107801437378,0.7117844820022583,-0.08173926174640656,0.5233685970306396,0.6432198286056519,-0.018361425027251244,0.5087839961051941,0.5559510588645935,-0.0336616151034832,0.5032312870025635,0.508201003074646,-0.04420159384608269,0.5019358396530151,0.4646258056163788,-0.05461858958005905,0.5572603940963745,0.637434184551239,-0.024655718356370926,0.549098551273346,0.5907818675041199,-0.06480216979980469,0.5483177900314331,0.6314671635627747,-0.07972932606935501,0.5506293177604675,0.6667913198471069,-0.08004109561443329,0.5919889807701111,0.6364403963088989,-0.03428373858332634,0.5863429307937622,0.5741667747497559,-0.060915280133485794,0.5812369585037231,0.534429669380188,-0.06799118220806122,0.5768976211547852,0.495808482170105,-0.06878549605607986,0.6271547675132751,0.6419463753700256,-0.04585174471139908,0.6277092695236206,0.5794281959533691,-0.060398027300834656,0.6320176124572754,0.5402257442474365,-0.06262780725955963,0.6339846253395081,0.4980664849281311,-0.06299345940351486
0.6079420447349548,0.8585561513900757,1.0330526123425443e-07,0.5485891103744507,0.8588223457336426,-0.03574918583035469,0.4986400604248047,0.8198151588439941,-0.06873684376478195,0.48510289192199707,0.7853631973266602,-0.1006811112165451,0.5136693120002747,0.7481263875961304,-0.13212262094020844,0.4920572340488434,0.6477412581443787,-0.038218602538108826,0.47084420919418335,0.528893232345581,-0.06549768149852753,0.4621460437774658,0.4580659866333008,-0.08289704471826553,0.4597586393356323,0.39458876848220825,-0.09830185025930405,0.5396020412445068,0.6373897790908813,-0.044538527727127075,0.5293290019035339,0.5710568428039551,-0.1065116599202156,0.538681149482727,0.6406660676002502,-0.12585869431495667,0.5487810969352722,0.6971536874771118,-0.12321478873491287,0.5880347490310669,0.633600115776062,-0.055754560977220535,0.5839297771453857,0.5393490195274353,-0.09518900513648987,0.5850382447242737,0.48453131318092346,-0.10119294375181198,0.584684431552887,0.4321284890174866,-0.0985950455069542,0.6345718502998352,0.6400425434112549,-0.07001174986362457,0.6314149498939514,0.5536920428276062,-0.08935509622097015,0.6353963613510132,0.5009941458702087,-0.08892785012722015,0.6349281072616577,0.43881118297576904,-0.08674338459968567
0.7091983556747437,0.9027860164642334,1.5985980894583918e-07,0.6432588696479797,0.8962089419364929,-0.05223293602466583,0.5931158661842346,0.8594332337379456,-0.09761913120746613,0.5997276902198792,0.8138374090194702,-0.14119045436382294,0.635789692401886,0.775354266166687,-0.1829446256160736,0.5783067345619202,0.6488662362098694,-0.07371252775192261,0.5593233108520508,0.5077879428863525,-0.1150532215833664,0.5553321838378906,0.4195512533187866,-0.13572806119918823,0.5532057285308838,0.3447295129299164,-0.14872165024280548,0.6336515545845032,0.6399584412574768,-0.0728718712925911,0.642259418964386,0.5799673199653625,-0.14368921518325806,0.654272198677063,0.6827885508537292,-0.16101977229118347,0.6530939340591431,0.7514538764953613,-0.15677614510059357,0.6890451312065125,0.6372366547584534,-0.07614009082317352,0.6898818016052246,0.5563711524009705,-0.13506124913692474,0.6922339200973511,0.6212002038955688,-0.13185416162014008,0.6857188940048218,0.6683635711669922,-0.11421473324298859,0.7395535111427307,0.6408230662345886,-0.08328121155500412,0.7420165538787842,0.5330766439437866,-0.11767630279064178,0.7445943355560303,0.47214460372924805,-0.11893836408853531,0.7394366264343262,0.4026769995689392,-0.11148377507925034
0.7192346453666687,0.911201000213623,2.738738942298369e-07,0.652504026889801,0.9020841121673584,-0.054083146154880524,0.6038371324539185,0.8657640218734741,-0.09956218302249908,0.6153655052185059,0.8276327848434448,-0.1422749161720276,0.6545453071594238,0.7932713627815247,-0.18310777842998505,0.5940143465995789,0.6592596769332886,-0.07700614631175995,0.5794509649276733,0.5192038416862488,-0.11828603595495224,0.5750848054885864,0.4303116798400879,-0.13776768743991852,0.5734024047851562,0.35195398330688477,-0.14974430203437805,0.6495509743690491,0.6484460234642029,-0.07404430955648422,0.6603440642356873,0.5885747671127319,-0.145462766289711,0.6716820597648621,0.6927451491355896,-0.160559743642807,0.6739556789398193,0.7631009221076965,-0.15434329211711884,0.7043868899345398,0.6473489999771118,-0.07536865770816803,0.7090548872947693,0.5762738585472107,-0.13715872168540955,0.7064661383628845,0.6533969044685364,-0.13297399878501892,0.696506679058075,0.7080377340316772,-0.11301980167627335,0.7563118934631348,0.6522288918495178,-0.08053608238697052,0.766739010810852,0.54433274269104,-0.11729957163333893,0.7761101722717285,0.48350274562835693,-0.11964408308267593,0.7771523594856262,0.4130971431732178,-0.11215432733297348
0.6321700811386108,0.7787659764289856,1.8833439696663845e-07,0.5825007557868958,0.7561979293823242,-0.01884499192237854,0.5470571517944336,0.6920390725135803,-0.03125418350100517,0.5300899147987366,0.6348337531089783,-0.044356606900691986,0.544297993183136,0.5857054591178894,-0.05723210424184799,0.5459205508232117,0.6065769195556641,0.002358185825869441,0.5222761034965515,0.5277715921401978,-0.007922743447124958,0.5109084248542786,0.4834359288215637,-0.019858652725815773,0.5039823055267334,0.439058393239975,-0.031833577901124954,0.5762483477592468,0.5947371125221252,-0.0035582648124545813,0.5633901357650757,0.5212862491607666,-0.03192233294248581,0.5590957403182983,0.5249006748199463,-0.05262669920921326,0.5593859553337097,0.5391454696655273,-0.06039809435606003,0.6057077050209045,0.5939273834228516,-0.01286397036164999,0.5937150120735168,0.5160446166992188,-0.030183719471096992,0.5871824026107788,0.46112045645713806,-0.04386748746037483,0.5832207798957825,0.4132688641548157,-0.05220644548535347,0.6376952528953552,0.6041000485420227,-0.024321692064404488,0.6322410702705383,0.542447566986084,-0.03344307839870453,0.6336225271224976,0.4993082284927368,-0.03870319947600365,0.6357133984565735,0.45750150084495544,-0.04356461763381958
0.6656066179275513,0.8238040208816528,1.5369401751286205e-07,0.6127272248268127,0.7901694178581238,-0.028210198506712914,0.5769311785697937,0.7006831765174866,-0.047723375260829926,0.5591357350349426,0.631083607673645,-0.0676661878824234,0.579613983631134,0.5699172616004944,-0.08722926676273346,0.5866537094116211,0.5844683051109314,-1.6008609236450866e-05,0.5699759721755981,0.4797738790512085,-0.015957437455654144,0.5623360276222229,0.42132654786109924,-0.03205529972910881,0.5627108812332153,0.3640969395637512,-0.048062968999147415,0.6238639950752258,0.5784342288970947,-0.008513662032783031,0.6205248832702637,0.4757108688354492,-0.054313018918037415,0.6137064695358276,0.5057343244552612,-0.08196045458316803,0.6132952570915222,0.5480492115020752,-0.0881488025188446,0.658958375453949,0.5856824517250061,-0.02192952297627926,0.658657968044281,0.47443103790283203,-0.04722442105412483,0.651066243648529,0.40635958313941956,-0.06292324513196945,0.6456493735313416,0.34917622804641724,-0.07113949954509735,0.6942858099937439,0.6094399690628052,-0.038510777056217194,0.6905062794685364,0.533893346786499,-0.049845051020383835,0.6903113126754761,0.4806959629058838,-0.05470796674489975,0.6909782290458679,0.4276512861251831,-0.05963216722011566
0.6714980602264404,0.8095391988754272,1.5995931335055502e-07,0.6220849752426147,0.7717493772506714,-0.03350372612476349,0.5927689671516418,0.6858725547790527,-0.05595790594816208,0.5868657231330872,0.6153653264045715,-0.0766768753528595,0.6198858022689819,0.5637100338935852,-0.09672296047210693,0.603581428527832,0.5665796399116516,-0.011219879612326622,0.5894098281860352,0.46964144706726074,-0.028720440343022346,0.580543041229248,0.41000092029571533,-0.043093789368867874,0.5794265866279602,0.35160332918167114,-0.05773431435227394,0.6447380185127258,0.5624653100967407,-0.017579635605216026,0.6499289274215698,0.45826485753059387,-0.0655340850353241,0.6456671357154846,0.5021207928657532,-0.08829793334007263,0.645514965057373,0.5561245679855347,-0.08910675346851349,0.6837893724441528,0.574307382106781,-0.029031770303845406,0.6941198110580444,0.4627315104007721,-0.05849247798323631,0.6944165229797363,0.39720165729522705,-0.07272424548864365,0.6939641833305359,0.34123528003692627,-0.07795253396034241,0.7202310562133789,0.6021651029586792,-0.0434088408946991,0.723283588886261,0.5276340246200562,-0.057231780141592026,0.7292728424072266,0.4775758385658264,-0.06120024621486664,0.733914852142334,0.42655250430107117,-0.06457822024822235
0.6675921678543091,0.7868451476097107,1.431723148925812e-07,0.6205229759216309,0.7442137002944946,-0.029188351705670357,0.6007307767868042,0.65562903881073,-0.046566542237997055,0.6026404500007629,0.5846524238586426,-0.06277284771203995,0.6320955157279968,0.5334103107452393,-0.07841257005929947,0.6140460968017578,0.5519809722900391,-0.002271732548251748,0.6030001640319824,0.46077048778533936,-0.014757951721549034,0.5941595435142517,0.4059957265853882,-0.02727268822491169,0.5913438200950623,0.35176342725753784,-0.04086090996861458,0.6532454490661621,0.5501731038093567,-0.008101647719740868,0.6605428457260132,0.4490525722503662,-0.04872535541653633,0.6544943451881409,0.4804267883300781,-0.07193654030561447,0.650927722454071,0.5271281003952026,-0.07538404315710068,0.6881166696548462,0.5617736577987671,-0.018454987555742264,0.6990741491317749,0.45658260583877563,-0.04246476665139198,0.6994251012802124,0.39157554507255554,-0.0571708120405674,0.6989644169807434,0.3371346592903137,-0.06411778181791306,0.7206187844276428,0.5876078605651855,-0.03157828003168106,0.7266201376914978,0.5168569087982178,-0.04159516468644142,0.7332170009613037,0.46823936700820923,-0.04521608352661133,0.7378820776939392,0.42098182439804077,-0.049159303307533264
0.6832156777381897,0.7930247783660889,1.6419387804944563e-07,0.6349408626556396,0.748230516910553,-0.031751275062561035,0.6166381239891052,0.6589694619178772,-0.05073647201061249,0.6225040555000305,0.5881362557411194,-0.06807153671979904,0.6564500331878662,0.5397154688835144,-0.08488834649324417,0.6318055987358093,0.5504528880119324,-0.00523294135928154,0.6224204897880554,0.4578303098678589,-0.01938210427761078,0.6142989993095398,0.40048354864120483,-0.03368262201547623,0.6112773418426514,0.34475380182266235,-0.04867997020483017,0.6730279326438904,0.5509043335914612,-0.010765758343040943,0.6832180619239807,0.4486628472805023,-0.0531742088496685,0.6789911985397339,0.4789543151855469,-0.07767130434513092,0.6750565767288208,0.5248188376426697,-0.0818437933921814,0.7092045545578003,0.5653318762779236,-0.021015094593167305,0.7226133346557617,0.4615997076034546,-0.04645717889070511,0.7268614172935486,0.39425620436668396,-0.062077172100543976,0.7292374968528748,0.3361375629901886,-0.06954550743103027,0.7431944608688354,0.5941479206085205,-0.034265510737895966,0.7517062425613403,0.5226326584815979,-0.045294854789972305,0.7599524259567261,0.4741710424423218,-0.049148548394441605,0.7654672265052795,0.4263489246368408,-0.05328096076846123
0.6391248106956482,0.776300311088562,1.441824508674472e-07,0.5950572490692139,0.7371342778205872,-0.028102587908506393,0.5713731646537781,0.6554439663887024,-0.046296652406454086,0.5639647245407104,0.5878368616104126,-0.06419207900762558,0.5912004709243774,0.542665958404541,-0.08134395629167557,0.5859725475311279,0.5581170916557312,-0.0013846572255715728,0.5738525986671448,0.47204458713531494,-0.016545340418815613,0.5657564401626587,0.41921573877334595,-0.030143722891807556,0.5652022957801819,0.3681366443634033,-0.043362732976675034,0.6215594410896301,0.5543693900108337,-0.00695080729201436,0.6283748149871826,0.4625903367996216,-0.04699160158634186,0.6197986602783203,0.49275481700897217,-0.06761612743139267,0.6153516173362732,0.5344529151916504,-0.0693635419011116,0.6543298959732056,0.562095046043396,-0.017408376559615135,0.665229082107544,0.46652549505233765,-0.040477242320775986,0.6639373898506165,0.40550416707992554,-0.052408263087272644,0.6630744338035583,0.35362178087234497,-0.057163093239068985,0.684479296207428,0.5841092467308044,-0.030951127409934998,0.6895883083343506,0.5183059573173523,-0.040422938764095306,0.6960041522979736,0.4735766351222992,-0.04304448142647743,0.70183265209198,0.4311456084251404,-0.04566444829106331
0.6115021705627441,0.7630870938301086,1.333140886572437e-07,0.5695010423660278,0.7300987839698792,-0.0245458222925663,0.5454808473587036,0.6564151048660278,-0.04057365655899048,0.5377282500267029,0.597292423248291,-0.05653149262070656,0.5625396966934204,0.5561037659645081,-0.07214804738759995,0.5630186200141907,0.5706812739372253,0.00016138915088959038,0.5534344911575317,0.49224162101745605,-0.013087647967040539,0.5457257628440857,0.44658011198043823,-0.02652737684547901,0.5438201427459717,0.39981627464294434,-0.04019591957330704,0.5945833325386047,0.5669665932655334,-0.006425261497497559,0.5963715314865112,0.4824698567390442,-0.04504755511879921,0.5888588428497314,0.5097680687904358,-0.06763405352830887,0.5860813856124878,0.5484369993209839,-0.07200765609741211,0.6235446929931641,0.5742748975753784,-0.017104631289839745,0.6289322972297668,0.4873173236846924,-0.03894326835870743,0.6271597146987915,0.43253815174102783,-0.051670026034116745,0.6261969804763794,0.3862779438495636,-0.05746781826019287,0.6522877216339111,0.595073401927948,-0.030486630275845528,0.6553487181663513,0.5353044271469116,-0.038794465363025665,0.659779965877533,0.494291752576828,-0.04155804216861725,0.6633324027061462,0.4546166658401489,-0.044749416410923004
0.602999210357666,0.7656837105751038,1.345068909586189e-07,0.5610899925231934,0.7347968816757202,-0.023877207189798355,0.5360690951347351,0.6596385836601257,-0.03940416872501373,0.5262976884841919,0.6002248525619507,-0.05499798059463501,0.5527117848396301,0.5610417723655701,-0.07016054540872574,0.5559371113777161,0.5753186941146851,0.0012687311973422766,0.5458829402923584,0.49738991260528564,-0.011759847402572632,0.5381293296813965,0.45146477222442627,-0.025104090571403503,0.5369548201560974,0.40457063913345337,-0.03859874606132507,0.5859919786453247,0.5709347128868103,-0.005302308592945337,0.587882399559021,0.48671188950538635,-0.04340430349111557,0.5779339075088501,0.5127075910568237,-0.0652817040681839,0.5735340714454651,0.5512165427207947,-0.06892207264900208,0.6140917539596558,0.5779218673706055,-0.015930915251374245,0.6193627715110779,0.4894290566444397,-0.03728233277797699,0.6165181398391724,0.43503063917160034,-0.04918060824275017,0.6153371334075928,0.38967353105545044,-0.05413743853569031,0.6420755982398987,0.5985848307609558,-0.029241669923067093,0.645241916179657,0.5379520654678345,-0.03724716231226921,0.6495362520217896,0.4963092803955078,-0.03960364684462547,0.6535168290138245,0.4563867449760437,-0.04223223403096199
0.5564414858818054,0.7908616065979004,9.31795582914674e-08,0.5107017755508423,0.7649183869361877,-0.02260715886950493,0.4802311062812805,0.6915274262428284,-0.0405363105237484,0.46452459692955017,0.638361394405365,-0.05894632637500763,0.48642873764038086,0.5935938954353333,-0.07726751267910004,0.5032655596733093,0.5948387384414673,-0.001791580580174923,0.48950695991516113,0.5109312534332275,-0.014332563616335392,0.48134008049964905,0.4646676778793335,-0.026824740692973137,0.48096513748168945,0.41901886463165283,-0.03996927663683891,0.5317956805229187,0.5917971730232239,-0.010071526281535625,0.5219190120697021,0.5098016858100891,-0.05018452927470207,0.5074173212051392,0.5446213483810425,-0.07070400565862656,0.5038121938705444,0.588556170463562,-0.07292172312736511,0.5598239898681641,0.5998134613037109,-0.022390473634004593,0.5593005418777466,0.5042290091514587,-0.04483531415462494,0.5500981211662292,0.4483259320259094,-0.05553249642252922,0.5460025668144226,0.40154194831848145,-0.05988769978284836,0.5885571241378784,0.6201242208480835,-0.03707626089453697,0.5881867408752441,0.552123486995697,-0.04648784548044205,0.5899012088775635,0.507845401763916,-0.04857609048485756,0.5928356647491455,0.4639115035533905,-0.0510229654610157
0.6182398200035095,0.8313531279563904,2.934182496971971e-08,0.5682751536369324,0.7996398210525513,-0.025434553623199463,0.5370470881462097,0.7237453460693359,-0.04625229164958,0.5239006280899048,0.6656603217124939,-0.06667404621839523,0.5479432344436646,0.6248480081558228,-0.08733248710632324,0.5508934855461121,0.5938968062400818,-0.010590855963528156,0.5309059619903564,0.5009891986846924,-0.031182145699858665,0.5188190340995789,0.4401393234729767,-0.04810371994972229,0.5128597617149353,0.38538211584091187,-0.06373482942581177,0.5896992683410645,0.5898802280426025,-0.02082255482673645,0.5908755660057068,0.4975345730781555,-0.06883649528026581,0.586322546005249,0.5414994359016418,-0.08974739909172058,0.5824873447418213,0.5942111015319824,-0.09006382524967194,0.6286009550094604,0.6019896864891052,-0.03569290414452553,0.633621096611023,0.4969278573989868,-0.064802385866642,0.6285724639892578,0.4336303472518921,-0.07600927352905273,0.6219998002052307,0.37782207131385803,-0.07937908917665482,0.6636870503425598,0.6312188506126404,-0.05288747698068619,0.6675599217414856,0.5559433698654175,-0.06733375042676926,0.6712542176246643,0.5065155625343323,-0.06909918785095215,0.6729143261909485,0.4552001357078552,-0.07029948383569717
0.6503706574440002,0.7559870481491089,2.195080952560602e-07,0.6042201519012451,0.7279435992240906,-0.021534902974963188,0.5738845467567444,0.6536101698875427,-0.03559820353984833,0.558881402015686,0.5889205932617188,-0.05091208964586258,0.5793895125389099,0.5406301021575928,-0.06550800055265427,0.5812952518463135,0.5580806732177734,0.012635025195777416,0.5666761994361877,0.47978997230529785,0.0027495622634887695,0.5591323375701904,0.4315846562385559,-0.008959872648119926,0.5595477819442749,0.38609588146209717,-0.021120699122548103,0.6138828992843628,0.5487464070320129,0.006386395078152418,0.6063086986541748,0.4641398787498474,-0.024444885551929474,0.5977573394775391,0.48561567068099976,-0.0427018441259861,0.5970775485038757,0.5193105936050415,-0.04500993713736534,0.6465893983840942,0.5496276617050171,-0.0046717943623661995,0.6444404125213623,0.46457159519195557,-0.019796712324023247,0.6405797600746155,0.4063294529914856,-0.02954341098666191,0.6392568945884705,0.3562362790107727,-0.03474464640021324,0.6816529035568237,0.5656954050064087,-0.01882457733154297,0.6887553334236145,0.5138755440711975,-0.023006917908787727,0.6949531435966492,0.47750625014305115,-0.024109145626425743,0.700043261051178,0.44348523020744324,-0.02634158357977867
0.6550355553627014,0.7561062574386597,2.2330006288484583e-07,0.6089154481887817,0.7281092405319214,-0.022949665784835815,0.5772110819816589,0.6543983221054077,-0.03785741329193115,0.560730516910553,0.5908200740814209,-0.053562842309474945,0.5811405777931213,0.5418094992637634,-0.06851199269294739,0.5838422179222107,0.5592266321182251,0.009793886914849281,0.5668016672134399,0.4800540506839752,-0.0007911468273960054,0.5574305653572083,0.43090784549713135,-0.012693281285464764,0.556046724319458,0.38363441824913025,-0.02516433410346508,0.6164993643760681,0.5497119426727295,0.0037817673292011023,0.6070151925086975,0.46435558795928955,-0.02880355715751648,0.5997951626777649,0.4873533248901367,-0.047601472586393356,0.600457489490509,0.5227707028388977,-0.04983867332339287,0.649620771408081,0.5507891178131104,-0.0070596602745354176,0.6466397047042847,0.466537743806839,-0.02383078634738922,0.6427122354507446,0.40593093633651733,-0.03472856804728508,0.6406908631324768,0.35381385684013367,-0.04048992320895195,0.6853939294815063,0.5666787624359131,-0.02094387821853161,0.6931355595588684,0.51605224609375,-0.026136891916394234,0.6991431713104248,0.47953835129737854,-0.02800501510500908,0.7029634118080139,0.44538724422454834,-0.03085136041045189
0.7004395127296448,0.7731754779815674,1.6145594372574124e-07,0.6488597393035889,0.7423771023750305,-0.03024100884795189,0.6164951324462891,0.6689592599868774,-0.051413096487522125,0.6054781675338745,0.6072396636009216,-0.07155446708202362,0.6318063139915466,0.5568416714668274,-0.09096826612949371,0.6290512084960938,0.5504770874977112,-0.006037513259798288,0.6136465668678284,0.4588242769241333,-0.020879754796624184,0.6056317090988159,0.40204721689224243,-0.035658907145261765,0.6031243801116943,0.34718841314315796,-0.0513593852519989,0.6689935326576233,0.5432533025741577,-0.012584593147039413,0.6594196557998657,0.4570884108543396,-0.05637847259640694,0.6516880393028259,0.49781715869903564,-0.07936805486679077,0.6508293151855469,0.5493800640106201,-0.08268750458955765,0.7076969742774963,0.5495970249176025,-0.02416427806019783,0.706733226776123,0.457000195980072,-0.04922022670507431,0.7032849192619324,0.3900260031223297,-0.06387937813997269,0.7006998062133789,0.3321731686592102,-0.07175306975841522,0.7478247284889221,0.5718554258346558,-0.038763999938964844,0.7579296827316284,0.511978268623352,-0.04960106685757637,0.766417384147644,0.4702589809894562,-0.05361826345324516,0.7716471552848816,0.4276348650455475,-0.058142054826021194
0.6881686449050903,0.8434727787971497,1.1660308985028678e-07,0.635109543800354,0.806950569152832,-0.03275256231427193,0.5962195992469788,0.7307142615318298,-0.05714230611920357,0.5755091309547424,0.6678709983825684,-0.08023585379123688,0.6034043431282043,0.6212689876556396,-0.10234653204679489,0.6089239716529846,0.5930449962615967,-0.01680430956184864,0.5912981629371643,0.48213624954223633,-0.041585035622119904,0.5797619819641113,0.4158902168273926,-0.06087455525994301,0.5780621767044067,0.3524051904678345,-0.07854460179805756,0.6524585485458374,0.5870123505592346,-0.024955537170171738,0.6462526917457581,0.4938144087791443,-0.08080688118934631,0.6305932402610779,0.5484833121299744,-0.10402640700340271,0.6239727139472961,0.6036859154701233,-0.10453329980373383,0.6975322961807251,0.5954383611679077,-0.039004385471343994,0.703726053237915,0.4924039840698242,-0.07478396594524384,0.7004275918006897,0.4211353659629822,-0.09057783335447311,0.6972371935844421,0.35304197669029236,-0.09656983613967896,0.7421574592590332,0.6219091415405273,-0.05582626163959503,0.7597677707672119,0.5497068166732788,-0.07351824641227722,0.7748764157295227,0.49949419498443604,-0.07836398482322693,0.7851182222366333,0.44561490416526794,-0.08202467858791351
0.5581334829330444,0.8978478312492371,2.54535962085356e-07,0.4823776185512543,0.8851628303527832,-0.04243847355246544,0.4096190929412842,0.8159604668617249,-0.08082960546016693,0.36774715781211853,0.7617930769920349,-0.11905159056186676,0.38600561022758484,0.6883320808410645,-0.15639565885066986,0.41237083077430725,0.6107866764068604,-0.025919536128640175,0.3724980354309082,0.4700089693069458,-0.054407186806201935,0.3471165895462036,0.38591066002845764,-0.07549399882555008,0.33384421467781067,0.3112090528011322,-0.09655232727527618,0.4655774235725403,0.5971967577934265,-0.0393364317715168,0.42153385281562805,0.48911625146865845,-0.11422693729400635,0.40539121627807617,0.5685985684394836,-0.14338761568069458,0.41062110662460327,0.6438595056533813,-0.14272621273994446,0.5248273015022278,0.5958197712898254,-0.05988450348377228,0.5030918717384338,0.4639618992805481,-0.10750008374452591,0.48124364018440247,0.37896478176116943,-0.12142595648765564,0.4675867259502411,0.29754742980003357,-0.1245170384645462,0.5858715772628784,0.6145808100700378,-0.08419933915138245,0.5953724980354309,0.5088061690330505,-0.10917256027460098,0.6059533953666687,0.4384128749370575,-0.11216793954372406,0.6116350293159485,0.36305978894233704,-0.11363185942173004
0.17432254552841187,0.932414174079895,5.175585329197929e-07,0.22139982879161835,0.9318161010742188,-0.05505407974123955,0.2568783760070801,0.8898643255233765,-0.07867298275232315,0.2433546930551529,0.8512870073318481,-0.09840233623981476,0.21873700618743896,0.8059316873550415,-0.11444775760173798,0.2876017689704895,0.7309261560440063,-0.03940790891647339,0.29985707998275757,0.6341490745544434,-0.06436891853809357,0.30292099714279175,0.5702177882194519,-0.07975944131612778,0.30136537551879883,0.5172073841094971,-0.08589046448469162,0.2463269829750061,0.7130778431892395,-0.03450701758265495,0.2557930052280426,0.6005586981773376,-0.0668894425034523,0.26399192214012146,0.5243484973907471,-0.08789243549108505,0.2699420750141144,0.4624265134334564,-0.0952289029955864,0.20550426840782166,0.7178962230682373,-0.0365111380815506,0.20448672771453857,0.6803990602493286,-0.08385665714740753,0.20144152641296387,0.7511565089225769,-0.09732651710510254,0.20026640594005585,0.7956953644752502,-0.0893939658999443,0.16667711734771729,0.7299385070800781,-0.04330628737807274,0.1692415028810501,0.652015209197998,-0.06958377361297607,0.17274826765060425,0.6072134971618652,-0.07398328185081482,0.1815257966518402,0.554000973701477,-0.07091060280799866
0.12846755981445312,0.9462422132492065,6.762608677490789e-07,0.17693665623664856,0.9494200944900513,-0.06614817678928375,0.21639057993888855,0.9194610118865967,-0.09896288812160492,0.1917257159948349,0.8832498788833618,-0.12714582681655884,0.15771275758743286,0.838157057762146,-0.15150165557861328,0.24502253532409668,0.7287148237228394,-0.05730428174138069,0.2562482953071594,0.6119487285614014,-0.09019360691308975,0.2588658928871155,0.5357455015182495,-0.10974130779504776,0.2579527497291565,0.47301098704338074,-0.11681503802537918,0.1997804045677185,0.707565426826477,-0.0509522445499897,0.20622457563877106,0.5783962607383728,-0.0928017646074295,0.2125970423221588,0.4851894676685333,-0.11984146386384964,0.2183701992034912,0.41190072894096375,-0.1289147138595581,0.15553535521030426,0.7119277119636536,-0.051755502820014954,0.13875003159046173,0.6827678084373474,-0.10910318046808243,0.1290551722049713,0.762657105922699,-0.12652572989463806,0.1279829442501068,0.8150325417518616,-0.11707936972379684,0.11186688393354416,0.7230664491653442,-0.05772772803902626,0.10653523355722427,0.6364275813102722,-0.08743966370820999,0.105094775557518,0.5860422849655151,-0.09013601392507553,0.11186658591032028,0.5306291580200195,-0.08369683474302292
0.2891574501991272,0.9779481887817383,8.440520105068572e-07,0.336371511220932,0.9758943319320679,-0.060223136097192764,0.37400394678115845,0.9549124240875244,-0.101927250623703,0.36705586314201355,0.9345418214797974,-0.1417313516139984,0.33872056007385254,0.9078834056854248,-0.17899958789348602,0.3984282612800598,0.7546597719192505,-0.07001084834337234,0.4242088496685028,0.6360430121421814,-0.11340919882059097,0.4349082410335541,0.5541148781776428,-0.13822829723358154,0.437139630317688,0.48703280091285706,-0.14866290986537933,0.34784382581710815,0.7383691072463989,-0.07193993031978607,0.36631786823272705,0.6020408868789673,-0.12329743057489395,0.38262686133384705,0.5108789205551147,-0.15273882448673248,0.3943324387073517,0.4300495684146881,-0.16298651695251465,0.2969124913215637,0.7500975131988525,-0.07990676909685135,0.29332607984542847,0.727286159992218,-0.1472318023443222,0.3003101050853729,0.8160483241081238,-0.16634297370910645,0.3053549528121948,0.8714513778686523,-0.15716715157032013,0.24812285602092743,0.770658016204834,-0.09176871180534363,0.22821448743343353,0.6861039400100708,-0.1306115686893463,0.21132928133010864,0.6340867280960083,-0.135443776845932,0.19753217697143555,0.5730851292610168,-0.12969830632209778
0.39950957894325256,1.0738929510116577,7.911410762062587e-07,0.4554658532142639,1.051242470741272,-0.0616852305829525,0.4887470602989197,0.9827209711074829,-0.09729588776826859,0.4637620747089386,0.9124857187271118,-0.1292199194431305,0.4239702820777893,0.8567692637443542,-0.15707634389400482,0.4800018072128296,0.8205000162124634,-0.07430089265108109,0.4967201352119446,0.6853981018066406,-0.11776774376630783,0.5004776120185852,0.6013354063034058,-0.13930432498455048,0.4976235330104828,0.5320632457733154,-0.14819812774658203,0.4217853844165802,0.8111148476600647,-0.0720171332359314,0.42696136236190796,0.6713895201683044,-0.12805646657943726,0.4395751953125,0.5760616660118103,-0.1555437445640564,0.44959738850593567,0.48317423462867737,-0.1649353802204132,0.3707330822944641,0.8300653100013733,-0.07552381604909897,0.3679358661174774,0.7908800840377808,-0.14550566673278809,0.3872644305229187,0.8911895155906677,-0.15947888791561127,0.3983601927757263,0.9562759399414062,-0.1472691297531128,0.32276540994644165,0.8611596822738647,-0.08332987874746323,0.2950460612773895,0.7784370183944702,-0.1293521523475647,0.27098843455314636,0.7217060327529907,-0.13932813704013824,0.24629977345466614,0.6572948098182678,-0.13697317242622375
0.4072142243385315,0.9651392698287964,7.226121851999778e-07,0.46640756726264954,0.9631046652793884,-0.06248607113957405,0.5112262964248657,0.9289264678955078,-0.0969964787364006,0.5217658281326294,0.9072740077972412,-0.1283688098192215,0.5094026923179626,0.8669611215591431,-0.15562450885772705,0.5239307284355164,0.7282665371894836,-0.05711020901799202,0.5388787984848022,0.6134599447250366,-0.091963030397892,0.5418639779090881,0.5436317324638367,-0.11142623424530029,0.5385264754295349,0.48099952936172485,-0.11951327323913574,0.47456616163253784,0.7172649502754211,-0.05703478306531906,0.4896835684776306,0.583559513092041,-0.10030602663755417,0.5000795125961304,0.49379169940948486,-0.1251487135887146,0.5038523077964783,0.4150716960430145,-0.1333669275045395,0.4247514605522156,0.7331851124763489,-0.06466381996870041,0.4511892795562744,0.7059038877487183,-0.12839026749134064,0.4648890197277069,0.8038452863693237,-0.14444023370742798,0.47165921330451965,0.860293447971344,-0.1333969384431839,0.3811757266521454,0.7603977918624878,-0.07720770686864853,0.3934077322483063,0.6838482022285461,-0.11293525248765945,0.4016340374946594,0.6432687640190125,-0.11802655458450317,0.4109225571155548,0.5898752212524414,-0.11386345326900482
0.38425928354263306,0.8627939820289612,5.006737069379597e-07,0.43919074535369873,0.8595401644706726,-0.04951224848628044,0.47728875279426575,0.8146073818206787,-0.07156839221715927,0.48565474152565,0.7800304293632507,-0.09097373485565186,0.4875190854072571,0.7306238412857056,-0.10637365281581879,0.501177966594696,0.6533595323562622,-0.032428015023469925,0.5183676481246948,0.5561920404434204,-0.05423414334654808,0.521213173866272,0.4981089234352112,-0.06784018874168396,0.5187515616416931,0.44477519392967224,-0.07413498312234879,0.46044591069221497,0.6392289400100708,-0.03157670423388481,0.4769321382045746,0.522549033164978,-0.05969083681702614,0.48917317390441895,0.447232186794281,-0.07886814326047897,0.4945661425590515,0.38472631573677063,-0.08694273233413696,0.41853079199790955,0.6484647989273071,-0.03744902461767197,0.43889501690864563,0.6034091711044312,-0.08158767223358154,0.45069634914398193,0.6766635775566101,-0.09248661249876022,0.4553288519382477,0.7238003611564636,-0.08514627069234848,0.37921640276908875,0.6663185954093933,-0.047918591648340225,0.3915863633155823,0.593038022518158,-0.07357906550168991,0.40310409665107727,0.5539215207099915,-0.0773707702755928,0.4160539209842682,0.505732536315918,-0.07523857057094574
0.361840158700943,0.8376551270484924,5.843934900440217e-07,0.41481271386146545,0.839755654335022,-0.059899162501096725,0.45179101824760437,0.7940884828567505,-0.0864344909787178,0.4551977515220642,0.7559600472450256,-0.10867879539728165,0.44574040174484253,0.7039140462875366,-0.12666533887386322,0.4734860360622406,0.6296721696853638,-0.04386662691831589,0.4891849458217621,0.5324645638465881,-0.06988106667995453,0.4923163652420044,0.47189074754714966,-0.0855245292186737,0.4884435534477234,0.4181249141693115,-0.09262111783027649,0.43298637866973877,0.6169973611831665,-0.03885818272829056,0.4485752284526825,0.49972015619277954,-0.07200225442647934,0.46063053607940674,0.4237045347690582,-0.09327007830142975,0.46559953689575195,0.36054036021232605,-0.10179084539413452,0.3916076421737671,0.6262935400009155,-0.04154416546225548,0.40406301617622375,0.5805779099464417,-0.09095553308725357,0.4140147566795349,0.6552324295043945,-0.10502613335847855,0.41830191016197205,0.702189564704895,-0.09832913428544998,0.3528998792171478,0.6421778798103333,-0.0495760552585125,0.3613468110561371,0.5674914121627808,-0.07911229878664017,0.36874401569366455,0.5263630151748657,-0.0864669606089592,0.3778820335865021,0.47479015588760376,-0.08638671785593033
0.18608638644218445,0.8670870661735535,2.6223702320749e-07,0.23133820295333862,0.8412167429924011,-0.03658435493707657,0.25720444321632385,0.7720353007316589,-0.0546114519238472,0.252934068441391,0.7165071964263916,-0.07067354023456573,0.23624122142791748,0.6652652025222778,-0.08518554270267487,0.26842981576919556,0.6472159028053284,-0.0117045221850276,0.2952653467655182,0.5554420351982117,-0.025757603347301483,0.3096080720424652,0.4994732737541199,-0.038416843861341476,0.31836944818496704,0.44925665855407715,-0.05009603500366211,0.22673454880714417,0.6431807279586792,-0.01116274669766426,0.2169635146856308,0.5711845755577087,-0.050552770495414734,0.2161291539669037,0.6098015308380127,-0.07141806930303574,0.22171741724014282,0.6525553464889526,-0.07452859729528427,0.18607984483242035,0.6517564654350281,-0.015756648033857346,0.17817072570323944,0.576083242893219,-0.038686297833919525,0.17879360914230347,0.5249131917953491,-0.04986964166164398,0.1818692535161972,0.4770781397819519,-0.05349528789520264,0.15069563686847687,0.6762048602104187,-0.024615773931145668,0.14666961133480072,0.60731440782547,-0.03552908077836037,0.1469556838274002,0.561892032623291,-0.03897665813565254,0.15077151358127594,0.5130864977836609,-0.040812551975250244
0.18312782049179077,0.8763732314109802,2.6539959208093933e-07,0.23220601677894592,0.851815938949585,-0.038049980998039246,0.2618757486343384,0.7793472409248352,-0.05725476145744324,0.2610624134540558,0.7179147005081177,-0.07356587797403336,0.24407373368740082,0.660982072353363,-0.08799118548631668,0.27267998456954956,0.6576628088951111,-0.01473852340131998,0.30258703231811523,0.5658903121948242,-0.031389009207487106,0.318192720413208,0.5093583464622498,-0.045458875596523285,0.32782214879989624,0.458829790353775,-0.05756533518433571,0.2307012677192688,0.6473133563995361,-0.013889293186366558,0.22610284388065338,0.5680515766143799,-0.057210661470890045,0.2246546745300293,0.6080757975578308,-0.07846121490001678,0.2268318086862564,0.6538527011871338,-0.07978054881095886,0.18863385915756226,0.6522781848907471,-0.018568649888038635,0.18469122052192688,0.5624735355377197,-0.04543814808130264,0.18826714158058167,0.49671491980552673,-0.06068475544452667,0.1926022171974182,0.4337678849697113,-0.06624764204025269,0.15122562646865845,0.6769552230834961,-0.0269166212528944,0.14750809967517853,0.6110273003578186,-0.038141049444675446,0.14938616752624512,0.5664124488830566,-0.042220521718263626,0.15280357003211975,0.5171140432357788,-0.045028433203697205
0.6556333899497986,0.697591245174408,1.9154299479851034e-08,0.6138099431991577,0.6835076808929443,-0.023065049201250076,0.5858351588249207,0.6394733190536499,-0.04263679310679436,0.5827196836471558,0.597419023513794,-0.060981109738349915,0.6015791296958923,0.5595522522926331,-0.07858677953481674,0.5852152705192566,0.5173051953315735,-0.016722142696380615,0.5721886157989502,0.43719378113746643,-0.03326798975467682,0.5676547288894653,0.38753455877304077,-0.04510476067662239,0.5681982040405273,0.3418631851673126,-0.05641688033938408,0.6215952038764954,0.508367657661438,-0.022318562492728233,0.6202988028526306,0.44676780700683594,-0.06233403459191322,0.6215332746505737,0.49724313616752625,-0.07746511697769165,0.6238315105438232,0.5439197421073914,-0.07629280537366867,0.6577162146568298,0.5115982890129089,-0.031570859253406525,0.6657752394676208,0.4311434030532837,-0.05772346630692482,0.6716448068618774,0.37792709469795227,-0.06774789094924927,0.6745153069496155,0.32654303312301636,-0.07134553045034409,0.6915547847747803,0.5289693474769592,-0.042217906564474106,0.7021937966346741,0.4785875678062439,-0.055984459817409515,0.7116445302963257,0.4479994773864746,-0.05803140625357628,0.7170975208282471,0.41110819578170776,-0.059229545295238495
0.6606728434562683,0.6851103901863098,3.3375020080939066e-08,0.614658772945404,0.667747974395752,-0.023316580802202225,0.588701069355011,0.6219183802604675,-0.04299522563815117,0.5875442028045654,0.5778872966766357,-0.06175331026315689,0.6047704815864563,0.5348352193832397,-0.07980125397443771,0.586808979511261,0.5020000338554382,-0.013078436255455017,0.5736767649650574,0.4223287105560303,-0.02682908996939659,0.5702025890350342,0.37329375743865967,-0.03783949464559555,0.5712388753890991,0.3305385708808899,-0.04862334951758385,0.6226702332496643,0.49204063415527344,-0.018134133890271187,0.6198218464851379,0.4317295551300049,-0.052790168672800064,0.6244444847106934,0.47507593035697937,-0.06627339869737625,0.6290965676307678,0.5175521373748779,-0.06583612412214279,0.6564795970916748,0.4936448931694031,-0.02735862135887146,0.6556413769721985,0.409516841173172,-0.048036493360996246,0.6527572870254517,0.3581107258796692,-0.05677657574415207,0.6477980613708496,0.31017547845840454,-0.06167374551296234,0.6899983286857605,0.5083202123641968,-0.03849788382649422,0.6932799220085144,0.45785385370254517,-0.04867098852992058,0.6960495710372925,0.4268767833709717,-0.050485797226428986,0.6958106756210327,0.39053019881248474,-0.0528951995074749
0.6763463020324707,0.6751353740692139,1.707727079747201e-07,0.6366063356399536,0.6474572420120239,-0.030331604182720184,0.6184362769126892,0.5912145376205444,-0.051689159125089645,0.6306523084640503,0.540677547454834,-0.0704432800412178,0.6565067768096924,0.5034540891647339,-0.08816254138946533,0.6318774223327637,0.4782212972640991,-0.020477620884776115,0.627629816532135,0.39946335554122925,-0.034484244883060455,0.6271762847900391,0.34899383783340454,-0.0445345863699913,0.629623532295227,0.302573561668396,-0.05534606799483299,0.6710985898971558,0.4776090085506439,-0.02357330732047558,0.6872345209121704,0.4089263677597046,-0.06027507409453392,0.6857896447181702,0.44759538769721985,-0.0761246308684349,0.6811692714691162,0.4855015277862549,-0.07674540579319,0.7051085233688354,0.490776002407074,-0.030553175136446953,0.729999303817749,0.4177737236022949,-0.056391190737485886,0.7477296590805054,0.36904722452163696,-0.06879982352256775,0.7591411471366882,0.32130685448646545,-0.07449120283126831,0.7337766885757446,0.5184969305992126,-0.03963610529899597,0.758762538433075,0.47538435459136963,-0.055106453597545624,0.7786792516708374,0.44709011912345886,-0.06011583283543587,0.7923951745033264,0.413608580827713,-0.06380515545606613
0.677154541015625,0.6718108057975769,1.3184165936763748e-07,0.6355594396591187,0.646638035774231,-0.028256524354219437,0.6158968210220337,0.5886875987052917,-0.047709181904792786,0.6233545541763306,0.5372324585914612,-0.06510785967111588,0.6475391983985901,0.49673399329185486,-0.08158831298351288,0.6249043941497803,0.47772303223609924,-0.012556676752865314,0.6201868653297424,0.3989756107330322,-0.02531059831380844,0.6184733510017395,0.35073667764663696,-0.0360657162964344,0.6193404197692871,0.3052002489566803,-0.04745594784617424,0.6616900563240051,0.47405558824539185,-0.016244539991021156,0.6705097556114197,0.40050727128982544,-0.05200531333684921,0.6732354760169983,0.4392457902431488,-0.0685310959815979,0.6744259595870972,0.48150306940078735,-0.06932275742292404,0.6940751075744629,0.48275578022003174,-0.024097537621855736,0.7059794664382935,0.4007831811904907,-0.04614461213350296,0.7111621499061584,0.347730815410614,-0.05745149031281471,0.712291955947876,0.2978769540786743,-0.06302032619714737,0.7244499325752258,0.5044366121292114,-0.03426192328333855,0.7343458533287048,0.45599934458732605,-0.0442996583878994,0.7409964203834534,0.4244006276130676,-0.0467117577791214,0.7435422539710999,0.3885819613933563,-0.04953460395336151
0.6694195866584778,0.6668887138366699,1.1298656232838766e-07,0.6290795803070068,0.6420672535896301,-0.026642518118023872,0.6090556383132935,0.5853639841079712,-0.044951431453228,0.6134160161018372,0.5344473123550415,-0.06134427711367607,0.6342903971672058,0.49486052989959717,-0.07678458839654922,0.6161403656005859,0.4768802523612976,-0.013429403305053711,0.6077273488044739,0.40072840452194214,-0.026922162622213364,0.6041630506515503,0.35308894515037537,-0.037268925458192825,0.6045462489128113,0.30680471658706665,-0.04799085855484009,0.6526567935943604,0.47233760356903076,-0.01761147752404213,0.6634392738342285,0.3971675634384155,-0.05353914573788643,0.6653508543968201,0.43548810482025146,-0.06983477622270584,0.6651648879051208,0.47639718651771545,-0.07008190453052521,0.6857022643089294,0.4805629253387451,-0.02553396299481392,0.7021232843399048,0.39949890971183777,-0.04919273406267166,0.7113074660301208,0.3465554118156433,-0.06095609441399574,0.7155317068099976,0.2973697781562805,-0.06600858271121979,0.7152097821235657,0.5024217963218689,-0.03531977906823158,0.7268133759498596,0.45452842116355896,-0.04677174612879753,0.735231339931488,0.42350929975509644,-0.049174003303050995,0.7391666173934937,0.3888876438140869,-0.051407936960458755
0.583495557308197,0.6600550413131714,7.907199517376284e-08,0.5400755405426025,0.6434240341186523,-0.02488180808722973,0.5123639106750488,0.5968434810638428,-0.04411181062459946,0.5061130523681641,0.5506167411804199,-0.06143982335925102,0.5248413681983948,0.510001003742218,-0.0777447447180748,0.5119829177856445,0.4764213263988495,-0.01869947463274002,0.49941498041152954,0.3958214521408081,-0.03693196177482605,0.4929940700531006,0.34452056884765625,-0.049871232360601425,0.4939083456993103,0.29813992977142334,-0.061576128005981445,0.5490960478782654,0.4669281542301178,-0.023321963846683502,0.547466516494751,0.3981502652168274,-0.062236487865448,0.5464479923248291,0.44206637144088745,-0.07662628591060638,0.5464621186256409,0.4855400323867798,-0.07563910633325577,0.5865865349769592,0.4712645411491394,-0.03194732964038849,0.5955849885940552,0.38784655928611755,-0.05759192258119583,0.601081907749176,0.3381164073944092,-0.06702988594770432,0.6040142774581909,0.2904038727283478,-0.0704161524772644,0.6212359666824341,0.49077337980270386,-0.042297158390283585,0.6350082755088806,0.43956831097602844,-0.05762685835361481,0.6474944353103638,0.4078555405139923,-0.06131407618522644,0.6560693979263306,0.37199607491493225,-0.06334691494703293
0.4470411539077759,0.6707934141159058,6.538232355524087e-08,0.3914610743522644,0.6556031107902527,-0.00949135422706604,0.34660637378692627,0.6032293438911438,-0.01872558705508709,0.33832216262817383,0.5608091950416565,-0.030162755399942398,0.35664641857147217,0.5396164655685425,-0.04230155423283577,0.35553082823753357,0.46516820788383484,0.002525145886465907,0.33895745873451233,0.3847266137599945,-0.004381344188004732,0.3337097764015198,0.3355589509010315,-0.011838946491479874,0.3330771028995514,0.29397210478782654,-0.020633084699511528,0.3941153883934021,0.45431065559387207,-0.0075948950834572315,0.3799641728401184,0.3965889811515808,-0.032261546701192856,0.37304288148880005,0.42831677198410034,-0.04501647129654884,0.3708866238594055,0.4618299901485443,-0.046937134116888046,0.4347352683544159,0.45688819885253906,-0.020670566707849503,0.4352701008319855,0.3677428960800171,-0.04070165380835533,0.4294300973415375,0.31565624475479126,-0.05426538363099098,0.42434588074684143,0.27132901549339294,-0.06207434460520744,0.4748058617115021,0.4764690697193146,-0.033994998782873154,0.49404430389404297,0.4183088541030884,-0.048263002187013626,0.5069400072097778,0.3827493488788605,-0.05431175231933594,0.517179012298584,0.3482970595359802,-0.05848323553800583
0.3613855242729187,0.6747599840164185,1.1937210331325332e-07,0.3094300329685211,0.6632248163223267,-0.01646692492067814,0.2639000415802002,0.6200451254844666,-0.03684157505631447,0.23107174038887024,0.590225875377655,-0.059460289776325226,0.2402808964252472,0.5502106547355652,-0.08184396475553513,0.2777867615222931,0.4886619746685028,-0.005144069436937571,0.25439178943634033,0.402000367641449,-0.020628495141863823,0.24024131894111633,0.34893912076950073,-0.03267621994018555,0.23657198250293732,0.3031511902809143,-0.044921644032001495,0.30696675181388855,0.47961094975471497,-0.016840767115354538,0.26806676387786865,0.4224303364753723,-0.056115634739398956,0.2463887631893158,0.47099122405052185,-0.07227709889411926,0.24284040927886963,0.50975102186203,-0.07270371913909912,0.3435400426387787,0.4800584316253662,-0.03257885202765465,0.33196091651916504,0.3928767740726471,-0.05650872364640236,0.31806764006614685,0.33585071563720703,-0.06648428738117218,0.3091917634010315,0.28165972232818604,-0.07177210599184036,0.38196316361427307,0.499399870634079,-0.05018540099263191,0.4015577435493469,0.4402099847793579,-0.06518231332302094,0.41592422127723694,0.3984994888305664,-0.07057623565196991,0.4285507798194885,0.35273781418800354,-0.0747300237417221
0.3491935133934021,0.6817953586578369,1.479942000059964e-07,0.29893752932548523,0.6749338507652283,-0.012653573416173458,0.25157588720321655,0.6322339773178101,-0.033733971416950226,0.21766385436058044,0.6039614677429199,-0.05867043882608414,0.22208449244499207,0.564443051815033,-0.08409838378429413,0.26509523391723633,0.50266033411026,-0.004690408241003752,0.24220490455627441,0.4151480793952942,-0.021373195573687553,0.2269342541694641,0.3602338135242462,-0.03267596289515495,0.22326317429542542,0.3159748613834381,-0.04394920542836189,0.2912212908267975,0.49719440937042236,-0.020126545801758766,0.24552856385707855,0.4396224617958069,-0.06279914081096649,0.22358685731887817,0.49070683121681213,-0.07848086953163147,0.22084614634513855,0.5270723104476929,-0.07665541768074036,0.32602354884147644,0.49836012721061707,-0.03925882652401924,0.3107197880744934,0.4093613922595978,-0.06666281819343567,0.29625681042671204,0.3505405783653259,-0.0770050659775734,0.2862338721752167,0.29316601157188416,-0.0811128169298172,0.3622903525829315,0.5192640423774719,-0.05979086458683014,0.38429588079452515,0.46176403760910034,-0.0776703730225563,0.39815232157707214,0.4174395203590393,-0.08406095951795578,0.408899188041687,0.3673321604728699,-0.08809280395507812
0.4575462341308594,0.7052844762802124,8.479183577492222e-08,0.39986616373062134,0.6870505213737488,-0.015276627615094185,0.3604431450366974,0.6343564987182617,-0.02993619441986084,0.35516560077667236,0.592738926410675,-0.045652713626623154,0.3748965561389923,0.5606034994125366,-0.06184546276926994,0.3728122413158417,0.488635390996933,-0.008045928552746773,0.35583043098449707,0.40156182646751404,-0.02155868150293827,0.35196512937545776,0.3462972044944763,-0.035303693264722824,0.3503969609737396,0.2995607554912567,-0.04803578183054924,0.4131191074848175,0.4825012683868408,-0.017634544521570206,0.4025808572769165,0.42075300216674805,-0.047466687858104706,0.3955065906047821,0.4393947720527649,-0.06526289135217667,0.3917679488658905,0.46532195806503296,-0.07080435752868652,0.45393291115760803,0.4892598092556,-0.03011915273964405,0.451371431350708,0.4002978205680847,-0.05120931938290596,0.4447939395904541,0.3475094437599182,-0.06258158385753632,0.4391337037086487,0.30367815494537354,-0.06904549896717072,0.49328434467315674,0.5135554671287537,-0.043805450201034546,0.5063368082046509,0.4520943760871887,-0.058813776820898056,0.5151767134666443,0.41343075037002563,-0.06232775002717972,0.5227839350700378,0.3749069273471832,-0.06404304504394531
0.5451421737670898,0.6875805854797363,-2.1809229977520772e-08,0.49361732602119446,0.6653382182121277,-0.01962525211274624,0.4623252749443054,0.6074609756469727,-0.0377030111849308,0.46857208013534546,0.5594475269317627,-0.05538150668144226,0.49960145354270935,0.528902530670166,-0.07309255748987198,0.47540852427482605,0.47824814915657043,-0.019197948276996613,0.46233949065208435,0.382684588432312,-0.036964304745197296,0.4608589708805084,0.3253214657306671,-0.04932401329278946,0.46480071544647217,0.27281975746154785,-0.061422910541296005,0.5170280933380127,0.4729609191417694,-0.0283078420907259,0.5207968950271606,0.4076324999332428,-0.07157179713249207,0.5180130004882812,0.4571881592273712,-0.08746381103992462,0.5138276219367981,0.5018225312232971,-0.0872640311717987,0.5571184754371643,0.4821816384792328,-0.04076989367604256,0.5695652365684509,0.39409172534942627,-0.06940577924251556,0.5779861211776733,0.33898311853408813,-0.07971305400133133,0.5821473598480225,0.28576189279556274,-0.08381785452365875,0.5921642184257507,0.505482017993927,-0.054418373852968216,0.6091783046722412,0.44663673639297485,-0.07120108604431152,0.6250976920127869,0.41083967685699463,-0.07409458607435226,0.6358702182769775,0.37164559960365295,-0.07583802938461304
0.6006662249565125,0.6844347715377808,-2.1904769553771075e-08,0.5571422576904297,0.6569571495056152,-0.027268599718809128,0.5347042083740234,0.602793276309967,-0.049008145928382874,0.5493311882019043,0.5543341636657715,-0.0681120976805687,0.5758702754974365,0.5213362574577332,-0.08595246821641922,0.5511908531188965,0.469137966632843,-0.028497153893113136,0.5434621572494507,0.3741968274116516,-0.04567684233188629,0.543333888053894,0.318600058555603,-0.055701419711112976,0.5482507348060608,0.2644931375980377,-0.06633741408586502,0.5931285619735718,0.4681225121021271,-0.033474817872047424,0.6078879237174988,0.404448926448822,-0.07817769795656204,0.605701208114624,0.4633409380912781,-0.09404972195625305,0.6023994088172913,0.5125634670257568,-0.09300745278596878,0.6310756206512451,0.482051283121109,-0.041560228914022446,0.6572049260139465,0.4001716375350952,-0.07188340276479721,0.6777892112731934,0.3502167761325836,-0.0821039080619812,0.6931406259536743,0.3005595803260803,-0.08551593869924545,0.6615463495254517,0.5089951753616333,-0.051063261926174164,0.6827251315116882,0.454052597284317,-0.06722960621118546,0.7009975910186768,0.42136192321777344,-0.06940241158008575,0.7141487002372742,0.3810189962387085,-0.07078290730714798
0.6247279644012451,0.6882746815681458,-2.1556161300395615e-09,0.5814329385757446,0.6613207459449768,-0.032112278044223785,0.562537670135498,0.6139363050460815,-0.05895001068711281,0.5795645117759705,0.5746667981147766,-0.08239702135324478,0.6080491542816162,0.5423887372016907,-0.10454968363046646,0.5811117887496948,0.475379079580307,-0.03746289387345314,0.5743114948272705,0.3807529807090759,-0.058619510382413864,0.576225996017456,0.3248921036720276,-0.07187939435243607,0.5816981792449951,0.26878517866134644,-0.08470449596643448,0.6232313513755798,0.4757823348045349,-0.03968263790011406,0.6364470720291138,0.41808345913887024,-0.08899591863155365,0.6349666714668274,0.48340433835983276,-0.1068197563290596,0.632092297077179,0.5358119010925293,-0.10667233914136887,0.6607796549797058,0.49164044857025146,-0.04502003267407417,0.6884064078330994,0.4124651253223419,-0.07768305391073227,0.7112197279930115,0.3598523437976837,-0.08906234055757523,0.7273890972137451,0.306285560131073,-0.09308195859193802,0.6908379197120667,0.5180803537368774,-0.051871784031391144,0.7121073603630066,0.46204572916030884,-0.06727718561887741,0.7284007668495178,0.4295235872268677,-0.06883806735277176,0.7404121160507202,0.38599151372909546,-0.0703396275639534
0.6202678084373474,0.7153146862983704,2.7653243250824744e-08,0.5752467513084412,0.6958831548690796,-0.033655356615781784,0.5505300760269165,0.6546940803527832,-0.06264843046665192,0.564200222492218,0.6209372282028198,-0.08867248892784119,0.5903257131576538,0.5873854160308838,-0.1134679839015007,0.5688923597335815,0.5086950659751892,-0.03757132217288017,0.5638759136199951,0.41261744499206543,-0.05813610181212425,0.5652984380722046,0.35502296686172485,-0.07069997489452362,0.5701350569725037,0.29860687255859375,-0.0835283100605011,0.6105974912643433,0.5084853172302246,-0.04113158956170082,0.621055543422699,0.45264559984207153,-0.09207301586866379,0.6202091574668884,0.5210219621658325,-0.1104217916727066,0.6198150515556335,0.5748318433761597,-0.11002308875322342,0.649459183216095,0.5221937894821167,-0.04812971130013466,0.6736373901367188,0.44116824865341187,-0.08114094287157059,0.6940962076187134,0.38808220624923706,-0.0908525288105011,0.7093598246574402,0.3317130208015442,-0.09367164224386215,0.6813825964927673,0.5471368432044983,-0.05710486322641373,0.7020884156227112,0.48924005031585693,-0.0736418068408966,0.7189494371414185,0.4543338418006897,-0.07448907196521759,0.7318614721298218,0.4072229862213135,-0.07501362264156342
0.628519594669342,0.7518689632415771,5.466409191967614e-08,0.5809422731399536,0.7264724969863892,-0.0293855182826519,0.5569445490837097,0.6774601936340332,-0.0519787035882473,0.5704261660575867,0.63555908203125,-0.07213784754276276,0.5964836478233337,0.5988689064979553,-0.09148090332746506,0.5678630471229553,0.5434373021125793,-0.024916520342230797,0.5634702444076538,0.45204973220825195,-0.0399605967104435,0.5631576776504517,0.3967369794845581,-0.04977154731750488,0.564572274684906,0.3455114960670471,-0.0604303777217865,0.6095148324966431,0.5415149331092834,-0.028895635157823563,0.6182725429534912,0.47813865542411804,-0.07010146230459213,0.619655966758728,0.5330909490585327,-0.0847591906785965,0.6211743354797363,0.5818172693252563,-0.08378775417804718,0.6468880772590637,0.5529367923736572,-0.036849115043878555,0.6607774496078491,0.46712321043014526,-0.06299485266208649,0.6663150787353516,0.41665393114089966,-0.07237180322408676,0.6685009002685547,0.36793458461761475,-0.07647256553173065,0.679936945438385,0.5778136849403381,-0.04699423909187317,0.6944865584373474,0.5195487141609192,-0.06089203432202339,0.7049413323402405,0.4841254651546478,-0.06359540671110153,0.7114658355712891,0.4413512945175171,-0.06611089408397675
0.6394106149673462,0.7388803958892822,9.686947066711582e-08,0.5929096937179565,0.7063299417495728,-0.02627064287662506,0.573778510093689,0.6425065398216248,-0.04662361741065979,0.5956013202667236,0.5945693254470825,-0.0650353729724884,0.6261160969734192,0.5616276264190674,-0.08266012370586395,0.5868227481842041,0.5113537907600403,-0.021229658275842667,0.590897798538208,0.4221024513244629,-0.03844861686229706,0.5983084440231323,0.36873167753219604,-0.049298763275146484,0.6074590086936951,0.3201160728931427,-0.05956017225980759,0.6267750263214111,0.5155882835388184,-0.027508020401000977,0.6432161927223206,0.43812379240989685,-0.07056203484535217,0.6481981873512268,0.4865054190158844,-0.08537521958351135,0.6494066715240479,0.5332023501396179,-0.08283130079507828,0.6618332266807556,0.5324720144271851,-0.0378015898168087,0.6803667545318604,0.44286805391311646,-0.06569483876228333,0.6909514665603638,0.39061838388442993,-0.07460076361894608,0.6962853074073792,0.3405117988586426,-0.076457180082798,0.6927215456962585,0.5611956715583801,-0.05016458407044411,0.7040591239929199,0.4954335689544678,-0.06536653637886047,0.7139719128608704,0.4546010494232178,-0.06793000549077988,0.7194152474403381,0.40853366255760193,-0.06930642575025558
0.6430941820144653,0.7325133085250854,9.739542861098016e-08,0.5962574481964111,0.7009837627410889,-0.027004022151231766,0.5774790048599243,0.6373182535171509,-0.047570813447237015,0.5982593297958374,0.5886032581329346,-0.06595214456319809,0.6286073923110962,0.5543153882026672,-0.08356258273124695,0.5905828475952148,0.506542444229126,-0.021614830940961838,0.5948079228401184,0.4175049066543579,-0.038151782006025314,0.6018016338348389,0.3649706244468689,-0.048870209604501724,0.610679566860199,0.3153402805328369,-0.059390731155872345,0.6309106945991516,0.5104207396507263,-0.0275255236774683,0.6484939455986023,0.43157079815864563,-0.07032731175422668,0.6535680294036865,0.48027148842811584,-0.08553364127874374,0.6549506783485413,0.5279864072799683,-0.0834333524107933,0.6657376289367676,0.5274309515953064,-0.037398744374513626,0.685247540473938,0.4371604323387146,-0.06477202475070953,0.6956084370613098,0.3841474652290344,-0.07416737079620361,0.7007319927215576,0.33374810218811035,-0.07672326266765594,0.6961880326271057,0.5562117099761963,-0.049366723746061325,0.7081841230392456,0.49056488275527954,-0.06380859017372131,0.7176439166069031,0.44888633489608765,-0.06667684763669968,0.7224909067153931,0.40177005529403687,-0.06876996159553528
0.6417684555053711,0.7196744680404663,9.412841706080144e-08,0.594437837600708,0.6902947425842285,-0.028842849656939507,0.5737196207046509,0.6266353130340576,-0.050316523760557175,0.5922611355781555,0.576177179813385,-0.0693129226565361,0.620580792427063,0.5406889915466309,-0.08762268722057343,0.5866015553474426,0.4982883632183075,-0.02394966408610344,0.5833249092102051,0.40857553482055664,-0.04035808891057968,0.5858465433120728,0.3551270663738251,-0.050893377512693405,0.5899072289466858,0.30500203371047974,-0.061416145414114,0.6276482343673706,0.5001413226127625,-0.029328230768442154,0.6446224451065063,0.4208124876022339,-0.0726899653673172,0.6500824689865112,0.4709029793739319,-0.08809281140565872,0.6509379148483276,0.518665611743927,-0.08581766486167908,0.6627097725868225,0.5155308246612549,-0.03860326111316681,0.6813707947731018,0.4261111319065094,-0.06638514995574951,0.6911169290542603,0.37287652492523193,-0.07599253952503204,0.6946362853050232,0.3209370970726013,-0.07856466621160507,0.6926292181015015,0.5427361726760864,-0.050081316381692886,0.7030916213989258,0.47692933678627014,-0.06464089453220367,0.7116125226020813,0.43551400303840637,-0.0672597587108612,0.7151196599006653,0.38801461458206177,-0.06912295520305634
0.6344276666641235,0.7236404418945312,7.228007348203391e-08,0.5884142518043518,0.7012790441513062,-0.030316488817334175,0.5647411942481995,0.6468175649642944,-0.054072052240371704,0.5781027674674988,0.599722683429718,-0.07486093789339066,0.6019684672355652,0.5613555312156677,-0.09476438164710999,0.5761131048202515,0.5080571174621582,-0.028338026255369186,0.5733721852302551,0.4165247082710266,-0.046486690640449524,0.5761522650718689,0.3621729910373688,-0.05793049558997154,0.58086097240448,0.3105783462524414,-0.06895042210817337,0.6166344881057739,0.5081774592399597,-0.0329926423728466,0.6323040127754211,0.43394795060157776,-0.07875178754329681,0.635120689868927,0.4892590045928955,-0.09416740387678146,0.6344100832939148,0.5401636958122253,-0.09169591963291168,0.6526262164115906,0.5229282975196838,-0.0414891354739666,0.6691444516181946,0.43727970123291016,-0.0702873170375824,0.6761102676391602,0.3871576488018036,-0.07847040146589279,0.6776847839355469,0.3386310935020447,-0.08007531613111496,0.6827415823936462,0.5500537753105164,-0.05224023014307022,0.6931775808334351,0.4874364733695984,-0.06717158854007721,0.7023769617080688,0.44780200719833374,-0.06896518915891647,0.7065801024436951,0.4014016389846802,-0.06999839842319489
0.6295526027679443,0.7006382942199707,8.157901731919992e-08,0.583547055721283,0.6783250570297241,-0.029593301936984062,0.5590068697929382,0.6256210803985596,-0.05376184731721878,0.5701900720596313,0.5780642032623291,-0.07560969889163971,0.590060830116272,0.5379624366760254,-0.09674657136201859,0.5691420435905457,0.4904385209083557,-0.02805810421705246,0.5618035197257996,0.39997079968452454,-0.04589865729212761,0.5627064108848572,0.34604668617248535,-0.05731820687651634,0.5660454034805298,0.29548564553260803,-0.06824715435504913,0.609362006187439,0.4905153810977936,-0.03317044675350189,0.6228181719779968,0.4193156063556671,-0.07791939377784729,0.624759316444397,0.46934351325035095,-0.0937788337469101,0.6226791739463806,0.5125246047973633,-0.09225503355264664,0.6449958086013794,0.5029247999191284,-0.04202435910701752,0.6591610908508301,0.42112016677856445,-0.06997205317020416,0.666163444519043,0.3704817593097687,-0.07827690988779068,0.6670818328857422,0.3198055326938629,-0.08025825768709183,0.6755731701850891,0.5267016887664795,-0.0532454214990139,0.6824377775192261,0.4627935290336609,-0.0679803192615509,0.6891496777534485,0.42322757840156555,-0.07003116607666016,0.6912791728973389,0.37699204683303833,-0.07125093787908554
0.6271028518676758,0.6770271062850952,-2.465007753471582e-08,0.5844788551330566,0.6541197896003723,-0.026598451659083366,0.5625207424163818,0.6085348129272461,-0.04972696676850319,0.5722801685333252,0.5714214444160461,-0.07103648036718369,0.5904996395111084,0.5286426544189453,-0.091304250061512,0.5637335777282715,0.4708721935749054,-0.024991830810904503,0.5573230981826782,0.3793994188308716,-0.04347103461623192,0.5589574575424194,0.32452574372291565,-0.05734486132860184,0.5616335272789001,0.2749697268009186,-0.07023734599351883,0.6019086837768555,0.46954262256622314,-0.03017529472708702,0.59873366355896,0.4210743308067322,-0.07612016052007675,0.6021744012832642,0.4802170693874359,-0.0933389738202095,0.6060179471969604,0.531383216381073,-0.0931149572134018,0.6385294795036316,0.4796697497367859,-0.03913562372326851,0.6446001529693604,0.39792653918266296,-0.06695510447025299,0.648953378200531,0.3403351306915283,-0.07576505094766617,0.6507254242897034,0.28238555788993835,-0.07904581725597382,0.6729265451431274,0.5013394355773926,-0.05002199113368988,0.682656466960907,0.44506871700286865,-0.06359418481588364,0.6914769411087036,0.410232812166214,-0.06364765018224716,0.6972376704216003,0.3670338988304138,-0.06361587345600128
0.6295359134674072,0.6741394996643066,-3.591151598314468e-09,0.5873245596885681,0.6544355154037476,-0.029377073049545288,0.5652841329574585,0.6091929078102112,-0.0551375076174736,0.5749430060386658,0.5702158808708191,-0.07847847044467926,0.5914539098739624,0.5265923738479614,-0.10084143280982971,0.5691263675689697,0.4708961248397827,-0.02967090718448162,0.5619800686836243,0.37838712334632874,-0.048752762377262115,0.5618664026260376,0.3227694630622864,-0.06187485530972481,0.56455397605896,0.27001720666885376,-0.07466911524534225,0.6079170107841492,0.47011101245880127,-0.03431742265820503,0.6092941761016846,0.4152766168117523,-0.08263052999973297,0.609904408454895,0.47929367423057556,-0.09988946467638016,0.6107444167137146,0.5313928127288818,-0.09880528599023819,0.6457645893096924,0.48107483983039856,-0.04250530153512955,0.6575900316238403,0.40034350752830505,-0.07223941385746002,0.6673316955566406,0.34335091710090637,-0.07971072196960449,0.6738832592964172,0.28475043177604675,-0.08142907917499542,0.6799323558807373,0.5031548142433167,-0.05268299579620361,0.6901906728744507,0.4452163577079773,-0.06692232936620712,0.7006996870040894,0.40834829211235046,-0.06591910123825073,0.7072861194610596,0.36252230405807495,-0.06501717865467072
0.6367351412773132,0.6807945966720581,3.6780004819547685e-08,0.5916835069656372,0.657053530216217,-0.030283089727163315,0.5706313252449036,0.6072278022766113,-0.05347610265016556,0.5851122140884399,0.5669318437576294,-0.07395237684249878,0.6060169339179993,0.5258186459541321,-0.0934050977230072,0.5739210247993469,0.4776802957057953,-0.025632578879594803,0.566526472568512,0.3871707320213318,-0.04338658228516579,0.5656413435935974,0.3330785036087036,-0.05678514391183853,0.566673755645752,0.28168317675590515,-0.06954438984394073,0.6126754879951477,0.47504886984825134,-0.02908126637339592,0.6129791736602783,0.4151010513305664,-0.07422550767660141,0.6167782545089722,0.46994850039482117,-0.09182590991258621,0.6213262677192688,0.5187565088272095,-0.09194350987672806,0.6487115025520325,0.4843772351741791,-0.0365629680454731,0.6527848243713379,0.39931586384773254,-0.06377650797367096,0.652970552444458,0.34631043672561646,-0.07302287966012955,0.6510711908340454,0.29315629601478577,-0.07640212774276733,0.6828364133834839,0.5048174262046814,-0.046456240117549896,0.6881781816482544,0.44441208243370056,-0.059320781379938126,0.6933466792106628,0.40805160999298096,-0.060203030705451965,0.6957224607467651,0.363606333732605,-0.061151567846536636
0.6384530663490295,0.6769450902938843,6.105058503180771e-08,0.5933534502983093,0.6543940901756287,-0.029772531241178513,0.5702257752418518,0.6036975383758545,-0.052496470510959625,0.5823699831962585,0.5590059161186218,-0.07277031987905502,0.6013506650924683,0.5150754451751709,-0.09214387834072113,0.5737048387527466,0.47572314739227295,-0.024652227759361267,0.5658891797065735,0.3850055932998657,-0.041737787425518036,0.5633623003959656,0.330289363861084,-0.05383257195353508,0.5640292167663574,0.2798818051815033,-0.06534182280302048,0.6126311421394348,0.4717826843261719,-0.02817348763346672,0.6147748827934265,0.40625810623168945,-0.07003585249185562,0.615175187587738,0.4540892541408539,-0.08595651388168335,0.6166678667068481,0.49825793504714966,-0.08566305041313171,0.6491333246231079,0.47945961356163025,-0.03569938987493515,0.6551691293716431,0.3949398994445801,-0.06106016784906387,0.657113254070282,0.3449815511703491,-0.06863898783922195,0.6571035981178284,0.29584071040153503,-0.07109178602695465,0.6825355291366577,0.49884217977523804,-0.045778632164001465,0.6887785792350769,0.43804022669792175,-0.058430902659893036,0.6953019499778748,0.40075868368148804,-0.05930546298623085,0.6991994976997375,0.3569965362548828,-0.06001003831624985
0.6088570356369019,0.6823182106018066,9.0100222394085e-08,0.5616977214813232,0.6586024761199951,-0.03282640874385834,0.5387426614761353,0.6074713468551636,-0.05623257905244827,0.5548536777496338,0.5561376810073853,-0.07514753192663193,0.5716726183891296,0.5051661133766174,-0.09297889471054077,0.5306784510612488,0.4741480350494385,-0.030614184215664864,0.520358145236969,0.3823479115962982,-0.045887794345617294,0.5202674269676208,0.3253253102302551,-0.05584927648305893,0.5219406485557556,0.27499276399612427,-0.06569665670394897,0.5692406892776489,0.4661385715007782,-0.03288399055600166,0.5752373933792114,0.38348615169525146,-0.06871907413005829,0.5855250954627991,0.4280392527580261,-0.0807056874036789,0.590425968170166,0.4696092903614044,-0.07908457517623901,0.6021029949188232,0.4739445447921753,-0.039570849388837814,0.6098088026046753,0.37534961104393005,-0.06334741413593292,0.6097379922866821,0.31911128759384155,-0.07389359176158905,0.6039628386497498,0.26419758796691895,-0.07984600216150284,0.6336368918418884,0.4946659505367279,-0.048590850085020065,0.6347357630729675,0.42881807684898376,-0.06234094128012657,0.6391512751579285,0.38655707240104675,-0.06634729355573654,0.6379284262657166,0.3390466272830963,-0.07075569778680801
0.6111854314804077,0.6748077273368835,1.1216143747105889e-07,0.5652493238449097,0.6536208391189575,-0.032071955502033234,0.5414572358131409,0.6008604168891907,-0.0555579699575901,0.556423008441925,0.5501914024353027,-0.0751924142241478,0.5706365704536438,0.4985579550266266,-0.09392410516738892,0.5321471691131592,0.46805039048194885,-0.028223343193531036,0.5216154456138611,0.3772820830345154,-0.044187817722558975,0.5205463767051697,0.3209567666053772,-0.054660044610500336,0.5221359133720398,0.26964154839515686,-0.06488215178251266,0.5705045461654663,0.4598087966442108,-0.03141888976097107,0.5792871117591858,0.37713295221328735,-0.07121387869119644,0.5894302129745483,0.4236088991165161,-0.08520975708961487,0.5952651500701904,0.4695230722427368,-0.08321692049503326,0.6039119362831116,0.4672500789165497,-0.03895041346549988,0.6125801801681519,0.37000858783721924,-0.06459971517324448,0.6116026639938354,0.31321632862091064,-0.07559430599212646,0.6048950552940369,0.2582038640975952,-0.08068052679300308,0.6346436738967896,0.4877544641494751,-0.04872392117977142,0.6370064616203308,0.4232633113861084,-0.0629996806383133,0.6407138109207153,0.3818441927433014,-0.06679008901119232,0.6389342546463013,0.3344477415084839,-0.07036604732275009
0.6086007952690125,0.6591331362724304,1.165420684401397e-07,0.5608720779418945,0.6481829881668091,-0.028364945203065872,0.5246939659118652,0.5978215336799622,-0.04886109381914139,0.5162704586982727,0.5448510646820068,-0.06762061268091202,0.5369231700897217,0.49618616700172424,-0.08527828007936478,0.5190973281860352,0.4773387908935547,-0.011044545099139214,0.49704840779304504,0.4004582464694977,-0.0235674399882555,0.486444890499115,0.35140061378479004,-0.033628545701503754,0.481642484664917,0.30439215898513794,-0.04483228176832199,0.556435763835907,0.46176061034202576,-0.01568174920976162,0.5462159514427185,0.3862297832965851,-0.051698993891477585,0.5534651875495911,0.43158647418022156,-0.06591825932264328,0.5637322068214417,0.479383260011673,-0.06405340135097504,0.5924797058105469,0.46063628792762756,-0.025060217827558517,0.5885717272758484,0.3725530207157135,-0.04690217971801758,0.5856205821037292,0.31741470098495483,-0.056943587958812714,0.5801821351051331,0.26570650935173035,-0.0617171935737133,0.6286352276802063,0.474063515663147,-0.03681648522615433,0.6342343091964722,0.4239879250526428,-0.04670596122741699,0.6396123766899109,0.39220720529556274,-0.0487452894449234,0.6397123336791992,0.35680606961250305,-0.05140027403831482
0.6109134554862976,0.6636639833450317,1.8319186168014312e-08,0.5641559362411499,0.6503838896751404,-0.028304336592555046,0.5294507741928101,0.5997639298439026,-0.04973207414150238,0.5221500396728516,0.5450613498687744,-0.06897618621587753,0.5450537204742432,0.5015617609024048,-0.08649393171072006,0.5246781706809998,0.4724907875061035,-0.0185843612998724,0.49011722207069397,0.39998751878738403,-0.03846101835370064,0.46804237365722656,0.3513954281806946,-0.05152267590165138,0.45775625109672546,0.30558398365974426,-0.06378114968538284,0.563414990901947,0.45628395676612854,-0.02308197319507599,0.5599793195724487,0.381621778011322,-0.06609398126602173,0.5648700594902039,0.4370562434196472,-0.08094631880521774,0.5704391002655029,0.4863932728767395,-0.07788684964179993,0.602842390537262,0.45672354102134705,-0.03205231577157974,0.612504780292511,0.37112700939178467,-0.061984773725271225,0.6233034729957581,0.32042545080184937,-0.07228927314281464,0.6299476027488708,0.27217167615890503,-0.07442726194858551,0.6387634873390198,0.47619879245758057,-0.042938586324453354,0.654830813407898,0.42701855301856995,-0.06024577468633652,0.6701762080192566,0.39655932784080505,-0.06406936794519424,0.6798121333122253,0.36005181074142456,-0.06548885256052017
0.6155605912208557,0.6690991520881653,1.8034421955803737e-08,0.5673936009407043,0.6579740047454834,-0.028896046802401543,0.5324549078941345,0.6082057952880859,-0.050971709191799164,0.5246628522872925,0.5548491477966309,-0.07084164768457413,0.5481088161468506,0.5128946304321289,-0.0891958624124527,0.5289269685745239,0.4822874665260315,-0.02228250727057457,0.49415576457977295,0.40347760915756226,-0.04406207427382469,0.47300878167152405,0.3511723279953003,-0.058219101279973984,0.46336162090301514,0.301055908203125,-0.07116910815238953,0.5677054524421692,0.4656684994697571,-0.026570864021778107,0.5655264258384705,0.39073115587234497,-0.07232682406902313,0.5716475248336792,0.4454513192176819,-0.08784151822328568,0.5770930647850037,0.4955480992794037,-0.08490325510501862,0.6073001027107239,0.46572145819664,-0.03521728515625,0.6154388189315796,0.3783721327781677,-0.06642471998929977,0.6256781220436096,0.32453685998916626,-0.07657469063997269,0.6312803030014038,0.2744670808315277,-0.0784771740436554,0.6433334350585938,0.48380550742149353,-0.04579046741127968,0.6555904150009155,0.4311331808567047,-0.06327100843191147,0.6682401895523071,0.3982543349266052,-0.0666254535317421,0.675872266292572,0.3588621914386749,-0.06781583279371262
0.615635871887207,0.6738361716270447,1.2030139373564452e-07,0.5671318173408508,0.6597632169723511,-0.02747173234820366,0.5342471599578857,0.6105930805206299,-0.05030292272567749,0.532618522644043,0.5593216419219971,-0.07172903418540955,0.5568024516105652,0.5167118906974792,-0.09205451607704163,0.5350821018218994,0.4815288484096527,-0.01956145465373993,0.5288718342781067,0.39212146401405334,-0.03820522129535675,0.5301473736763,0.3376367688179016,-0.05172346159815788,0.5349512100219727,0.28895047307014465,-0.0640256404876709,0.5734037160873413,0.4734790027141571,-0.024720994755625725,0.5739037394523621,0.4006122946739197,-0.06804771721363068,0.5803998708724976,0.4447524845600128,-0.08454049378633499,0.5850276350975037,0.4887824058532715,-0.08407974988222122,0.6099731922149658,0.4754656255245209,-0.034047093242406845,0.6136639714241028,0.3918238878250122,-0.060252685099840164,0.6179441213607788,0.34091806411743164,-0.06757570058107376,0.6188992261886597,0.2955802083015442,-0.06917024403810501,0.6452815532684326,0.490083783864975,-0.04591948539018631,0.6486327648162842,0.42883604764938354,-0.0590011328458786,0.6550166606903076,0.389382541179657,-0.06050853431224823,0.656877338886261,0.3471750020980835,-0.06136159598827362
0.6205188035964966,0.6769501566886902,-7.12204828445806e-09,0.5700211524963379,0.6671937704086304,-0.026293920353055,0.5366052389144897,0.6194979548454285,-0.04696957767009735,0.5376430153846741,0.5663840770721436,-0.06564471870660782,0.5602701306343079,0.5258199572563171,-0.08341672271490097,0.5330052375793457,0.4894653856754303,-0.023520737886428833,0.5024803280830383,0.40595942735671997,-0.0426139235496521,0.4873915910720825,0.35227763652801514,-0.05520815774798393,0.47862571477890015,0.3015243411064148,-0.06693286448717117,0.5731099843978882,0.47459015250205994,-0.028456609696149826,0.5714629888534546,0.40296778082847595,-0.07144583761692047,0.5822012424468994,0.45242103934288025,-0.0865376815199852,0.5881198048591614,0.4987272620201111,-0.08470706641674042,0.6117340922355652,0.474277526140213,-0.037033941596746445,0.6155117750167847,0.38857129216194153,-0.06480429321527481,0.6220285892486572,0.337225079536438,-0.07271429151296616,0.6223769187927246,0.28996360301971436,-0.0740320086479187,0.6468393802642822,0.4888771176338196,-0.04751092568039894,0.6495440006256104,0.42720285058021545,-0.061388641595840454,0.6561095118522644,0.38851863145828247,-0.062396593391895294,0.6566615700721741,0.3444010615348816,-0.06267207115888596
0.6181741952896118,0.6769072413444519,1.2202791666027224e-08,0.5679453015327454,0.6675053834915161,-0.027769874781370163,0.5339705348014832,0.6211737394332886,-0.04972308129072189,0.5316314697265625,0.5704048871994019,-0.06955453753471375,0.5545400977134705,0.5312291383743286,-0.0882887914776802,0.5320003032684326,0.48869600892066956,-0.0250204186886549,0.5023146867752075,0.4029941260814667,-0.04460225999355316,0.48794400691986084,0.34818214178085327,-0.05757931247353554,0.4807315468788147,0.2963181734085083,-0.06981253623962402,0.5723801851272583,0.4748731553554535,-0.03004910610616207,0.5716433525085449,0.40420931577682495,-0.07473728060722351,0.5804738402366638,0.4547380208969116,-0.09081202000379562,0.5846691131591797,0.5023527145385742,-0.08952533453702927,0.6116697788238525,0.47567787766456604,-0.03892807289958,0.6180261373519897,0.38866692781448364,-0.06897616386413574,0.6271451115608215,0.33560100197792053,-0.07831631600856781,0.630374014377594,0.2870991826057434,-0.0804184228181839,0.6481459736824036,0.4910907745361328,-0.0496864877641201,0.6543456315994263,0.4290851354598999,-0.06571648269891739,0.6638487577438354,0.3906084895133972,-0.06798464804887772,0.6672258377075195,0.34642839431762695,-0.06905363500118256
0.20630128681659698,0.686397910118103,9.540548262521042e-08,0.24804949760437012,0.67139732837677,-0.03204025328159332,0.2706618309020996,0.6203629970550537,-0.05008726939558983,0.25997722148895264,0.5760610699653625,-0.06495995819568634,0.2342521697282791,0.5447767972946167,-0.07775237411260605,0.27928346395492554,0.4903733730316162,-0.027313781902194023,0.3019905686378479,0.40681636333465576,-0.04717492312192917,0.3168432414531708,0.3536030650138855,-0.05959489196538925,0.32477086782455444,0.30749601125717163,-0.06991395354270935,0.23745684325695038,0.4790768623352051,-0.027370978146791458,0.23062299191951752,0.4290775656700134,-0.07046570628881454,0.22652538120746613,0.4867626428604126,-0.08368201553821564,0.22400906682014465,0.5340418815612793,-0.0801515057682991,0.19777977466583252,0.4854755997657776,-0.03206915408372879,0.18535016477108002,0.4092611074447632,-0.06130285561084747,0.17555765807628632,0.35560324788093567,-0.07291479408740997,0.16611787676811218,0.29639798402786255,-0.07599940896034241,0.16220879554748535,0.510935366153717,-0.03920993208885193,0.14026090502738953,0.46235090494155884,-0.055511247366666794,0.12653079628944397,0.43660950660705566,-0.059262715280056,0.11327871680259705,0.40070077776908875,-0.060311559587717056
0.22714336216449738,0.6786380410194397,1.1552892686950145e-07,0.2692576050758362,0.667208731174469,-0.031382542103528976,0.2945862114429474,0.6179725527763367,-0.04987289011478424,0.2904995381832123,0.5722325444221497,-0.06541328132152557,0.2729988098144531,0.5378109812736511,-0.07869695127010345,0.3077307939529419,0.4897442162036896,-0.026288699358701706,0.33321815729141235,0.4086124002933502,-0.046040330082178116,0.34975841641426086,0.3580032289028168,-0.05796074494719505,0.3595929741859436,0.3144553303718567,-0.06783252209424973,0.266527384519577,0.476121723651886,-0.027306189760565758,0.2657299041748047,0.41996413469314575,-0.07219640910625458,0.2613140046596527,0.4789845943450928,-0.08536435663700104,0.2589961886405945,0.5295162796974182,-0.08079247921705246,0.2262531816959381,0.47955119609832764,-0.032995205372571945,0.21846745908260345,0.4043617844581604,-0.061630893498659134,0.21326124668121338,0.34895074367523193,-0.0724623054265976,0.20926731824874878,0.2896375060081482,-0.07494917511940002,0.189552903175354,0.5026493668556213,-0.04136211797595024,0.1697750687599182,0.45371612906455994,-0.05587010830640793,0.15758532285690308,0.42693617939949036,-0.058898963034152985,0.14651544392108917,0.39091992378234863,-0.05974239110946655
0.28678056597709656,0.6692580580711365,1.5562105204480758e-07,0.3301735520362854,0.6533227562904358,-0.026651987805962563,0.3585636019706726,0.6068931818008423,-0.041976235806941986,0.36459851264953613,0.563403844833374,-0.05536723509430885,0.3489866852760315,0.5310410261154175,-0.06679997593164444,0.36294257640838623,0.4868367612361908,-0.02352248877286911,0.38639453053474426,0.40610623359680176,-0.04314599931240082,0.4000335931777954,0.3545129597187042,-0.05492419749498367,0.4077504575252533,0.31023499369621277,-0.06358909606933594,0.3242042064666748,0.4726429879665375,-0.025386137887835503,0.3266618847846985,0.41577911376953125,-0.06499604880809784,0.33252909779548645,0.4593808650970459,-0.07677038758993149,0.33688196539878845,0.5031797289848328,-0.07211968302726746,0.285907506942749,0.4740394949913025,-0.031428221613168716,0.27814099192619324,0.39593249559402466,-0.05830909684300423,0.2771488130092621,0.34143999218940735,-0.06937987357378006,0.27742090821266174,0.29010912775993347,-0.07150169461965561,0.2501136362552643,0.4926178753376007,-0.03964011371135712,0.22793138027191162,0.44396358728408813,-0.05354205518960953,0.21547317504882812,0.415872186422348,-0.05678950622677803,0.20509880781173706,0.3844858705997467,-0.05710846930742264
0.36257296800613403,0.6863243579864502,2.0586918481058092e-07,0.4069923460483551,0.6728458404541016,-0.02552589774131775,0.4410132169723511,0.6334790587425232,-0.04322855919599533,0.4556030333042145,0.6013243794441223,-0.05994275584816933,0.4497414231300354,0.5720980763435364,-0.0745433047413826,0.43604952096939087,0.5045528411865234,-0.021275078877806664,0.4488242268562317,0.41988781094551086,-0.03830953687429428,0.4595101773738861,0.3716020882129669,-0.04928483068943024,0.4637279510498047,0.32870376110076904,-0.05829823389649391,0.3987363576889038,0.4951162338256836,-0.0261282566934824,0.413027286529541,0.4473983645439148,-0.06653057038784027,0.42786064743995667,0.4938712418079376,-0.08132612705230713,0.4359269142150879,0.5398806929588318,-0.07944213598966599,0.3598538041114807,0.4993118941783905,-0.03504118323326111,0.3607726991176605,0.424423485994339,-0.06087126210331917,0.3643443286418915,0.36688175797462463,-0.07421216368675232,0.3682851493358612,0.312950074672699,-0.07910765707492828,0.32078343629837036,0.5206510424613953,-0.04623216763138771,0.29944121837615967,0.4662025570869446,-0.05893659591674805,0.2859511375427246,0.43248987197875977,-0.06310168653726578,0.27511832118034363,0.3950747847557068,-0.06536974757909775
0.39730745553970337,0.6909289956092834,2.2223711937385815e-07,0.43975821137428284,0.6823793053627014,-0.03380043804645538,0.47389963269233704,0.6491031050682068,-0.05708529055118561,0.48785191774368286,0.6183147430419922,-0.0784994587302208,0.4857902526855469,0.5820009112358093,-0.09746778011322021,0.48125654458999634,0.5097424387931824,-0.026689304038882256,0.490729957818985,0.4232167601585388,-0.04498841613531113,0.49693065881729126,0.36975979804992676,-0.05708489567041397,0.4970622658729553,0.32503581047058105,-0.06744720786809921,0.44157978892326355,0.4987441301345825,-0.0288362018764019,0.4533214271068573,0.45359522104263306,-0.07186419516801834,0.46039992570877075,0.5060955882072449,-0.08790379017591476,0.4645824432373047,0.5525206923484802,-0.08647472411394119,0.40036913752555847,0.500259280204773,-0.035750873386859894,0.40263688564300537,0.4239574372768402,-0.06266658008098602,0.40480491518974304,0.3694165349006653,-0.0741557776927948,0.4082376956939697,0.31442582607269287,-0.077828548848629,0.35837027430534363,0.5200368762016296,-0.045959122478961945,0.33702391386032104,0.46232837438583374,-0.06077735871076584,0.3224957585334778,0.4288366138935089,-0.06470165401697159,0.3113178014755249,0.38926470279693604,-0.06621172279119492
0.41129443049430847,0.6709257960319519,2.0902676567402523e-07,0.45489269495010376,0.6640843152999878,-0.03072788566350937,0.49039387702941895,0.6329327821731567,-0.053296178579330444,0.5088228583335876,0.6044964790344238,-0.07424796372652054,0.5069454312324524,0.5659491419792175,-0.09299050271511078,0.4945685565471649,0.4980406165122986,-0.028042063117027283,0.5108550190925598,0.4117083251476288,-0.04777977615594864,0.5199213027954102,0.35955601930618286,-0.05998343974351883,0.5230801105499268,0.3138952851295471,-0.06981807202100754,0.45708221197128296,0.4862501621246338,-0.031150273978710175,0.4769667983055115,0.44017261266708374,-0.07329947501420975,0.48397359251976013,0.4908880889415741,-0.08712869137525558,0.4877607822418213,0.5344278812408447,-0.0848037600517273,0.4175366759300232,0.4868054687976837,-0.0387229397892952,0.42807355523109436,0.4117657542228699,-0.06483389437198639,0.43451884388923645,0.35950565338134766,-0.07396817207336426,0.441220223903656,0.30455297231674194,-0.0764044001698494,0.37698662281036377,0.5042930841445923,-0.04929279536008835,0.3636225163936615,0.44699737429618835,-0.06276428699493408,0.3538024127483368,0.4130857586860657,-0.06504420191049576,0.3459004759788513,0.3712436854839325,-0.06578312069177628
0.41471362113952637,0.6795802116394043,2.869775812541775e-07,0.45860522985458374,0.6712322235107422,-0.032425135374069214,0.49379193782806396,0.6387051939964294,-0.05636100098490715,0.5131343007087708,0.6120052337646484,-0.07878414541482925,0.5135408639907837,0.5713247060775757,-0.0987490639090538,0.49759384989738464,0.5033518671989441,-0.027079444378614426,0.5155928134918213,0.4163994789123535,-0.04600463807582855,0.5273176431655884,0.36414194107055664,-0.0578155517578125,0.5317094922065735,0.31798723340034485,-0.06798110157251358,0.4593912363052368,0.4915570020675659,-0.030854668468236923,0.48100757598876953,0.4407479465007782,-0.07529709488153458,0.4923955202102661,0.4952496588230133,-0.09134097397327423,0.49791815876960754,0.5440727472305298,-0.08959019929170609,0.41996556520462036,0.4916129410266876,-0.03927955403923988,0.4267696142196655,0.412899911403656,-0.06674491614103317,0.4325210750102997,0.35644590854644775,-0.07827002555131912,0.4377380311489105,0.2976251542568207,-0.08217684924602509,0.3804453909397125,0.5100562572479248,-0.05086691677570343,0.36535823345184326,0.45039740204811096,-0.0649736300110817,0.3530297875404358,0.41500818729400635,-0.06829193979501724,0.341418981552124,0.3718704581260681,-0.07005754858255386
0.40933772921562195,0.6781846284866333,2.447183078402304e-07,0.4553540349006653,0.6720364689826965,-0.03043212555348873,0.4914604723453522,0.6380470991134644,-0.05260918661952019,0.507127583026886,0.609896719455719,-0.0734034851193428,0.5060898065567017,0.5695505738258362,-0.09259016066789627,0.4957660734653473,0.5057945251464844,-0.025752881541848183,0.516364574432373,0.41886934638023376,-0.045307841151952744,0.5310659408569336,0.3706040382385254,-0.058501750230789185,0.5377649068832397,0.3261808753013611,-0.06929735839366913,0.45786207914352417,0.49590498208999634,-0.030348388478159904,0.47457313537597656,0.4437388777732849,-0.07591133564710617,0.4853416681289673,0.4964885115623474,-0.09410032629966736,0.48937442898750305,0.545116662979126,-0.09403736144304276,0.41936734318733215,0.49809086322784424,-0.03927375376224518,0.4281769394874573,0.4222638010978699,-0.06681875139474869,0.43852367997169495,0.36642804741859436,-0.07857001572847366,0.44640082120895386,0.3095127046108246,-0.08246836811304092,0.3812211751937866,0.5170482993125916,-0.0511721596121788,0.37390005588531494,0.4525383412837982,-0.06516402214765549,0.36872756481170654,0.4117627441883087,-0.0681968480348587,0.3633202314376831,0.3644505739212036,-0.06958793103694916
0.4028320908546448,0.6771640181541443,2.0965410385542782e-07,0.44968298077583313,0.6693162322044373,-0.0329899862408638,0.48631393909454346,0.633098840713501,-0.055300552397966385,0.503303050994873,0.6033009886741638,-0.07559701055288315,0.5020887851715088,0.5600255727767944,-0.09444518387317657,0.4916463792324066,0.5024389028549194,-0.026371555402874947,0.5113255977630615,0.41559097170829773,-0.04715398699045181,0.5243819952011108,0.3644908666610718,-0.061694808304309845,0.5316227674484253,0.3177340626716614,-0.07307051122188568,0.4539443552494049,0.49261268973350525,-0.02942669950425625,0.465772420167923,0.4361773729324341,-0.07545958459377289,0.47166547179222107,0.4891631603240967,-0.0943090170621872,0.4747139811515808,0.5412592887878418,-0.09425616264343262,0.4157300889492035,0.49452799558639526,-0.037046220153570175,0.42504245042800903,0.4184856414794922,-0.06447171419858932,0.4356898069381714,0.36217284202575684,-0.0763416513800621,0.4448230266571045,0.30591538548469543,-0.0799194872379303,0.37781715393066406,0.5129885077476501,-0.04785718768835068,0.3781071603298187,0.44798019528388977,-0.06075642257928848,0.37724927067756653,0.40539446473121643,-0.06313163787126541,0.3755528926849365,0.35702574253082275,-0.06402280926704407
0.39712515473365784,0.6759796738624573,2.614003733469872e-07,0.44383957982063293,0.6687701940536499,-0.03358285874128342,0.4799465537071228,0.6335581541061401,-0.05644310638308525,0.4954698383808136,0.6025902032852173,-0.07750419527292252,0.49283450841903687,0.5595637559890747,-0.09733730554580688,0.48414573073387146,0.501148521900177,-0.026775509119033813,0.5066817402839661,0.41580432653427124,-0.04708779230713844,0.5210307240486145,0.36510607600212097,-0.06152931600809097,0.5276213884353638,0.318975567817688,-0.07303501665592194,0.44657933712005615,0.4912867546081543,-0.0294638704508543,0.45933040976524353,0.437086820602417,-0.0730968788266182,0.46717607975006104,0.48529428243637085,-0.09137780219316483,0.47107237577438354,0.5321266055107117,-0.09230571985244751,0.4081481993198395,0.49314045906066895,-0.03676176443696022,0.4148646891117096,0.4171617925167084,-0.06276498734951019,0.4229530990123749,0.3621750473976135,-0.07385990023612976,0.42980825901031494,0.3070533275604248,-0.07774662226438522,0.3702965974807739,0.5126879215240479,-0.04744761437177658,0.366957426071167,0.4482211172580719,-0.05991383269429207,0.3655947148799896,0.4061325788497925,-0.06240837648510933,0.36369776725769043,0.3582164943218231,-0.06375110149383545
0.39816343784332275,0.6749008893966675,2.479792726717278e-07,0.44454213976860046,0.6671828031539917,-0.03289509192109108,0.48109835386276245,0.6306890845298767,-0.05507581681013107,0.49789756536483765,0.5999707579612732,-0.07535317540168762,0.49491193890571594,0.5561556816101074,-0.0944376289844513,0.4862150549888611,0.502018392086029,-0.026286311447620392,0.509263277053833,0.4157733619213104,-0.04586977884173393,0.5236693024635315,0.3659696578979492,-0.05988577753305435,0.5309191346168518,0.3197597563266754,-0.07117511332035065,0.44915810227394104,0.49167466163635254,-0.029158437624573708,0.4621722400188446,0.43620765209198,-0.07312887161970139,0.4693642854690552,0.48564738035202026,-0.09216038137674332,0.4733837842941284,0.5340747833251953,-0.09339132905006409,0.41127294301986694,0.4927275776863098,-0.0363595187664032,0.4184780418872833,0.41817033290863037,-0.06213865056633949,0.42808622121810913,0.36271917819976807,-0.07395812124013901,0.43642762303352356,0.3075684905052185,-0.07835029810667038,0.37383022904396057,0.5105516910552979,-0.04682011902332306,0.3736336827278137,0.44500747323036194,-0.058718983083963394,0.37259846925735474,0.4026740789413452,-0.06098726764321327,0.3708547353744507,0.3552623391151428,-0.0622422993183136
0.3964947462081909,0.6711032390594482,3.319537995594146e-07,0.440812349319458,0.6613914370536804,-0.033129703253507614,0.47602730989456177,0.6245415806770325,-0.0558142215013504,0.49461206793785095,0.5894132256507874,-0.0760037824511528,0.49107596278190613,0.5470700860023499,-0.09401039779186249,0.48292651772499084,0.501452624797821,-0.030652163550257683,0.5137240886688232,0.4231952130794525,-0.05064258351922035,0.5327122211456299,0.3766140937805176,-0.06277673691511154,0.5446723103523254,0.3321133255958557,-0.07325243949890137,0.44416603446006775,0.4867602288722992,-0.03391029313206673,0.46191248297691345,0.43257957696914673,-0.07767389714717865,0.4712858498096466,0.485221266746521,-0.09352467954158783,0.4765961766242981,0.5339404344558716,-0.09244652092456818,0.4034779965877533,0.48724475502967834,-0.04156077653169632,0.40158072113990784,0.41461849212646484,-0.06995125859975815,0.40384480357170105,0.35746484994888306,-0.08340263366699219,0.40586256980895996,0.2988065481185913,-0.08890585601329803,0.363999605178833,0.508209764957428,-0.052196551114320755,0.34347590804100037,0.4514453709125519,-0.06734755635261536,0.32846128940582275,0.4165495038032532,-0.07251778990030289,0.3134656846523285,0.37398064136505127,-0.07600746303796768
0.39201459288597107,0.6702793836593628,3.5788784202850366e-07,0.43806469440460205,0.6615148186683655,-0.03416832908987999,0.4732950031757355,0.623797595500946,-0.05704513192176819,0.48868441581726074,0.5869592428207397,-0.07745247334241867,0.4837947189807892,0.5446267127990723,-0.09574330598115921,0.47888684272766113,0.4985305666923523,-0.029737524688243866,0.5101944804191589,0.41948217153549194,-0.049473438411951065,0.5298908352851868,0.3728827238082886,-0.061883702874183655,0.5423538088798523,0.32883894443511963,-0.07269874960184097,0.4390500783920288,0.4847627878189087,-0.03253268077969551,0.45719489455223083,0.4284193515777588,-0.07698477059602737,0.46656277775764465,0.4817346930503845,-0.09391289949417114,0.4714452624320984,0.5317723751068115,-0.09332233667373657,0.397911012172699,0.4856337010860443,-0.039875928312540054,0.3960632383823395,0.4122677445411682,-0.06787077337503433,0.3981187343597412,0.35526925325393677,-0.08189316093921661,0.3996472954750061,0.2974151372909546,-0.08777159452438354,0.35817950963974,0.5068309307098389,-0.05041740462183952,0.33807989954948425,0.44965192675590515,-0.06493784487247467,0.3228996694087982,0.4149576723575592,-0.07048815488815308,0.3078952431678772,0.37308692932128906,-0.07438752055168152
0.36444801092147827,0.6634542942047119,2.4163108491848106e-07,0.4137114882469177,0.6548575162887573,-0.036592159420251846,0.4477972090244293,0.6169228553771973,-0.057852912694215775,0.4550010561943054,0.5773775577545166,-0.07621637731790543,0.4497684836387634,0.53800368309021,-0.09250365942716599,0.45065411925315857,0.4837024211883545,-0.028688926249742508,0.47540271282196045,0.39887550473213196,-0.049023181200027466,0.49058055877685547,0.3476863503456116,-0.061745669692754745,0.4988592863082886,0.302616149187088,-0.0715118870139122,0.4094882905483246,0.47450917959213257,-0.028284506872296333,0.4120785593986511,0.41668885946273804,-0.06989279389381409,0.41939517855644226,0.46056878566741943,-0.08470357954502106,0.4254009425640106,0.5043160319328308,-0.083225317299366,0.3692684769630432,0.47829559445381165,-0.03297899290919304,0.3674614429473877,0.4039754271507263,-0.059454865753650665,0.3680596947669983,0.35161876678466797,-0.06873869150876999,0.3695017993450165,0.2995891571044922,-0.07049265503883362,0.3310309946537018,0.49791190028190613,-0.04141484200954437,0.3206365704536438,0.435436874628067,-0.055779434740543365,0.31362566351890564,0.3968142867088318,-0.059276435524225235,0.307991623878479,0.3526621460914612,-0.06020313873887062
0.3318379819393158,0.6638657450675964,1.6564753479997307e-07,0.3745438754558563,0.6488388180732727,-0.03332282602787018,0.4014686644077301,0.6054081320762634,-0.05475473031401634,0.4078434705734253,0.5710044503211975,-0.07406538724899292,0.40440452098846436,0.5292074680328369,-0.09172794967889786,0.4067329168319702,0.47640538215637207,-0.02715672366321087,0.42114630341529846,0.3866256773471832,-0.04817661643028259,0.4287211298942566,0.331562340259552,-0.061500467360019684,0.4306076467037201,0.2830949127674103,-0.07160631567239761,0.3670695424079895,0.4728080928325653,-0.029411088675260544,0.36685189604759216,0.41334986686706543,-0.07435939460992813,0.3731909990310669,0.46445509791374207,-0.0896749198436737,0.38055041432380676,0.512322723865509,-0.08707216382026672,0.32890811562538147,0.48085740208625793,-0.03641198202967644,0.32702746987342834,0.40431705117225647,-0.06291249394416809,0.3291933536529541,0.3511865735054016,-0.06942299753427505,0.3324289917945862,0.2966485619544983,-0.06883262097835541,0.292782187461853,0.5044950842857361,-0.0470266155898571,0.2869487404823303,0.4387984573841095,-0.05938981845974922,0.28413915634155273,0.39762434363365173,-0.059230029582977295,0.2825400233268738,0.3494971990585327,-0.057519931346178055
0.3158452808856964,0.6613190770149231,1.8841237192646076e-07,0.3552398383617401,0.6449143290519714,-0.034425005316734314,0.38196974992752075,0.5967926383018494,-0.05565480887889862,0.3885587751865387,0.5584734678268433,-0.07465165108442307,0.3776850998401642,0.5228912830352783,-0.09177885204553604,0.3817583918571472,0.4766939878463745,-0.026249516755342484,0.39605340361595154,0.3891270160675049,-0.04658050835132599,0.40466079115867615,0.3348868489265442,-0.059834666550159454,0.40721821784973145,0.2885527014732361,-0.06996610760688782,0.3449779748916626,0.4728749990463257,-0.02682681754231453,0.34431368112564087,0.4155881106853485,-0.07194265723228455,0.34972694516181946,0.465362548828125,-0.08822675049304962,0.3562658429145813,0.5094783306121826,-0.08629295229911804,0.30980250239372253,0.4784986972808838,-0.03203519433736801,0.30423688888549805,0.4051899313926697,-0.058087438344955444,0.302806556224823,0.35384732484817505,-0.06558563560247421,0.30266138911247253,0.30249911546707153,-0.06569542735815048,0.27770349383354187,0.49884313344955444,-0.04105527698993683,0.26841941475868225,0.43708106875419617,-0.05228447541594505,0.26270046830177307,0.3981867730617523,-0.05284316837787628,0.25836610794067383,0.3534390926361084,-0.05191501975059509
0.3069320619106293,0.6618213653564453,1.887295724145588e-07,0.347667932510376,0.6491647362709045,-0.032733362168073654,0.3739631772041321,0.6069704294204712,-0.05396581441164017,0.3786257207393646,0.568920373916626,-0.07291653007268906,0.3633686304092407,0.5318580865859985,-0.08969799429178238,0.3807371258735657,0.47847890853881836,-0.028597600758075714,0.40124908089637756,0.39488184452056885,-0.04927096515893936,0.4132862687110901,0.3414739966392517,-0.060925159603357315,0.4190000295639038,0.29624879360198975,-0.07011725008487701,0.3391875624656677,0.47020629048347473,-0.030206670984625816,0.33324697613716125,0.416572242975235,-0.07534646987915039,0.3381136953830719,0.4694027006626129,-0.08867654204368591,0.3451468050479889,0.5162985920906067,-0.08448759466409683,0.2998596429824829,0.4756227135658264,-0.03658590093255043,0.2880551517009735,0.4023365080356598,-0.06484919786453247,0.2861158549785614,0.3457659184932709,-0.0738648995757103,0.2864396274089813,0.28835248947143555,-0.07519374787807465,0.2647390067577362,0.4984811246395111,-0.046197883784770966,0.2437911480665207,0.44449272751808167,-0.06030741333961487,0.23230324685573578,0.4103052020072937,-0.0627356693148613,0.2239820808172226,0.36807963252067566,-0.06315648555755615
0.3125319480895996,0.6738303899765015,1.633957111835116e-07,0.3524945378303528,0.6595073342323303,-0.030461309477686882,0.3794587254524231,0.6193751692771912,-0.05127260833978653,0.3869934678077698,0.5853205323219299,-0.0700749009847641,0.3729621171951294,0.5520155429840088,-0.08669503778219223,0.38575243949890137,0.49240556359291077,-0.026791250333189964,0.4031822979450226,0.4082246422767639,-0.04646541178226471,0.41502517461776733,0.35515397787094116,-0.05779173970222473,0.4200160503387451,0.30998116731643677,-0.06691882014274597,0.3449726998806,0.485055148601532,-0.029448719695210457,0.342777281999588,0.43227678537368774,-0.07399717718362808,0.34833255410194397,0.48661497235298157,-0.0871291309595108,0.3553870618343353,0.5338781476020813,-0.08278960734605789,0.30631783604621887,0.4899296462535858,-0.03664699196815491,0.298963725566864,0.41971737146377563,-0.06370571255683899,0.3017385005950928,0.3614012598991394,-0.07283313572406769,0.3062518835067749,0.3013192415237427,-0.07466460019350052,0.2703377902507782,0.5113787651062012,-0.04691590368747711,0.24949122965335846,0.45716366171836853,-0.05914129316806793,0.23835915327072144,0.4235486388206482,-0.060687944293022156,0.2311825156211853,0.3812928795814514,-0.061018843203783035
0.31264302134513855,0.6756801605224609,1.416677548604639e-07,0.3532235324382782,0.663151204586029,-0.029669007286429405,0.38054484128952026,0.6209141612052917,-0.049437299370765686,0.3888787031173706,0.5835993885993958,-0.06724438071250916,0.3786548674106598,0.5493831038475037,-0.08275511860847473,0.3867383897304535,0.4949934482574463,-0.025769894942641258,0.39995938539505005,0.40832579135894775,-0.046436116099357605,0.4101966917514801,0.3537459373474121,-0.05891269072890282,0.41361451148986816,0.3072913885116577,-0.06856010109186172,0.34625181555747986,0.4862236976623535,-0.02878033183515072,0.3484373390674591,0.43403539061546326,-0.07360457628965378,0.35479703545570374,0.48655813932418823,-0.08683573454618454,0.3608427941799164,0.5317620038986206,-0.0824384018778801,0.30772846937179565,0.48984870314598083,-0.036413487046957016,0.3048849403858185,0.41617363691329956,-0.0637221485376358,0.3077576756477356,0.35805800557136536,-0.07248036563396454,0.3118550777435303,0.2990666627883911,-0.07376542687416077,0.27150604128837585,0.5109505653381348,-0.04711420461535454,0.2533010244369507,0.4554983377456665,-0.0595557801425457,0.24348041415214539,0.42206326127052307,-0.060648538172245026,0.23702549934387207,0.3813230097293854,-0.06028435379266739
0.31384196877479553,0.6757597923278809,1.609856212780869e-07,0.3553180396556854,0.6641683578491211,-0.03205613046884537,0.3823639452457428,0.6229941844940186,-0.052811652421951294,0.3890872895717621,0.58785480260849,-0.0711665004491806,0.3801356554031372,0.554314374923706,-0.08687546849250793,0.38878345489501953,0.4941631853580475,-0.029244452714920044,0.4033156931400299,0.4084852635860443,-0.05113344267010689,0.41296032071113586,0.35428309440612793,-0.06401994824409485,0.4152029752731323,0.3087342381477356,-0.07368697226047516,0.3478590250015259,0.48311033844947815,-0.0310647115111351,0.3487870693206787,0.4344790577888489,-0.07637667655944824,0.35591787099838257,0.4870498776435852,-0.08955942839384079,0.36182183027267456,0.5318652987480164,-0.08502678573131561,0.3086302876472473,0.4860944449901581,-0.037734001874923706,0.30134665966033936,0.41081181168556213,-0.0663086399435997,0.30038729310035706,0.35311752557754517,-0.07592859864234924,0.30167725682258606,0.2941663861274719,-0.07744599133729935,0.2720988392829895,0.5081148743629456,-0.047500547021627426,0.2507745623588562,0.45586204528808594,-0.061182428151369095,0.2389555722475052,0.42496567964553833,-0.06293673068284988,0.23071280121803284,0.3867000341415405,-0.06262942403554916
0.31521734595298767,0.6764049530029297,1.6845568495682528e-07,0.3555583655834198,0.6635575294494629,-0.03116767667233944,0.38274773955345154,0.6237781643867493,-0.051981423050165176,0.3901815414428711,0.5892608761787415,-0.0705704391002655,0.3813510537147522,0.5570728182792664,-0.08656608313322067,0.3906343877315521,0.49530869722366333,-0.029585015028715134,0.4059799015522003,0.40916144847869873,-0.05134858936071396,0.4166032373905182,0.3542479872703552,-0.06395299732685089,0.4203323423862457,0.3081716299057007,-0.07348013669252396,0.3494703769683838,0.4840553402900696,-0.03177542984485626,0.3505450189113617,0.435509592294693,-0.07578753679990768,0.35659220814704895,0.4860323369503021,-0.08824975043535233,0.36207106709480286,0.5280611515045166,-0.0839942991733551,0.30994218587875366,0.48652613162994385,-0.038695067167282104,0.3025742769241333,0.41281136870384216,-0.06678471714258194,0.3003222346305847,0.35513561964035034,-0.07599050551652908,0.30009201169013977,0.2967666983604431,-0.07769926637411118,0.2730936110019684,0.507590651512146,-0.04868536815047264,0.2510016858577728,0.4551590383052826,-0.06256473809480667,0.23812592029571533,0.4241793155670166,-0.0645168125629425,0.2287389039993286,0.3863629698753357,-0.06451611965894699
0.31452393531799316,0.6789112091064453,1.8472289298188116e-07,0.3535446524620056,0.6670970320701599,-0.03322043642401695,0.38142478466033936,0.631920576095581,-0.056598059833049774,0.3901425004005432,0.6001467704772949,-0.07770797610282898,0.382982462644577,0.5640100836753845,-0.09621920436620712,0.3932756185531616,0.49959704279899597,-0.033600565046072006,0.41129398345947266,0.41400575637817383,-0.05692277103662491,0.42431119084358215,0.3591569662094116,-0.06995795667171478,0.42967724800109863,0.31332018971443176,-0.07956055551767349,0.35194218158721924,0.48883017897605896,-0.03542766347527504,0.35330477356910706,0.4436211884021759,-0.08222551643848419,0.35716745257377625,0.49868401885032654,-0.09495995193719864,0.3618707060813904,0.5410477519035339,-0.09029685705900192,0.3121252954006195,0.4905145466327667,-0.04205434396862984,0.3044786751270294,0.4181702733039856,-0.07198015600442886,0.3020988702774048,0.3610190451145172,-0.08042977005243301,0.3022305965423584,0.3011411428451538,-0.08132458478212357,0.2747097611427307,0.5097548365592957,-0.05186586454510689,0.2530685365200043,0.4558241069316864,-0.0668092593550682,0.24055053293704987,0.42419081926345825,-0.06815363466739655,0.2319929599761963,0.38457155227661133,-0.06739979237318039
0.31843045353889465,0.6846951246261597,1.9856877031543263e-07,0.36135172843933105,0.6764683723449707,-0.03334358334541321,0.3921307921409607,0.6452714800834656,-0.05773574486374855,0.40190571546554565,0.6161577105522156,-0.07995529472827911,0.38815492391586304,0.583358883857727,-0.09952719509601593,0.39922648668289185,0.5078045725822449,-0.03604461997747421,0.4212103486061096,0.4219614267349243,-0.060782190412282944,0.43608754873275757,0.3656863570213318,-0.07441195100545883,0.4419442415237427,0.3179975748062134,-0.0843643918633461,0.3582381308078766,0.49655091762542725,-0.03793162852525711,0.3597005307674408,0.4553525149822235,-0.08673446625471115,0.3643360137939453,0.5143426060676575,-0.0996415913105011,0.3688562512397766,0.5587649345397949,-0.09503081440925598,0.3186025619506836,0.4965018630027771,-0.04454058036208153,0.3086494207382202,0.4249683618545532,-0.07597506046295166,0.3068292438983917,0.37003690004348755,-0.08392234146595001,0.30722513794898987,0.31201809644699097,-0.08416718989610672,0.28129011392593384,0.5132519006729126,-0.05424901470541954,0.25861355662345886,0.45688286423683167,-0.06936006993055344,0.2462620586156845,0.42453324794769287,-0.07001864165067673,0.23801958560943604,0.38371437788009644,-0.06877762824296951
0.34236061573028564,0.6875988245010376,2.610736942187941e-07,0.3831670582294464,0.681778609752655,-0.037560489028692245,0.4119962751865387,0.6557696461677551,-0.06766782701015472,0.4237818419933319,0.6339379549026489,-0.09492257237434387,0.40997350215911865,0.6053722500801086,-0.11979622393846512,0.4196764826774597,0.5147305727005005,-0.04729859158396721,0.44156700372695923,0.4243490695953369,-0.07474734634160995,0.459206223487854,0.36903613805770874,-0.09057823568582535,0.46672025322914124,0.32174474000930786,-0.10200266540050507,0.3794656991958618,0.5050138831138611,-0.049139659851789474,0.3870333433151245,0.470413476228714,-0.10263970494270325,0.3929789364337921,0.5326825976371765,-0.11762120574712753,0.39592161774635315,0.5773700475692749,-0.11400377005338669,0.3394604027271271,0.5046530365943909,-0.055501602590084076,0.3321049213409424,0.4327141344547272,-0.08873923122882843,0.3336597681045532,0.37746644020080566,-0.09672912955284119,0.33602795004844666,0.3175584673881531,-0.09721850603818893,0.3012358248233795,0.5199693441390991,-0.06526719033718109,0.2819945812225342,0.4606814384460449,-0.08100666105747223,0.2716026306152344,0.427177369594574,-0.08085660636425018,0.2650296986103058,0.3841060400009155,-0.0791742131114006
0.36829468607902527,0.693993330001831,2.926936133462732e-07,0.4134659767150879,0.6907414197921753,-0.03848268836736679,0.4476986527442932,0.6669535636901855,-0.06893273442983627,0.4646841585636139,0.6457250118255615,-0.09676125645637512,0.44755738973617554,0.6185521483421326,-0.12213844060897827,0.4513944089412689,0.526323139667511,-0.04726283624768257,0.47650855779647827,0.4370485544204712,-0.0758952721953392,0.4959586262702942,0.38147836923599243,-0.09266523271799088,0.5059161186218262,0.33284321427345276,-0.10475625842809677,0.4120733439922333,0.5131455063819885,-0.04996307194232941,0.4266170561313629,0.4821423292160034,-0.10407277941703796,0.43092116713523865,0.5460565686225891,-0.11953573673963547,0.43183964490890503,0.5937637090682983,-0.11630956828594208,0.3716708719730377,0.5097137093544006,-0.05750773474574089,0.37200918793678284,0.43922778964042664,-0.09209313988685608,0.37685856223106384,0.3851061463356018,-0.10192844271659851,0.381544828414917,0.3278728127479553,-0.10345626622438431,0.33171993494033813,0.5219359993934631,-0.06853269040584564,0.3156830668449402,0.461164265871048,-0.0842508003115654,0.30590948462486267,0.42600399255752563,-0.08470158278942108,0.29816901683807373,0.38354671001434326,-0.0838623046875
0.4022463858127594,0.7057322859764099,2.548916313571681e-07,0.44768834114074707,0.7070311903953552,-0.037364374846220016,0.48463475704193115,0.6883092522621155,-0.06842493265867233,0.5082436203956604,0.6745743751525879,-0.09666968882083893,0.5017683506011963,0.6478594541549683,-0.12224879115819931,0.4880448877811432,0.5472091436386108,-0.050606656819581985,0.5110970139503479,0.4543292820453644,-0.07962924987077713,0.5296055674552917,0.39923012256622314,-0.09706704318523407,0.5385931134223938,0.3506432771682739,-0.10969318449497223,0.449989378452301,0.5328555107116699,-0.0541905015707016,0.4706054627895355,0.5071353316307068,-0.1103641465306282,0.47661346197128296,0.5745668411254883,-0.12652817368507385,0.4780236780643463,0.6255236864089966,-0.1231427788734436,0.41081327199935913,0.528157114982605,-0.06213052570819855,0.4159357249736786,0.4595414400100708,-0.09767792373895645,0.42565903067588806,0.4056709408760071,-0.10736661404371262,0.435445636510849,0.3482567369937897,-0.10855033993721008,0.3725162744522095,0.5391418933868408,-0.0733243003487587,0.3549051284790039,0.4773440659046173,-0.08966492116451263,0.3429476320743561,0.4394949674606323,-0.08962724357843399,0.3337671160697937,0.39444124698638916,-0.08820392936468124
0.43780988454818726,0.7108069062232971,3.380952193765552e-07,0.48292458057403564,0.7162508368492126,-0.04498111456632614,0.5181565880775452,0.7003870010375977,-0.0828649029135704,0.5421024560928345,0.6932225227355957,-0.11766266077756882,0.5456514358520508,0.6721763610839844,-0.15072974562644958,0.533026933670044,0.5580133199691772,-0.059873342514038086,0.5529237985610962,0.46312713623046875,-0.08970203995704651,0.5696531534194946,0.4060915410518646,-0.10781192779541016,0.5764530897140503,0.3584558367729187,-0.1216934472322464,0.4933718740940094,0.5413219928741455,-0.06164408102631569,0.5134370923042297,0.5233162045478821,-0.12079976499080658,0.5166773200035095,0.5937556028366089,-0.1387145221233368,0.5162539482116699,0.6438800096511841,-0.136691614985466,0.4529027044773102,0.5338079333305359,-0.06810466200113297,0.46080005168914795,0.4676363170146942,-0.10330764949321747,0.4705491364002228,0.41655489802360535,-0.11164163798093796,0.47982174158096313,0.36155080795288086,-0.11295705288648605,0.4109017252922058,0.542872428894043,-0.07888065278530121,0.39566531777381897,0.48044562339782715,-0.09592559933662415,0.3838857412338257,0.442909836769104,-0.09609624743461609,0.3747883141040802,0.39891695976257324,-0.09514033794403076
0.44989827275276184,0.7104600667953491,2.5742511411408486e-07,0.4949040114879608,0.7140068411827087,-0.04017370194196701,0.5305808782577515,0.6991746425628662,-0.07467319071292877,0.5541532039642334,0.6893712282180786,-0.10634864121675491,0.5603970289230347,0.6601650714874268,-0.13588768243789673,0.5481935739517212,0.5548787117004395,-0.05502951517701149,0.5675653219223022,0.4584978222846985,-0.08403722941875458,0.5836083889007568,0.40066733956336975,-0.1018783301115036,0.5894554257392883,0.3509461581707001,-0.11567406356334686,0.5065122246742249,0.5375153422355652,-0.05828753113746643,0.5269876718521118,0.5141004323959351,-0.1153784766793251,0.5306859612464905,0.585026741027832,-0.13287575542926788,0.5302877426147461,0.6361829042434692,-0.13119371235370636,0.46450066566467285,0.5304722785949707,-0.06583724915981293,0.4744628667831421,0.4625166058540344,-0.10007468611001968,0.48538896441459656,0.41208094358444214,-0.10797172784805298,0.49534547328948975,0.35673871636390686,-0.10935920476913452,0.42111799120903015,0.5400373339653015,-0.07714667171239853,0.40494227409362793,0.47610169649124146,-0.09482033550739288,0.3918161690235138,0.4399522840976715,-0.09495838731527328,0.38187554478645325,0.3957826495170593,-0.09372127056121826
0.44386225938796997,0.7118958830833435,4.097566375094175e-07,0.4891510009765625,0.7134860157966614,-0.043328676372766495,0.5242289304733276,0.6968443393707275,-0.08006565272808075,0.5500379800796509,0.6853509545326233,-0.11432091891765594,0.5570681095123291,0.6525725722312927,-0.14680127799510956,0.5370374321937561,0.5528029799461365,-0.057631880044937134,0.5585074424743652,0.4576455354690552,-0.08551447838544846,0.5770691633224487,0.401073694229126,-0.10110574960708618,0.5822852253913879,0.35538023710250854,-0.11315613985061646,0.4965420961380005,0.5389061570167542,-0.06098926067352295,0.5194942951202393,0.5135934352874756,-0.11634252220392227,0.5283328294754028,0.5804258584976196,-0.13316582143306732,0.5291655659675598,0.6284434199333191,-0.13157719373703003,0.45594748854637146,0.5342013835906982,-0.06898336112499237,0.4569556415081024,0.46458712220191956,-0.10248201340436935,0.4591977894306183,0.41016387939453125,-0.11170065402984619,0.45971664786338806,0.35376042127609253,-0.11475155502557755,0.41447532176971436,0.5473209619522095,-0.08125066757202148,0.3952814042568207,0.4842340648174286,-0.0986548438668251,0.37973442673683167,0.4474254846572876,-0.10053080320358276,0.3651896119117737,0.4054538607597351,-0.10142545402050018
0.440279096364975,0.7142519950866699,4.5184305008660886e-07,0.4850430190563202,0.717151403427124,-0.04379617050290108,0.519696056842804,0.7004073262214661,-0.0807916671037674,0.5451263785362244,0.6889446973800659,-0.11509112268686295,0.5518045425415039,0.6578832864761353,-0.1475798636674881,0.5320027470588684,0.5602837800979614,-0.060563504695892334,0.5602139830589294,0.4682954251766205,-0.08942952007055283,0.5828648805618286,0.41510194540023804,-0.10532759875059128,0.5930414199829102,0.3714711666107178,-0.11768531799316406,0.49255064129829407,0.5455341935157776,-0.06413725018501282,0.5178143382072449,0.5191627740859985,-0.1210101991891861,0.5274385213851929,0.5845767855644226,-0.13840822875499725,0.5287227630615234,0.6320514678955078,-0.1370224505662918,0.45291924476623535,0.5416120886802673,-0.07217985391616821,0.45171475410461426,0.47227197885513306,-0.10738685727119446,0.45237621665000916,0.41659101843833923,-0.11781059950590134,0.45161351561546326,0.35873040556907654,-0.12155123800039291,0.4126371443271637,0.5555877089500427,-0.08439473807811737,0.3913445770740509,0.4945249855518341,-0.10316167026758194,0.3724901080131531,0.45897138118743896,-0.1061394214630127,0.3552107512950897,0.4169798493385315,-0.1078714057803154
0.43476319313049316,0.7142924666404724,3.800153081101598e-07,0.4784504473209381,0.7161251902580261,-0.041451796889305115,0.5128539204597473,0.6991851329803467,-0.077797070145607,0.5389190912246704,0.6887087821960449,-0.11171175539493561,0.5429470539093018,0.6584336161613464,-0.14404605329036713,0.5206762552261353,0.5604813694953918,-0.057521697133779526,0.5454074144363403,0.47131073474884033,-0.08449628949165344,0.5655233263969421,0.4188820421695709,-0.09981700778007507,0.5745458602905273,0.3774152398109436,-0.11155801266431808,0.4836180806159973,0.5476610660552979,-0.060765884816646576,0.5095362663269043,0.5314128398895264,-0.11465080082416534,0.5186884999275208,0.5955154299736023,-0.13040238618850708,0.5209972858428955,0.6414916515350342,-0.12816061079502106,0.4456551969051361,0.5436044335365295,-0.06827139109373093,0.4512381851673126,0.4788917303085327,-0.1009841188788414,0.4570348560810089,0.4256932735443115,-0.10964696109294891,0.46168985962867737,0.3708736002445221,-0.1122526153922081,0.40695920586586,0.5572507381439209,-0.07966523617506027,0.3864300549030304,0.4992224872112274,-0.09627756476402283,0.3695908486843109,0.46540331840515137,-0.09725087881088257,0.3546511232852936,0.4270920753479004,-0.09745278209447861
0.4028504192829132,0.7400484085083008,2.2478732830677473e-07,0.4444204568862915,0.732694685459137,-0.029112204909324646,0.47820529341697693,0.7109593152999878,-0.056346163153648376,0.5012896656990051,0.6978489756584167,-0.0830095037817955,0.5083526372909546,0.6723735332489014,-0.10783331096172333,0.47993332147598267,0.5861576199531555,-0.04144566133618355,0.4974786639213562,0.4894840717315674,-0.06646104156970978,0.5095587372779846,0.4343903064727783,-0.08087679743766785,0.5131021738052368,0.3873654007911682,-0.09120597690343857,0.44640490412712097,0.5785931944847107,-0.04721157252788544,0.46960940957069397,0.5451480746269226,-0.09558325260877609,0.48271360993385315,0.5963475108146667,-0.11028127372264862,0.48763519525527954,0.6371079683303833,-0.10845938324928284,0.4125247001647949,0.5772613883018494,-0.05639836564660072,0.42389535903930664,0.5073603987693787,-0.08561695367097855,0.43480610847473145,0.46094295382499695,-0.0914623960852623,0.44293826818466187,0.4150574803352356,-0.09121117740869522,0.3777729272842407,0.5879390835762024,-0.06857969611883163,0.3672593832015991,0.5250580906867981,-0.08324439078569412,0.3599989414215088,0.48746392130851746,-0.08278928697109222,0.35303449630737305,0.446478009223938,-0.08077267557382584
0.36709657311439514,0.7489455938339233,1.776589186874844e-07,0.40748608112335205,0.7391341924667358,-0.026815423741936684,0.4397721588611603,0.7118508815765381,-0.04989137873053551,0.45840901136398315,0.6962350606918335,-0.07211564481258392,0.4648353159427643,0.6698737740516663,-0.09252946823835373,0.44055312871932983,0.5886244177818298,-0.036014873534440994,0.45315515995025635,0.4957526922225952,-0.05911116302013397,0.46293359994888306,0.44411158561706543,-0.07210610806941986,0.46610552072525024,0.39775651693344116,-0.08166705071926117,0.40640416741371155,0.582944393157959,-0.042134467512369156,0.42394205927848816,0.5463566780090332,-0.08707126975059509,0.43615221977233887,0.59896320104599,-0.10172960162162781,0.4400424361228943,0.6412981152534485,-0.1011519581079483,0.3705586791038513,0.5862030982971191,-0.05171680077910423,0.37662473320961,0.5186357498168945,-0.08011163771152496,0.37998858094215393,0.47333747148513794,-0.08844141662120819,0.3803711533546448,0.4279567003250122,-0.09039950370788574,0.33317071199417114,0.601246178150177,-0.06382100284099579,0.3244801163673401,0.5398725271224976,-0.07828865200281143,0.3185691833496094,0.5032339096069336,-0.07954751700162888,0.31183764338493347,0.4625128209590912,-0.07947500795125961
0.3328023850917816,0.7335697412490845,2.123219076111127e-07,0.3734934329986572,0.7182594537734985,-0.023781949654221535,0.4050884246826172,0.6875510215759277,-0.04358009621500969,0.4213135242462158,0.6684780716896057,-0.06262224912643433,0.41933953762054443,0.6404500007629395,-0.08005159348249435,0.4012310206890106,0.5679078102111816,-0.02985922433435917,0.41614285111427307,0.47958827018737793,-0.050711844116449356,0.4267614185810089,0.42931878566741943,-0.06264768540859222,0.43141821026802063,0.38367584347724915,-0.07126135379076004,0.3663942515850067,0.5633864998817444,-0.03518597036600113,0.38166293501853943,0.5189377069473267,-0.07587999850511551,0.3908925950527191,0.5690146088600159,-0.08882509917020798,0.3934862017631531,0.6123329401016235,-0.08745960146188736,0.33002969622612,0.567399263381958,-0.04376951605081558,0.32990339398384094,0.49969393014907837,-0.06844499707221985,0.3270540237426758,0.4539962112903595,-0.07544248551130295,0.32236242294311523,0.40981030464172363,-0.07677479088306427,0.29287588596343994,0.582822859287262,-0.0546305812895298,0.2835543155670166,0.5242443084716797,-0.06539714336395264,0.2769346237182617,0.4899812340736389,-0.06515999138355255,0.2698613405227661,0.4520781636238098,-0.06440261751413345
0.2855931222438812,0.708554208278656,1.7028658305662248e-07,0.32247817516326904,0.6929104328155518,-0.02751992642879486,0.34938251972198486,0.6526061296463013,-0.044540662318468094,0.35856738686561584,0.6219809651374817,-0.05938751623034477,0.34615281224250793,0.5959435701370239,-0.07227158546447754,0.3521620035171509,0.5416005253791809,-0.028174227103590965,0.37308889627456665,0.46004074811935425,-0.04717929661273956,0.38636305928230286,0.41049498319625854,-0.057666584849357605,0.3926180303096771,0.3654293417930603,-0.06563923507928848,0.3169414699077606,0.537510335445404,-0.030039280652999878,0.3200574815273285,0.48711004853248596,-0.06838477402925491,0.32363006472587585,0.5328531861305237,-0.080112524330616,0.3255373537540436,0.5735876560211182,-0.07797721028327942,0.2824295163154602,0.5434662699699402,-0.035630594938993454,0.27367690205574036,0.48120981454849243,-0.0600564107298851,0.2679124176502228,0.43662500381469727,-0.067879319190979,0.26241883635520935,0.39181652665138245,-0.06938590854406357,0.24989177286624908,0.5603281259536743,-0.04396926984190941,0.23727628588676453,0.5022585988044739,-0.05581487715244293,0.22803758084774017,0.4669075310230255,-0.05807226151227951,0.21966451406478882,0.4256155788898468,-0.05889925733208656
0.24395716190338135,0.691811203956604,1.8748586683159374e-07,0.2790178060531616,0.6786508560180664,-0.03643009439110756,0.30011090636253357,0.6329490542411804,-0.055895913392305374,0.29677513241767883,0.5987469553947449,-0.07135490328073502,0.27972614765167236,0.5672243237495422,-0.08476519584655762,0.30973541736602783,0.521937906742096,-0.0334199033677578,0.3296769857406616,0.44101065397262573,-0.05282347649335861,0.3429754376411438,0.389839231967926,-0.06442927569150925,0.35037922859191895,0.3440658748149872,-0.07348348200321198,0.273197203874588,0.5192420482635498,-0.030562667176127434,0.26956436038017273,0.4674578607082367,-0.07054080069065094,0.26948755979537964,0.5159059762954712,-0.08374638110399246,0.2728414237499237,0.5576623678207397,-0.08193734288215637,0.2387734204530716,0.5266888737678528,-0.03207383677363396,0.22817546129226685,0.4669331908226013,-0.05681236833333969,0.2208842933177948,0.42605841159820557,-0.06476984918117523,0.21460363268852234,0.3812432289123535,-0.0659639909863472,0.2091916799545288,0.5455187559127808,-0.037225861102342606,0.20221742987632751,0.48751044273376465,-0.04946696013212204,0.19600257277488708,0.45333072543144226,-0.05222645401954651,0.18983899056911469,0.4106227159500122,-0.053205713629722595
0.21765629947185516,0.6911853551864624,1.0738571631918603e-07,0.25613105297088623,0.678754448890686,-0.03556725010275841,0.2759459912776947,0.6264508962631226,-0.05292823538184166,0.27068012952804565,0.5853217840194702,-0.06595144420862198,0.2597537040710449,0.5473549365997314,-0.07645083218812943,0.2909775376319885,0.5171799063682556,-0.02827770821750164,0.31528419256210327,0.4386187791824341,-0.048277270048856735,0.3293907642364502,0.38898834586143494,-0.06144440174102783,0.33844366669654846,0.3447988033294678,-0.07152273505926132,0.2547633647918701,0.5110065340995789,-0.025757810100913048,0.24995684623718262,0.4519693851470947,-0.06777813285589218,0.24545691907405853,0.5021026730537415,-0.08232472091913223,0.24605415761470795,0.5486799478530884,-0.08007115870714188,0.22025294601917267,0.5154720544815063,-0.028180597350001335,0.21260960400104523,0.4448446035385132,-0.05538590997457504,0.20875900983810425,0.39699870347976685,-0.06648954749107361,0.20669879019260406,0.34589362144470215,-0.06879990547895432,0.19179168343544006,0.5339133143424988,-0.03375975042581558,0.18568885326385498,0.4758766293525696,-0.046639636158943176,0.18347914516925812,0.4400511682033539,-0.05040428414940834,0.18178951740264893,0.3961743712425232,-0.05208194628357887
0.21452440321445465,0.6917022466659546,1.2496511203607952e-07,0.2553296983242035,0.6793981790542603,-0.031005434691905975,0.2808864116668701,0.6255461573600769,-0.04705074429512024,0.2795833349227905,0.5802224278450012,-0.060330621898174286,0.2653796970844269,0.5432960391044617,-0.07142247259616852,0.29573193192481995,0.5175517201423645,-0.019650716334581375,0.3227468430995941,0.4407373368740082,-0.03852108493447304,0.3389131724834442,0.3931770920753479,-0.05131649225950241,0.34987056255340576,0.3517240285873413,-0.06115470454096794,0.2586982250213623,0.5081561803817749,-0.019571859389543533,0.2566794455051422,0.44936007261276245,-0.06101082265377045,0.25243693590164185,0.4968385398387909,-0.07513859122991562,0.25262439250946045,0.5428916215896606,-0.07219381630420685,0.22266897559165955,0.510904848575592,-0.024410957470536232,0.21804417669773102,0.44016730785369873,-0.050432704389095306,0.21863338351249695,0.38868027925491333,-0.059971340000629425,0.2208513766527176,0.33536332845687866,-0.06122402474284172,0.1916903555393219,0.5296074748039246,-0.03226478397846222,0.1867988258600235,0.4739454686641693,-0.04332040622830391,0.1852208971977234,0.43906280398368835,-0.04490134119987488,0.18422457575798035,0.3972954750061035,-0.04502793774008751
0.21536433696746826,0.6935988664627075,1.4968165373829834e-07,0.2558457851409912,0.678320586681366,-0.030853640288114548,0.2791495621204376,0.6288374066352844,-0.04751303046941757,0.27866849303245544,0.58868008852005,-0.0609479583799839,0.2655642032623291,0.5556506514549255,-0.07211019098758698,0.29360783100128174,0.5177082419395447,-0.026576198637485504,0.321041077375412,0.44267427921295166,-0.045388031750917435,0.33809149265289307,0.39523205161094666,-0.05619009956717491,0.3495714068412781,0.35320258140563965,-0.06515542417764664,0.25477084517478943,0.5063977837562561,-0.027631284669041634,0.25641298294067383,0.4493482708930969,-0.07053621858358383,0.2537137567996979,0.4999812841415405,-0.0829591229557991,0.25224363803863525,0.5474347472190857,-0.0781719759106636,0.21595418453216553,0.5113786458969116,-0.03324475511908531,0.20734815299510956,0.43893668055534363,-0.06326214224100113,0.1998448669910431,0.38441064953804016,-0.07647272199392319,0.19383776187896729,0.32710742950439453,-0.07994262874126434,0.1819363236427307,0.5342140793800354,-0.041254475712776184,0.15736880898475647,0.48463600873947144,-0.059461627155542374,0.14039194583892822,0.45673972368240356,-0.06605173647403717,0.12511509656906128,0.4197738766670227,-0.06881403923034668
0.2160700559616089,0.692096471786499,1.5328112112911185e-07,0.2546272277832031,0.6762335896492004,-0.027317730709910393,0.27492257952690125,0.6344935894012451,-0.04565291479229927,0.27373039722442627,0.5988768935203552,-0.061466678977012634,0.263727605342865,0.5656757950782776,-0.07513691484928131,0.2900962829589844,0.5152171850204468,-0.02970808930695057,0.3186851441860199,0.4398716688156128,-0.04944808408617973,0.3379475772380829,0.3918651342391968,-0.05926206707954407,0.34970569610595703,0.351016104221344,-0.06699581444263458,0.2499004751443863,0.5052187442779541,-0.03182362765073776,0.252048522233963,0.456827849149704,-0.07347889989614487,0.2507851719856262,0.5132182836532593,-0.08298297971487045,0.2498287707567215,0.558032214641571,-0.07703249156475067,0.21045958995819092,0.5110920667648315,-0.03798293694853783,0.20078839361667633,0.44127798080444336,-0.06817793846130371,0.19132313132286072,0.3886139392852783,-0.07894617319107056,0.18189409375190735,0.33093732595443726,-0.08128909766674042,0.1749533712863922,0.5339521169662476,-0.045871444046497345,0.14613595604896545,0.48489880561828613,-0.06469115614891052,0.12536993622779846,0.4612029194831848,-0.0694531723856926,0.1056375727057457,0.42703041434288025,-0.07073920965194702
0.22617381811141968,0.6910903453826904,2.5814938453549985e-07,0.2631251811981201,0.6767593622207642,-0.031610988080501556,0.28417128324508667,0.64190673828125,-0.05540691688656807,0.2897442877292633,0.6183302402496338,-0.07634997367858887,0.27798992395401,0.5925601124763489,-0.09499601274728775,0.2965797781944275,0.5193938612937927,-0.038858912885189056,0.32581445574760437,0.4456748366355896,-0.06174306198954582,0.34596285223960876,0.3960387110710144,-0.07382114976644516,0.35678213834762573,0.3556596040725708,-0.08303717523813248,0.2558920085430145,0.5097925066947937,-0.040662117302417755,0.2612191140651703,0.4681125283241272,-0.08645344525575638,0.2636761963367462,0.5278174877166748,-0.09757068008184433,0.26433902978897095,0.5747317671775818,-0.0922807827591896,0.21596170961856842,0.5139309763908386,-0.04670793563127518,0.2043188512325287,0.4452468752861023,-0.07920894771814346,0.1961051970720291,0.3931507468223572,-0.09116755425930023,0.18745073676109314,0.33669862151145935,-0.09434419870376587,0.18092286586761475,0.5353478789329529,-0.054820653051137924,0.15037591755390167,0.48789358139038086,-0.0743723213672638,0.12837699055671692,0.46389254927635193,-0.07935503870248795,0.1077515184879303,0.42919111251831055,-0.0810495913028717
0.24730998277664185,0.6947728395462036,3.0028499509171525e-07,0.28516656160354614,0.6807209849357605,-0.03147994354367256,0.30866575241088867,0.6494162082672119,-0.05575454980134964,0.31786012649536133,0.6269146203994751,-0.07719200104475021,0.30355215072631836,0.6030009388923645,-0.09660513699054718,0.315585196018219,0.5244208574295044,-0.04171401634812355,0.34295547008514404,0.44859445095062256,-0.06528057903051376,0.3623327910900116,0.39903151988983154,-0.07804602384567261,0.3725246787071228,0.3572230935096741,-0.08791928738355637,0.2740515172481537,0.5160750150680542,-0.04384346678853035,0.2810631990432739,0.47227776050567627,-0.08902924507856369,0.28690874576568604,0.5279884934425354,-0.10112547129392624,0.2894779443740845,0.5736033916473389,-0.09757309406995773,0.2337176501750946,0.5222296714782715,-0.049845729023218155,0.2205238789319992,0.4538637399673462,-0.08234535902738571,0.2104816436767578,0.40288421511650085,-0.09496134519577026,0.2002089023590088,0.34846121072769165,-0.09915320575237274,0.1986200511455536,0.5450822710990906,-0.057845957577228546,0.16744419932365417,0.49872419238090515,-0.07769012451171875,0.14265583455562592,0.4769018590450287,-0.08307043462991714,0.11943167448043823,0.4441663324832916,-0.08544830232858658
0.2701685130596161,0.7021687030792236,3.202396783308359e-07,0.30653274059295654,0.6850290298461914,-0.033783674240112305,0.33183446526527405,0.656883716583252,-0.06211789324879646,0.3456043601036072,0.6355047225952148,-0.0885118767619133,0.3329211175441742,0.6116234064102173,-0.11290716379880905,0.3340817093849182,0.530114471912384,-0.04064760357141495,0.34991076588630676,0.44724106788635254,-0.06268535554409027,0.36256563663482666,0.39316511154174805,-0.07407162338495255,0.3663576543331146,0.35015594959259033,-0.08353067934513092,0.2945813536643982,0.526368260383606,-0.0439583845436573,0.30591005086898804,0.47998085618019104,-0.09072684496641159,0.31641924381256104,0.533539354801178,-0.10411437600851059,0.3223586678504944,0.5779724717140198,-0.10082391649484634,0.2568637728691101,0.5324295163154602,-0.05145948752760887,0.24618305265903473,0.4654328227043152,-0.08222401142120361,0.2406967580318451,0.41154757142066956,-0.09424537420272827,0.23442238569259644,0.35624581575393677,-0.09860630333423615,0.2229158878326416,0.5537033081054688,-0.06187109649181366,0.19078564643859863,0.5058016777038574,-0.07972648739814758,0.16630029678344727,0.48079773783683777,-0.0852135419845581,0.1437499076128006,0.44740384817123413,-0.08833327144384384
0.28625452518463135,0.7151035070419312,2.2177539449330652e-07,0.32541677355766296,0.6996941566467285,-0.031150557100772858,0.354375422000885,0.6707782745361328,-0.05934777855873108,0.3715367913246155,0.6476185321807861,-0.08624565601348877,0.3545626103878021,0.6252923607826233,-0.11111606657505035,0.3523920774459839,0.5408578515052795,-0.03917605057358742,0.35783064365386963,0.45401322841644287,-0.06264173239469528,0.36552879214286804,0.39797404408454895,-0.07564686983823776,0.36380836367607117,0.3546808958053589,-0.08567104488611221,0.3146301209926605,0.5374811291694641,-0.044372573494911194,0.32901060581207275,0.5012791156768799,-0.09367843717336655,0.3400406539440155,0.5615258812904358,-0.1067921444773674,0.3445788621902466,0.6062848567962646,-0.1023523285984993,0.27778932452201843,0.5432964563369751,-0.053663045167922974,0.27243712544441223,0.47898226976394653,-0.08583025634288788,0.2712984085083008,0.4258267283439636,-0.09636778384447098,0.2681954503059387,0.3704880475997925,-0.09899711608886719,0.24259360134601593,0.5630882978439331,-0.06567355990409851,0.21340864896774292,0.510801374912262,-0.08233791589736938,0.19253669679164886,0.4824146330356598,-0.08515340089797974,0.17367792129516602,0.4467179477214813,-0.0861855149269104
0.2894468605518341,0.716372013092041,9.813235379851903e-08,0.33053943514823914,0.702910304069519,-0.02802012860774994,0.3612195551395416,0.6764438152313232,-0.05402018502354622,0.3768719434738159,0.6585452556610107,-0.07869125157594681,0.3632223308086395,0.6301369071006775,-0.10205739736557007,0.3586727976799011,0.5513955354690552,-0.041942257434129715,0.3563588559627533,0.45512211322784424,-0.0688600167632103,0.3561217784881592,0.3999003767967224,-0.08544851839542389,0.3489395081996918,0.35284826159477234,-0.09682357311248779,0.3247116804122925,0.5508261919021606,-0.046785492449998856,0.34113460779190063,0.5136861801147461,-0.09866142272949219,0.34953662753105164,0.5728955268859863,-0.11380501836538315,0.35236993432044983,0.6139737963676453,-0.11089889705181122,0.2896568477153778,0.5555660724639893,-0.054823629558086395,0.29725539684295654,0.4891948997974396,-0.08651146292686462,0.30570974946022034,0.4450189173221588,-0.09246271848678589,0.31094232201576233,0.39671093225479126,-0.09092464298009872,0.2555413842201233,0.5682913661003113,-0.06535934656858444,0.24873089790344238,0.5049861073493958,-0.08058244735002518,0.2436838448047638,0.46753162145614624,-0.07914606481790543,0.23831510543823242,0.4225914478302002,-0.07583997398614883
0.28418371081352234,0.7183882594108582,9.68698756764752e-08,0.32398533821105957,0.7021663188934326,-0.025330176576972008,0.35416150093078613,0.6716021299362183,-0.04815543815493584,0.37001797556877136,0.6496700644493103,-0.06988470256328583,0.3570551574230194,0.6209688186645508,-0.08969487249851227,0.35245704650878906,0.5536050200462341,-0.036201030015945435,0.35206347703933716,0.4566135108470917,-0.06139674782752991,0.35257235169410706,0.40051180124282837,-0.07664608210325241,0.34707391262054443,0.3527721166610718,-0.08726794272661209,0.31810805201530457,0.5505390167236328,-0.04203829914331436,0.333429753780365,0.5046914219856262,-0.09049047529697418,0.34229904413223267,0.5593498945236206,-0.10553941130638123,0.34551554918289185,0.6023961901664734,-0.10360309481620789,0.28313449025154114,0.5534465909004211,-0.05106811597943306,0.2881350815296173,0.4873422384262085,-0.08125293999910355,0.2959061563014984,0.44378483295440674,-0.08896715939044952,0.30150485038757324,0.39882397651672363,-0.08936820924282074,0.2485894113779068,0.5650962591171265,-0.0624113492667675,0.23781880736351013,0.5023369193077087,-0.07620150595903397,0.23073244094848633,0.46499836444854736,-0.07587651908397675,0.22433026134967804,0.4216039776802063,-0.07435885071754456
0.2828614413738251,0.716168999671936,2.672089465249883e-07,0.31974005699157715,0.7004406452178955,-0.02983732521533966,0.34721311926841736,0.6716994047164917,-0.053915586322546005,0.3631003499031067,0.6482807397842407,-0.07625777274370193,0.3536240756511688,0.6181861758232117,-0.0962073877453804,0.34988662600517273,0.54585200548172,-0.0371636338531971,0.3694046139717102,0.46209990978240967,-0.05928069353103638,0.38207462430000305,0.4087081253528595,-0.07086017727851868,0.38546931743621826,0.36452651023864746,-0.07987821102142334,0.31097573041915894,0.5415529012680054,-0.04096205532550812,0.3230021595954895,0.4958702325820923,-0.08389250934123993,0.3322715759277344,0.5483765602111816,-0.09542343765497208,0.33688271045684814,0.5902868509292603,-0.09269409626722336,0.27340757846832275,0.5468913316726685,-0.04868398979306221,0.26492220163345337,0.4835944175720215,-0.07626236975193024,0.2572976350784302,0.4403838515281677,-0.08345150202512741,0.24892251193523407,0.3942679166793823,-0.08513534069061279,0.23786787688732147,0.5652824640274048,-0.05934076011180878,0.2114374339580536,0.5119422078132629,-0.07461199909448624,0.19134089350700378,0.4837687611579895,-0.07738231867551804,0.17335301637649536,0.4466180205345154,-0.07864796370267868
0.27567213773727417,0.7108515501022339,2.8786689654225484e-07,0.31279805302619934,0.6959612965583801,-0.030626732856035233,0.33956292271614075,0.665063738822937,-0.05462959408760071,0.3544110357761383,0.641681432723999,-0.07655055075883865,0.3457379937171936,0.6123510599136353,-0.0959181860089302,0.3439485728740692,0.5399070978164673,-0.03609713539481163,0.3640010952949524,0.4565717875957489,-0.057576291263103485,0.3776633143424988,0.40537312626838684,-0.06899059563875198,0.38288378715515137,0.36202898621559143,-0.07807133346796036,0.303966224193573,0.533222496509552,-0.039475567638874054,0.3165615499019623,0.4852249026298523,-0.08364766091108322,0.3255090117454529,0.5382988452911377,-0.09595432877540588,0.3305054306983948,0.5816293954849243,-0.0926658883690834,0.26526448130607605,0.5370023250579834,-0.046956032514572144,0.2556857764720917,0.47028833627700806,-0.07542597502470016,0.2497742772102356,0.419483482837677,-0.08534826338291168,0.24356043338775635,0.36623746156692505,-0.08844854682683945,0.22941967844963074,0.5559533834457397,-0.05721474066376686,0.20259955525398254,0.5039012432098389,-0.07237979024648666,0.18243129551410675,0.4763130247592926,-0.07576489448547363,0.1642240285873413,0.439933180809021,-0.07750023901462555
0.2746352255344391,0.7074998021125793,3.1638441555514873e-07,0.3120536208152771,0.6914774179458618,-0.03242326155304909,0.33767038583755493,0.6588716506958008,-0.057539746165275574,0.3531820476055145,0.6351001262664795,-0.08046914637088776,0.34530124068260193,0.6082534790039062,-0.10068810731172562,0.3427225649356842,0.5343376994132996,-0.03680013492703438,0.3630038797855377,0.45290595293045044,-0.058891698718070984,0.37656646966934204,0.4013913869857788,-0.0706482082605362,0.382144033908844,0.3586626648902893,-0.0799155905842781,0.30381596088409424,0.5265591144561768,-0.03964793682098389,0.31791412830352783,0.4792894721031189,-0.08438404649496078,0.3270830810070038,0.5314721465110779,-0.09669152647256851,0.3319879174232483,0.5745131969451904,-0.09290756285190582,0.2653149664402008,0.5292458534240723,-0.046901799738407135,0.25534939765930176,0.45907050371170044,-0.07627709954977036,0.24870900809764862,0.405956506729126,-0.08742063492536545,0.24219515919685364,0.35131463408470154,-0.09097890555858612,0.22952106595039368,0.5480799674987793,-0.057044655084609985,0.20278514921665192,0.49749672412872314,-0.07290475815534592,0.18248946964740753,0.4700218737125397,-0.07721246033906937,0.16394883394241333,0.4347802698612213,-0.07945939153432846
0.2739374339580536,0.7063578963279724,3.2636467039992567e-07,0.31227949261665344,0.6913381814956665,-0.032011646777391434,0.33851173520088196,0.6600027680397034,-0.0573887936770916,0.3545730412006378,0.636271595954895,-0.0807865560054779,0.3463980555534363,0.6096019148826599,-0.10170823335647583,0.34380120038986206,0.5333265066146851,-0.036117635667324066,0.3679943382740021,0.45400795340538025,-0.05823846533894539,0.3839800953865051,0.4032018184661865,-0.07045846432447433,0.3912234902381897,0.3611448407173157,-0.08022531121969223,0.304388165473938,0.5264051556587219,-0.03943884000182152,0.3178677558898926,0.4785902202129364,-0.08468681573867798,0.3259495496749878,0.5320873856544495,-0.09780953079462051,0.330417275428772,0.5765566825866699,-0.09466800838708878,0.2658105194568634,0.5296154022216797,-0.04705728963017464,0.25679144263267517,0.4600750207901001,-0.07589998096227646,0.25169792771339417,0.40783295035362244,-0.08657032251358032,0.24673356115818024,0.35353657603263855,-0.08999712020158768,0.2299678921699524,0.5489107370376587,-0.05763748288154602,0.20390155911445618,0.49666884541511536,-0.07285565137863159,0.18454396724700928,0.46783706545829773,-0.07669594883918762,0.16737911105155945,0.4310005307197571,-0.07875502109527588
0.27092453837394714,0.7031272053718567,3.2205258548856364e-07,0.3087608814239502,0.69026780128479,-0.03160276636481285,0.3354606032371521,0.6575663685798645,-0.055164385586977005,0.3491096794605255,0.633269727230072,-0.07657745480537415,0.3427044153213501,0.6064878702163696,-0.09564159065485,0.34469714760780334,0.532926619052887,-0.03453259542584419,0.3762966990470886,0.4602867364883423,-0.05619330331683159,0.39737239480018616,0.4143327474594116,-0.06851169466972351,0.4094170928001404,0.37298792600631714,-0.07852235436439514,0.30469822883605957,0.5231779217720032,-0.03746189922094345,0.31442511081695557,0.47830358147621155,-0.08198940753936768,0.3205115795135498,0.5328935384750366,-0.09531781822443008,0.32407236099243164,0.5770698189735413,-0.0926935225725174,0.2648589611053467,0.5252968668937683,-0.04472508281469345,0.25507426261901855,0.45684921741485596,-0.07438365370035172,0.24983897805213928,0.40407246351242065,-0.08556041866540909,0.24523428082466125,0.3482605218887329,-0.08911934494972229,0.22817853093147278,0.5446699261665344,-0.05474557727575302,0.20317786931991577,0.49023327231407166,-0.07120776176452637,0.18385913968086243,0.46200084686279297,-0.07518075406551361,0.16655711829662323,0.42518293857574463,-0.07702670991420746
0.2693835198879242,0.707975447177887,3.006675797223579e-07,0.30812445282936096,0.6930970549583435,-0.02936677075922489,0.33557045459747314,0.657637894153595,-0.05046684294939041,0.34927085041999817,0.6290376782417297,-0.06965208798646927,0.3408844470977783,0.5995115637779236,-0.08693643659353256,0.341995507478714,0.537623405456543,-0.03168737515807152,0.37956535816192627,0.469245970249176,-0.05283825844526291,0.40369927883148193,0.42535409331321716,-0.06518252938985825,0.4182964861392975,0.38622230291366577,-0.0750691220164299,0.3018823266029358,0.528735339641571,-0.03458882495760918,0.3039399981498718,0.4793033003807068,-0.07655550539493561,0.3094021677970886,0.5268771648406982,-0.08973526954650879,0.314805269241333,0.5680925846099854,-0.08804053068161011,0.2625052034854889,0.5318180322647095,-0.04157088324427605,0.2504896819591522,0.46419867873191833,-0.06925404816865921,0.24336645007133484,0.4127705693244934,-0.07980475574731827,0.23822680115699768,0.36061882972717285,-0.08338184654712677,0.2276587039232254,0.5521277189254761,-0.051285188645124435,0.20126211643218994,0.4986220598220825,-0.06741568446159363,0.18145465850830078,0.4702451825141907,-0.07220739871263504,0.1646539717912674,0.4339069128036499,-0.07458110898733139
0.29377657175064087,0.710298478603363,2.3448676245152456e-07,0.33586621284484863,0.694598376750946,-0.02550370804965496,0.3659738600254059,0.6555540561676025,-0.043066367506980896,0.3796495199203491,0.6205335855484009,-0.05918498709797859,0.36869919300079346,0.5940111875534058,-0.07401451468467712,0.3689621388912201,0.5386120080947876,-0.02762923762202263,0.3995618522167206,0.4674704372882843,-0.04681100323796272,0.42011457681655884,0.4238075911998749,-0.057844869792461395,0.43356072902679443,0.38412606716156006,-0.06693729013204575,0.3302702307701111,0.5305694937705994,-0.03146344795823097,0.33174189925193787,0.4844569265842438,-0.07064895331859589,0.33745697140693665,0.5276665091514587,-0.08348728716373444,0.3425951600074768,0.5632750988006592,-0.08234582841396332,0.29101625084877014,0.5345430970191956,-0.03892732039093971,0.28049319982528687,0.4693675935268402,-0.06568710505962372,0.2743803858757019,0.41470393538475037,-0.07733353972434998,0.27002236247062683,0.3606305718421936,-0.08207397907972336,0.2543150782585144,0.5541052222251892,-0.048701949417591095,0.22800317406654358,0.5027463436126709,-0.06493869423866272,0.2093302607536316,0.4723021388053894,-0.07074593752622604,0.19367921352386475,0.4360694885253906,-0.07395239174365997
0.33618366718292236,0.7065038084983826,2.3474231625186803e-07,0.3816978335380554,0.6946113109588623,-0.026629609987139702,0.41231292486190796,0.6634515523910522,-0.04690705984830856,0.42870649695396423,0.6351251602172852,-0.06550152599811554,0.42390137910842896,0.6088259220123291,-0.08209341019392014,0.4098733067512512,0.5360225439071655,-0.03344641625881195,0.4328516125679016,0.45194244384765625,-0.055222589522600174,0.44840723276138306,0.4007049798965454,-0.06700481474399567,0.4555180072784424,0.3557354807853699,-0.07602158933877945,0.37168359756469727,0.5288860201835632,-0.03729689493775368,0.38192495703697205,0.48631417751312256,-0.0808526948094368,0.3922154903411865,0.5364381074905396,-0.09408499300479889,0.3984682261943817,0.5786187648773193,-0.09198065847158432,0.3334539532661438,0.5321915149688721,-0.044766198843717575,0.3280468285083771,0.4642017185688019,-0.07506340742111206,0.3278413414955139,0.4094461500644684,-0.08738819509744644,0.3269859254360199,0.35487228631973267,-0.09176234900951385,0.2956274747848511,0.5494803786277771,-0.05427565053105354,0.27076539397239685,0.49457651376724243,-0.07108849287033081,0.25273555517196655,0.4640779495239258,-0.07562299817800522,0.23710376024246216,0.42755740880966187,-0.07788245379924774
0.39752545952796936,0.7089515924453735,4.261842150299344e-07,0.440051406621933,0.6994810104370117,-0.03672020882368088,0.47399306297302246,0.6733862161636353,-0.0646003857254982,0.49374788999557495,0.6534332036972046,-0.08974991738796234,0.4865764379501343,0.6244640350341797,-0.11233716458082199,0.4662807285785675,0.5407465100288391,-0.0453849732875824,0.48843222856521606,0.4517084062099457,-0.06931968033313751,0.5051038265228271,0.400953084230423,-0.08232500404119492,0.5140122175216675,0.3546289801597595,-0.09241989254951477,0.428200364112854,0.5312842726707458,-0.04834166541695595,0.45158180594444275,0.4877188205718994,-0.09604663401842117,0.47061222791671753,0.5385279655456543,-0.11128593981266022,0.47830885648727417,0.586297869682312,-0.10958325862884521,0.38942086696624756,0.5346259474754333,-0.055691976100206375,0.38291361927986145,0.46485772728919983,-0.08752050250768661,0.3790295720100403,0.41059789061546326,-0.10141149908304214,0.37384289503097534,0.3568505644798279,-0.10669885575771332,0.3525122106075287,0.5537403225898743,-0.06613349914550781,0.3276137411594391,0.4972066581249237,-0.08287213742733002,0.30800896883010864,0.4653991460800171,-0.08821680396795273,0.28872305154800415,0.4283605217933655,-0.09168434888124466
0.4354735016822815,0.6952957510948181,3.6973315786781313e-07,0.47794273495674133,0.6915892362594604,-0.034523651003837585,0.513403594493866,0.6719199419021606,-0.06282466650009155,0.5361952781677246,0.6559966802597046,-0.0888872891664505,0.53765869140625,0.6255922317504883,-0.1132984384894371,0.5240993499755859,0.5297828912734985,-0.043994538486003876,0.5492050051689148,0.44651633501052856,-0.06841539591550827,0.5689054727554321,0.3986303210258484,-0.08438090980052948,0.5784810185432434,0.35528457164764404,-0.0973103940486908,0.48335397243499756,0.5155719518661499,-0.047785911709070206,0.5045424103736877,0.48095792531967163,-0.09675798565149307,0.517231822013855,0.5362210869789124,-0.11658570170402527,0.5202133655548096,0.5842775106430054,-0.11893586814403534,0.44111812114715576,0.5167028903961182,-0.055257152765989304,0.4402962028980255,0.449320912361145,-0.08754568547010422,0.43845516443252563,0.3940768241882324,-0.10353779792785645,0.4351034462451935,0.33840447664260864,-0.11109057068824768,0.39984339475631714,0.5375494956970215,-0.06532453000545502,0.3745756149291992,0.48428401350975037,-0.08415523171424866,0.35216182470321655,0.45378750562667847,-0.09045087546110153,0.3317359387874603,0.41575887799263,-0.09423292428255081
0.47258472442626953,0.6868842244148254,3.891589699378528e-07,0.5176429748535156,0.6812648773193359,-0.03356880322098732,0.5530422925949097,0.657052755355835,-0.06125080958008766,0.5807900428771973,0.6404927968978882,-0.08623519539833069,0.592555820941925,0.6156409978866577,-0.10889129340648651,0.559860110282898,0.5311303734779358,-0.046050816774368286,0.5907633900642395,0.4440690875053406,-0.07171279191970825,0.6114676594734192,0.3940315842628479,-0.08701713383197784,0.6218694448471069,0.34873074293136597,-0.09903937578201294,0.5219723582267761,0.5132889747619629,-0.0505748987197876,0.5555179715156555,0.4694141447544098,-0.10280616581439972,0.568520188331604,0.5255464911460876,-0.12113985419273376,0.5703014135360718,0.5782273411750793,-0.12034625560045242,0.4828570783138275,0.5086032152175903,-0.05870063602924347,0.4897427558898926,0.4325769245624542,-0.09427429735660553,0.49727094173431396,0.372205525636673,-0.1119348332285881,0.5011025071144104,0.313534677028656,-0.11923586577177048,0.4428136944770813,0.5206224918365479,-0.06896693259477615,0.42134183645248413,0.46103233098983765,-0.08808783441781998,0.4002707004547119,0.4269598722457886,-0.09432318061590195,0.38084229826927185,0.3872988224029541,-0.09808649122714996
0.4936538338661194,0.6877229809761047,3.7569535038528556e-07,0.535836935043335,0.6821168661117554,-0.033495932817459106,0.5718382000923157,0.6551803350448608,-0.06147509813308716,0.6038237810134888,0.6397901773452759,-0.08735798299312592,0.6187987327575684,0.6136016845703125,-0.11069877445697784,0.5767936110496521,0.5278003215789795,-0.041908808052539825,0.6052666306495667,0.4399884343147278,-0.06713500618934631,0.62697833776474,0.3900527060031891,-0.0830526277422905,0.6371821165084839,0.3454127609729767,-0.09584752470254898,0.543073296546936,0.5119014382362366,-0.048100877553224564,0.5789325833320618,0.47437527775764465,-0.10164755582809448,0.5951818227767944,0.5319947004318237,-0.12101129442453384,0.5989569425582886,0.5827324390411377,-0.12060784548521042,0.5068667531013489,0.5077899098396301,-0.058329641819000244,0.5146061778068542,0.43429362773895264,-0.09485907107591629,0.5241004228591919,0.3721544146537781,-0.11204072833061218,0.5297282338142395,0.31158801913261414,-0.11884396523237228,0.46852344274520874,0.5210571885108948,-0.07099924981594086,0.4457061290740967,0.4598654806613922,-0.09113003313541412,0.42440909147262573,0.422940731048584,-0.09700078517198563,0.4043245315551758,0.38214582204818726,-0.1003284752368927
0.4919385612010956,0.6999475955963135,4.089765752723906e-07,0.5347779989242554,0.6956632137298584,-0.033438485115766525,0.5739802122116089,0.6701207756996155,-0.062159452587366104,0.6090479493141174,0.6534122824668884,-0.08961628377437592,0.6175844669342041,0.618462324142456,-0.11463155597448349,0.5771169662475586,0.5391885042190552,-0.03737263008952141,0.6062859892845154,0.45520246028900146,-0.06033284217119217,0.6280533075332642,0.40704941749572754,-0.07479332387447357,0.6374249458312988,0.3660416007041931,-0.08675336837768555,0.5441884398460388,0.5244290232658386,-0.04436434432864189,0.5833839178085327,0.48899269104003906,-0.09683698415756226,0.5996783375740051,0.5484786629676819,-0.11592086404561996,0.6030614972114563,0.5983819961547852,-0.1148531436920166,0.5094185471534729,0.5203858017921448,-0.05556844547390938,0.5194827914237976,0.44621413946151733,-0.09017930179834366,0.5301975011825562,0.3837876319885254,-0.10610932856798172,0.5359255075454712,0.32277804613113403,-0.11230701953172684,0.4720146954059601,0.5332663059234619,-0.06954587250947952,0.44949960708618164,0.47189003229141235,-0.08854450285434723,0.4282703697681427,0.4344763159751892,-0.09388268738985062,0.40815412998199463,0.39365577697753906,-0.09693007916212082
0.4945887625217438,0.7038519978523254,3.838555358015583e-07,0.5383499264717102,0.7033143639564514,-0.033090587705373764,0.5794004797935486,0.6799737215042114,-0.0610014908015728,0.61496502161026,0.6641599535942078,-0.08754052966833115,0.6235603094100952,0.6293502449989319,-0.11169857531785965,0.5887775421142578,0.5495507121086121,-0.035253603011369705,0.6199053525924683,0.47017523646354675,-0.058068495243787766,0.6424702405929565,0.4241759181022644,-0.07311157882213593,0.6525670886039734,0.3840406835079193,-0.08547087013721466,0.5561060309410095,0.5305507183074951,-0.041977908462285995,0.5956919193267822,0.4953784644603729,-0.09402064979076385,0.6087021231651306,0.5557431578636169,-0.11331441253423691,0.6102168560028076,0.6072006821632385,-0.11216738075017929,0.5201261043548584,0.5224602222442627,-0.05302838608622551,0.5353619456291199,0.449697345495224,-0.08663426339626312,0.5501453280448914,0.38980382680892944,-0.10314936190843582,0.5609612464904785,0.33094480633735657,-0.10967472195625305,0.48097696900367737,0.5326065421104431,-0.06686299294233322,0.46275535225868225,0.47380322217941284,-0.08497000485658646,0.44467291235923767,0.4357445240020752,-0.09070568531751633,0.4279376268386841,0.3935115933418274,-0.09406048059463501
0.4846157729625702,0.7111327648162842,3.827864247796242e-07,0.5288129448890686,0.7157301902770996,-0.039761681109666824,0.5626525282859802,0.7007884979248047,-0.0740916058421135,0.5893312096595764,0.6922613382339478,-0.10553166270256042,0.5958990454673767,0.660554051399231,-0.13453339040279388,0.5887688398361206,0.5581381320953369,-0.05099017545580864,0.6254976987838745,0.47705453634262085,-0.07740477472543716,0.6524208188056946,0.4276176691055298,-0.09301349520683289,0.6650394201278687,0.3855167031288147,-0.10518945753574371,0.5504876971244812,0.5369812250137329,-0.05469173938035965,0.5802983641624451,0.5105808973312378,-0.1090509220957756,0.5802519917488098,0.5808274149894714,-0.1261504590511322,0.575077474117279,0.6352167129516602,-0.1237814798951149,0.5102323889732361,0.5279020071029663,-0.06276535987854004,0.520714521408081,0.4560389518737793,-0.09659809619188309,0.5320671796798706,0.39902037382125854,-0.10904859006404877,0.5408627986907959,0.33956706523895264,-0.11358050256967545,0.4674672484397888,0.5377168655395508,-0.07408272475004196,0.4513086974620819,0.474300742149353,-0.09068667888641357,0.43690621852874756,0.4358218014240265,-0.09287509322166443,0.4250543713569641,0.39086633920669556,-0.09399591386318207
0.3663997948169708,0.7340776920318604,2.821579130340979e-07,0.41272327303886414,0.7164144515991211,-0.026591572910547256,0.4495495557785034,0.6716651320457458,-0.04483132064342499,0.46333232522010803,0.6398032307624817,-0.06289248913526535,0.46575093269348145,0.6034277081489563,-0.07939894497394562,0.4528542459011078,0.5443901419639587,-0.022286802530288696,0.48030009865760803,0.4510292410850525,-0.04351384565234184,0.5002020001411438,0.39763450622558594,-0.05714303255081177,0.5147718191146851,0.3475508987903595,-0.06752406060695648,0.4173130989074707,0.5372771620750427,-0.028510484844446182,0.4342092275619507,0.48072344064712524,-0.07088391482830048,0.44924288988113403,0.5233164429664612,-0.08722329884767532,0.45748665928840637,0.5667425990104675,-0.08761606365442276,0.38023641705513,0.5424044132232666,-0.03914796933531761,0.3880121111869812,0.46676915884017944,-0.06600414216518402,0.3970620930194855,0.41426050662994385,-0.07538152486085892,0.40425723791122437,0.3653647303581238,-0.07755498588085175,0.342019647359848,0.5603542923927307,-0.052948884665966034,0.3442358076572418,0.4910370409488678,-0.06744080036878586,0.34580570459365845,0.44491326808929443,-0.07075582444667816,0.3462681770324707,0.39651989936828613,-0.07197745889425278
0.3126268982887268,0.7055554986000061,1.8148566027775814e-07,0.35845449566841125,0.6863358020782471,-0.024118538945913315,0.3904787003993988,0.6315126419067383,-0.037566639482975006,0.3986172676086426,0.588947057723999,-0.049771685153245926,0.39124560356140137,0.5504997968673706,-0.06048981472849846,0.39380061626434326,0.5168038606643677,-0.019082708284258842,0.4238312244415283,0.4296827018260956,-0.037788715213537216,0.44010576605796814,0.37681329250335693,-0.04925880581140518,0.449832946062088,0.3303668797016144,-0.05749955028295517,0.3578941822052002,0.5082696080207825,-0.022820603102445602,0.363003671169281,0.4428234398365021,-0.06255603581666946,0.3689475953578949,0.4822394549846649,-0.07601799815893173,0.3741004168987274,0.5266416072845459,-0.07330220192670822,0.32127830386161804,0.5126124024391174,-0.030482521280646324,0.3220342993736267,0.4348685145378113,-0.0556948147714138,0.32737189531326294,0.38110798597335815,-0.06416422873735428,0.3330070674419403,0.3341143727302551,-0.06494276970624924,0.2857063114643097,0.5310559868812561,-0.04060900956392288,0.2830315828323364,0.4658602178096771,-0.05280652642250061,0.282784104347229,0.4237077832221985,-0.054394565522670746,0.28297948837280273,0.38156089186668396,-0.053849898278713226
0.25082269310951233,0.6706713438034058,1.7423320741727366e-07,0.294551283121109,0.652934730052948,-0.03187462314963341,0.3167056143283844,0.5916427373886108,-0.046249840408563614,0.31405237317085266,0.5402984619140625,-0.05721218138933182,0.30260488390922546,0.498350590467453,-0.06574747711420059,0.3257700204849243,0.4841464161872864,-0.017958994954824448,0.3538675904273987,0.40319985151290894,-0.034321315586566925,0.3678034245967865,0.35145336389541626,-0.04545394331216812,0.37633708119392395,0.30500727891921997,-0.05455131083726883,0.2875869870185852,0.47502294182777405,-0.016946183517575264,0.28317779302597046,0.40351396799087524,-0.0569000281393528,0.28423309326171875,0.44753074645996094,-0.07139025628566742,0.28855106234550476,0.49507781863212585,-0.06837063282728195,0.25119441747665405,0.47994235157966614,-0.020690511912107468,0.24718202650547028,0.3986667990684509,-0.04605179280042648,0.25019893050193787,0.34383559226989746,-0.0566578209400177,0.25389912724494934,0.28928619623184204,-0.058424998074769974,0.21966254711151123,0.500520646572113,-0.027378318831324577,0.21744325757026672,0.4412025511264801,-0.03811927139759064,0.2187473624944687,0.40296322107315063,-0.04056074470281601,0.22013282775878906,0.3593721389770508,-0.04143133386969566
0.24722173810005188,0.6538357734680176,1.7105973881825776e-07,0.2896251976490021,0.6345812082290649,-0.030766092240810394,0.31209152936935425,0.576122522354126,-0.04632822051644325,0.31015241146087646,0.5260174870491028,-0.05936560034751892,0.29460012912750244,0.4804209768772125,-0.07101551443338394,0.317450612783432,0.4703574776649475,-0.014563550241291523,0.33389419317245483,0.3893038332462311,-0.028616229072213173,0.34127306938171387,0.3378604054450989,-0.03955530375242233,0.343977153301239,0.29362571239471436,-0.048741914331912994,0.28078460693359375,0.4638538658618927,-0.013167617842555046,0.2716372609138489,0.3951265513896942,-0.04873529076576233,0.272149920463562,0.4316064417362213,-0.06388764828443527,0.276626855134964,0.47374293208122253,-0.06298170983791351,0.2452743947505951,0.4698440134525299,-0.016198718920350075,0.23959623277187347,0.39357852935791016,-0.03796898573637009,0.24119000136852264,0.3413178622722626,-0.04826277494430542,0.24360662698745728,0.2913593649864197,-0.050934627652168274,0.21458464860916138,0.49001428484916687,-0.022130006924271584,0.2116502821445465,0.4334815442562103,-0.030855583027005196,0.21299980580806732,0.39594125747680664,-0.03314858302474022,0.21566444635391235,0.35408759117126465,-0.03444775938987732
0.2369288206100464,0.6404479742050171,1.4726386154961801e-07,0.2792966663837433,0.621950626373291,-0.03260514885187149,0.3005642592906952,0.5661125183105469,-0.048238757997751236,0.2953580617904663,0.5172334909439087,-0.06078778952360153,0.278405100107193,0.4716898202896118,-0.07164173573255539,0.3056110143661499,0.45999252796173096,-0.0157181303948164,0.31791725754737854,0.3768603205680847,-0.0296658705919981,0.32322636246681213,0.3249935507774353,-0.04099744185805321,0.32495594024658203,0.27938032150268555,-0.0505216084420681,0.2694096267223358,0.4545597434043884,-0.013274499215185642,0.2593320608139038,0.3856006860733032,-0.04926997795701027,0.25860732793807983,0.42186108231544495,-0.06563635170459747,0.26280152797698975,0.4638117849826813,-0.06556159257888794,0.23516175150871277,0.46086904406547546,-0.01533052884042263,0.2285282015800476,0.384896844625473,-0.03792482614517212,0.22885581851005554,0.3312176465988159,-0.050623491406440735,0.23047161102294922,0.28124120831489563,-0.054666947573423386,0.20690223574638367,0.4798022508621216,-0.020286379382014275,0.20508921146392822,0.42138832807540894,-0.02941884472966194,0.20534203946590424,0.3833391070365906,-0.03294611722230911,0.2063767910003662,0.3430555462837219,-0.03511000797152519
0.23485778272151947,0.645534873008728,1.3150679478712846e-07,0.2751414477825165,0.6264045834541321,-0.034056223928928375,0.2960081994533539,0.5697234869003296,-0.05086551234126091,0.2948639690876007,0.5217945575714111,-0.06423353403806686,0.27855226397514343,0.47428348660469055,-0.07577990740537643,0.2990962564945221,0.46184253692626953,-0.018561264500021935,0.30041831731796265,0.37663477659225464,-0.03280508145689964,0.29764115810394287,0.3244718909263611,-0.044258397072553635,0.29252126812934875,0.27922719717025757,-0.05370233207941055,0.26429957151412964,0.4573078453540802,-0.015545545145869255,0.2563616633415222,0.3901001811027527,-0.05132783204317093,0.2589365839958191,0.4287411570549011,-0.0669390931725502,0.2647243142127991,0.4713580012321472,-0.06608991324901581,0.23098938167095184,0.46445026993751526,-0.017130384221673012,0.2243545651435852,0.3884545862674713,-0.038420096039772034,0.22410161793231964,0.3364645540714264,-0.05006295070052147,0.22450770437717438,0.2875760793685913,-0.053473785519599915,0.202612042427063,0.48335856199264526,-0.021944560110569,0.2009533941745758,0.424370676279068,-0.03004692867398262,0.20157629251480103,0.38661548495292664,-0.03327172249555588,0.20303289592266083,0.3454868793487549,-0.03532388433814049
0.22875109314918518,0.6412279009819031,1.4805429771058698e-07,0.26910609006881714,0.6196523904800415,-0.030258849263191223,0.2923334240913391,0.5617769956588745,-0.044643107801675797,0.2936208248138428,0.5119156241416931,-0.056634802371263504,0.27789315581321716,0.46421560645103455,-0.06701576709747314,0.2969113886356354,0.4600921869277954,-0.010978520847856998,0.3063144385814667,0.376404345035553,-0.023871520534157753,0.3090197741985321,0.32417964935302734,-0.03475293889641762,0.30862948298454285,0.2793900966644287,-0.04389706626534462,0.2626839280128479,0.4538443684577942,-0.009359290823340416,0.25578150153160095,0.3843848407268524,-0.04269864410161972,0.25807735323905945,0.419304758310318,-0.05747729539871216,0.26317405700683594,0.46108174324035645,-0.05655661225318909,0.22915536165237427,0.4588533341884613,-0.012451629154384136,0.2233572006225586,0.38301563262939453,-0.03176506608724594,0.22451788187026978,0.3307725191116333,-0.042539000511169434,0.2258557379245758,0.282604843378067,-0.045969124883413315,0.1999194622039795,0.47723665833473206,-0.01867709308862686,0.19588446617126465,0.42335307598114014,-0.02529897913336754,0.19539818167686462,0.38767552375793457,-0.02788260392844677,0.19557614624500275,0.3489536941051483,-0.029797542840242386
0.22252637147903442,0.6386052370071411,1.7007623398512806e-07,0.2621392607688904,0.617308497428894,-0.029310496523976326,0.286397784948349,0.5555444955825806,-0.0425616130232811,0.28861796855926514,0.5022315979003906,-0.05360902100801468,0.27084800601005554,0.4566812217235565,-0.06296699494123459,0.29286307096481323,0.4608505964279175,-0.007399601396173239,0.3046313226222992,0.38116228580474854,-0.018692782148718834,0.3084321618080139,0.3296481668949127,-0.028628766536712646,0.3088955283164978,0.2864118814468384,-0.0373271219432354,0.2586577236652374,0.4530457556247711,-0.006212771870195866,0.2523716688156128,0.38327541947364807,-0.03677736595273018,0.254135400056839,0.4137272238731384,-0.049836788326501846,0.25872766971588135,0.45500612258911133,-0.0479610413312912,0.2250661700963974,0.4569571614265442,-0.009870409965515137,0.22193460166454315,0.38164710998535156,-0.02709309756755829,0.22652339935302734,0.3295619487762451,-0.03596365451812744,0.2314310371875763,0.2823062539100647,-0.03842443227767944,0.19485419988632202,0.47557249665260315,-0.016855038702487946,0.19016514718532562,0.4238591194152832,-0.02250484935939312,0.18990132212638855,0.3897590935230255,-0.02394399419426918,0.19112852215766907,0.3530622720718384,-0.02505260892212391
0.22698892652988434,0.6406082510948181,1.5124287244816514e-07,0.2677052617073059,0.6203478574752808,-0.026974767446517944,0.2937588095664978,0.5595762133598328,-0.03926238790154457,0.2975222170352936,0.5066773295402527,-0.049721796065568924,0.2776252329349518,0.46279653906822205,-0.05853089317679405,0.2997121214866638,0.46491068601608276,-0.004560601897537708,0.3099372684955597,0.38751518726348877,-0.015280798077583313,0.31307506561279297,0.33716028928756714,-0.024983109906315804,0.31264203786849976,0.29505228996276855,-0.03345527872443199,0.2663869857788086,0.4557796120643616,-0.004337243270128965,0.2599334418773651,0.3864254355430603,-0.034296974539756775,0.2628040015697479,0.41769078373908997,-0.046739209443330765,0.2672386169433594,0.460814505815506,-0.044190336018800735,0.23310114443302155,0.459320604801178,-0.008819866925477982,0.23015128076076508,0.38471901416778564,-0.02591518871486187,0.23598916828632355,0.33341681957244873,-0.03434169292449951,0.24174168705940247,0.28712767362594604,-0.03617729991674423,0.20250917971134186,0.47787490487098694,-0.01636742614209652,0.19818082451820374,0.42781269550323486,-0.02191760204732418,0.19782565534114838,0.39438003301620483,-0.022884830832481384,0.19823318719863892,0.3589354157447815,-0.023402197286486626
0.21810005605220795,0.643224835395813,8.880790147713924e-08,0.2582409679889679,0.6226130723953247,-0.026140470057725906,0.2801513671875,0.5649577379226685,-0.03727651387453079,0.28061217069625854,0.5122466683387756,-0.045897942036390305,0.267243891954422,0.4693649113178253,-0.052665017545223236,0.28609979152679443,0.4725663363933563,-0.010963895358145237,0.29438838362693787,0.39349448680877686,-0.025475582107901573,0.29688820242881775,0.3428245484828949,-0.037251152098178864,0.2970329821109772,0.299561083316803,-0.04615801200270653,0.25429242849349976,0.46254053711891174,-0.009607600048184395,0.25198543071746826,0.39466527104377747,-0.039867207407951355,0.253680557012558,0.4206102788448334,-0.051875706762075424,0.2571524977684021,0.4568369686603546,-0.04963277280330658,0.22227515280246735,0.465453177690506,-0.01261238381266594,0.22160278260707855,0.39187324047088623,-0.030628740787506104,0.22541771829128265,0.33953362703323364,-0.03977750614285469,0.22940859198570251,0.29273635149002075,-0.04195249080657959,0.1924690306186676,0.4834420680999756,-0.018308544531464577,0.1876934915781021,0.43444105982780457,-0.02446787618100643,0.18625448644161224,0.40293246507644653,-0.025609880685806274,0.1849384605884552,0.37108343839645386,-0.025831902399659157
0.16630181670188904,0.6088852286338806,1.5942744369112916e-07,0.20377184450626373,0.5864408016204834,-0.03366396203637123,0.22202271223068237,0.527786135673523,-0.04827970266342163,0.21480974555015564,0.4721185266971588,-0.05889211967587471,0.1957341581583023,0.4281616508960724,-0.0671221911907196,0.2318350076675415,0.4316205382347107,-0.015523268841207027,0.2381746619939804,0.3496730327606201,-0.03028530441224575,0.2377142757177353,0.2959328889846802,-0.042299672961235046,0.2355761080980301,0.2521994113922119,-0.051702868193387985,0.19811177253723145,0.420689195394516,-0.01147032156586647,0.180276557803154,0.34671658277511597,-0.043041765689849854,0.1778988242149353,0.3717794120311737,-0.056706953793764114,0.18138156831264496,0.4101356267929077,-0.05563061684370041,0.1658283770084381,0.4235650897026062,-0.01251928135752678,0.15666355192661285,0.3437316417694092,-0.03362046182155609,0.15519236028194427,0.29244935512542725,-0.04509430751204491,0.15638607740402222,0.24891828000545502,-0.04843572899699211,0.13833729922771454,0.4409663677215576,-0.016758298501372337,0.1333925426006317,0.3892195224761963,-0.027075765654444695,0.13150553405284882,0.3559531569480896,-0.031789109110832214,0.1317422091960907,0.3231372535228729,-0.03416021168231964
0.13621389865875244,0.583405077457428,1.2754826173022593e-07,0.17407701909542084,0.5569285750389099,-0.030741702765226364,0.18896710872650146,0.4905526041984558,-0.0415722094476223,0.17536962032318115,0.43136775493621826,-0.04798373952507973,0.14368662238121033,0.39315322041511536,-0.052101101726293564,0.19962581992149353,0.3907836675643921,-0.010761190205812454,0.20172511041164398,0.3112412691116333,-0.021093077957630157,0.2011893093585968,0.25962793827056885,-0.030376946553587914,0.1995430588722229,0.21256138384342194,-0.03905373811721802,0.1631532907485962,0.38246285915374756,-0.0082539152354002,0.1435440480709076,0.31059032678604126,-0.03755314275622368,0.1404811590909958,0.33825868368148804,-0.05239802226424217,0.1433211863040924,0.3775660991668701,-0.05290764197707176,0.12961694598197937,0.38944777846336365,-0.010516367852687836,0.11549553275108337,0.3101983368396759,-0.0345965214073658,0.11317193508148193,0.2517482340335846,-0.05301676318049431,0.11251813173294067,0.20357678830623627,-0.06129276752471924,0.103623166680336,0.4082591235637665,-0.01482299529016018,0.10707178711891174,0.3568250238895416,-0.02779693715274334,0.11639490723609924,0.3338979482650757,-0.035001058131456375,0.12416696548461914,0.31532883644104004,-0.039775703102350235
0.10594096779823303,0.5185801982879639,1.9848889110107848e-07,0.14247319102287292,0.48725324869155884,-0.03182143345475197,0.15687450766563416,0.4220075309276581,-0.04645884037017822,0.14033089578151703,0.36373403668403625,-0.05700110271573067,0.10844837129116058,0.3177926540374756,-0.06545919924974442,0.16712430119514465,0.3163757622241974,-0.01186576671898365,0.16896545886993408,0.23387041687965393,-0.024064229801297188,0.16942965984344482,0.1831780970096588,-0.034040916711091995,0.16642910242080688,0.13856273889541626,-0.042866311967372894,0.12808451056480408,0.30980223417282104,-0.010264826007187366,0.11157320439815521,0.23697715997695923,-0.0427820198237896,0.10800829529762268,0.2723191976547241,-0.0583847239613533,0.10824256390333176,0.31310001015663147,-0.058725543320178986,0.09218978881835938,0.3179629147052765,-0.013716011308133602,0.08030512928962708,0.238361194729805,-0.03861565142869949,0.075720876455307,0.17613103985786438,-0.05625111609697342,0.07159178704023361,0.12021711468696594,-0.06431230157613754,0.06341969966888428,0.3387453258037567,-0.01920337975025177,0.06537900865077972,0.286133736371994,-0.031048117205500603,0.071489617228508,0.2564338147640228,-0.036725226789712906,0.07633930444717407,0.2263830304145813,-0.0410647913813591
0.11290144920349121,0.5873615145683289,2.3412707150782808e-07,0.15558215975761414,0.5673516988754272,-0.058221280574798584,0.17238235473632812,0.5057492256164551,-0.08528365939855576,0.15997791290283203,0.44819363951683044,-0.10442892462015152,0.13481290638446808,0.39383652806282043,-0.12031292915344238,0.18253269791603088,0.39800962805747986,-0.03239597752690315,0.18717512488365173,0.31233686208724976,-0.05098211020231247,0.1877906620502472,0.25228941440582275,-0.06571845710277557,0.1874048262834549,0.20275527238845825,-0.0782676488161087,0.1438443958759308,0.386220782995224,-0.022668275982141495,0.12813815474510193,0.30930083990097046,-0.06395576894283295,0.12384802103042603,0.35342565178871155,-0.08216282725334167,0.12879978120326996,0.4021376371383667,-0.08152472227811813,0.10679537057876587,0.3849012851715088,-0.021011728793382645,0.09452401101589203,0.2992169260978699,-0.04806257784366608,0.09174935519695282,0.2368311882019043,-0.0658867359161377,0.0922691822052002,0.18207234144210815,-0.0733519047498703,0.07758595794439316,0.4000089466571808,-0.024962088093161583,0.07310789078474045,0.3370281457901001,-0.03647435083985329,0.07431802153587341,0.29787901043891907,-0.04360523819923401,0.07568217813968658,0.26210230588912964,-0.04946654289960861
0.14311029016971588,0.7863337993621826,1.1422044110531715e-07,0.18151536583900452,0.7722482085227966,-0.05300023779273033,0.19893601536750793,0.7273392081260681,-0.08596192300319672,0.19123724102973938,0.6827272176742554,-0.11325906962156296,0.17271021008491516,0.6364526748657227,-0.13807585835456848,0.21161866188049316,0.6058048605918884,-0.04809200018644333,0.20966851711273193,0.5102497935295105,-0.07072402536869049,0.20814669132232666,0.4485979676246643,-0.0844830870628357,0.20378199219703674,0.40535932779312134,-0.09434546530246735,0.17073166370391846,0.6007740497589111,-0.03913358226418495,0.16400021314620972,0.542551577091217,-0.08141862601041794,0.16048452258110046,0.5909934043884277,-0.09335058182477951,0.16264225542545319,0.631462812423706,-0.08928040415048599,0.1332663893699646,0.6017928123474121,-0.036399222910404205,0.12546534836292267,0.5287730693817139,-0.0602945014834404,0.1215963065624237,0.4829583764076233,-0.06655856966972351,0.11888236552476883,0.43892061710357666,-0.06681496649980545,0.10082307457923889,0.6143184304237366,-0.039142169058322906,0.09591275453567505,0.5521847605705261,-0.04915361478924751,0.09418358653783798,0.5150505900382996,-0.050594765692949295,0.09515818953514099,0.4743751287460327,-0.051173146814107895
0.14671660959720612,0.9096364974975586,1.3416800470622547e-07,0.18050435185432434,0.8885931372642517,-0.044881634414196014,0.19887299835681915,0.847873866558075,-0.07330717891454697,0.19627496600151062,0.8172518014907837,-0.09775885194540024,0.17949438095092773,0.7869278192520142,-0.11944802105426788,0.2034575492143631,0.7064720392227173,-0.036575086414813995,0.19596606492996216,0.6175956726074219,-0.058366645127534866,0.19268453121185303,0.5570483803749084,-0.07185527682304382,0.1849568486213684,0.5084301233291626,-0.08161976933479309,0.16077357530593872,0.7080284357070923,-0.032025665044784546,0.15036316215991974,0.6627490520477295,-0.07881885766983032,0.15245553851127625,0.7282227873802185,-0.09182644635438919,0.15643908083438873,0.7775155305862427,-0.0865682065486908,0.123191699385643,0.7170329689979553,-0.03313888981938362,0.10864000767469406,0.6544155478477478,-0.06015034392476082,0.10150280594825745,0.618137001991272,-0.06281577795743942,0.09518326818943024,0.5769569277763367,-0.05844176188111305,0.09061546623706818,0.7351799011230469,-0.03928034007549286,0.08212707191705704,0.6685124039649963,-0.04999660700559616,0.07732518017292023,0.6306775808334351,-0.0474337600171566,0.0757233127951622,0.5844218730926514,-0.04354017227888107
0.17258167266845703,0.9738677740097046,2.071616336252191e-07,0.20857472717761993,0.9562970995903015,-0.050807151943445206,0.22964978218078613,0.9207813143730164,-0.0846506878733635,0.22353705763816833,0.893571674823761,-0.11336699873209,0.19759562611579895,0.8694701194763184,-0.1394139528274536,0.22788646817207336,0.7778611779212952,-0.05066077783703804,0.2189309149980545,0.6876035928726196,-0.07566549628973007,0.21402667462825775,0.625497579574585,-0.09040948748588562,0.20450586080551147,0.5756442546844482,-0.10119988024234772,0.18550579249858856,0.7781394124031067,-0.04496971517801285,0.177978977560997,0.7400052547454834,-0.09366697818040848,0.18340054154396057,0.8053068518638611,-0.10750681906938553,0.1881139576435089,0.8532571792602539,-0.10397956520318985,0.14643676578998566,0.7853257060050964,-0.04481552913784981,0.12860387563705444,0.7302780747413635,-0.07329367846250534,0.12111092358827591,0.699887752532959,-0.07646582275629044,0.1130400002002716,0.6625944972038269,-0.07345040887594223,0.11128295958042145,0.8027012944221497,-0.05016767606139183,0.09756436944007874,0.7372186183929443,-0.061820242553949356,0.08920358121395111,0.6992315053939819,-0.0601189061999321,0.08168288320302963,0.6536490321159363,-0.0576755627989769
0.24459077417850494,0.9870546460151672,2.1259116067540162e-07,0.2806771695613861,0.9756893515586853,-0.04277445748448372,0.30661413073539734,0.9487349390983582,-0.07409003376960754,0.3215762972831726,0.9331448078155518,-0.10183873772621155,0.3104981482028961,0.9165403842926025,-0.12683777511119843,0.30432379245758057,0.8015689253807068,-0.04802776873111725,0.299612820148468,0.7048966884613037,-0.07351610064506531,0.2985931634902954,0.6439173817634583,-0.08854727447032928,0.2911131680011749,0.5902737975120544,-0.09956052899360657,0.26087576150894165,0.8006090521812439,-0.046833112835884094,0.26046016812324524,0.7644224762916565,-0.0969075858592987,0.2710546851158142,0.8327987790107727,-0.11131706088781357,0.27658799290657043,0.8834840655326843,-0.10775764286518097,0.2210511863231659,0.8078919649124146,-0.05042272433638573,0.20604735612869263,0.7534239888191223,-0.07862427085638046,0.2015296220779419,0.7160612344741821,-0.08332278579473495,0.19554343819618225,0.6713879108428955,-0.08125881850719452,0.186175137758255,0.8241173624992371,-0.058653369545936584,0.1712365597486496,0.7562168836593628,-0.06934342533349991,0.15913128852844238,0.7178919911384583,-0.06732603907585144,0.14685560762882233,0.6719859838485718,-0.06449902802705765
0.34880003333091736,0.942082941532135,1.5729250435470021e-07,0.39434924721717834,0.9357250332832336,-0.025312433019280434,0.43174320459365845,0.9102396368980408,-0.04901983216404915,0.45760488510131836,0.8988839387893677,-0.0724073052406311,0.4572921693325043,0.8877555727958679,-0.09429772198200226,0.42797839641571045,0.7742951512336731,-0.03702642023563385,0.4342041015625,0.6685031056404114,-0.057507168501615524,0.44264447689056396,0.6066474914550781,-0.06930146366357803,0.4439656138420105,0.554014265537262,-0.07852289825677872,0.39139074087142944,0.7670775651931763,-0.043424300849437714,0.41269898414611816,0.7354530692100525,-0.09107320755720139,0.4242662489414215,0.794346809387207,-0.1075214371085167,0.42484667897224426,0.8397853970527649,-0.10763100534677505,0.3536125123500824,0.7664022445678711,-0.0522545650601387,0.36295080184936523,0.706485390663147,-0.08294984698295593,0.3779960572719574,0.6777260303497314,-0.09124741703271866,0.38817518949508667,0.6479813456535339,-0.09203466773033142,0.3155146539211273,0.7725739479064941,-0.06339651346206665,0.3042067289352417,0.6982308030128479,-0.07788646221160889,0.2950763404369354,0.6549975872039795,-0.07872290164232254,0.28620409965515137,0.6081077456474304,-0.0784020870923996
0.3955466151237488,0.9232428073883057,2.0708517922685132e-07,0.446089506149292,0.9195505976676941,-0.03449089825153351,0.4875359535217285,0.8995950222015381,-0.0652691051363945,0.5153213739395142,0.8927950263023376,-0.09418310225009918,0.5175553560256958,0.8727125525474548,-0.12195659428834915,0.48684245347976685,0.7539664506912231,-0.055812619626522064,0.5019268989562988,0.6393173336982727,-0.0868540033698082,0.5159407258033752,0.5747050046920776,-0.10622120648622513,0.5232810974121094,0.5177960395812988,-0.11984582990407944,0.4469985067844391,0.7443872690200806,-0.06156392768025398,0.4732217788696289,0.7174400687217712,-0.12154471129179001,0.4854404926300049,0.7850424647331238,-0.14302927255630493,0.48907357454299927,0.8365071415901184,-0.1442493200302124,0.4054652452468872,0.744115948677063,-0.0702383890748024,0.41799697279930115,0.6799091100692749,-0.10775444656610489,0.434818834066391,0.6430774331092834,-0.11747311800718307,0.4488418698310852,0.6048588752746582,-0.11845318228006363,0.3641909658908844,0.7552733421325684,-0.08193216472864151,0.3555765450000763,0.6805875897407532,-0.10017938166856766,0.3492525815963745,0.6351359486579895,-0.10048668831586838,0.3441167175769806,0.5859988927841187,-0.09885097295045853
0.43315285444259644,0.8945085406303406,2.731417794166191e-07,0.4855389893054962,0.8940038681030273,-0.0402069091796875,0.5247461795806885,0.8758158087730408,-0.07696051150560379,0.5523508191108704,0.8724310398101807,-0.1113736554980278,0.5623409748077393,0.8558855652809143,-0.14418195188045502,0.533281147480011,0.7308999300003052,-0.06290559470653534,0.5539980530738831,0.6179677248001099,-0.09658362716436386,0.5633441805839539,0.5561442375183105,-0.11755036562681198,0.5643219947814941,0.5009698271751404,-0.1331879198551178,0.49172070622444153,0.7197128534317017,-0.06937429308891296,0.5249530673027039,0.6854828596115112,-0.13587236404418945,0.5331912636756897,0.75824373960495,-0.15992558002471924,0.5336764454841614,0.8143233060836792,-0.16125862300395966,0.4488050639629364,0.7158516049385071,-0.07941043376922607,0.46652787923812866,0.6447315812110901,-0.12005927413702011,0.48599040508270264,0.5976366996765137,-0.13391269743442535,0.5016509890556335,0.5472087264060974,-0.13783402740955353,0.4053909182548523,0.7231850028038025,-0.09290240705013275,0.3991086184978485,0.650012195110321,-0.11226153373718262,0.39355018734931946,0.6038548946380615,-0.11511643975973129,0.3893223702907562,0.5514822602272034,-0.11629927158355713
0.4566819965839386,0.8607485294342041,3.6151413951301947e-07,0.5091204047203064,0.8577680587768555,-0.04031990468502045,0.5470989942550659,0.8382412195205688,-0.07811831682920456,0.5764806866645813,0.8338100910186768,-0.11441060900688171,0.5893779397010803,0.8203287124633789,-0.14876441657543182,0.5585422515869141,0.6918722987174988,-0.05764753744006157,0.580861508846283,0.5847043395042419,-0.08977922797203064,0.5959233641624451,0.5214318037033081,-0.1095554307103157,0.5996303558349609,0.46748849749565125,-0.12405125796794891,0.5176473259925842,0.6773658990859985,-0.06267429143190384,0.548827052116394,0.6491984724998474,-0.12255310267210007,0.55826336145401,0.7158935070037842,-0.14017732441425323,0.5572727918624878,0.7665023803710938,-0.13728058338165283,0.4756244719028473,0.6727390289306641,-0.07194914668798447,0.4926779270172119,0.5945841073989868,-0.10856269299983978,0.5026414394378662,0.541424036026001,-0.11520973592996597,0.5085815787315369,0.48560547828674316,-0.11410272121429443,0.4314537048339844,0.6836938261985779,-0.08516905456781387,0.41516441106796265,0.6158309578895569,-0.10364916920661926,0.4014730453491211,0.5759583711624146,-0.10272606462240219,0.38959455490112305,0.529572606086731,-0.09982571005821228
0.4831867516040802,0.8022776246070862,4.3832505980390124e-07,0.5312604308128357,0.8011708855628967,-0.040219467133283615,0.5686083436012268,0.7834786176681519,-0.07551109790802002,0.5962495803833008,0.7757267355918884,-0.10861681401729584,0.6040806770324707,0.755346953868866,-0.13984064757823944,0.5776048898696899,0.637249767780304,-0.05720101669430733,0.6036967635154724,0.5349085927009583,-0.08491543680429459,0.6217305660247803,0.47584712505340576,-0.10099858790636063,0.628573477268219,0.42604368925094604,-0.11310962587594986,0.5378413200378418,0.6221455335617065,-0.06030992045998573,0.5710957646369934,0.5959665179252625,-0.11205215007066727,0.5830703973770142,0.6550377011299133,-0.12680645287036896,0.5834843516349792,0.6998364329338074,-0.12464410066604614,0.496033251285553,0.6187220215797424,-0.06748376041650772,0.5078215599060059,0.5426216125488281,-0.10045009106397629,0.5098419189453125,0.4880671501159668,-0.10908091068267822,0.5081323981285095,0.4329847991466522,-0.1111173927783966,0.4522069990634918,0.6321318745613098,-0.07828196883201599,0.43213003873825073,0.5673602819442749,-0.09609885513782501,0.4145755469799042,0.5289560556411743,-0.09743112325668335,0.3979230225086212,0.4860084652900696,-0.09721063077449799
0.4918634593486786,0.7293689846992493,3.5626624139695195e-07,0.5350645184516907,0.7224578857421875,-0.03472433611750603,0.5702611207962036,0.6975245475769043,-0.06561234593391418,0.5957052111625671,0.686747133731842,-0.09461329132318497,0.608780562877655,0.6614904403686523,-0.12178626656532288,0.5744415521621704,0.5529528260231018,-0.05105287581682205,0.5971503257751465,0.45055317878723145,-0.0766734778881073,0.6124612092971802,0.3939633369445801,-0.09240762144327164,0.6178743243217468,0.3445390462875366,-0.10458946228027344,0.5364450812339783,0.5410362482070923,-0.05524647235870361,0.5688400864601135,0.511394739151001,-0.10772958397865295,0.5838554501533508,0.5712215304374695,-0.12531472742557526,0.5865450501441956,0.6201912760734558,-0.12475321441888809,0.49567168951034546,0.5404106378555298,-0.06284602731466293,0.5015630125999451,0.4592030644416809,-0.09548012167215347,0.5036747455596924,0.40077096223831177,-0.10674504935741425,0.5028345584869385,0.3430003523826599,-0.11070916801691055,0.4524339735507965,0.557766318321228,-0.07324676215648651,0.43020686507225037,0.490305095911026,-0.09049839526414871,0.411957323551178,0.45219284296035767,-0.0923035740852356,0.3945454955101013,0.40886378288269043,-0.09259258210659027
0.5012379288673401,0.6617941856384277,3.2341665701096645e-07,0.5449796915054321,0.6502617597579956,-0.030596215277910233,0.580409586429596,0.6196315884590149,-0.05766691640019417,0.6087844371795654,0.5991864800453186,-0.0829448252916336,0.6142181158065796,0.567095160484314,-0.10593746602535248,0.5736614465713501,0.4825103282928467,-0.041193921118974686,0.5931546092033386,0.386671245098114,-0.06548856198787689,0.6060577630996704,0.3320990204811096,-0.08005341142416,0.6084147691726685,0.2849110960960388,-0.0912948027253151,0.537182092666626,0.47234880924224854,-0.04680047929286957,0.5683445930480957,0.42772674560546875,-0.09950438886880875,0.5864550471305847,0.4870975911617279,-0.1166422888636589,0.5933198928833008,0.5390658378601074,-0.11414047330617905,0.4979533851146698,0.4742835760116577,-0.055860817432403564,0.5028266310691833,0.3944564759731293,-0.08823482692241669,0.5084618926048279,0.33347511291503906,-0.10018471628427505,0.5112713575363159,0.2729063034057617,-0.10359238088130951,0.45750051736831665,0.49438297748565674,-0.06737995147705078,0.43679389357566833,0.43331852555274963,-0.08356473594903946,0.42147916555404663,0.3951781690120697,-0.08583931624889374,0.40670689940452576,0.3510347008705139,-0.08624560385942459
0.534835934638977,0.6008808016777039,3.372189496531064e-07,0.5811527371406555,0.5896686315536499,-0.029721306636929512,0.6216585636138916,0.557452380657196,-0.05498000234365463,0.6539352536201477,0.5346254706382751,-0.07869064062833786,0.6538090705871582,0.5000395774841309,-0.10023331642150879,0.6103202700614929,0.4197103977203369,-0.03760066255927086,0.6278994679450989,0.32062602043151855,-0.0602957047522068,0.6384333968162537,0.26414161920547485,-0.07480069249868393,0.6393998265266418,0.2157999873161316,-0.08646887540817261,0.5732218027114868,0.4087904989719391,-0.043530236929655075,0.6062332391738892,0.3643925189971924,-0.0939071923494339,0.6251108050346375,0.4189556837081909,-0.11136793345212936,0.6326714754104614,0.46793851256370544,-0.11012072116136551,0.5329197645187378,0.4099079370498657,-0.05290927365422249,0.5408200025558472,0.328488826751709,-0.08364252746105194,0.5465376377105713,0.2686781883239746,-0.09564240276813507,0.5493285655975342,0.2110142707824707,-0.09978898614645004,0.4905792474746704,0.4292753338813782,-0.06488991528749466,0.46975502371788025,0.36739423871040344,-0.08109666407108307,0.4526853561401367,0.32919690012931824,-0.08424614369869232,0.4368133246898651,0.2864612340927124,-0.08548568189144135
0.558040201663971,0.5256396532058716,3.835210691249813e-07,0.6087628602981567,0.5112506151199341,-0.030510857701301575,0.6514748930931091,0.4731166362762451,-0.05576453357934952,0.6849253177642822,0.4432421028614044,-0.07924463599920273,0.6807389259338379,0.402683824300766,-0.10055932402610779,0.6352056264877319,0.33753085136413574,-0.039047542959451675,0.6529197692871094,0.23540011048316956,-0.0630304217338562,0.6628652811050415,0.17647193372249603,-0.07861475646495819,0.6635829210281372,0.12556976079940796,-0.09103210270404816,0.5968613624572754,0.3276039659976959,-0.04515843838453293,0.6303890943527222,0.27583733201026917,-0.09620914608240128,0.6526092290878296,0.32726508378982544,-0.11475462466478348,0.663281261920929,0.3762764036655426,-0.11428628861904144,0.5551967620849609,0.3301871418952942,-0.05476197227835655,0.56150221824646,0.24541375041007996,-0.08684328198432922,0.5670055150985718,0.1814940720796585,-0.10126449167728424,0.5697651505470276,0.12025104463100433,-0.10712987929582596,0.5123175382614136,0.3519878685474396,-0.06685972213745117,0.48969706892967224,0.2905322015285492,-0.08359744399785995,0.4705122113227844,0.25304675102233887,-0.0876561850309372,0.4516615867614746,0.21102102100849152,-0.08994531631469727
0.5898157954216003,0.48217201232910156,4.542999363366107e-07,0.6415950655937195,0.4666065573692322,-0.03050401248037815,0.6853210926055908,0.4258069694042206,-0.05645224079489708,0.7193554043769836,0.3929503858089447,-0.08090639859437943,0.7153851985931396,0.3484753966331482,-0.10341953486204147,0.6653125286102295,0.2897453308105469,-0.035589367151260376,0.682567298412323,0.18963482975959778,-0.0589861199259758,0.6948646306991577,0.13257111608982086,-0.07537776231765747,0.6965077519416809,0.08341236412525177,-0.0890052318572998,0.6279247403144836,0.2801913619041443,-0.043387994170188904,0.6648775935173035,0.22242999076843262,-0.09672819823026657,0.6915105581283569,0.27150222659111023,-0.11931215226650238,0.7036566734313965,0.3204481601715088,-0.1210378110408783,0.5871124267578125,0.2831006348133087,-0.05477740243077278,0.592776358127594,0.1946316957473755,-0.08995897322893143,0.5989817380905151,0.12415392696857452,-0.10977163910865784,0.601226806640625,0.05826665461063385,-0.11903825402259827,0.5456979870796204,0.3052041530609131,-0.06830497086048126,0.5223422646522522,0.24368521571159363,-0.08745510876178741,0.5008646845817566,0.2049104869365692,-0.09438180178403854,0.4789929986000061,0.16288058459758759,-0.09904997795820236
0.6121390461921692,0.5029391050338745,4.10400645023401e-07,0.6613398790359497,0.48361021280288696,-0.029131239280104637,0.7037761211395264,0.44097214937210083,-0.05404145270586014,0.7377049922943115,0.40922248363494873,-0.07805468887090683,0.7388943433761597,0.363165020942688,-0.09987325221300125,0.6856448650360107,0.3084321916103363,-0.0327974371612072,0.7030430436134338,0.20671051740646362,-0.0553983710706234,0.716200053691864,0.14782649278640747,-0.07089347392320633,0.7171579003334045,0.09615656733512878,-0.08410384505987167,0.6485187411308289,0.2982078790664673,-0.04160047322511673,0.6888858675956726,0.24306946992874146,-0.0927717387676239,0.7173497676849365,0.2908693253993988,-0.11319275200366974,0.7293672561645508,0.337967187166214,-0.11414141952991486,0.6080345511436462,0.30139926075935364,-0.05430348962545395,0.6170200705528259,0.2125607281923294,-0.0886283814907074,0.6240481734275818,0.14448434114456177,-0.10577908158302307,0.6261546611785889,0.0811532586812973,-0.11329478025436401,0.5666562914848328,0.3244859278202057,-0.06927533447742462,0.5419899225234985,0.2618212103843689,-0.08886673301458359,0.5207938551902771,0.2220907211303711,-0.09506294131278992,0.4993520975112915,0.1795007884502411,-0.09895837306976318
0.609736442565918,0.589029848575592,3.7939574326628644e-07,0.6589609980583191,0.5733152627944946,-0.029352422803640366,0.7013673782348633,0.5371995568275452,-0.054838187992572784,0.7337391972541809,0.5147064328193665,-0.07931060343980789,0.7414050698280334,0.48021841049194336,-0.1016736626625061,0.6868928074836731,0.40521371364593506,-0.0375218540430069,0.705946683883667,0.3048960864543915,-0.061308566480875015,0.7194842100143433,0.24664559960365295,-0.077044777572155,0.7222525477409363,0.19489744305610657,-0.09009518474340439,0.6524529457092285,0.39325860142707825,-0.04550064727663994,0.6928555369377136,0.348501056432724,-0.09553488343954086,0.720130205154419,0.39393875002861023,-0.11421911418437958,0.7306970357894897,0.4383629262447357,-0.11500310152769089,0.613200306892395,0.3951740562915802,-0.057128291577100754,0.6205352544784546,0.31535249948501587,-0.09029745310544968,0.6261517405509949,0.25348275899887085,-0.10415610671043396,0.6283752918243408,0.19663070142269135,-0.10965509712696075,0.5726267695426941,0.41674938797950745,-0.0713307186961174,0.5485714077949524,0.3568824529647827,-0.09014102071523666,0.5290167927742004,0.31759724020957947,-0.0947151854634285,0.5101114511489868,0.2761622965335846,-0.09726154059171677
0.6250535845756531,0.6030625700950623,4.190292202110868e-07,0.6733447909355164,0.5889707207679749,-0.026401879265904427,0.7158127427101135,0.556465744972229,-0.05039335414767265,0.7487330436706543,0.5371648073196411,-0.07360631227493286,0.7579247951507568,0.503480851650238,-0.09512090682983398,0.6983850598335266,0.43097013235092163,-0.034970879554748535,0.7194350361824036,0.3358609676361084,-0.05832754820585251,0.7336282730102539,0.2820758521556854,-0.07466797530651093,0.7365391254425049,0.23345376551151276,-0.08794917166233063,0.6654455661773682,0.42033299803733826,-0.04360758513212204,0.70746910572052,0.3763500452041626,-0.09131614118814468,0.7357518076896667,0.4177027940750122,-0.1110757365822792,0.7467766404151917,0.46055203676223755,-0.1134098619222641,0.6282623410224915,0.42280444502830505,-0.05540456995368004,0.6403163075447083,0.34529271721839905,-0.08756725490093231,0.6499676704406738,0.2857394814491272,-0.10245680809020996,0.6541228294372559,0.23232311010360718,-0.10870793461799622,0.5890138149261475,0.442647248506546,-0.06931867450475693,0.5675418972969055,0.3843907415866852,-0.08851103484630585,0.5488104224205017,0.34435078501701355,-0.09410196542739868,0.5302184820175171,0.30343174934387207,-0.09706047177314758
0.6345744132995605,0.6543537378311157,3.3313250469291233e-07,0.683135986328125,0.642614483833313,-0.023560527712106705,0.7269659042358398,0.6133902072906494,-0.0475781075656414,0.7598670721054077,0.598662257194519,-0.07117121666669846,0.7764996886253357,0.5727689862251282,-0.09339581429958344,0.7153468728065491,0.48868295550346375,-0.03826746717095375,0.7373232245445251,0.3918459415435791,-0.06249450892210007,0.7530484795570374,0.3359849452972412,-0.07855741679668427,0.7584512233734131,0.28657209873199463,-0.09143587201833725,0.6850659847259521,0.4769047796726227,-0.04832693561911583,0.7314731478691101,0.43817585706710815,-0.09790745377540588,0.7605756521224976,0.48280689120292664,-0.11648337543010712,0.7708499431610107,0.5244231820106506,-0.11752675473690033,0.6503828763961792,0.47776472568511963,-0.061083436012268066,0.6666510105133057,0.40076735615730286,-0.09492494910955429,0.6798944473266602,0.3404861092567444,-0.10896269977092743,0.6879663467407227,0.2867041826248169,-0.1142314001917839,0.6128078699111938,0.49468445777893066,-0.07556243240833282,0.5908969044685364,0.43156924843788147,-0.09602394700050354,0.5736041069030762,0.3894973397254944,-0.10107842832803726,0.5575873255729675,0.3471914529800415,-0.10328926891088486
0.6126681566238403,0.7497779130935669,2.780178078864992e-07,0.6607234477996826,0.738773763179779,-0.021426429972052574,0.7024372220039368,0.712995171546936,-0.046055302023887634,0.735344648361206,0.7029987573623657,-0.07081262767314911,0.7581326961517334,0.6828845143318176,-0.09420651942491531,0.6963533759117126,0.5923105478286743,-0.0411728173494339,0.7217492461204529,0.49644145369529724,-0.0675826296210289,0.7384465932846069,0.4413912296295166,-0.08519912511110306,0.7452341914176941,0.3938466012477875,-0.0987006351351738,0.667384684085846,0.5799658298492432,-0.05175189673900604,0.7148362398147583,0.5502132773399353,-0.100678950548172,0.7435284852981567,0.5972793698310852,-0.11869190633296967,0.7526503801345825,0.6385793089866638,-0.12019006162881851,0.6337418556213379,0.5796182751655579,-0.06446196883916855,0.6562499403953552,0.5071926712989807,-0.09856804460287094,0.6761007308959961,0.4568837881088257,-0.11051467061042786,0.6887948513031006,0.41220366954803467,-0.11421919614076614,0.5971457362174988,0.594593346118927,-0.07861540466547012,0.5793108940124512,0.5314292311668396,-0.09993629157543182,0.5647461414337158,0.4884369969367981,-0.10390204191207886,0.55078125,0.4462406039237976,-0.10482116788625717
0.5590530037879944,0.8244598507881165,3.3306307045677386e-07,0.6082315444946289,0.8153152465820312,-0.024374833330512047,0.6485719084739685,0.7925600409507751,-0.05037546530365944,0.6795157194137573,0.7878708243370056,-0.07557917386293411,0.7039419412612915,0.7751979827880859,-0.09970168769359589,0.6455807089805603,0.6717491745948792,-0.04624340310692787,0.6729093790054321,0.5807886719703674,-0.07303235679864883,0.6897303462028503,0.5278723835945129,-0.09090328961610794,0.6969649195671082,0.4811130166053772,-0.10450442135334015,0.614670991897583,0.6604907512664795,-0.055383726954460144,0.6601590514183044,0.6343948245048523,-0.10270635783672333,0.6865860223770142,0.681724488735199,-0.12006768584251404,0.6944714784622192,0.724323570728302,-0.12207533419132233,0.5791479349136353,0.6622551083564758,-0.06671348214149475,0.5989928841590881,0.5960889458656311,-0.09827890992164612,0.6157079339027405,0.5472517013549805,-0.10983055084943771,0.6265047788619995,0.5034753084182739,-0.11436501890420914,0.5397530198097229,0.6803937554359436,-0.07986670732498169,0.5223388075828552,0.623187243938446,-0.0980994924902916,0.5112132430076599,0.583076000213623,-0.10123218595981598,0.5005325675010681,0.5432462692260742,-0.10247083753347397
0.49502140283584595,0.8411595821380615,3.3658213283160876e-07,0.5418719053268433,0.8251357078552246,-0.027156192809343338,0.5782279372215271,0.7990748882293701,-0.05399724096059799,0.6054779887199402,0.7912376523017883,-0.07888764888048172,0.6225179433822632,0.7812989950180054,-0.1024092361330986,0.5733342170715332,0.678697943687439,-0.05201129987835884,0.5961900949478149,0.5805544257164001,-0.07946278899908066,0.6130566596984863,0.5245701670646667,-0.09625058621168137,0.6213821172714233,0.4763190448284149,-0.10897901654243469,0.5394742488861084,0.6721200346946716,-0.06023535877466202,0.5764740705490112,0.6425231099128723,-0.10782977938652039,0.6007879972457886,0.6931729912757874,-0.12447567284107208,0.6079210638999939,0.7357041835784912,-0.1267184317111969,0.5035019516944885,0.6782106757164001,-0.07091915607452393,0.5178618431091309,0.6092542409896851,-0.10234333574771881,0.5268737077713013,0.559211790561676,-0.11429353058338165,0.5300155282020569,0.5118868350982666,-0.12021353840827942,0.46513426303863525,0.6999504566192627,-0.0837005153298378,0.44733452796936035,0.6436958909034729,-0.1014070063829422,0.4353519678115845,0.6078970432281494,-0.1048901155591011,0.42251235246658325,0.5694629549980164,-0.10730559378862381
0.4193994700908661,0.8543264865875244,2.5371028300469334e-07,0.4633916914463043,0.8395028710365295,-0.029197925701737404,0.49378663301467896,0.8176602721214294,-0.058937642723321915,0.5151868462562561,0.8060507774353027,-0.08696463704109192,0.5319744348526001,0.7878558039665222,-0.11365906894207001,0.49373361468315125,0.6898398399353027,-0.05711515620350838,0.5091943740844727,0.5840616226196289,-0.08421393483877182,0.5220251679420471,0.5244332551956177,-0.10032565891742706,0.5271448493003845,0.4732383191585541,-0.11281938850879669,0.46039268374443054,0.6842774748802185,-0.06408840417861938,0.4890270531177521,0.6628515720367432,-0.11333362013101578,0.5100104808807373,0.7076696157455444,-0.13049492239952087,0.5149476528167725,0.7439994812011719,-0.1335044503211975,0.42409780621528625,0.6885466575622559,-0.07342640310525894,0.4274746775627136,0.6205234527587891,-0.10579821467399597,0.4302577078342438,0.564041256904602,-0.11740956455469131,0.4292319715023041,0.5141701102256775,-0.12354208528995514,0.3863702416419983,0.7055469751358032,-0.08508220314979553,0.36162400245666504,0.6409690976142883,-0.10422945022583008,0.34431692957878113,0.6004132032394409,-0.10839284211397171,0.3282749652862549,0.5598793625831604,-0.11123703420162201
0.35732510685920715,0.819165825843811,3.0897248848305026e-07,0.39697369933128357,0.8076289892196655,-0.024813249707221985,0.42571693658828735,0.7814126014709473,-0.04937441647052765,0.4430071711540222,0.7689168453216553,-0.07377630472183228,0.44790124893188477,0.7520273923873901,-0.09669478237628937,0.41877481341362,0.6524475812911987,-0.04069013521075249,0.43346381187438965,0.5539529323577881,-0.06446921825408936,0.45139020681381226,0.49767249822616577,-0.0782432109117508,0.4619244337081909,0.4508228302001953,-0.08850859105587006,0.384800523519516,0.6464973092079163,-0.047576457262039185,0.4078330099582672,0.6189970374107361,-0.09253536909818649,0.42651447653770447,0.6628702282905579,-0.10609178245067596,0.4335900545120239,0.696832537651062,-0.10586217045783997,0.35011354088783264,0.6518427133560181,-0.057527195662260056,0.34990134835243225,0.5833548307418823,-0.0877772644162178,0.3478417694568634,0.5322546362876892,-0.09614787995815277,0.3445305824279785,0.4837721586227417,-0.09890485554933548,0.3151637017726898,0.6717879772186279,-0.06963270157575607,0.29292580485343933,0.6117722988128662,-0.08637311309576035,0.2770977318286896,0.5779234170913696,-0.08803704380989075,0.26290810108184814,0.5404888987541199,-0.08853542804718018
0.3009297251701355,0.7814916372299194,2.331370438923841e-07,0.339195191860199,0.768871009349823,-0.027633855119347572,0.36433935165405273,0.7385474443435669,-0.05032201483845711,0.3765595555305481,0.717257559299469,-0.07130637019872665,0.36447271704673767,0.694767951965332,-0.08993419259786606,0.3619963228702545,0.6083217859268188,-0.03747840225696564,0.3754505217075348,0.5189442038536072,-0.060990698635578156,0.38932424783706665,0.4654275178909302,-0.07416344434022903,0.3940984010696411,0.42088183760643005,-0.08378782868385315,0.3246746063232422,0.6035069823265076,-0.04163703694939613,0.3385816812515259,0.5668390989303589,-0.08750823140144348,0.3486422300338745,0.6233952045440674,-0.10023444890975952,0.35274213552474976,0.6661617755889893,-0.09742159396409988,0.28697460889816284,0.6093026995658875,-0.04941084608435631,0.2789651155471802,0.5408632159233093,-0.07848162949085236,0.2707642912864685,0.4917129874229431,-0.08696437627077103,0.2614273428916931,0.4397485852241516,-0.08891820907592773,0.24997812509536743,0.6292704343795776,-0.05956524237990379,0.22685673832893372,0.5753380656242371,-0.07365173101425171,0.2100599855184555,0.5447444915771484,-0.07479631155729294,0.1941373646259308,0.5059711337089539,-0.07474833726882935
0.6416864991188049,0.7325894236564636,4.1105938208829684e-08,0.5934191346168518,0.7251101732254028,-0.029629714787006378,0.558984637260437,0.6886672973632812,-0.05584922805428505,0.5555354356765747,0.6548914909362793,-0.07992792874574661,0.5799139142036438,0.6192014813423157,-0.10304562747478485,0.5523038506507874,0.5576048493385315,-0.03507119417190552,0.5246023535728455,0.46602922677993774,-0.05770197883248329,0.509916365146637,0.4103916883468628,-0.07110665738582611,0.502926230430603,0.3558841347694397,-0.08395440131425858,0.5934702157974243,0.5450440049171448,-0.04035268723964691,0.5906705856323242,0.4894981384277344,-0.0899953693151474,0.5964171886444092,0.5518827438354492,-0.10583928972482681,0.6009466052055359,0.5987928509712219,-0.10427653044462204,0.6360575556755066,0.545282781124115,-0.049359697848558426,0.6418020725250244,0.46652528643608093,-0.08379858732223511,0.6490972638130188,0.4130060076713562,-0.09237758815288544,0.6513598561286926,0.3556683659553528,-0.09402838349342346,0.6745940446853638,0.5594338774681091,-0.0600619800388813,0.6900650262832642,0.5002039670944214,-0.08028619736433029,0.7059465646743774,0.4622434377670288,-0.0822426974773407,0.7145739197731018,0.41502827405929565,-0.08245519548654556
0.6203882694244385,0.7473564743995667,4.645818307835725e-08,0.5709995031356812,0.7419692277908325,-0.03176280856132507,0.537219762802124,0.7080436944961548,-0.06128357723355293,0.5339661836624146,0.678010880947113,-0.08905390650033951,0.5567209720611572,0.6482211947441101,-0.11647230386734009,0.5381243228912354,0.5683404207229614,-0.03942742943763733,0.5193689465522766,0.46901434659957886,-0.06267084181308746,0.5122678279876709,0.4103914797306061,-0.07652534544467926,0.5103098750114441,0.3557833433151245,-0.08936253190040588,0.5788270831108093,0.5599672794342041,-0.04399614781141281,0.5765228271484375,0.5108752846717834,-0.09588823467493057,0.5827329754829407,0.5771899223327637,-0.11181167513132095,0.5863538384437561,0.6243065595626831,-0.10977636277675629,0.6207104325294495,0.5612695813179016,-0.05229920148849487,0.6244374513626099,0.4834654629230499,-0.08523966372013092,0.6305835247039795,0.4305996894836426,-0.09082313627004623,0.6325412392616272,0.3731488883495331,-0.09045370668172836,0.6584333777427673,0.57366943359375,-0.06287477165460587,0.6646265387535095,0.5053889751434326,-0.07970630377531052,0.6750821471214294,0.46501410007476807,-0.07858376950025558,0.6803073287010193,0.4146704375743866,-0.0768469050526619
0.5915320515632629,0.7340182065963745,1.033872649713885e-07,0.5421169400215149,0.7292029857635498,-0.036527156829833984,0.5063270330429077,0.6944358348846436,-0.06965255737304688,0.498104453086853,0.6643473505973816,-0.10040947794914246,0.5216996669769287,0.6337566375732422,-0.13075144588947296,0.5083970427513123,0.5496807098388672,-0.047191083431243896,0.4913235306739807,0.44438350200653076,-0.0734463483095169,0.4839498996734619,0.3827044367790222,-0.08843490481376648,0.4831677973270416,0.3261420726776123,-0.10225450247526169,0.5499486923217773,0.5448436141014099,-0.05158286169171333,0.5448458194732666,0.4909147620201111,-0.10850696265697479,0.5464670658111572,0.5616821646690369,-0.12471730262041092,0.549282431602478,0.6125134825706482,-0.12201370298862457,0.593830943107605,0.5493820905685425,-0.060198333114385605,0.6006981134414673,0.46967726945877075,-0.09763356298208237,0.6098018288612366,0.4166027903556824,-0.10341358929872513,0.6155205368995667,0.35906776785850525,-0.10245732218027115,0.6334014534950256,0.5655415654182434,-0.07143368571996689,0.6454241275787354,0.4962124526500702,-0.09159136563539505,0.6596569418907166,0.45369595289230347,-0.09164253622293472,0.6680402755737305,0.39997178316116333,-0.09054659307003021
0.5893012285232544,0.7314609289169312,1.1580308978409448e-07,0.5371754169464111,0.7246109843254089,-0.03824658691883087,0.5000384449958801,0.69073086977005,-0.07369306683540344,0.4936285614967346,0.6630185842514038,-0.10684046149253845,0.5224646925926208,0.634303867816925,-0.13974520564079285,0.5032259225845337,0.5417166948318481,-0.05130709335207939,0.4838704466819763,0.431431382894516,-0.0787186324596405,0.47519296407699585,0.3662113845348358,-0.09452184289693832,0.47361913323402405,0.3057073652744293,-0.10939383506774902,0.5475179553031921,0.536231517791748,-0.05557238683104515,0.5426156520843506,0.48565730452537537,-0.11512143909931183,0.5441634058952332,0.5586629509925842,-0.13244396448135376,0.5474703311920166,0.6095001697540283,-0.13058538734912872,0.5938150882720947,0.5402607321739197,-0.064053013920784,0.6006593704223633,0.4568836987018585,-0.1027158722281456,0.60906583070755,0.39988988637924194,-0.1085641011595726,0.614118754863739,0.33849969506263733,-0.1080961525440216,0.6349908113479614,0.5561462640762329,-0.07537616789340973,0.6496325135231018,0.4854499101638794,-0.09617824107408524,0.6658486723899841,0.44152265787124634,-0.09615609049797058,0.6763157844543457,0.3863108456134796,-0.09520729631185532
0.5850802063941956,0.7192132472991943,1.6953234194261313e-07,0.530693531036377,0.7133837938308716,-0.04526554420590401,0.4902700185775757,0.6797958612442017,-0.08707868307828903,0.48448482155799866,0.652336835861206,-0.1258210986852646,0.5191989541053772,0.6218173503875732,-0.1641997992992401,0.4965488910675049,0.5239947438240051,-0.06425964087247849,0.4789174497127533,0.4049496650695801,-0.09702060371637344,0.47162947058677673,0.3336793780326843,-0.11492147296667099,0.4727112650871277,0.2681904733181,-0.13099588453769684,0.5428017377853394,0.5198097825050354,-0.06708978116512299,0.5402993559837341,0.4678759276866913,-0.13407644629478455,0.5421263575553894,0.5495060682296753,-0.15190863609313965,0.5456197261810303,0.6037168502807617,-0.14899612963199615,0.5921879410743713,0.5241720080375671,-0.07465271651744843,0.6029145121574402,0.434872031211853,-0.11875037103891373,0.614378809928894,0.37628424167633057,-0.12451586872339249,0.6217634677886963,0.31353405117988586,-0.1230403333902359,0.6351746916770935,0.5397411584854126,-0.08554761856794357,0.6532687544822693,0.46427714824676514,-0.11038946360349655,0.672074019908905,0.41585782170295715,-0.11164063960313797,0.6847658753395081,0.35436734557151794,-0.11105659604072571
0.6156945824623108,0.7496321201324463,7.364513976426679e-08,0.5613567233085632,0.7401063442230225,-0.0467439629137516,0.5242105722427368,0.7090460658073425,-0.08858805149793625,0.5259813666343689,0.685828685760498,-0.12566755712032318,0.5552693605422974,0.6597140431404114,-0.16174182295799255,0.5340590476989746,0.5425754189491272,-0.072185218334198,0.5194921493530273,0.419465571641922,-0.10530732572078705,0.5171290040016174,0.34581446647644043,-0.12312987446784973,0.5188251733779907,0.2798275053501129,-0.13843975961208344,0.5850194096565247,0.5393478274345398,-0.07284124940633774,0.5888562202453613,0.49108827114105225,-0.140496626496315,0.5923103094100952,0.5741956830024719,-0.15913452208042145,0.593766987323761,0.6271495223045349,-0.1569080501794815,0.634598970413208,0.5474191904067993,-0.07732800394296646,0.648080587387085,0.4562189280986786,-0.12324037402868271,0.6607795357704163,0.3955894708633423,-0.13009436428546906,0.6681646704673767,0.3282381594181061,-0.12881338596343994,0.6773751378059387,0.5636411905288696,-0.08446700125932693,0.6938723921775818,0.484602689743042,-0.10884840041399002,0.7113265991210938,0.4354066252708435,-0.1079862043261528,0.7217151522636414,0.3696090579032898,-0.10560569167137146
0.5978963375091553,0.723320484161377,7.069866825304416e-08,0.5438442230224609,0.7117472887039185,-0.0316428579390049,0.5077770352363586,0.6711417436599731,-0.0625116229057312,0.5074318647384644,0.6412035226821899,-0.09187029302120209,0.5333006381988525,0.6187795996665955,-0.12134639918804169,0.5194740295410156,0.5238686203956604,-0.04205857217311859,0.5106320977210999,0.41059210896492004,-0.06691291928291321,0.5098684430122375,0.34243834018707275,-0.08165479451417923,0.5139991044998169,0.2823987603187561,-0.09520016610622406,0.5653592348098755,0.5197450518608093,-0.048146165907382965,0.5664749145507812,0.4662020206451416,-0.10591728240251541,0.5702780485153198,0.5384255647659302,-0.12331371754407883,0.5742602944374084,0.5918300747871399,-0.12060903012752533,0.609798789024353,0.5239097476005554,-0.05810973048210144,0.6173477172851562,0.432623028755188,-0.09492389857769012,0.6239544749259949,0.37242430448532104,-0.10273458063602448,0.6273993253707886,0.30913305282592773,-0.10344371944665909,0.6491252183914185,0.5394040942192078,-0.07011551409959793,0.6637675166130066,0.46806854009628296,-0.08958426117897034,0.678621768951416,0.4248103201389313,-0.08996701240539551,0.6888890862464905,0.3707195520401001,-0.08915705978870392
0.5846073031425476,0.6922522783279419,8.091923575648252e-08,0.5363795757293701,0.6825467348098755,-0.02625569887459278,0.5014564394950867,0.642692506313324,-0.05242219194769859,0.49275946617126465,0.612558126449585,-0.07812222838401794,0.5164747834205627,0.5837031602859497,-0.10420886427164078,0.5036205649375916,0.5097830295562744,-0.026687411591410637,0.49058622121810913,0.4156648814678192,-0.04838970676064491,0.48752281069755554,0.3574140965938568,-0.06406387686729431,0.4901287853717804,0.30586397647857666,-0.07826140522956848,0.5426714420318604,0.5036944150924683,-0.03430504351854324,0.5344334244728088,0.4513236880302429,-0.08507393300533295,0.5394655466079712,0.5086565017700195,-0.10334578901529312,0.5467162728309631,0.5569939613342285,-0.10279497504234314,0.5818876624107361,0.5053286552429199,-0.045995112508535385,0.5781264901161194,0.422433078289032,-0.07697384059429169,0.5763227939605713,0.3651755452156067,-0.08628897368907928,0.5730945467948914,0.30817869305610657,-0.08925260603427887,0.6189699172973633,0.5189571976661682,-0.059750184416770935,0.6292265057563782,0.4597738981246948,-0.07615567743778229,0.6391947269439697,0.4205418825149536,-0.07818780094385147,0.6452087759971619,0.37361234426498413,-0.07932780683040619
0.5477008819580078,0.6999139785766602,1.9416413010731048e-07,0.4961525499820709,0.6852383017539978,-0.015946999192237854,0.4596274793148041,0.6495352983474731,-0.032077889889478683,0.4597795903682709,0.6188374161720276,-0.0486021526157856,0.47328194975852966,0.6010052561759949,-0.06571533530950546,0.45946791768074036,0.5204539895057678,-0.01955745369195938,0.4481620192527771,0.43285679817199707,-0.03155408427119255,0.44698554277420044,0.3754720091819763,-0.04069507122039795,0.44582071900367737,0.3300766050815582,-0.04948783293366432,0.49885737895965576,0.5125497579574585,-0.025899887084960938,0.4952334761619568,0.4616382420063019,-0.050045400857925415,0.49710023403167725,0.4811941683292389,-0.059614941477775574,0.49691569805145264,0.503845751285553,-0.061559341847896576,0.5388010144233704,0.5157126188278198,-0.03472885861992836,0.5381882786750793,0.4360795021057129,-0.054269421845674515,0.5344592928886414,0.38757574558258057,-0.06287720799446106,0.5292677879333496,0.34583568572998047,-0.0681750699877739,0.5769022703170776,0.5312078595161438,-0.04430282115936279,0.5914806723594666,0.4720122814178467,-0.059397075325250626,0.6023052930831909,0.43404731154441833,-0.06314078718423843,0.6107574105262756,0.3955572843551636,-0.0652863159775734
0.3931386470794678,0.6985624432563782,1.3195109715979925e-07,0.3459015488624573,0.6901701092720032,-0.013462061062455177,0.3032780587673187,0.665539026260376,-0.03468857333064079,0.27570098638534546,0.6492099165916443,-0.058866314589977264,0.2759866714477539,0.6252124905586243,-0.08426492661237717,0.299923837184906,0.5339723825454712,-0.014186155050992966,0.27706480026245117,0.45078226923942566,-0.028660766780376434,0.2625182867050171,0.3998861312866211,-0.03810805454850197,0.2549234628677368,0.35612547397613525,-0.047556061297655106,0.3322797417640686,0.5257901549339294,-0.02474277652800083,0.3031303584575653,0.4994124472141266,-0.05952272564172745,0.291190505027771,0.5533136129379272,-0.07034578919410706,0.28927990794181824,0.5874295234680176,-0.0689748078584671,0.3698318302631378,0.5230175256729126,-0.03847365453839302,0.35398128628730774,0.4520159959793091,-0.06353479623794556,0.3362950384616852,0.40335655212402344,-0.07226160168647766,0.3219829797744751,0.355144739151001,-0.07638572156429291,0.40816590189933777,0.5332469940185547,-0.05296160653233528,0.4252093732357025,0.47351309657096863,-0.07111480087041855,0.4395482838153839,0.43232977390289307,-0.07605551183223724,0.4516069293022156,0.38641709089279175,-0.07854147255420685
0.3575112223625183,0.6940639615058899,1.5606580916482926e-07,0.3078254759311676,0.6931314468383789,-0.014666176401078701,0.2608269155025482,0.664979875087738,-0.03919512405991554,0.22884176671504974,0.6498520374298096,-0.06741545349359512,0.22537752985954285,0.6266826391220093,-0.09678965061903,0.25660645961761475,0.5359119772911072,-0.01716451160609722,0.22632132470607758,0.4497634172439575,-0.03688015788793564,0.20635266602039337,0.39533329010009766,-0.04856858029961586,0.19751907885074615,0.3500381112098694,-0.05940299853682518,0.285679429769516,0.5293269157409668,-0.0311660785228014,0.2437635362148285,0.5004105567932129,-0.07681456208229065,0.23072442412376404,0.5648506283760071,-0.09049906581640244,0.2327534258365631,0.6057024002075195,-0.08752427995204926,0.32169756293296814,0.5257945656776428,-0.04861043021082878,0.2989464998245239,0.45436033606529236,-0.07790877670049667,0.27319371700286865,0.4077300429344177,-0.08581916242837906,0.2531362473964691,0.3601987361907959,-0.08833382278680801,0.35949331521987915,0.5386702418327332,-0.06760730594396591,0.37595394253730774,0.4777458608150482,-0.08677255362272263,0.3848513960838318,0.43250298500061035,-0.09198115020990372,0.3907177448272705,0.3819354474544525,-0.09479473531246185
0.5168099403381348,0.6733975410461426,8.644763482834605e-08,0.46759119629859924,0.6567032933235168,-0.02146058715879917,0.4372994005680084,0.6177924275398254,-0.04131259769201279,0.4309546947479248,0.5883188247680664,-0.06024744734168053,0.4196082055568695,0.5755192041397095,-0.07976130396127701,0.4319634437561035,0.4824255704879761,-0.031023362651467323,0.41206228733062744,0.39192771911621094,-0.05261903628706932,0.40699502825737,0.33223921060562134,-0.07018209248781204,0.40436217188835144,0.28113168478012085,-0.0843261182308197,0.4730018079280853,0.4729069769382477,-0.03759487345814705,0.47200560569763184,0.4245571196079254,-0.07434185594320297,0.4711383283138275,0.4557427763938904,-0.09242323786020279,0.4673748016357422,0.4850630760192871,-0.09750161319971085,0.5142363905906677,0.4780813753604889,-0.04662046208977699,0.5190759897232056,0.3968993127346039,-0.07484715431928635,0.5148802399635315,0.34769338369369507,-0.0886184349656105,0.5080551505088806,0.30449414253234863,-0.09570802003145218,0.5535905361175537,0.4987111985683441,-0.056473638862371445,0.5749934315681458,0.4426080584526062,-0.0774281769990921,0.5891293287277222,0.40551888942718506,-0.08280017226934433,0.5997553467750549,0.3679983615875244,-0.08471594005823135
0.6288521885871887,0.6509643793106079,1.585261344416722e-08,0.5822888016700745,0.6298531293869019,-0.025884393602609634,0.5542791485786438,0.580199658870697,-0.04891900345683098,0.5684205293655396,0.5388550758361816,-0.07045593112707138,0.5987964272499084,0.5159429311752319,-0.0913168266415596,0.5628672242164612,0.45306161046028137,-0.03160775452852249,0.5465905070304871,0.35656511783599854,-0.051904890686273575,0.5435400605201721,0.29708006978034973,-0.06390788406133652,0.5438711047172546,0.2438649833202362,-0.07486478984355927,0.6022903323173523,0.4492890536785126,-0.038166943937540054,0.613917887210846,0.39492249488830566,-0.08543162047863007,0.6206775903701782,0.4552118182182312,-0.10163811594247818,0.6233002543449402,0.5015619993209839,-0.10002211481332779,0.6400003433227539,0.4571291208267212,-0.047778114676475525,0.6539961099624634,0.37418192625045776,-0.07855163514614105,0.6617773175239563,0.32105064392089844,-0.08865004777908325,0.66424560546875,0.26629501581192017,-0.09168259054422379,0.6737293601036072,0.47799450159072876,-0.058871231973171234,0.6904930472373962,0.4210391938686371,-0.07525507360696793,0.7054247856140137,0.3848601281642914,-0.0761011466383934,0.7145584225654602,0.3432989716529846,-0.07571161538362503
0.7226240634918213,0.606273889541626,-2.8814980623792508e-08,0.6800471544265747,0.5788942575454712,-0.03127804771065712,0.6643002033233643,0.5239607095718384,-0.055494848638772964,0.6894168853759766,0.4759069085121155,-0.0753084048628807,0.7218523621559143,0.4401978552341461,-0.09359081089496613,0.6704828143119812,0.3942471444606781,-0.034071456640958786,0.6583125591278076,0.30619263648986816,-0.05381546542048454,0.6541160345077515,0.2493916004896164,-0.06641026586294174,0.6500416994094849,0.19442608952522278,-0.07782256603240967,0.7110264301300049,0.3881736695766449,-0.0353657528758049,0.7266260385513306,0.32280004024505615,-0.07843773066997528,0.7361587285995483,0.38331127166748047,-0.09336034953594208,0.7394099235534668,0.4321507215499878,-0.09138790518045425,0.7479094862937927,0.39573943614959717,-0.039628058671951294,0.763726532459259,0.30070167779922485,-0.06882456690073013,0.7721771597862244,0.24177737534046173,-0.07839541137218475,0.772605836391449,0.1816805750131607,-0.0811012014746666,0.7778249979019165,0.4147684872150421,-0.04522458091378212,0.7794175148010254,0.3474624752998352,-0.05901186540722847,0.7823352813720703,0.30419808626174927,-0.05800996720790863,0.7815878391265869,0.2514870762825012,-0.05704343318939209
0.7328225374221802,0.6849295496940613,-4.889606586289119e-08,0.6900466680526733,0.6532772183418274,-0.033571261912584305,0.6705955862998962,0.6029611825942993,-0.05459380894899368,0.7001636624336243,0.5612101554870605,-0.06934234499931335,0.7387511134147644,0.534494161605835,-0.08090765029191971,0.6837510466575623,0.4661545753479004,-0.04501878097653389,0.6664230823516846,0.3704594075679779,-0.0743928924202919,0.6588324308395386,0.3093434274196625,-0.09187815338373184,0.6561118960380554,0.25320881605148315,-0.10420001298189163,0.7297341823577881,0.462649941444397,-0.045962996780872345,0.7428339123725891,0.40752875804901123,-0.08960206061601639,0.7478993535041809,0.47068360447883606,-0.10241662710905075,0.7506131529808044,0.5187188386917114,-0.10011275857686996,0.7680667638778687,0.4775489866733551,-0.051690272986888885,0.7962560653686523,0.39948728680610657,-0.09289515018463135,0.8221637606620789,0.3516116738319397,-0.11381953954696655,0.836473822593689,0.2945828437805176,-0.12203352153301239,0.800858199596405,0.5099698305130005,-0.05764687433838844,0.8386024832725525,0.46203911304473877,-0.07950367778539658,0.8730959296226501,0.43875497579574585,-0.08459068089723587,0.8921432495117188,0.4119279980659485,-0.08726475387811661
0.7284334301948547,0.6874415874481201,-3.33534799779045e-08,0.6846920847892761,0.6560022830963135,-0.03061957098543644,0.6639403700828552,0.6044754981994629,-0.052018940448760986,0.6910309791564941,0.5629475712776184,-0.068775974214077,0.7282326221466064,0.5360950827598572,-0.0833231657743454,0.6803805828094482,0.4677065312862396,-0.0416640043258667,0.6597626805305481,0.37139958143234253,-0.06844671070575714,0.6512898206710815,0.31039726734161377,-0.08377215266227722,0.6480068564414978,0.25539305806159973,-0.0954325869679451,0.726207435131073,0.4643217921257019,-0.04456232860684395,0.7379099726676941,0.41056007146835327,-0.08826835453510284,0.7419538497924805,0.473571240901947,-0.10182562470436096,0.7442509531974792,0.5206868648529053,-0.10026270896196365,0.7659785151481628,0.48134487867355347,-0.05168623477220535,0.7946397066116333,0.4050789773464203,-0.09270940721035004,0.8176311254501343,0.35727357864379883,-0.11382396519184113,0.830247163772583,0.3024100363254547,-0.12289547920227051,0.7983837723731995,0.5157260298728943,-0.05883639305830002,0.8406891822814941,0.4729616343975067,-0.08415371179580688,0.8761117458343506,0.4540860652923584,-0.0919012650847435,0.8974025249481201,0.4303758144378662,-0.09611547738313675
0.7134803533554077,0.7147501707077026,1.2468026611145433e-08,0.6717219948768616,0.6845464706420898,-0.028544055297970772,0.6494871377944946,0.6348512172698975,-0.05148860439658165,0.6738187074661255,0.5992271304130554,-0.0711819976568222,0.7102922797203064,0.5771740674972534,-0.08909650892019272,0.664421021938324,0.4999517500400543,-0.04072517529129982,0.6432523131370544,0.4026448726654053,-0.0654633641242981,0.6328909993171692,0.3402598798274994,-0.07899866998195648,0.6302052736282349,0.28516122698783875,-0.09043759107589722,0.7100644707679749,0.49843958020210266,-0.04557400569319725,0.7228478193283081,0.44357532262802124,-0.09032760560512543,0.7238796949386597,0.5071082711219788,-0.10405091196298599,0.7251571416854858,0.5535964965820312,-0.10229363292455673,0.7516353726387024,0.5159347653388977,-0.054106567054986954,0.7828361988067627,0.44151535630226135,-0.09304321557283401,0.8082653284072876,0.3953518271446228,-0.11061122268438339,0.8250024318695068,0.34312260150909424,-0.1178351566195488,0.7842069268226624,0.549027681350708,-0.06307535618543625,0.8313210010528564,0.5077529549598694,-0.08853933960199356,0.8683485388755798,0.4891429543495178,-0.09600939601659775,0.8932756781578064,0.46404197812080383,-0.09974177926778793
0.7131093740463257,0.777381181716919,3.338719167800264e-08,0.6678787469863892,0.759617269039154,-0.03449156880378723,0.6427150964736938,0.7160702347755432,-0.06438513100147247,0.6643322706222534,0.6819227337837219,-0.09126006066799164,0.6951618194580078,0.657787024974823,-0.11688137799501419,0.6540123224258423,0.5741459727287292,-0.049026258289813995,0.6290629506111145,0.4759451150894165,-0.07612617313861847,0.6179778575897217,0.41291189193725586,-0.09094302356243134,0.6130412220954895,0.35552239418029785,-0.10427083820104599,0.6992102861404419,0.5696887969970703,-0.053384434431791306,0.7103805541992188,0.5155072808265686,-0.1065187007188797,0.7151364088058472,0.5836838483810425,-0.12265357375144958,0.7161174416542053,0.6293168067932129,-0.12126517295837402,0.7418771982192993,0.58160400390625,-0.06125472113490105,0.7675622701644897,0.5033131837844849,-0.10076279193162918,0.7905020713806152,0.4581681191921234,-0.11029237508773804,0.8033187389373779,0.40603363513946533,-0.11178679019212723,0.7761121392250061,0.6071483492851257,-0.07081165164709091,0.8110437393188477,0.5504709482192993,-0.09523287415504456,0.8388698697090149,0.5196579694747925,-0.09824606776237488,0.8562827706336975,0.4776496887207031,-0.09861045330762863
0.6955165863037109,0.8464633822441101,1.1591028226121125e-07,0.6414972543716431,0.8461270332336426,-0.043119389563798904,0.60276198387146,0.8188431262969971,-0.08216215670108795,0.6145542860031128,0.7885262370109558,-0.11598659306764603,0.6459816694259644,0.760746955871582,-0.14919088780879974,0.6008313894271851,0.6864277720451355,-0.07437756657600403,0.5624338388442993,0.5911380052566528,-0.11347629874944687,0.5451599955558777,0.528529703617096,-0.135048508644104,0.5356168150901794,0.4669336974620819,-0.15171997249126434,0.6483094096183777,0.6678110957145691,-0.07676638662815094,0.6473217606544495,0.6180469393730164,-0.14591605961322784,0.6638997197151184,0.6980934143066406,-0.16339638829231262,0.6735692620277405,0.7486997246742249,-0.15934745967388153,0.6965157389640808,0.665181577205658,-0.0830342248082161,0.7019635438919067,0.589877188205719,-0.13389016687870026,0.7083234786987305,0.5368931889533997,-0.1434064507484436,0.7035542130470276,0.4760396480560303,-0.14205925166606903,0.7382068634033203,0.6728695631027222,-0.0911078229546547,0.7497758865356445,0.6008039116859436,-0.11898334324359894,0.7618367075920105,0.5543672442436218,-0.12015721946954727,0.7615862488746643,0.49310046434402466,-0.11882265657186508
0.6823756694793701,0.8256369233131409,1.0337069511479058e-07,0.6301113367080688,0.8213540315628052,-0.04323098808526993,0.5941734910011292,0.7909314632415771,-0.07963644713163376,0.6050367951393127,0.7590497732162476,-0.1106155514717102,0.6316985487937927,0.7265726327896118,-0.14011891186237335,0.5900579690933228,0.6506738662719727,-0.07199940830469131,0.5553424954414368,0.550348162651062,-0.10657510161399841,0.5386176109313965,0.4901021718978882,-0.1253756880760193,0.5278506875038147,0.4287490248680115,-0.14145079255104065,0.6373725533485413,0.637536346912384,-0.07419170439243317,0.6395353674888611,0.5822320580482483,-0.13908542692661285,0.6522855758666992,0.6564003229141235,-0.15803495049476624,0.659373939037323,0.7054215669631958,-0.15711617469787598,0.6859176158905029,0.6402362585067749,-0.07979275286197662,0.7014541029930115,0.5621063709259033,-0.12688951194286346,0.7207976579666138,0.5129321217536926,-0.1364877074956894,0.7288820147514343,0.45892333984375,-0.13634362816810608,0.7284473180770874,0.6539714336395264,-0.0876273438334465,0.748565137386322,0.5803374648094177,-0.11463744193315506,0.7676525115966797,0.5349202156066895,-0.11766029894351959,0.7755584716796875,0.47662219405174255,-0.11771059036254883
0.6847956776618958,0.7832757830619812,1.2156088757819816e-07,0.6327421069145203,0.7600522041320801,-0.030999962240457535,0.6031769514083862,0.7059112787246704,-0.056990038603544235,0.6185576915740967,0.6566798686981201,-0.07987475395202637,0.647522509098053,0.6134378910064697,-0.10201431065797806,0.5955134034156799,0.5611774921417236,-0.03361238166689873,0.5904584527015686,0.45975255966186523,-0.05541883036494255,0.5939096808433533,0.39782431721687317,-0.06946137547492981,0.5985456705093384,0.3405855894088745,-0.0823589637875557,0.6407614350318909,0.5539431571960449,-0.0391649529337883,0.6512735486030579,0.4693540632724762,-0.08757840096950531,0.6650832891464233,0.5260303020477295,-0.10346326231956482,0.6720870733261108,0.5764475464820862,-0.10180222243070602,0.683073103427887,0.5625101923942566,-0.04881997033953667,0.6927005648612976,0.4618636965751648,-0.07983862608671188,0.696462094783783,0.4057031273841858,-0.0884222686290741,0.6931522488594055,0.35046520829200745,-0.09094955772161484,0.7222575545310974,0.5855803489685059,-0.06065787374973297,0.7295003533363342,0.5132645964622498,-0.078001968562603,0.7371100187301636,0.46892401576042175,-0.08013684302568436,0.7377533912658691,0.4180322289466858,-0.0817992240190506
0.6934327483177185,0.7779142260551453,1.1522100606953245e-07,0.6409003734588623,0.7546231150627136,-0.03225265070796013,0.6129103899002075,0.7015612125396729,-0.05885866656899452,0.630439281463623,0.6521962881088257,-0.08197741955518723,0.6602334380149841,0.6111043095588684,-0.10448615252971649,0.6050574779510498,0.5586717128753662,-0.038781844079494476,0.5957769751548767,0.45675069093704224,-0.06132252514362335,0.5973841547966003,0.3932151794433594,-0.07572048157453537,0.5993446111679077,0.3339431583881378,-0.08896186202764511,0.6502079367637634,0.5504328608512878,-0.043358344584703445,0.6613863706588745,0.4679637849330902,-0.09118328988552094,0.6768254637718201,0.5234048962593079,-0.10708631575107574,0.6832984685897827,0.5708001255989075,-0.10627701878547668,0.6927059292793274,0.5589046478271484,-0.051662903279066086,0.7039976119995117,0.4570537805557251,-0.08274144679307938,0.7096407413482666,0.40125375986099243,-0.09148208796977997,0.7070860862731934,0.34618157148361206,-0.0945444330573082,0.731476902961731,0.5818753242492676,-0.062153030186891556,0.7389369010925293,0.5083209872245789,-0.08005867898464203,0.746863603591919,0.4634445905685425,-0.08260290324687958,0.7476022243499756,0.41099071502685547,-0.0847497284412384
0.6960868835449219,0.7534410953521729,1.104894096215503e-07,0.644463837146759,0.7310963273048401,-0.03229709714651108,0.6157217025756836,0.6777357459068298,-0.0587385930120945,0.6326680779457092,0.6270825862884521,-0.08164849132299423,0.6613583564758301,0.583733320236206,-0.10374687612056732,0.6100354194641113,0.5347204208374023,-0.0372745618224144,0.6016322374343872,0.43439075350761414,-0.059576064348220825,0.6028345823287964,0.37173527479171753,-0.07332921028137207,0.6053406000137329,0.31278175115585327,-0.08584964275360107,0.6552369594573975,0.5265278816223145,-0.04181741923093796,0.6677123308181763,0.44456976652145386,-0.0904230996966362,0.6819389462471008,0.5027638673782349,-0.10546533018350601,0.6891117691993713,0.5527703166007996,-0.1030508428812027,0.6976595520973206,0.5352880954742432,-0.050250038504600525,0.7107494473457336,0.43362343311309814,-0.08186900615692139,0.7161518335342407,0.37820178270339966,-0.08954436331987381,0.7142934799194336,0.32285070419311523,-0.09115210920572281,0.7358798980712891,0.5587794780731201,-0.060866132378578186,0.7438788414001465,0.4861651659011841,-0.07896848022937775,0.7520322799682617,0.4418797791004181,-0.08072095364332199,0.7536311745643616,0.3891889452934265,-0.08177516609430313
0.6765613555908203,0.7463653683662415,1.1551959744338092e-07,0.6266804337501526,0.7299214601516724,-0.033908892422914505,0.5962326526641846,0.6787177324295044,-0.06062210351228714,0.6076197028160095,0.6293358206748962,-0.08357629925012589,0.6305586099624634,0.5827945470809937,-0.10557784140110016,0.5909483432769775,0.5306505560874939,-0.035341888666152954,0.5831204652786255,0.43081098794937134,-0.05655451491475105,0.5821371078491211,0.36940106749534607,-0.06956496089696884,0.5830525159835815,0.3100787401199341,-0.08195413649082184,0.6356630325317383,0.5232568979263306,-0.040040574967861176,0.6463908553123474,0.4407609701156616,-0.09109654277563095,0.6590374112129211,0.5012254118919373,-0.10765475779771805,0.6666989922523499,0.555947482585907,-0.10492443293333054,0.677409291267395,0.5326550602912903,-0.04888349771499634,0.6876993179321289,0.4351860582828522,-0.08184297382831573,0.6905205249786377,0.37861427664756775,-0.09120489656925201,0.6868022680282593,0.32285475730895996,-0.09322267770767212,0.7137593626976013,0.5566397309303284,-0.060021016746759415,0.7217003703117371,0.48621389269828796,-0.07805820554494858,0.7299600839614868,0.44181111454963684,-0.08063060790300369,0.7311197519302368,0.39052945375442505,-0.08214470744132996
0.651673436164856,0.7338993549346924,1.30848462731592e-07,0.5976864099502563,0.7150924801826477,-0.03151495009660721,0.5620683431625366,0.6610363125801086,-0.057742636650800705,0.5696554183959961,0.6109797954559326,-0.08142799139022827,0.5980051159858704,0.5702240467071533,-0.10474452376365662,0.5662285685539246,0.5182348489761353,-0.03306492418050766,0.5534966588020325,0.4173855185508728,-0.05408763140439987,0.5512365698814392,0.35634666681289673,-0.06733902543783188,0.5520857572555542,0.30001571774482727,-0.07963721454143524,0.6099771857261658,0.5130787491798401,-0.03909849002957344,0.618127703666687,0.4290136992931366,-0.08855865150690079,0.6277514100074768,0.4832927882671356,-0.10551595687866211,0.6330540180206299,0.5326463580131531,-0.10366394370794296,0.6506081819534302,0.5210481882095337,-0.04920689016580582,0.6569067239761353,0.42349010705947876,-0.0806158259510994,0.6593559980392456,0.3676975667476654,-0.09052055329084396,0.6562937498092651,0.3141278326511383,-0.09324212372303009,0.6867789626121521,0.542299747467041,-0.061636485159397125,0.6899034380912781,0.47075533866882324,-0.07889126986265182,0.6963220834732056,0.42655906081199646,-0.08187967538833618,0.6977472305297852,0.3767610788345337,-0.08378241956233978
0.6318679451942444,0.7193964719772339,1.0790625282197652e-07,0.5798057913780212,0.702641487121582,-0.031153084710240364,0.5455892086029053,0.6502103209495544,-0.056572385132312775,0.5448723435401917,0.6007484793663025,-0.07940009236335754,0.5642848014831543,0.5536679029464722,-0.10178614407777786,0.5387598872184753,0.5075255036354065,-0.03177379444241524,0.5222960710525513,0.4073995053768158,-0.0544525608420372,0.5162603855133057,0.34562039375305176,-0.06967084109783173,0.5146870613098145,0.28733742237091064,-0.08314977586269379,0.5807066559791565,0.4993588328361511,-0.037792935967445374,0.5864701867103577,0.40988221764564514,-0.08758730441331863,0.5955272316932678,0.4594431519508362,-0.10597461462020874,0.5999754667282104,0.5070730447769165,-0.10537976026535034,0.6210874319076538,0.5050462484359741,-0.047892309725284576,0.6242340803146362,0.40368205308914185,-0.07936984300613403,0.6251664161682129,0.34681031107902527,-0.08965163677930832,0.6208221912384033,0.29351285099983215,-0.09271560609340668,0.6571153402328491,0.5252510905265808,-0.06036188080906868,0.6579275727272034,0.4516109526157379,-0.07802323251962662,0.6635932922363281,0.40561729669570923,-0.08155904710292816,0.6645394563674927,0.3549162745475769,-0.08379378914833069
0.614471971988678,0.7062666416168213,1.227957113769662e-07,0.5628864765167236,0.692672848701477,-0.032608725130558014,0.5272208452224731,0.6412059664726257,-0.05890357494354248,0.5227653384208679,0.59224933385849,-0.08259226381778717,0.5417373180389404,0.5438307523727417,-0.10570749640464783,0.5166692137718201,0.5005878806114197,-0.031082594767212868,0.49730199575424194,0.4010376036167145,-0.054636336863040924,0.48825734853744507,0.33933064341545105,-0.07089661806821823,0.4857119023799896,0.2809430658817291,-0.08505290746688843,0.5581952929496765,0.4896264672279358,-0.036556415259838104,0.5579501986503601,0.40104028582572937,-0.08702640980482101,0.5661496520042419,0.451151579618454,-0.10556847602128983,0.5730116963386536,0.4995135962963104,-0.10463842004537582,0.5985956192016602,0.4927907884120941,-0.046426936984062195,0.5968427062034607,0.39278197288513184,-0.07740774005651474,0.595560610294342,0.3366231918334961,-0.08702441304922104,0.5910423994064331,0.284126341342926,-0.0896172970533371,0.6351430416107178,0.5114462971687317,-0.059018246829509735,0.6344075202941895,0.43975943326950073,-0.07581149786710739,0.6384810209274292,0.3939587473869324,-0.07891251891851425,0.6387617588043213,0.34287694096565247,-0.08087251335382462
0.6023333072662354,0.6860408782958984,1.4506511547551781e-07,0.5518114566802979,0.6741807460784912,-0.03244487941265106,0.5138249397277832,0.6249536275863647,-0.05856730043888092,0.506024181842804,0.5769907832145691,-0.08258981257677078,0.5230711698532104,0.5261329412460327,-0.10632051527500153,0.4998299479484558,0.48883339762687683,-0.029431210830807686,0.475391685962677,0.3924905061721802,-0.0512925423681736,0.4603146016597748,0.33260661363601685,-0.06553055346012115,0.4527260363101959,0.2760513424873352,-0.07915238291025162,0.5403167009353638,0.4755246937274933,-0.03600241243839264,0.5284286141395569,0.396359384059906,-0.08746299147605896,0.5324247479438782,0.4513167142868042,-0.1059814840555191,0.5417810082435608,0.5011262893676758,-0.10499198734760284,0.5816420912742615,0.4767993986606598,-0.047381363809108734,0.5751445293426514,0.3836924433708191,-0.08229251950979233,0.5691025257110596,0.3234761357307434,-0.09703779965639114,0.5630257725715637,0.2650788724422455,-0.1032993420958519,0.6212599873542786,0.4939536452293396,-0.061041295528411865,0.6356875896453857,0.42472735047340393,-0.08353322744369507,0.6495583653450012,0.3787997364997864,-0.09217637777328491,0.6579301357269287,0.3273884654045105,-0.098039411008358
0.6022730469703674,0.6855208277702332,1.6121039436711726e-07,0.553398609161377,0.6733957529067993,-0.03371686488389969,0.5157476663589478,0.6247561573982239,-0.06020088866353035,0.5076054334640503,0.5771254301071167,-0.0842190831899643,0.5236821174621582,0.5256630182266235,-0.10784853994846344,0.5004599690437317,0.4865722954273224,-0.030293570831418037,0.4762803316116333,0.3915722072124481,-0.05212908238172531,0.4609854817390442,0.3307548463344574,-0.06603604555130005,0.4535953402519226,0.27394622564315796,-0.07929453998804092,0.541491687297821,0.4724176824092865,-0.03581879287958145,0.5305034518241882,0.3941144347190857,-0.08667365461587906,0.5370463728904724,0.4507971405982971,-0.10435649007558823,0.5484254956245422,0.5017451047897339,-0.10256867110729218,0.583219587802887,0.4739978313446045,-0.04627734422683716,0.5782221555709839,0.38251668214797974,-0.0808035284280777,0.5734176635742188,0.3227379322052002,-0.09560881555080414,0.5676568150520325,0.26380786299705505,-0.10199534893035889,0.6224058866500854,0.4930686354637146,-0.05906839296221733,0.6411705613136292,0.4272676408290863,-0.08150745928287506,0.657233715057373,0.3829967677593231,-0.09052404761314392,0.6667559146881104,0.3324837386608124,-0.09669514000415802
0.6073474287986755,0.6821326017379761,1.3723037284307793e-07,0.5586572885513306,0.6676746606826782,-0.030141351744532585,0.5224902033805847,0.6200143098831177,-0.0552099272608757,0.516812801361084,0.5716732144355774,-0.07836469262838364,0.532354474067688,0.5219942331314087,-0.10116630047559738,0.5092547535896301,0.4832552969455719,-0.030079586431384087,0.48322805762290955,0.3904534876346588,-0.05174713209271431,0.4678114056587219,0.32852262258529663,-0.06415590643882751,0.4607009291648865,0.27241575717926025,-0.07587581872940063,0.5501028895378113,0.4695102274417877,-0.03655954450368881,0.5395342707633972,0.3960929811000824,-0.08526746928691864,0.544587254524231,0.45541611313819885,-0.10055335611104965,0.5524003505706787,0.5050387382507324,-0.0976438820362091,0.5922774076461792,0.4723896384239197,-0.04781339317560196,0.589483380317688,0.3825817108154297,-0.08372283726930618,0.5857750177383423,0.3235797882080078,-0.1005014181137085,0.5791175961494446,0.26374804973602295,-0.10836847126483917,0.6313850283622742,0.4932507574558258,-0.060650184750556946,0.6596962213516235,0.4316917359828949,-0.08627557754516602,0.6825467944145203,0.3912503123283386,-0.09789855778217316,0.697198212146759,0.34505242109298706,-0.10559926927089691
0.6273569464683533,0.6852117776870728,2.8222880033013098e-08,0.5747717618942261,0.6674364805221558,-0.030370600521564484,0.542445957660675,0.6145220994949341,-0.05408232659101486,0.5529022216796875,0.5623070001602173,-0.07538175582885742,0.5815823078155518,0.518314003944397,-0.0958179384469986,0.5488992929458618,0.4659118354320526,-0.027150925248861313,0.5325534343719482,0.3671584725379944,-0.04574364796280861,0.5251762866973877,0.30507561564445496,-0.05738784372806549,0.5240592360496521,0.24576105177402496,-0.06982380151748657,0.594653308391571,0.4560721814632416,-0.03265480697154999,0.5973162651062012,0.3833658993244171,-0.08025413751602173,0.6002888083457947,0.44540828466415405,-0.09720724076032639,0.6041468977928162,0.4994794726371765,-0.09589878469705582,0.6376137137413025,0.4631565809249878,-0.04235849156975746,0.6536039710044861,0.36869174242019653,-0.0756283849477768,0.6665445566177368,0.3111332654953003,-0.08884670585393906,0.67518150806427,0.25533485412597656,-0.09419471770524979,0.6755044460296631,0.48668330907821655,-0.05378936976194382,0.6977401375770569,0.42898833751678467,-0.07434479892253876,0.7165616750717163,0.3932650685310364,-0.08054862171411514,0.7294580936431885,0.3495528995990753,-0.0846022218465805
0.631567120552063,0.6827572584152222,2.1454095389117356e-08,0.5790156722068787,0.6633971333503723,-0.029993964359164238,0.5477194786071777,0.6085376143455505,-0.05320143699645996,0.5594437718391418,0.5561469197273254,-0.07397793978452682,0.5896538496017456,0.5150032043457031,-0.09384837746620178,0.5560828447341919,0.46209973096847534,-0.026462042704224586,0.5407135486602783,0.3635997176170349,-0.04500911384820938,0.5345432758331299,0.30156153440475464,-0.05679531395435333,0.5339651703834534,0.24256320297718048,-0.06933816522359848,0.6017845869064331,0.452848345041275,-0.0320536307990551,0.6047973036766052,0.381523996591568,-0.07984093576669693,0.6080458164215088,0.4441092610359192,-0.0970480740070343,0.6113300323486328,0.4980534613132477,-0.09580729901790619,0.6441672444343567,0.46078091859817505,-0.04180710390210152,0.6612033247947693,0.36760908365249634,-0.07534173130989075,0.6756174564361572,0.3094303607940674,-0.08897971361875534,0.6851058006286621,0.2523595690727234,-0.09444970637559891,0.6813769340515137,0.4851873219013214,-0.05323600023984909,0.7040897607803345,0.42806360125541687,-0.07363127917051315,0.7235084772109985,0.3927615284919739,-0.0797472819685936,0.7368212342262268,0.34912002086639404,-0.08376733213663101
0.6377665400505066,0.6817257404327393,-8.237951432121804e-10,0.585961103439331,0.6584287285804749,-0.02829810418188572,0.5567334890365601,0.60455721616745,-0.05119350925087929,0.568920910358429,0.5553717017173767,-0.07218383252620697,0.5995425581932068,0.5171143412590027,-0.09244811534881592,0.5665158629417419,0.4623401165008545,-0.02663252502679825,0.5501667857170105,0.363835871219635,-0.045754123479127884,0.5439271926879883,0.3012492060661316,-0.05755087360739708,0.543378472328186,0.24265062808990479,-0.06969854980707169,0.6105436682701111,0.45428594946861267,-0.03246914967894554,0.6140497922897339,0.38453444838523865,-0.07890849560499191,0.6177234053611755,0.44660326838493347,-0.09493119269609451,0.621181070804596,0.4988551437854767,-0.09330924600362778,0.6519447565078735,0.4626561403274536,-0.04238775745034218,0.668999433517456,0.36834168434143066,-0.07488120347261429,0.6840163469314575,0.3108018636703491,-0.08812806010246277,0.6934258937835693,0.25416257977485657,-0.09368965774774551,0.6880837082862854,0.48717182874679565,-0.053842540830373764,0.7111368179321289,0.4287852644920349,-0.07355494797229767,0.7306581139564514,0.3942721486091614,-0.07941165566444397,0.7443486452102661,0.35096243023872375,-0.08343400806188583
0.6438351273536682,0.6799408197402954,1.3098836681990633e-08,0.5939951539039612,0.6566851735115051,-0.02802397683262825,0.5654492378234863,0.6019585728645325,-0.05133545771241188,0.5786912441253662,0.5532013773918152,-0.0725623220205307,0.6094650030136108,0.5160741806030273,-0.09291894733905792,0.5760329961776733,0.45903897285461426,-0.02783898636698723,0.562512993812561,0.3610600233078003,-0.04788488149642944,0.5566075444221497,0.2998778820037842,-0.05982929468154907,0.5560463666915894,0.2408234030008316,-0.07186175137758255,0.6212086081504822,0.45291975140571594,-0.03408518061041832,0.6273928284645081,0.38394585251808167,-0.08268056809902191,0.630848228931427,0.4463981091976166,-0.09945434331893921,0.6339612603187561,0.49910426139831543,-0.0976109579205513,0.662878692150116,0.463049054145813,-0.04412897303700447,0.6820471882820129,0.3707747757434845,-0.07853613048791885,0.697699785232544,0.3133156895637512,-0.09162737429141998,0.7072706818580627,0.25529512763023376,-0.0961943045258522,0.6986681222915649,0.4882403314113617,-0.055423736572265625,0.7226696014404297,0.43026018142700195,-0.07552871853113174,0.7419473528862,0.3939594030380249,-0.08048111945390701,0.7546734809875488,0.3485828638076782,-0.0833541750907898
0.6482696533203125,0.6753649115562439,2.877964178082948e-08,0.5994901657104492,0.6521911025047302,-0.03071119636297226,0.5712708234786987,0.6000356674194336,-0.05556293949484825,0.5818054676055908,0.5524434447288513,-0.07796038687229156,0.6100696921348572,0.5124356746673584,-0.09937145560979843,0.5791204571723938,0.45860084891319275,-0.029126184061169624,0.5644864439964294,0.3619152307510376,-0.04965464398264885,0.5577737092971802,0.3005577027797699,-0.06209110841155052,0.5566182732582092,0.24229267239570618,-0.07445715367794037,0.6231204867362976,0.45129770040512085,-0.0343141108751297,0.6279940605163574,0.3814328908920288,-0.08363702148199081,0.6317948698997498,0.4451550245285034,-0.10074078291654587,0.6358376741409302,0.49926382303237915,-0.09869366139173508,0.6644065976142883,0.4604123532772064,-0.04363385587930679,0.6820647120475769,0.3671087622642517,-0.0780825987458229,0.696456789970398,0.30860885977745056,-0.09156616032123566,0.705202043056488,0.25006115436553955,-0.09644585847854614,0.7003520131111145,0.4849095642566681,-0.054485391825437546,0.7225508689880371,0.4285604953765869,-0.07459104806184769,0.7404553890228271,0.393749862909317,-0.07978031039237976,0.7524738907814026,0.3493896424770355,-0.08292338252067566
0.6524296998977661,0.6774723529815674,1.262889082198626e-08,0.6030765771865845,0.6544054746627808,-0.029893040657043457,0.5752663612365723,0.6043643951416016,-0.05504891648888588,0.5870711207389832,0.5587798357009888,-0.07772187888622284,0.6148133873939514,0.5183459520339966,-0.09950515627861023,0.5847480297088623,0.4610227942466736,-0.0321129634976387,0.5694566965103149,0.36327722668647766,-0.05428820848464966,0.5630530714988708,0.30189621448516846,-0.06772850453853607,0.5623452663421631,0.24247433245182037,-0.08052908629179001,0.6287654042243958,0.45379775762557983,-0.03771212324500084,0.6347938179969788,0.3850581645965576,-0.08741819858551025,0.6381587982177734,0.44723039865493774,-0.10458310693502426,0.6414403915405273,0.4996260106563568,-0.10312725603580475,0.670272171497345,0.46366363763809204,-0.047247305512428284,0.6881101131439209,0.3708091974258423,-0.08240672945976257,0.7032520174980164,0.3133872151374817,-0.0953589454293251,0.712523877620697,0.25567126274108887,-0.09991590678691864,0.706308126449585,0.4889172613620758,-0.058144133538007736,0.7286019325256348,0.42979511618614197,-0.07870692014694214,0.7463492155075073,0.39408671855926514,-0.0833687111735344,0.7579432725906372,0.3487548232078552,-0.08606467396020889
0.6533823609352112,0.6787329912185669,1.677601879634949e-08,0.6035155057907104,0.6572149395942688,-0.030593575909733772,0.5760100483894348,0.6065704226493835,-0.05580027028918266,0.5866350531578064,0.5608182549476624,-0.07850771397352219,0.6136276721954346,0.520021915435791,-0.10028707981109619,0.5843319296836853,0.4644234776496887,-0.03215857222676277,0.5685149431228638,0.3656116724014282,-0.0545622892677784,0.5619177222251892,0.3032248914241791,-0.06833992153406143,0.5610952973365784,0.24345453083515167,-0.08145202696323395,0.6279967427253723,0.4564801752567291,-0.037534505128860474,0.6332577466964722,0.3880211412906647,-0.08770434558391571,0.6365543603897095,0.4505971372127533,-0.10519594699144363,0.63938307762146,0.5037124156951904,-0.10389877110719681,0.6696785092353821,0.46561193466186523,-0.04694520682096481,0.6873472929000854,0.37294837832450867,-0.082208551466465,0.7024124264717102,0.31575876474380493,-0.09506624937057495,0.7112327218055725,0.2585293650627136,-0.09955722838640213,0.706006646156311,0.4904461205005646,-0.057849153876304626,0.7287582755088806,0.43127283453941345,-0.07845339179039001,0.7465415000915527,0.39494290947914124,-0.08317453414201736,0.757978081703186,0.3490198254585266,-0.08591047674417496
0.6518376469612122,0.678515613079071,1.2569397078721067e-08,0.6022334694862366,0.6562458276748657,-0.03090773895382881,0.5746583342552185,0.6072723865509033,-0.05672315135598183,0.5846260786056519,0.5630574226379395,-0.08004417270421982,0.6118265390396118,0.523399829864502,-0.10233623534440994,0.5824853777885437,0.4650227427482605,-0.033082280308008194,0.5663753747940063,0.3660965859889984,-0.05561833456158638,0.5593769550323486,0.3040199279785156,-0.06912769377231598,0.5583169460296631,0.24525675177574158,-0.08199618756771088,0.6262297630310059,0.45749977231025696,-0.03833530843257904,0.6315186023712158,0.39029625058174133,-0.08882459253072739,0.6344245672225952,0.4537520110607147,-0.10592725872993469,0.6370346546173096,0.5055464506149292,-0.10441893339157104,0.6675934791564941,0.4667675495147705,-0.04767812043428421,0.6845545172691345,0.37561631202697754,-0.08330944925546646,0.6989243030548096,0.3190761208534241,-0.09583857655525208,0.7074294686317444,0.26100048422813416,-0.10019993782043457,0.704093337059021,0.4915043115615845,-0.05854997783899307,0.7265611886978149,0.4328755736351013,-0.07950912415981293,0.7445788383483887,0.3976539075374603,-0.08414947241544724,0.7561944723129272,0.35180002450942993,-0.08686038106679916
0.6499348878860474,0.6783386468887329,3.390472969044822e-08,0.600906491279602,0.6584591269493103,-0.032542478293180466,0.5726951360702515,0.6095939874649048,-0.05906759202480316,0.5807313919067383,0.5647963285446167,-0.0829409584403038,0.6075363755226135,0.5244784355163574,-0.10591878741979599,0.5792282223701477,0.4682188630104065,-0.033823829144239426,0.5631468296051025,0.36917901039123535,-0.056355126202106476,0.5554606914520264,0.3073924779891968,-0.07031098753213882,0.5543225407600403,0.24763168394565582,-0.08381649851799011,0.6231024861335754,0.4609810709953308,-0.03904776647686958,0.6281876564025879,0.3932705521583557,-0.09097044914960861,0.6299724578857422,0.4573855698108673,-0.10934516042470932,0.632531464099884,0.5112112760543823,-0.10838045179843903,0.664785623550415,0.47000548243522644,-0.048445817083120346,0.6806211471557617,0.3791291117668152,-0.08466703444719315,0.6936669945716858,0.322176992893219,-0.09763552993535995,0.7017450332641602,0.26386845111846924,-0.10225801169872284,0.7018824815750122,0.49397334456443787,-0.05959639698266983,0.7238583564758301,0.43492257595062256,-0.08094311505556107,0.7419592142105103,0.3985975980758667,-0.08574962615966797,0.753790020942688,0.35199475288391113,-0.08860771358013153
0.6483147144317627,0.676573634147644,3.3205729721430544e-08,0.5983209013938904,0.6557737588882446,-0.030742909759283066,0.5696024894714355,0.6084756851196289,-0.056901369243860245,0.5766810774803162,0.5649259090423584,-0.08077998459339142,0.6045310497283936,0.5269469022750854,-0.10373253375291824,0.5767066478729248,0.46826857328414917,-0.033352408558130264,0.5587092041969299,0.3689563274383545,-0.05716460943222046,0.5510810613632202,0.30593860149383545,-0.07213333249092102,0.5497913360595703,0.24727430939674377,-0.08579948544502258,0.61971515417099,0.4614160358905792,-0.03880760073661804,0.624869167804718,0.39512282609939575,-0.08976509422063828,0.6282233595848083,0.4574732780456543,-0.10700815916061401,0.6304684281349182,0.5092691779136658,-0.10548858344554901,0.6613072752952576,0.47010600566864014,-0.048440638929605484,0.6756830811500549,0.3811456859111786,-0.0838332325220108,0.6891310811042786,0.3236881494522095,-0.09569325298070908,0.6966345906257629,0.2643004059791565,-0.09958197921514511,0.6984244585037231,0.4939480125904083,-0.05975877121090889,0.7201584577560425,0.43473702669143677,-0.08007106184959412,0.7385714650154114,0.39845478534698486,-0.08361390233039856,0.7505839467048645,0.35190290212631226,-0.08550256490707397
0.6442896723747253,0.6756330728530884,2.5044661455808637e-08,0.5936786532402039,0.6561166644096375,-0.030450493097305298,0.5642874240875244,0.6074212789535522,-0.05536451190710068,0.5714632272720337,0.5620444416999817,-0.07797829061746597,0.5993743538856506,0.5222040414810181,-0.09970200061798096,0.5703701972961426,0.4669457674026489,-0.030712712556123734,0.5533077120780945,0.3687630891799927,-0.05255948379635811,0.5459526181221008,0.30638182163238525,-0.0662999302148819,0.5449140667915344,0.24746084213256836,-0.07957924157381058,0.6138392090797424,0.457833856344223,-0.03616247698664665,0.6167629361152649,0.3897872567176819,-0.08564016222953796,0.619557797908783,0.4511837959289551,-0.10284073650836945,0.6224492192268372,0.5036490559577942,-0.1017584428191185,0.6553961038589478,0.46556222438812256,-0.04584683105349541,0.669567883014679,0.37434667348861694,-0.08053214102983475,0.6820297837257385,0.3183278441429138,-0.09310374408960342,0.6895121932029724,0.2617993950843811,-0.0978371724486351,0.6926026344299316,0.4889090955257416,-0.05721128731966019,0.714033842086792,0.4299659729003906,-0.07804044336080551,0.7320298552513123,0.39419519901275635,-0.08323322981595993,0.7440631985664368,0.3485215902328491,-0.0865442156791687
0.645176112651825,0.6745742559432983,4.296025579719753e-08,0.595278799533844,0.6555766463279724,-0.030570467934012413,0.5649216175079346,0.60873943567276,-0.055557649582624435,0.5711091160774231,0.5638701319694519,-0.07818514853715897,0.5987038016319275,0.5253288149833679,-0.09996096789836884,0.5699046850204468,0.46733489632606506,-0.031637050211429596,0.5521809458732605,0.3690929412841797,-0.05255070701241493,0.5450796484947205,0.3069450557231903,-0.06543819606304169,0.5439493060112,0.24876166880130768,-0.07805000245571136,0.6137815713882446,0.4583224654197693,-0.036824095994234085,0.6168362498283386,0.390714168548584,-0.08489615470170975,0.6196110844612122,0.44977229833602905,-0.10133510082960129,0.6222059726715088,0.49966564774513245,-0.10005931556224823,0.6555797457695007,0.4658079147338867,-0.04609251767396927,0.6691015362739563,0.37408727407455444,-0.07960017770528793,0.6807224154472351,0.31836867332458496,-0.09134039282798767,0.6874768733978271,0.26226964592933655,-0.09563403576612473,0.6927450895309448,0.4889858365058899,-0.0571184940636158,0.7134025692939758,0.4291391968727112,-0.07770650088787079,0.7311185598373413,0.3927936851978302,-0.0826200395822525,0.7431376576423645,0.34704986214637756,-0.0854928269982338
0.6451199650764465,0.6717581152915955,3.557235928042246e-08,0.594262421131134,0.6518576741218567,-0.03068639151751995,0.5653497576713562,0.602280855178833,-0.056363437324762344,0.5709868669509888,0.5574913620948792,-0.0800163671374321,0.5982712507247925,0.5177610516548157,-0.10277286171913147,0.5707030892372131,0.46491745114326477,-0.03174892067909241,0.5523653030395508,0.36493995785713196,-0.0550241693854332,0.5448014140129089,0.30276915431022644,-0.07010377943515778,0.5438683032989502,0.2431088089942932,-0.08419901877641678,0.6134474873542786,0.4577717185020447,-0.03766177222132683,0.6170092225074768,0.38900554180145264,-0.08824115246534348,0.6188392639160156,0.4484691023826599,-0.10581712424755096,0.6202685236930847,0.4993515610694885,-0.10507586598396301,0.6548221707344055,0.46555137634277344,-0.04787195846438408,0.6675411462783813,0.37426573038101196,-0.08227217942476273,0.6797288656234741,0.31704211235046387,-0.09311066567897797,0.6870312690734863,0.2600875496864319,-0.09672047197818756,0.692309558391571,0.48742425441741943,-0.06008097156882286,0.7101955413818359,0.42475539445877075,-0.07966091483831406,0.7264692783355713,0.3866457939147949,-0.0829719826579094,0.7370116114616394,0.3394865393638611,-0.08504437655210495
0.6452180743217468,0.669514536857605,9.82913217484338e-09,0.5947269201278687,0.6522326469421387,-0.032380610704422,0.565543532371521,0.6023344397544861,-0.05846721678972244,0.5711554884910583,0.5534741282463074,-0.08167845010757446,0.5976710915565491,0.5132917165756226,-0.10352196544408798,0.5725492238998413,0.4598388671875,-0.034475669264793396,0.5541658401489258,0.3598066568374634,-0.05765160173177719,0.5473834276199341,0.29900062084198,-0.0718025416135788,0.545779824256897,0.23907022178173065,-0.08524996787309647,0.6165812611579895,0.4521494209766388,-0.039068736135959625,0.6203990578651428,0.38175100088119507,-0.09087113291025162,0.6251426339149475,0.444938987493515,-0.1084328293800354,0.6269611716270447,0.49823814630508423,-0.10704043507575989,0.6586976051330566,0.45992377400398254,-0.04765891283750534,0.674380898475647,0.3725395202636719,-0.08218621462583542,0.690363883972168,0.3156948685646057,-0.09224706143140793,0.6995914578437805,0.2598389685153961,-0.09466610848903656,0.6953414082527161,0.48149573802948,-0.05831635370850563,0.7103888988494873,0.4162041246891022,-0.07613924890756607,0.7248597145080566,0.376364529132843,-0.07834961265325546,0.7327752113342285,0.3275883197784424,-0.07967748492956161
0.6473965048789978,0.6735348701477051,1.536322535855561e-08,0.5965445041656494,0.6561133861541748,-0.03305746987462044,0.5672645568847656,0.606613278388977,-0.05904396250844002,0.5721948146820068,0.5597454905509949,-0.0821041464805603,0.5981003046035767,0.5185872316360474,-0.10384628921747208,0.5735990405082703,0.46761390566825867,-0.034367796033620834,0.5553364753723145,0.3673771321773529,-0.056807342916727066,0.5480111241340637,0.3072754740715027,-0.07045815140008926,0.5465459227561951,0.24746786057949066,-0.08386657387018204,0.617072343826294,0.4606139063835144,-0.03898924961686134,0.6197139024734497,0.3916075527667999,-0.09074898809194565,0.623414933681488,0.45476776361465454,-0.10868432372808456,0.6260186433792114,0.5078629851341248,-0.10782790184020996,0.6588367819786072,0.4689117968082428,-0.04779040813446045,0.6729829907417297,0.38168302178382874,-0.08286362886428833,0.6865465641021729,0.3247184157371521,-0.09402921050786972,0.694487452507019,0.26800501346588135,-0.09750817716121674,0.6960211992263794,0.4905288815498352,-0.0586814284324646,0.7116531133651733,0.42639246582984924,-0.07782777398824692,0.7264026999473572,0.3872402310371399,-0.0813371017575264,0.734689474105835,0.3384254276752472,-0.08372516930103302
0.6422715187072754,0.6764522790908813,4.420221344503261e-08,0.5909111499786377,0.6604871153831482,-0.029726382344961166,0.5591351985931396,0.611538290977478,-0.05488557741045952,0.5626722574234009,0.5654808282852173,-0.07809802889823914,0.5909246802330017,0.5276051163673401,-0.10071035474538803,0.5663357973098755,0.4723178446292877,-0.03189244121313095,0.5490043759346008,0.3718160390853882,-0.05464255437254906,0.542144238948822,0.3095749616622925,-0.0696234256029129,0.5408262610435486,0.2502240538597107,-0.08387245982885361,0.6097524166107178,0.46446284651756287,-0.038491446524858475,0.613730251789093,0.39344096183776855,-0.0890592411160469,0.6156815886497498,0.4496397078037262,-0.10761427134275436,0.6151805520057678,0.49878716468811035,-0.10777950286865234,0.6516155004501343,0.471745103597641,-0.04897703602910042,0.6650075912475586,0.38019493222236633,-0.08315926790237427,0.677455723285675,0.3226957321166992,-0.09408841282129288,0.6837797164916992,0.26642999053001404,-0.09774816036224365,0.6889444589614868,0.49378880858421326,-0.061370112001895905,0.7065526247024536,0.42933231592178345,-0.0810406506061554,0.7223865985870361,0.3894909620285034,-0.08444884419441223,0.7318474650382996,0.3413790762424469,-0.08649976551532745
0.5901810526847839,0.6567594408988953,7.179344407859389e-08,0.5385777354240417,0.6409257650375366,-0.022658826783299446,0.5048518180847168,0.5934008359909058,-0.043239742517471313,0.4999944269657135,0.5495949387550354,-0.063039131462574,0.5219913125038147,0.5192370414733887,-0.0823805034160614,0.5049627423286438,0.45709511637687683,-0.02323693409562111,0.4866875410079956,0.3644774258136749,-0.04409947618842125,0.4767046570777893,0.3068405091762543,-0.05793223902583122,0.47561371326446533,0.25338536500930786,-0.07012111693620682,0.5469744205474854,0.447356253862381,-0.030559761449694633,0.5438691973686218,0.3785860538482666,-0.07380151748657227,0.5441567301750183,0.4278106093406677,-0.08853766322135925,0.5450851321220398,0.47056546807289124,-0.08720584213733673,0.5904929041862488,0.4511653184890747,-0.04152436926960945,0.5977674722671509,0.3623184561729431,-0.07060365378856659,0.6021043658256531,0.31027525663375854,-0.07994742691516876,0.6037991046905518,0.25926142930984497,-0.08260529488325119,0.6297620534896851,0.4704521596431732,-0.053993042558431625,0.6465904116630554,0.4069216549396515,-0.07167992740869522,0.6612308621406555,0.36810004711151123,-0.07532637566328049,0.671897292137146,0.3244223892688751,-0.07679682224988937
0.5065317153930664,0.5933859348297119,1.0299847019723529e-07,0.4551498591899872,0.5815094709396362,-0.028398782014846802,0.4130738377571106,0.5325628519058228,-0.0514136478304863,0.39381301403045654,0.48918673396110535,-0.073176808655262,0.4092705249786377,0.44063642621040344,-0.09395475685596466,0.4146761894226074,0.3998166620731354,-0.02166029065847397,0.3934435248374939,0.3069770038127899,-0.04193006828427315,0.38085317611694336,0.25193461775779724,-0.056484661996364594,0.3770395517349243,0.19834944605827332,-0.0709020346403122,0.4517074525356293,0.3887940049171448,-0.028758717700839043,0.4342007637023926,0.31849443912506104,-0.07635574042797089,0.4233471155166626,0.3709713816642761,-0.0957590639591217,0.420395165681839,0.4190486967563629,-0.09716697782278061,0.49310168623924255,0.39050737023353577,-0.04039815440773964,0.4938163161277771,0.3016648292541504,-0.07311896979808807,0.4908183813095093,0.241766095161438,-0.08668152242898941,0.4887685179710388,0.1842459887266159,-0.09266047179698944,0.5337596535682678,0.40771400928497314,-0.05405047908425331,0.5518335700035095,0.34537893533706665,-0.07471612840890884,0.567682147026062,0.30374741554260254,-0.0816604346036911,0.5791500806808472,0.2595430016517639,-0.08631087094545364
0.4934816360473633,0.6024084091186523,5.335468955536271e-08,0.4428936541080475,0.5910279750823975,-0.027038948610424995,0.3988792300224304,0.5434348583221436,-0.047544077038764954,0.3764319121837616,0.5012602210044861,-0.06632506847381592,0.3898795545101166,0.4551554322242737,-0.08354731649160385,0.3978790044784546,0.4138401746749878,-0.021549103781580925,0.37371590733528137,0.3204350173473358,-0.042912472039461136,0.3594510555267334,0.2658490538597107,-0.05689247325062752,0.3551856577396393,0.2120371311903,-0.0701613798737526,0.43346530199050903,0.40095606446266174,-0.029034702107310295,0.4096982181072235,0.3313392698764801,-0.07710784673690796,0.3983740508556366,0.38960567116737366,-0.0944865420460701,0.3980492949485779,0.4410276412963867,-0.09364833682775497,0.4744706451892853,0.40093353390693665,-0.041414774954319,0.4712187349796295,0.31284868717193604,-0.07605350762605667,0.4666590690612793,0.25349923968315125,-0.0912354588508606,0.46344053745269775,0.19506776332855225,-0.0975113958120346,0.5156933069229126,0.4166055917739868,-0.05545170605182648,0.5335063338279724,0.35412007570266724,-0.07677238434553146,0.5505064725875854,0.3114388883113861,-0.08459196984767914,0.562211275100708,0.26698917150497437,-0.08975429832935333
0.49537110328674316,0.5994285345077515,8.37867659697622e-08,0.44595155119895935,0.5895674228668213,-0.0255941953510046,0.40228885412216187,0.5432319045066833,-0.046822335571050644,0.38007232546806335,0.5019057989120483,-0.06704030930995941,0.39031991362571716,0.45371147990226746,-0.08634737879037857,0.39986738562583923,0.4130297899246216,-0.021870378404855728,0.3749047815799713,0.3188540041446686,-0.04281793534755707,0.36169731616973877,0.26312458515167236,-0.05710039660334587,0.35804465413093567,0.20877154171466827,-0.0705692246556282,0.43559807538986206,0.40060368180274963,-0.02980915457010269,0.4145760238170624,0.33157336711883545,-0.0777958407998085,0.4029390811920166,0.3850580155849457,-0.09632337093353271,0.4009034037590027,0.4337483048439026,-0.09672416746616364,0.4763026833534241,0.4002602696418762,-0.04214068874716759,0.47254887223243713,0.3104695677757263,-0.07641387730836868,0.46613842248916626,0.2511232793331146,-0.09138661623001099,0.461752325296402,0.19399993121623993,-0.09780056029558182,0.5167276263237,0.4154638648033142,-0.05593939125537872,0.5341660976409912,0.3522166907787323,-0.07802125066518784,0.5499919652938843,0.3088017702102661,-0.08605100959539413,0.5615573525428772,0.26332759857177734,-0.09110230207443237
0.4994257390499115,0.6126886606216431,6.569336363781986e-08,0.4472772181034088,0.6000863313674927,-0.023831365630030632,0.40376362204551697,0.5504933595657349,-0.04429567977786064,0.3849935531616211,0.5066953897476196,-0.06419523805379868,0.40439122915267944,0.4648837447166443,-0.08315692096948624,0.406851202249527,0.41756653785705566,-0.0199016984552145,0.38510143756866455,0.32343247532844543,-0.04037584736943245,0.3722415566444397,0.2695152759552002,-0.053594980388879776,0.36885762214660645,0.2163698375225067,-0.06667208671569824,0.44419169425964355,0.4068508446216583,-0.02934509702026844,0.42550262808799744,0.33428144454956055,-0.07867524027824402,0.41438063979148865,0.38960111141204834,-0.09633631259202957,0.41253870725631714,0.4395463168621063,-0.09557905048131943,0.48625609278678894,0.40938156843185425,-0.04310686141252518,0.4858154356479645,0.3193293809890747,-0.07863333076238632,0.48127272725105286,0.25932854413986206,-0.09255547821521759,0.4783209562301636,0.20238567888736725,-0.09776488691568375,0.5265772938728333,0.4270983338356018,-0.05828218534588814,0.5466252565383911,0.3628137707710266,-0.08116573840379715,0.5627594590187073,0.3205927014350891,-0.08880814909934998,0.5739231109619141,0.27588850259780884,-0.09341634809970856
0.3967311978340149,0.7992033958435059,6.229602433904802e-08,0.3400067090988159,0.8089625835418701,-0.009010329842567444,0.284132719039917,0.7826312780380249,-0.025504712015390396,0.2443511039018631,0.7713065147399902,-0.04557596147060394,0.23712970316410065,0.7389195561408997,-0.06543425470590591,0.2754417061805725,0.6542291045188904,-0.008779090829193592,0.23086991906166077,0.5692314505577087,-0.026490680873394012,0.20603057742118835,0.5222621560096741,-0.03631678223609924,0.19294004142284393,0.4792858362197876,-0.04573608189821243,0.30136537551879883,0.6417340040206909,-0.024175100028514862,0.2505466938018799,0.602559506893158,-0.06869952380657196,0.23698344826698303,0.6665895581245422,-0.08279469609260559,0.23961511254310608,0.7119013667106628,-0.07977747172117233,0.3344154953956604,0.6336670517921448,-0.042817238718271255,0.3074897527694702,0.5591257214546204,-0.07262155413627625,0.283790647983551,0.5148146748542786,-0.08401381969451904,0.2654191255569458,0.47070738673210144,-0.0882347971200943,0.37033331394195557,0.6428731679916382,-0.062295809388160706,0.3827369213104248,0.5780110359191895,-0.08227632939815521,0.39143750071525574,0.5290210843086243,-0.09066078811883926,0.39636343717575073,0.4780538082122803,-0.09559635072946548
0.49602019786834717,0.8350540995597839,-3.4303383245060104e-08,0.44438737630844116,0.8430080413818359,-0.02433018945157528,0.392342746257782,0.8241817951202393,-0.05103288218379021,0.36944472789764404,0.8071960210800171,-0.07833250612020493,0.3833821713924408,0.7770657539367676,-0.10627006739377975,0.3775983154773712,0.6844345927238464,-0.0419270284473896,0.33915242552757263,0.5913019776344299,-0.06403594464063644,0.32557860016822815,0.5403820276260376,-0.07740946859121323,0.3181288242340088,0.48828181624412537,-0.090089812874794,0.4171238839626312,0.6704551577568054,-0.05081349238753319,0.40251755714416504,0.6391888856887817,-0.09636518359184265,0.4023311734199524,0.6948750615119934,-0.11203166097402573,0.4057755768299103,0.7290074825286865,-0.11344970017671585,0.46226227283477783,0.6678828597068787,-0.062076397240161896,0.4542686939239502,0.6012465357780457,-0.09666188806295395,0.44041091203689575,0.562991201877594,-0.10658612847328186,0.43039974570274353,0.5220108032226562,-0.10996410995721817,0.5069732666015625,0.6791541576385498,-0.0746399387717247,0.5232086181640625,0.6145049333572388,-0.10008205473423004,0.5351648330688477,0.5719305872917175,-0.10569571703672409,0.5449340343475342,0.525945782661438,-0.10716439038515091
