0.7438691258430481,0.7735703587532043,1.7752797987213853e-07,0.6937808990478516,0.7407050728797913,-0.018059702590107918,0.6523272395133972,0.6765721440315247,-0.032508157193660736,0.6239487528800964,0.6206800937652588,-0.049099620431661606,0.6337598562240601,0.5711094737052917,-0.06283143162727356,0.6736645698547363,0.5763754844665527,0.0002610150258988142,0.6597436666488647,0.4930020272731781,-0.03469964861869812,0.6441202759742737,0.512040376663208,-0.06425406783819199,0.6379278898239136,0.5531578660011292,-0.07803290337324142,0.7029498219490051,0.5617998242378235,-0.003538095857948065,0.7034586071968079,0.46557679772377014,-0.017595773562788963,0.7045314908027649,0.40577417612075806,-0.029372554272413254,0.7084859013557434,0.3581000864505768,-0.03703301399946213,0.7338682413101196,0.5687293410301208,-0.014252109453082085,0.7334844470024109,0.4830971360206604,-0.023683451116085052,0.7328907251358032,0.4240427017211914,-0.025703633204102516,0.7329961657524109,0.37316906452178955,-0.02650398202240467,0.762965202331543,0.5912975072860718,-0.028428416699171066,0.760437548160553,0.525074303150177,-0.03317778557538986,0.7599089741706848,0.48016268014907837,-0.02845647558569908,0.7608833909034729,0.4382370710372925,-0.023892629891633987
0.7238809466362,0.7683299779891968,1.8856401595712668e-07,0.6744711399078369,0.7432560324668884,-0.017043640837073326,0.6310395002365112,0.6827676296234131,-0.027403905987739563,0.6042562127113342,0.6298995614051819,-0.0394674651324749,0.6149004697799683,0.5805473923683167,-0.04866831749677658,0.6456053256988525,0.5839148163795471,-0.00019671696645673364,0.6276953816413879,0.5075728297233582,-0.02964397892355919,0.6194257736206055,0.5269922614097595,-0.05281887948513031,0.6201167702674866,0.5652799010276794,-0.06321041285991669,0.6772246956825256,0.5633352994918823,-0.0036457772366702557,0.6734653115272522,0.4716006815433502,-0.01581677794456482,0.6734176874160767,0.41731324791908264,-0.026680968701839447,0.6759647130966187,0.3747408390045166,-0.03419756144285202,0.7109807133674622,0.5668503642082214,-0.013496041297912598,0.7245779037475586,0.48828956484794617,-0.027776146307587624,0.7353698015213013,0.4344745874404907,-0.03691406920552254,0.7435169219970703,0.3885346055030823,-0.042232315987348557,0.7420958280563354,0.589043378829956,-0.025673268362879753,0.7659518122673035,0.5322709679603577,-0.038843218237161636,0.7849716544151306,0.49357110261917114,-0.04192623496055603,0.8016965389251709,0.4574342966079712,-0.04242122918367386
0.7207709550857544,0.7713497281074524,1.7215954528637667e-07,0.6721675992012024,0.7422658205032349,-0.015415177680552006,0.6303160190582275,0.6780431270599365,-0.025972848758101463,0.6067766547203064,0.6182196736335754,-0.03869624808430672,0.6176691651344299,0.5658197999000549,-0.04872303456068039,0.6400760412216187,0.5885137319564819,0.006375760771334171,0.6256824731826782,0.5091053247451782,-0.02119663916528225,0.6201751232147217,0.5239557027816772,-0.0458490215241909,0.6207054853439331,0.5566471815109253,-0.05801409110426903,0.6656009554862976,0.5724512338638306,0.0021656453609466553,0.6617118120193481,0.47856295108795166,-0.007915347814559937,0.6619726419448853,0.42430052161216736,-0.019986284896731377,0.6646362543106079,0.3796088695526123,-0.02907051518559456,0.693800151348114,0.5759968161582947,-0.008403846994042397,0.6861416697502136,0.49245667457580566,-0.016398606821894646,0.6837098002433777,0.4384143054485321,-0.02279888652265072,0.6829872727394104,0.39065396785736084,-0.0280575230717659,0.722640872001648,0.5926782488822937,-0.021916406229138374,0.7133124470710754,0.5298998951911926,-0.02649681642651558,0.7109420299530029,0.48778483271598816,-0.025353876873850822,0.7106016278266907,0.44750547409057617,-0.024907724931836128
0.7683369517326355,0.7938636541366577,2.434139787510503e-07,0.7163071632385254,0.7672845125198364,-0.02023126743733883,0.668488621711731,0.695519208908081,-0.031715571880340576,0.6377081274986267,0.6319161653518677,-0.04530146345496178,0.6551375985145569,0.5828714370727539,-0.05581623688340187,0.6756994724273682,0.5882673263549805,0.004084289073944092,0.656255841255188,0.5042688846588135,-0.02932983636856079,0.6539344191551208,0.5146576762199402,-0.055569637566804886,0.6608229875564575,0.5523314476013184,-0.06646642833948135,0.7107071876525879,0.5649513006210327,0.0013623182894662023,0.7029235363006592,0.4637863039970398,-0.009539609774947166,0.7006708979606628,0.4049728512763977,-0.01897299662232399,0.7008506655693054,0.36171868443489075,-0.024719994515180588,0.7495645880699158,0.5683373212814331,-0.00936528667807579,0.761664628982544,0.4809810519218445,-0.022939056158065796,0.7712277173995972,0.4219798445701599,-0.0302631426602602,0.7779126763343811,0.37342363595962524,-0.03370371833443642,0.7860143184661865,0.5924290418624878,-0.02323583886027336,0.8071715235710144,0.5298570394515991,-0.03569570928812027,0.8242675065994263,0.4884628355503082,-0.03727295249700546,0.8392139077186584,0.4493001699447632,-0.03619109466671944
0.7719120383262634,0.7907665371894836,2.665826457359799e-07,0.7204336524009705,0.765000581741333,-0.019417239353060722,0.6728876233100891,0.6975052952766418,-0.03016619198024273,0.6420695781707764,0.6332612037658691,-0.04315818101167679,0.6607190370559692,0.5819297432899475,-0.05302663519978523,0.6772229671478271,0.5908121466636658,0.0027180600445717573,0.654680073261261,0.5082884430885315,-0.028376908972859383,0.6535625457763672,0.5154022574424744,-0.051943857222795486,0.6626620292663574,0.5494645833969116,-0.061841096729040146,0.7130246162414551,0.564506471157074,-0.0007301921723410487,0.7020039558410645,0.464235782623291,-0.012336786836385727,0.6974297165870667,0.4052584767341614,-0.023011544719338417,0.6963070631027222,0.3621090054512024,-0.029895123094320297,0.7533431053161621,0.5666212439537048,-0.011406824924051762,0.7674182653427124,0.47822579741477966,-0.026885658502578735,0.7784371972084045,0.42063209414482117,-0.03643419221043587,0.7864242196083069,0.37346771359443665,-0.04156625643372536,0.7921605110168457,0.5902775526046753,-0.0247688926756382,0.8221602439880371,0.5329538583755493,-0.04094137251377106,0.844878077507019,0.49560147523880005,-0.04543355107307434,0.8643925786018372,0.46036386489868164,-0.0460176020860672
0.7755981683731079,0.7889308929443359,2.046359668383957e-07,0.7234658002853394,0.7647785544395447,-0.02196536958217621,0.6757063269615173,0.6979386806488037,-0.03444499149918556,0.6422958970069885,0.6342250108718872,-0.04910099133849144,0.6571618318557739,0.5825146436691284,-0.05967739224433899,0.6770111322402954,0.5914098024368286,0.004992770031094551,0.6499029994010925,0.5106422305107117,-0.03013332188129425,0.6502271890640259,0.52252197265625,-0.05666628107428551,0.6606801152229309,0.5574581027030945,-0.06746795028448105,0.7094610929489136,0.5641368627548218,0.002756125293672085,0.6862260699272156,0.4668564200401306,-0.00960833765566349,0.6725375652313232,0.4101543426513672,-0.019428294152021408,0.6624757647514343,0.36610275506973267,-0.0251468513160944,0.7497184872627258,0.5627703070640564,-0.007848821580410004,0.7496419548988342,0.47449013590812683,-0.021434569731354713,0.7488682866096497,0.4200068414211273,-0.027667585760354996,0.7458164095878601,0.37444549798965454,-0.030529357492923737,0.7908212542533875,0.5831510424613953,-0.02196449041366577,0.8089919090270996,0.5221344828605652,-0.03231041505932808,0.8228275775909424,0.48231229186058044,-0.032548688352108,0.8337289094924927,0.4440394639968872,-0.03086128458380699
0.7826220989227295,0.7899006009101868,2.1356703427954926e-07,0.7297011017799377,0.7595474123954773,-0.020269017666578293,0.6840788722038269,0.6878942251205444,-0.03397713974118233,0.6590734124183655,0.6197858452796936,-0.04962872713804245,0.67471843957901,0.5652797818183899,-0.06257794797420502,0.6875403523445129,0.5826245546340942,0.0016478986945003271,0.6671086549758911,0.49688199162483215,-0.03182722255587578,0.666238009929657,0.5107147097587585,-0.05947595834732056,0.672772228717804,0.5446430444717407,-0.07229896634817123,0.7225199341773987,0.5616317391395569,-0.0026716352440416813,0.7153241634368896,0.4579435884952545,-0.013630080036818981,0.7139290571212769,0.39919644594192505,-0.025478141382336617,0.7149671316146851,0.34962552785873413,-0.034459687769412994,0.7597877979278564,0.5657111406326294,-0.014609198085963726,0.7570653557777405,0.4744456112384796,-0.025509241968393326,0.756466269493103,0.41547083854675293,-0.03309306502342224,0.7554498910903931,0.3613438606262207,-0.03886847570538521,0.7957411408424377,0.5874808430671692,-0.02986065298318863,0.794069766998291,0.5190801620483398,-0.03737511858344078,0.7963888645172119,0.47338905930519104,-0.03701021894812584,0.7993323802947998,0.4286009669303894,-0.036798592656850815
0.785406231880188,0.7873260974884033,2.3073569366260926e-07,0.7319561243057251,0.7572338581085205,-0.01917012222111225,0.6853760480880737,0.6821779608726501,-0.03102080523967743,0.6596775054931641,0.6126189231872559,-0.04509817436337471,0.6769918203353882,0.559869647026062,-0.05604701116681099,0.6936923265457153,0.5794451832771301,0.007572264410555363,0.6747851967811584,0.49541643261909485,-0.024049991741776466,0.6734088063240051,0.5107296109199524,-0.05153326317667961,0.6794275641441345,0.5457000732421875,-0.06427167356014252,0.7276340126991272,0.5600666999816895,0.003999927081167698,0.7245144844055176,0.4588856101036072,-0.0056653195060789585,0.7264514565467834,0.3990228772163391,-0.016725370660424232,0.7303172945976257,0.3501799702644348,-0.024633483961224556,0.7631590366363525,0.564367413520813,-0.007357125636190176,0.7578331828117371,0.4743499755859375,-0.015548914670944214,0.7556931376457214,0.4163364768028259,-0.01962216943502426,0.7541749477386475,0.3646620512008667,-0.022403471171855927,0.7978853583335876,0.5838871598243713,-0.02232743799686432,0.7911114692687988,0.5140169858932495,-0.026202989742159843,0.7898908257484436,0.46807944774627686,-0.022802826017141342,0.7900813817977905,0.4235462248325348,-0.02008727751672268
0.780919075012207,0.7818884253501892,1.9558876829250949e-07,0.7285563349723816,0.7532289028167725,-0.02019198052585125,0.6830803155899048,0.6827641725540161,-0.03416532278060913,0.6512331962585449,0.6219406127929688,-0.05030205845832825,0.6647883653640747,0.5745919942855835,-0.06312163174152374,0.6954414248466492,0.5764590501785278,0.0037456699647009373,0.680954098701477,0.488131046295166,-0.03171485289931297,0.6722274422645569,0.509453535079956,-0.06132468208670616,0.6722882390022278,0.5532709956169128,-0.07463904470205307,0.7266179323196411,0.5593758225440979,0.0005981424474157393,0.7240174412727356,0.4593794643878937,-0.012072699144482613,0.7237055897712708,0.3992980718612671,-0.023327747359871864,0.7256419062614441,0.3511701226234436,-0.030673546716570854,0.7602574825286865,0.5640761256217957,-0.010423234663903713,0.7551658153533936,0.4746623933315277,-0.019860319793224335,0.7524778246879578,0.4155459403991699,-0.022425401955842972,0.7503467798233032,0.3638269305229187,-0.02369190752506256,0.7931573390960693,0.5843568444252014,-0.025242101401090622,0.7876917719841003,0.5153104066848755,-0.03008436970412731,0.7872890830039978,0.4691798686981201,-0.02596450038254261,0.7884905338287354,0.4240224063396454,-0.02200462482869625
0.7039569616317749,0.8456449508666992,1.182783648800978e-07,0.6596168875694275,0.8175027370452881,-0.011208866722881794,0.6214519739151001,0.7651483416557312,-0.020710285753011703,0.601569414138794,0.7161683440208435,-0.03252454847097397,0.6107603907585144,0.6746309399604797,-0.04285848140716553,0.6348655819892883,0.6767969131469727,0.001177579048089683,0.6171463131904602,0.6043610572814941,-0.025096947327256203,0.6097180843353271,0.6176623702049255,-0.047572944313287735,0.6097997426986694,0.6445828676223755,-0.05838989466428757,0.6593983769416809,0.6644372344017029,-0.004787232726812363,0.6553910970687866,0.5755712985992432,-0.015347148291766644,0.655608057975769,0.5266302227973938,-0.0260345209389925,0.6592054963111877,0.4862763583660126,-0.03398306667804718,0.6855313777923584,0.668204665184021,-0.01576438918709755,0.6816501617431641,0.5872003436088562,-0.024258781224489212,0.6808921694755554,0.5373539924621582,-0.030015800148248672,0.6818872690200806,0.49325865507125854,-0.034446682780981064,0.7107090950012207,0.6849427819252014,-0.02898511476814747,0.7071979641914368,0.6233368515968323,-0.03320470452308655,0.7079858183860779,0.5846861600875854,-0.030867954716086388,0.7105589509010315,0.5498979687690735,-0.029318159446120262
0.6819133758544922,0.9405298233032227,9.354807417594202e-08,0.6392428874969482,0.9139851331710815,-0.014192091301083565,0.6005752086639404,0.8600360155105591,-0.025826655328273773,0.5734661817550659,0.8143661618232727,-0.039524320513010025,0.5835564732551575,0.7724677324295044,-0.05033533647656441,0.6113824844360352,0.7706233263015747,0.0017157259862869978,0.5950959324836731,0.6988506317138672,-0.02744864486157894,0.5877566933631897,0.7262718677520752,-0.051525894552469254,0.5880586504936218,0.7637271285057068,-0.06267550587654114,0.6336847543716431,0.7592188119888306,-0.002600142965093255,0.6265047192573547,0.6753811240196228,-0.013816097751259804,0.622770369052887,0.628098726272583,-0.0233218465000391,0.6219074726104736,0.5869214534759521,-0.0298302061855793,0.6591694951057434,0.7646693587303162,-0.012890022248029709,0.650300145149231,0.6886208057403564,-0.020768646150827408,0.6452354788780212,0.6396936774253845,-0.023916898295283318,0.641456663608551,0.5946820974349976,-0.026209035888314247,0.6852076649665833,0.7827533483505249,-0.025978999212384224,0.6769332885742188,0.725319504737854,-0.029726684093475342,0.6740894913673401,0.6869204044342041,-0.02672487497329712,0.6728346347808838,0.6494476795196533,-0.024295220151543617
0.6839666366577148,0.9637538194656372,6.064703939046012e-08,0.6412439942359924,0.9328041076660156,-0.010219627059996128,0.6056289076805115,0.8721787929534912,-0.019084958359599113,0.5815755724906921,0.8261441588401794,-0.030884189531207085,0.587254524230957,0.7853126525878906,-0.04051844775676727,0.627631425857544,0.7824590802192688,0.00514186080545187,0.6140612363815308,0.7125938534736633,-0.021863946691155434,0.6003516316413879,0.7357494235038757,-0.04470020532608032,0.5947007536888123,0.7703176736831665,-0.055518560111522675,0.6506536602973938,0.7728442549705505,-0.0012177095049992204,0.6500991582870483,0.6902018785476685,-0.011574938893318176,0.6491451859474182,0.6407104134559631,-0.020712576806545258,0.6515321731567383,0.5987366437911987,-0.027152299880981445,0.6753057241439819,0.7820388674736023,-0.013177307322621346,0.6763813495635986,0.7091915607452393,-0.02099241502583027,0.6786165833473206,0.6570115685462952,-0.024722805246710777,0.6813477873802185,0.6101018190383911,-0.027446208521723747,0.6978649497032166,0.8051173686981201,-0.027589568868279457,0.6975650191307068,0.7482715249061584,-0.03220278024673462,0.6984779834747314,0.7084329128265381,-0.02964022196829319,0.7005914449691772,0.6706202626228333,-0.027460282668471336
0.7045063376426697,0.953899085521698,1.0385547710711762e-07,0.6611707210540771,0.924507200717926,-0.015232080593705177,0.6246028542518616,0.8632608652114868,-0.027223099023103714,0.5990859866142273,0.8138284087181091,-0.04124755784869194,0.6081979274749756,0.7710882425308228,-0.05239483341574669,0.6457303166389465,0.7714391946792603,0.001242434373125434,0.6326940655708313,0.6946739554405212,-0.029141392558813095,0.6189720630645752,0.7186440825462341,-0.0542341023683548,0.6144771575927734,0.7569687962532043,-0.06565394997596741,0.6706443428993225,0.7606050968170166,-0.00303589622490108,0.6688279509544373,0.6738048791885376,-0.01446541864424944,0.6679278016090393,0.6228486895561218,-0.023785794153809547,0.6708390116691589,0.5797973275184631,-0.029893141239881516,0.69700688123703,0.7692025303840637,-0.013570141978561878,0.6980326175689697,0.6925649642944336,-0.02076558955013752,0.6993843913078308,0.6396433115005493,-0.022129321470856667,0.7012324333190918,0.5915930271148682,-0.023068271577358246,0.7209982872009277,0.7921783924102783,-0.02725069597363472,0.719933807849884,0.7330930829048157,-0.03075391985476017,0.7215069532394409,0.6928950548171997,-0.026323769241571426,0.7247161865234375,0.6540944576263428,-0.02243487536907196
0.7307748198509216,0.9182760715484619,1.352496923345825e-07,0.6867569088935852,0.8933838605880737,-0.016880683600902557,0.6486600637435913,0.835405170917511,-0.029779037460684776,0.6222555637359619,0.785306453704834,-0.04454643651843071,0.6323835849761963,0.7438302636146545,-0.056451622396707535,0.6612983345985413,0.7408550381660461,-0.00021583313355222344,0.6448778510093689,0.6643682718276978,-0.03160281851887703,0.6383302211761475,0.6860494613647461,-0.05704460293054581,0.6408466696739197,0.7245811223983765,-0.06829129159450531,0.6888957619667053,0.7261524796485901,-0.0035480798687785864,0.6857376098632812,0.6395208835601807,-0.014997434802353382,0.685941755771637,0.5888664722442627,-0.024693751707673073,0.6885784864425659,0.5465894341468811,-0.031186597421765327,0.7178961038589478,0.731127917766571,-0.013366959057748318,0.716523289680481,0.6546024084091187,-0.021395809948444366,0.716250479221344,0.6032125949859619,-0.023731255903840065,0.7160084247589111,0.5566893815994263,-0.02521565556526184,0.7452229261398315,0.7504148483276367,-0.026332758367061615,0.7427460551261902,0.6921950578689575,-0.030579738318920135,0.7429311871528625,0.652621865272522,-0.027276739478111267,0.7441999912261963,0.6140888929367065,-0.024100037291646004
0.7468211054801941,0.9049543738365173,1.652257850537353e-07,0.7021828889846802,0.8829078078269958,-0.02109399624168873,0.6630076766014099,0.8221399784088135,-0.0352495051920414,0.6367254257202148,0.7702189087867737,-0.050491832196712494,0.6508855223655701,0.7306995987892151,-0.06263294816017151,0.6727717518806458,0.7276675701141357,-0.0034386427141726017,0.6555898189544678,0.6519201397895813,-0.036680761724710464,0.6519810557365417,0.6740820407867432,-0.06292755901813507,0.6566637754440308,0.7133343815803528,-0.07426399737596512,0.7024996876716614,0.7114723324775696,-0.00509814266115427,0.6998910903930664,0.6251845359802246,-0.017485512420535088,0.7010453939437866,0.5742098093032837,-0.027549730613827705,0.7039746642112732,0.5319516658782959,-0.03392288461327553,0.7333537340164185,0.7162840962409973,-0.013763811439275742,0.731589674949646,0.6390832662582397,-0.0234010498970747,0.7317527532577515,0.5878913402557373,-0.026316747069358826,0.731194794178009,0.5411309003829956,-0.02752981334924698,0.762157142162323,0.735453188419342,-0.025827080011367798,0.7590084671974182,0.676806628704071,-0.03108295239508152,0.7590689659118652,0.6370282769203186,-0.028175273910164833,0.7597912549972534,0.5981957912445068,-0.024898923933506012
0.7478994131088257,0.8863632678985596,1.8524309552958584e-07,0.7019201517105103,0.8641810417175293,-0.016471439972519875,0.6605806350708008,0.8051885366439819,-0.02851876989006996,0.6335228681564331,0.7535388469696045,-0.042460694909095764,0.6449009776115417,0.7159188985824585,-0.05356493964791298,0.6686626672744751,0.705954909324646,0.0011284655192866921,0.6494230031967163,0.6303719878196716,-0.029359549283981323,0.6470875144004822,0.6532549858093262,-0.054305631667375565,0.6544797420501709,0.6943723559379578,-0.06509993225336075,0.698826789855957,0.6887317299842834,-0.002082015387713909,0.6963010430335999,0.598565936088562,-0.012484235689043999,0.6984969973564148,0.5468689203262329,-0.02227950468659401,0.702535092830658,0.5050866603851318,-0.02884082868695259,0.7295429706573486,0.6921588778495789,-0.0117011284455657,0.7257598638534546,0.612172544002533,-0.01942203752696514,0.7258483171463013,0.5592116117477417,-0.022545192390680313,0.7259657382965088,0.5128180980682373,-0.02452879585325718,0.7596011161804199,0.7095291018486023,-0.024289073422551155,0.754781186580658,0.6487491726875305,-0.027803439646959305,0.7543400526046753,0.6079415678977966,-0.024478795006871223,0.7547863721847534,0.5685733556747437,-0.02142193168401718
0.7169196605682373,0.845093846321106,1.4333194542359706e-07,0.673477828502655,0.8248980045318604,-0.017337137833237648,0.63116455078125,0.7744930386543274,-0.027538059279322624,0.6020066142082214,0.7267760038375854,-0.03912753984332085,0.6056505441665649,0.6797558069229126,-0.04732323810458183,0.6317471265792847,0.6834484338760376,-0.0006168538238853216,0.6050611734390259,0.6185466051101685,-0.028194593265652657,0.6044334173202515,0.6351606845855713,-0.04843685030937195,0.6137366890907288,0.6627669334411621,-0.057627297937870026,0.6573236584663391,0.6589839458465576,-0.004760109353810549,0.630331814289093,0.5778553485870361,-0.018732203170657158,0.6143524050712585,0.5288406610488892,-0.031485769897699356,0.6032498478889465,0.48413407802581787,-0.04024190455675125,0.690601646900177,0.6582717299461365,-0.014776015654206276,0.7022251486778259,0.5785822868347168,-0.034151479601860046,0.7155095934867859,0.5301609039306641,-0.046829357743263245,0.7254738807678223,0.4876781404018402,-0.05372638627886772,0.7235857248306274,0.6797118782997131,-0.026441454887390137,0.7488908171653748,0.626730740070343,-0.04499438405036926,0.7690978050231934,0.5922412872314453,-0.05136803165078163,0.7859182357788086,0.557814359664917,-0.05377228558063507
0.7197475433349609,0.8267642259597778,1.4597388542370027e-07,0.6772270798683167,0.805652379989624,-0.015315068885684013,0.6348814964294434,0.7532331943511963,-0.024672213941812515,0.608132541179657,0.7035272717475891,-0.035791609436273575,0.618986189365387,0.6596893668174744,-0.04386396333575249,0.6359642148017883,0.6617170572280884,-0.000887061411049217,0.6091070771217346,0.5937070846557617,-0.027945872396230698,0.6102465987205505,0.6109969615936279,-0.04772185534238815,0.6196995973587036,0.6416026949882507,-0.05647287890315056,0.6630966067314148,0.6389229893684387,-0.00569158885627985,0.6401960849761963,0.5555751323699951,-0.01867910847067833,0.6274105310440063,0.5070178508758545,-0.03085995465517044,0.618427038192749,0.4651746153831482,-0.03919755294919014,0.6968837380409241,0.6398400068283081,-0.016022711992263794,0.7107780575752258,0.5596327781677246,-0.03449582681059837,0.7248482704162598,0.5116550922393799,-0.04696999117732048,0.7352625727653503,0.4700750708580017,-0.05382680147886276,0.7296329736709595,0.6623932123184204,-0.02780708484351635,0.7577427625656128,0.6105206608772278,-0.04606655612587929,0.7793951034545898,0.5768861770629883,-0.05242811515927315,0.7972328662872314,0.5434672832489014,-0.054763659834861755
0.7303708791732788,0.7901661992073059,1.647691192374623e-07,0.6868165135383606,0.7682185173034668,-0.015071392059326172,0.6445317268371582,0.7172066569328308,-0.02419261634349823,0.6189855337142944,0.6663958430290222,-0.03489703685045242,0.6286320686340332,0.62154620885849,-0.04282626882195473,0.6439664363861084,0.6286007761955261,-0.002352900104597211,0.6160167455673218,0.5582408308982849,-0.028666110709309578,0.6162153482437134,0.5712106227874756,-0.04796227812767029,0.6249454021453857,0.5995105504989624,-0.05645201727747917,0.6720957159996033,0.6039832234382629,-0.006757920142263174,0.6505345106124878,0.5187087059020996,-0.018801044672727585,0.6400001645088196,0.46888357400894165,-0.030862607061862946,0.6327542066574097,0.42680689692497253,-0.03939077630639076,0.706898033618927,0.6035407781600952,-0.01640479266643524,0.7208421230316162,0.5235278606414795,-0.03439726680517197,0.7359625697135925,0.47588860988616943,-0.047827620059251785,0.7474291324615479,0.4344836175441742,-0.05553887411952019,0.7407723665237427,0.6244781613349915,-0.027337852865457535,0.7700554132461548,0.5719878673553467,-0.04573499783873558,0.7919807434082031,0.5380631685256958,-0.05291753634810448,0.8103281259536743,0.5046677589416504,-0.055879488587379456
0.6112875938415527,0.7011380195617676,2.950279167635017e-07,0.5601226687431335,0.6792792081832886,-0.014393276534974575,0.5166527032852173,0.6247044801712036,-0.024055693298578262,0.4915565550327301,0.5658369660377502,-0.035450905561447144,0.49359452724456787,0.5137500762939453,-0.04460160434246063,0.519707202911377,0.5296123027801514,0.0027553895488381386,0.4991096258163452,0.4543837904930115,-0.02446250058710575,0.49377313256263733,0.4543454647064209,-0.04581864923238754,0.49815985560417175,0.47641721367836,-0.05505658686161041,0.5491739511489868,0.5052343606948853,-0.002557257190346718,0.5314487218856812,0.41062653064727783,-0.014130724593997002,0.5218360424041748,0.35573267936706543,-0.024931736290454865,0.5161235332489014,0.3091850280761719,-0.03227054700255394,0.5839918851852417,0.5049179196357727,-0.013835337944328785,0.5932274460792542,0.41163647174835205,-0.02899676188826561,0.6015688180923462,0.35411518812179565,-0.040680233389139175,0.6074628829956055,0.3046933114528656,-0.047875143587589264,0.6178573369979858,0.5263684988021851,-0.02677709236741066,0.6384124755859375,0.4619007706642151,-0.040537212044000626,0.6535681486129761,0.41990864276885986,-0.04508461430668831,0.6662708520889282,0.3809424936771393,-0.04711835831403732
0.5326561331748962,0.6590721607208252,1.9491157843276596e-07,0.47498369216918945,0.6359955668449402,-0.014254529029130936,0.4260725975036621,0.5750089883804321,-0.02174423448741436,0.3988756239414215,0.5190185904502869,-0.031298499554395676,0.39627790451049805,0.4632488787174225,-0.03881135582923889,0.4316793382167816,0.4799724817276001,0.006669161841273308,0.4096565842628479,0.41409793496131897,-0.020337574183940887,0.40361449122428894,0.4227689802646637,-0.043863750994205475,0.40663278102874756,0.44726815819740295,-0.055722277611494064,0.4601629674434662,0.45341894030570984,0.0003813044459093362,0.4425968825817108,0.3598620891571045,-0.011236917227506638,0.4337274432182312,0.30420583486557007,-0.024698704481124878,0.43012362718582153,0.25816810131073,-0.03471855819225311,0.49473634362220764,0.4513305723667145,-0.012133833952248096,0.5016586184501648,0.363058477640152,-0.028449809178709984,0.5103834867477417,0.3049955666065216,-0.041399646550416946,0.5178725123405457,0.256203830242157,-0.0496041402220726,0.5293845534324646,0.47016680240631104,-0.0264905896037817,0.5460097193717957,0.4047813415527344,-0.04141632467508316,0.561187207698822,0.36185988783836365,-0.04555143043398857,0.5743563175201416,0.3238030672073364,-0.04743059352040291
0.4158383905887604,0.653704047203064,1.5710349998698803e-07,0.35172170400619507,0.6309393644332886,-0.004375001415610313,0.30334562063217163,0.5743521451950073,-0.007344476412981749,0.27273714542388916,0.5286505222320557,-0.014774764887988567,0.27078545093536377,0.485362708568573,-0.021405626088380814,0.32169008255004883,0.4762249290943146,0.017329607158899307,0.295509397983551,0.41563335061073303,-0.0077553968876600266,0.2775639295578003,0.42399123311042786,-0.03137186914682388,0.2709502875804901,0.44889402389526367,-0.04347975552082062,0.3435784876346588,0.44996118545532227,0.007419656030833721,0.32282891869544983,0.3579409122467041,-0.004061546176671982,0.30775097012519836,0.3017101287841797,-0.0170601736754179,0.2990664541721344,0.2547791302204132,-0.02616983838379383,0.37362369894981384,0.44558796286582947,-0.008128398098051548,0.37780120968818665,0.3515281081199646,-0.02225428633391857,0.3839421272277832,0.29033946990966797,-0.0332377552986145,0.3906029760837555,0.23922348022460938,-0.040003739297389984,0.40407970547676086,0.4624112844467163,-0.025095259770751,0.42005839943885803,0.39310091733932495,-0.03786283731460571,0.4336388111114502,0.3457484841346741,-0.041353996843099594,0.4464028775691986,0.3024577796459198,-0.042900677770376205
0.3379654586315155,0.7446538805961609,1.4956511051877897e-07,0.2795262932777405,0.7333025932312012,-0.004281449597328901,0.2300051748752594,0.684077799320221,-0.0087464340031147,0.19248200953006744,0.6452981233596802,-0.017038555815815926,0.17819121479988098,0.6017028093338013,-0.024018991738557816,0.23912687599658966,0.5825756788253784,0.011447245255112648,0.20389249920845032,0.5302772521972656,-0.011569724418222904,0.17952734231948853,0.5472768545150757,-0.03228091076016426,0.17194002866744995,0.574135422706604,-0.04304266348481178,0.25577083230018616,0.5583381056785583,0.0016659620450809598,0.23040920495986938,0.4687266945838928,-0.010646380484104156,0.21334350109100342,0.4104137420654297,-0.021241769194602966,0.20576995611190796,0.3587854206562042,-0.02848345786333084,0.2803839147090912,0.5539522767066956,-0.0129888029769063,0.28068143129348755,0.4617302715778351,-0.027020718902349472,0.2840389311313629,0.39913931488990784,-0.03597424179315567,0.28957098722457886,0.3464215099811554,-0.04122801497578621,0.30648577213287354,0.5697144865989685,-0.02893565595149994,0.31841087341308594,0.5018759965896606,-0.041362445801496506,0.3293733596801758,0.4538039565086365,-0.043632522225379944,0.34131112694740295,0.4110924005508423,-0.04416198283433914
0.3311256766319275,0.8398380279541016,1.2064793963872944e-07,0.273267537355423,0.8287534713745117,-0.005932685453444719,0.22409041225910187,0.7799668312072754,-0.012143603526055813,0.1859707534313202,0.7432283759117126,-0.0223025344312191,0.1655106097459793,0.7020944952964783,-0.03121289424598217,0.22738589346408844,0.673607349395752,0.008765334263443947,0.18905141949653625,0.6236886978149414,-0.01606835052371025,0.1694747507572174,0.6497671008110046,-0.038429759442806244,0.1662607192993164,0.6828241944313049,-0.05060115456581116,0.24508018791675568,0.6514256596565247,-0.0020946618169546127,0.21695859730243683,0.5659457445144653,-0.016074297949671745,0.1991201937198639,0.510454535484314,-0.029656192287802696,0.1914440095424652,0.46122458577156067,-0.03965819627046585,0.2703998386859894,0.6516907215118408,-0.01789156161248684,0.26777172088623047,0.5631409883499146,-0.033314477652311325,0.26832345128059387,0.5012592077255249,-0.04426104202866554,0.27095457911491394,0.44593560695648193,-0.0517229326069355,0.2974533438682556,0.6710646748542786,-0.03508002310991287,0.30782240629196167,0.6072041988372803,-0.04944746568799019,0.31834569573402405,0.5595347881317139,-0.053278155624866486,0.33024489879608154,0.5148539543151855,-0.05522013083100319
0.34741106629371643,0.8736622929573059,1.607592992058926e-07,0.2923952341079712,0.8675268888473511,-0.009379366412758827,0.24103836715221405,0.8228228092193604,-0.017219606786966324,0.20178353786468506,0.7875369191169739,-0.028224540874361992,0.18632948398590088,0.7468143701553345,-0.03731847554445267,0.24084851145744324,0.7186897397041321,0.00527379522100091,0.20652660727500916,0.6620171070098877,-0.020765474066138268,0.1872294843196869,0.6868338584899902,-0.04248819500207901,0.18475043773651123,0.7214828729629517,-0.053538911044597626,0.2587665915489197,0.6969834566116333,-0.0033370477613061666,0.2316468358039856,0.6132791042327881,-0.017076946794986725,0.21320651471614838,0.5590267777442932,-0.028341110795736313,0.20497864484786987,0.5111690163612366,-0.036164648830890656,0.2841634750366211,0.6962485909461975,-0.017354724928736687,0.2796690762042999,0.6106201410293579,-0.032182544469833374,0.27862656116485596,0.5494399070739746,-0.040450505912303925,0.2792285978794098,0.4943786561489105,-0.04573734849691391,0.31228893995285034,0.7140461802482605,-0.03321392834186554,0.3228936195373535,0.6538076996803284,-0.04786914587020874,0.3334873914718628,0.6087830066680908,-0.051112204790115356,0.34430092573165894,0.5661687254905701,-0.05209856852889061
0.42416754364967346,0.9175906777381897,1.5367491812412482e-07,0.3717511296272278,0.9046189785003662,-0.010115575045347214,0.3241540491580963,0.8696860074996948,-0.019910527393221855,0.2891363799571991,0.8409377336502075,-0.032669007778167725,0.2745811939239502,0.8001533150672913,-0.04322736710309982,0.3198759853839874,0.7679306864738464,0.0008437350043095648,0.28719937801361084,0.7072908878326416,-0.02605159766972065,0.2758982181549072,0.7365436553955078,-0.04777397960424423,0.27867835760116577,0.7748236656188965,-0.058501023799180984,0.34038659930229187,0.7475998401641846,-0.007699401583522558,0.31524449586868286,0.6627308130264282,-0.02181134931743145,0.3001731336116791,0.61070716381073,-0.033840060234069824,0.2929516136646271,0.5632736682891846,-0.042031675577163696,0.3688516318798065,0.7479658722877502,-0.02132824808359146,0.3683003783226013,0.6636179685592651,-0.03765963390469551,0.3691164553165436,0.6038737297058105,-0.0480082742869854,0.36984366178512573,0.5497238039970398,-0.054501764476299286,0.40025755763053894,0.7688007950782776,-0.036335140466690063,0.41479963064193726,0.710527241230011,-0.05196034908294678,0.42630940675735474,0.6665642857551575,-0.055014945566654205,0.4369490146636963,0.6246702075004578,-0.05566981062293053
0.4743848443031311,0.9304017424583435,2.0365315833714703e-07,0.42399439215660095,0.9127213954925537,-0.011992499232292175,0.38025227189064026,0.8760274648666382,-0.0228407084941864,0.34990429878234863,0.8438019156455994,-0.03656179830431938,0.335896760225296,0.8017144799232483,-0.04850582405924797,0.3755323886871338,0.7728827595710754,0.0005414287443272769,0.3475194573402405,0.7098289728164673,-0.02654295600950718,0.33850666880607605,0.7335846424102783,-0.04817473143339157,0.34426194429397583,0.7679604291915894,-0.058794714510440826,0.4002154767513275,0.7514668703079224,-0.0075656212866306305,0.37928521633148193,0.6660763025283813,-0.020055226981639862,0.36788690090179443,0.6135900616645813,-0.03172062709927559,0.36448705196380615,0.5670290589332581,-0.03995948284864426,0.43239930272102356,0.7527268528938293,-0.021126795560121536,0.4347982704639435,0.6677802801132202,-0.03713406249880791,0.43447548151016235,0.6117668151855469,-0.04848131164908409,0.4350169897079468,0.5618664026260376,-0.05599486455321312,0.4662659168243408,0.7760542631149292,-0.03616689145565033,0.48731473088264465,0.7218021750450134,-0.05342693626880646,0.49994775652885437,0.6806547045707703,-0.05861738696694374,0.5113228559494019,0.640634298324585,-0.06056797876954079
0.5563782453536987,0.9212859869003296,1.0238050407451738e-07,0.5091014504432678,0.9059333801269531,-0.011893906630575657,0.46577638387680054,0.8668280839920044,-0.02013181708753109,0.43836694955825806,0.8284127116203308,-0.03029092401266098,0.42974773049354553,0.7891694903373718,-0.0387180894613266,0.46280908584594727,0.765560507774353,-0.0013746308395639062,0.43534570932388306,0.7051630616188049,-0.022483976557850838,0.4380204677581787,0.7262613773345947,-0.03998570144176483,0.4465067386627197,0.7527776956558228,-0.049275804311037064,0.4896499216556549,0.7407713532447815,-0.008916988968849182,0.47212478518486023,0.655894935131073,-0.01984202302992344,0.4666424095630646,0.6080166697502136,-0.03380793705582619,0.4641660749912262,0.5649275779724121,-0.044809408485889435,0.5208708047866821,0.7407084107398987,-0.020794715732336044,0.5282490849494934,0.6561513543128967,-0.03819745033979416,0.5364287495613098,0.6019583344459534,-0.05560070648789406,0.5417570471763611,0.552807092666626,-0.06767439842224121,0.5528077483177185,0.7610377669334412,-0.033350855112075806,0.5768614411354065,0.7041674256324768,-0.05053526535630226,0.5963801145553589,0.6673553586006165,-0.05825134739279747,0.6119756698608398,0.6327959895133972,-0.06310535967350006
0.6068744659423828,0.9365428686141968,1.3679321853032889e-07,0.5609573125839233,0.9241781234741211,-0.016528116539120674,0.5158573985099792,0.8826600909233093,-0.02728823386132717,0.484412282705307,0.8440284729003906,-0.0395178459584713,0.4831240773200989,0.8008133172988892,-0.048874035477638245,0.5133112072944641,0.7750261425971985,-0.0026136611122637987,0.4852776825428009,0.7113097906112671,-0.029392234981060028,0.48265302181243896,0.7450441718101501,-0.05104446783661842,0.49042314291000366,0.7832933068275452,-0.061622124165296555,0.5396409630775452,0.753711462020874,-0.0072598448023200035,0.5212122797966003,0.67059725522995,-0.02058853954076767,0.5139880180358887,0.6212829351425171,-0.03353095427155495,0.5130607485771179,0.5765423774719238,-0.042815133929252625,0.5714719295501709,0.7545619606971741,-0.01756841130554676,0.5771420001983643,0.6752797365188599,-0.03432010859251022,0.5816555023193359,0.6229555010795593,-0.04809625819325447,0.58586585521698,0.5735732316970825,-0.056951288133859634,0.6033298969268799,0.7760359048843384,-0.029602445662021637,0.6248074769973755,0.7216120362281799,-0.04540698975324631,0.6423563361167908,0.6851983070373535,-0.05142839998006821,0.657625138759613,0.6490472555160522,-0.054359402507543564
0.6696281433105469,0.9392296671867371,1.6930971469264477e-07,0.6230204701423645,0.9257458448410034,-0.013311835937201977,0.5776121616363525,0.8792486786842346,-0.02272382378578186,0.5523434281349182,0.8365949392318726,-0.03408068045973778,0.5593670010566711,0.7973448634147644,-0.04345361888408661,0.575643002986908,0.7821199297904968,-0.006405483931303024,0.5471907258033752,0.7115761637687683,-0.032765213400125504,0.5502662658691406,0.7338621616363525,-0.052754808217287064,0.5613042116165161,0.7680689096450806,-0.06146099418401718,0.6054452061653137,0.7600197196006775,-0.012417888268828392,0.590626060962677,0.6736983060836792,-0.02387600764632225,0.5869196057319641,0.6234021186828613,-0.035444241017103195,0.5865128636360168,0.5818926692008972,-0.04373517632484436,0.6387848854064941,0.7605977654457092,-0.023198449984192848,0.6455533504486084,0.6805883646011353,-0.038479212671518326,0.6520088911056519,0.6285750865936279,-0.051876142621040344,0.6562192440032959,0.5817747712135315,-0.06058312952518463,0.6715331077575684,0.7804851531982422,-0.03525304049253464,0.6942879557609558,0.7244281768798828,-0.05106804519891739,0.713226854801178,0.6873601078987122,-0.05713871493935585,0.7293112874031067,0.6526777148246765,-0.059870604425668716
0.7413572072982788,0.9469972848892212,1.9595087508150755e-07,0.6964882016181946,0.933962345123291,-0.01957574114203453,0.6530879139900208,0.8867186307907104,-0.032194267958402634,0.630608320236206,0.8397194147109985,-0.04535480961203575,0.6407713890075684,0.7962836623191833,-0.056005965918302536,0.6521138548851013,0.7871503829956055,-0.011632888577878475,0.6270335912704468,0.71305251121521,-0.04006863012909889,0.631747305393219,0.732159435749054,-0.06138515844941139,0.6426093578338623,0.7651916742324829,-0.07072750478982925,0.684598982334137,0.764769971370697,-0.014759056270122528,0.6747130751609802,0.6770721077919006,-0.0266988854855299,0.6739975810050964,0.6287869215011597,-0.03840075805783272,0.6757472157478333,0.5895196795463562,-0.046847812831401825,0.718850314617157,0.7663201093673706,-0.023359602317214012,0.728251576423645,0.6852670311927795,-0.03906070813536644,0.7354803681373596,0.6337915658950806,-0.0523005947470665,0.7403322458267212,0.5868541598320007,-0.061040278524160385,0.7516924142837524,0.7873897552490234,-0.033791378140449524,0.7756096720695496,0.7333521842956543,-0.050256699323654175,0.7942071557044983,0.6968240737915039,-0.05690999701619148,0.8098860383033752,0.6616264581680298,-0.06000440567731857
0.7919145226478577,0.9510005116462708,2.269618448735855e-07,0.7495852708816528,0.9354690313339233,-0.02064608410000801,0.7087244391441345,0.8890187740325928,-0.03483794257044792,0.686675488948822,0.8417651057243347,-0.049320850521326065,0.6966230869293213,0.7988511919975281,-0.06136731803417206,0.7040871381759644,0.7904961705207825,-0.011924817226827145,0.6818888187408447,0.7186471223831177,-0.040874652564525604,0.6845338344573975,0.7324451208114624,-0.06268305331468582,0.6941903233528137,0.7647498846054077,-0.0722157433629036,0.7374630570411682,0.7702643275260925,-0.014115145429968834,0.7302201390266418,0.684336245059967,-0.026476724073290825,0.7297729253768921,0.6366803050041199,-0.03779818117618561,0.7308264374732971,0.5977805256843567,-0.045630648732185364,0.771964967250824,0.7722960710525513,-0.021853817626833916,0.7791624069213867,0.692054271697998,-0.03706526383757591,0.7841336727142334,0.6406990885734558,-0.048375025391578674,0.786609947681427,0.594170093536377,-0.055548474192619324,0.805229663848877,0.7923362255096436,-0.031608983874320984,0.8250410556793213,0.7381051778793335,-0.046783797442913055,0.840154230594635,0.7003379464149475,-0.052026037126779556,0.8527880311012268,0.6639983654022217,-0.05399611219763756
0.8130695819854736,0.9106759428977966,2.402644554422295e-07,0.7717082500457764,0.8934421539306641,-0.019440719857811928,0.731045126914978,0.8458330631256104,-0.03256659209728241,0.7110249400138855,0.7965183854103088,-0.04573437198996544,0.72389155626297,0.7520397901535034,-0.056624192744493484,0.7233749628067017,0.7529037594795227,-0.01299367193132639,0.7002114057540894,0.6813672780990601,-0.04182806611061096,0.705172598361969,0.6987076997756958,-0.0634310320019722,0.7156612277030945,0.7312045097351074,-0.07295893132686615,0.7568369507789612,0.7305452227592468,-0.015239270403981209,0.7501921653747559,0.6425064206123352,-0.02773198112845421,0.7510725855827332,0.5946599245071411,-0.03970882669091225,0.7524697780609131,0.5542925000190735,-0.04851917177438736,0.7907986044883728,0.7314608097076416,-0.02263624779880047,0.7985660433769226,0.6505492329597473,-0.03814565762877464,0.8049202561378479,0.6002690196037292,-0.050984807312488556,0.8078261613845825,0.5545510649681091,-0.05959690362215042,0.8241167068481445,0.7496752738952637,-0.03169583901762962,0.8436418175697327,0.6941094398498535,-0.046323902904987335,0.8585761785507202,0.6570833921432495,-0.05183916538953781,0.8698244690895081,0.6218178272247314,-0.054623108357191086
0.8178347945213318,0.724686861038208,3.0215375090847374e-07,0.7706730961799622,0.7024386525154114,-0.016851957887411118,0.7273807525634766,0.6500455141067505,-0.027727913111448288,0.7035056352615356,0.5938436388969421,-0.039758019149303436,0.7147095799446106,0.5452935695648193,-0.04965671896934509,0.7194379568099976,0.5601634979248047,-0.0029424834065139294,0.6951290369033813,0.48602157831192017,-0.03179818019270897,0.6983104944229126,0.4957890808582306,-0.05423610284924507,0.7094723582267761,0.5263113379478455,-0.06381230056285858,0.7536747455596924,0.5356521010398865,-0.006558184511959553,0.7450456619262695,0.44205981492996216,-0.018376315012574196,0.744247555732727,0.3888379633426666,-0.03066296875476837,0.7452341914176941,0.3450700044631958,-0.03932085260748863,0.78995680809021,0.5339198708534241,-0.01595952734351158,0.7961230874061584,0.44521957635879517,-0.031694017350673676,0.8022745847702026,0.3910661041736603,-0.045059312134981155,0.8061028718948364,0.3443395793437958,-0.05344851687550545,0.8262624740600586,0.5506016612052917,-0.027009986340999603,0.8456974029541016,0.4873158037662506,-0.0420062318444252,0.8612882494926453,0.4460296630859375,-0.04782494157552719,0.8739503622055054,0.4081146717071533,-0.05034835264086723
0.8132467269897461,0.6373234987258911,2.9657243771907815e-07,0.7612017393112183,0.6104337573051453,-0.018637537956237793,0.7165766358375549,0.5479604005813599,-0.030030017718672752,0.6902323365211487,0.4841245412826538,-0.042916592210531235,0.7021353840827942,0.4264838695526123,-0.05326903611421585,0.7121520638465881,0.45370328426361084,0.0009770025499165058,0.6863111257553101,0.37629836797714233,-0.030153382569551468,0.689974308013916,0.38718438148498535,-0.05530344322323799,0.7012104988098145,0.4179651439189911,-0.06650164723396301,0.7477970719337463,0.42744243144989014,-0.002312087919563055,0.7399278879165649,0.32838675379753113,-0.013802969828248024,0.7392775416374207,0.27318286895751953,-0.02692447602748871,0.7392890453338623,0.22693587839603424,-0.03653235360980034,0.7857551574707031,0.4264242351055145,-0.012339483015239239,0.7932413816452026,0.33286529779434204,-0.02846360020339489,0.7994508147239685,0.2764752507209778,-0.04214250296354294,0.8024918437004089,0.2276507318019867,-0.050888191908597946,0.8235417008399963,0.4453580975532532,-0.024406258016824722,0.8448138236999512,0.37960657477378845,-0.0396047942340374,0.8619176149368286,0.33719635009765625,-0.045438747853040695,0.8756306767463684,0.2974282503128052,-0.048135906457901
0.782611072063446,0.6033435463905334,3.1443843795386783e-07,0.7275351285934448,0.5748677849769592,-0.013828936032950878,0.6828477382659912,0.5086692571640015,-0.021780122071504593,0.6607838273048401,0.4407045543193817,-0.03208838030695915,0.6696008443832397,0.38524356484413147,-0.040193598717451096,0.6843000054359436,0.4124909043312073,0.007138659246265888,0.6602253317832947,0.3340176045894623,-0.018305836245417595,0.6616102457046509,0.33976659178733826,-0.04010877385735512,0.6717466115951538,0.3657216727733612,-0.0502312108874321,0.7201939225196838,0.38614341616630554,0.0014949679607525468,0.7148531079292297,0.28347963094711304,-0.007521189283579588,0.7140543460845947,0.22502745687961578,-0.020587816834449768,0.7148914337158203,0.17646804451942444,-0.03074195235967636,0.7576497793197632,0.3860671818256378,-0.010200350545346737,0.7678483128547668,0.2897055447101593,-0.02543083392083645,0.7757028937339783,0.23129339516162872,-0.04077693819999695,0.781021773815155,0.1812039017677307,-0.051268622279167175,0.7951254844665527,0.4056377708911896,-0.02337382175028324,0.8211081027984619,0.33882060647010803,-0.03895482048392296,0.8415742516517639,0.2964872121810913,-0.045952893793582916,0.8585339188575745,0.256966769695282,-0.04993099346756935
0.6488093733787537,0.5698423385620117,3.530189474076906e-07,0.5911164283752441,0.5454521179199219,-0.016204124316573143,0.5390235185623169,0.4869818091392517,-0.026364628225564957,0.5097081661224365,0.42053651809692383,-0.0386015884578228,0.5263205170631409,0.36436161398887634,-0.048745233565568924,0.5498235821723938,0.3880775272846222,0.006975392811000347,0.5306230783462524,0.31428849697113037,-0.020569445565342903,0.5247019529342651,0.3123272657394409,-0.043872639536857605,0.5295425653457642,0.3332309424877167,-0.05478992313146591,0.5806583762168884,0.3599250316619873,0.0023642771411687136,0.5675997734069824,0.2571348249912262,-0.0079862792044878,0.5622949600219727,0.1972600221633911,-0.01932346820831299,0.5610570311546326,0.14766119420528412,-0.02749272808432579,0.6180347800254822,0.3566409945487976,-0.0089350501075387,0.6241710782051086,0.2557371258735657,-0.02481885626912117,0.6318274736404419,0.1936485916376114,-0.03825129568576813,0.6386086344718933,0.14201268553733826,-0.04667823761701584,0.6567150950431824,0.3741739094257355,-0.022106654942035675,0.6810899972915649,0.3006480932235718,-0.03695191815495491,0.7009299397468567,0.2541976571083069,-0.04281973838806152,0.718106210231781,0.21242305636405945,-0.045925892889499664
0.5905534625053406,0.5795632600784302,2.908422231939767e-07,0.5316726565361023,0.5594632625579834,-0.018554378300905228,0.4775553047657013,0.49575075507164,-0.02875654585659504,0.4412761926651001,0.432988703250885,-0.04099997505545616,0.44536125659942627,0.37158066034317017,-0.050776511430740356,0.4853547513484955,0.3967016637325287,0.004768719896674156,0.4601728916168213,0.3226536512374878,-0.026250293478369713,0.4516405463218689,0.3276131749153137,-0.05204631760716438,0.45508360862731934,0.353263795375824,-0.06495917588472366,0.5132062435150146,0.3657025694847107,0.00026004217215813696,0.4959818124771118,0.26382094621658325,-0.01447125244885683,0.48672372102737427,0.2015286237001419,-0.029024722054600716,0.4826977550983429,0.15005703270435333,-0.03957524523139,0.5482638478279114,0.3605262339115143,-0.01132688857614994,0.5498258471488953,0.2614785432815552,-0.029528841376304626,0.554405689239502,0.19903601706027985,-0.04219498857855797,0.5582748055458069,0.14625172317028046,-0.050181739032268524,0.5846827030181885,0.37605464458465576,-0.02536097541451454,0.6042590737342834,0.30421581864356995,-0.04221682250499725,0.6216071844100952,0.2554004192352295,-0.04824530705809593,0.6365413069725037,0.21093524992465973,-0.051361266523599625
0.6548457145690918,0.6115032434463501,2.8247188765817555e-07,0.6007601618766785,0.5881454944610596,-0.016733061522245407,0.5499945282936096,0.5280088186264038,-0.02645893767476082,0.5145587921142578,0.4702109694480896,-0.03851846605539322,0.5174121260643005,0.4224994480609894,-0.049118224531412125,0.5487598180770874,0.425435334444046,0.004429090768098831,0.5258588194847107,0.35580962896347046,-0.02347409538924694,0.5190090537071228,0.35197383165359497,-0.04807724058628082,0.5215063691139221,0.3645646572113037,-0.060963843017816544,0.5811126232147217,0.39500269293785095,-0.002083290135487914,0.5657660961151123,0.2913317382335663,-0.01437863428145647,0.560719907283783,0.22744804620742798,-0.027558565139770508,0.560225248336792,0.1743786782026291,-0.03699236735701561,0.6203222870826721,0.3913946747779846,-0.015149674378335476,0.6259832382202148,0.29125747084617615,-0.03362863510847092,0.6324049234390259,0.22881004214286804,-0.04881325364112854,0.6366976499557495,0.17542502284049988,-0.05811790004372597,0.6610751152038574,0.41069379448890686,-0.03012991137802601,0.6841114163398743,0.3387415409088135,-0.04860711842775345,0.7041560411453247,0.2922499179840088,-0.05583154410123825,0.7211937308311462,0.2498185634613037,-0.059288229793310165
0.7386929988861084,0.6712061762809753,2.494533646313357e-07,0.6836813688278198,0.6432115435600281,-0.017149828374385834,0.6354092359542847,0.5741294622421265,-0.02711060643196106,0.610912561416626,0.5066365599632263,-0.039046186953783035,0.623193621635437,0.4494786262512207,-0.04897168278694153,0.6441596746444702,0.46809330582618713,0.002824610099196434,0.6238361597061157,0.38840505480766296,-0.023686883971095085,0.6216723322868347,0.3938226103782654,-0.04665089771151543,0.62628573179245,0.4182874858379364,-0.05818590521812439,0.6806209683418274,0.4441894590854645,-0.0027555637061595917,0.674371063709259,0.33840012550354004,-0.013347763568162918,0.6740636825561523,0.2767300307750702,-0.026760723441839218,0.6777905821800232,0.2274588644504547,-0.03726513683795929,0.7196882963180542,0.4472733736038208,-0.014705376699566841,0.7301669120788574,0.3483114540576935,-0.03140248730778694,0.7392497062683105,0.2862483859062195,-0.047210998833179474,0.7469561696052551,0.23231664299964905,-0.05831723287701607,0.7578121423721313,0.47215479612350464,-0.028470898047089577,0.7841774225234985,0.40564048290252686,-0.04597819596529007,0.8058077096939087,0.35993263125419617,-0.05399193614721298,0.8248372673988342,0.31770652532577515,-0.05884670093655586
0.7548052668571472,0.799995481967926,1.9084997404661408e-07,0.7092893719673157,0.7771204710006714,-0.017109982669353485,0.6667741537094116,0.7203545570373535,-0.028605835512280464,0.6482805013656616,0.6626111268997192,-0.04152867943048477,0.6629506349563599,0.6196880340576172,-0.052874039858579636,0.6705400347709656,0.6175550222396851,-0.009554958902299404,0.6483899354934692,0.5376259088516235,-0.03803211450576782,0.6473128795623779,0.5514039397239685,-0.060353606939315796,0.6545556783676147,0.5820531249046326,-0.0710986852645874,0.7051906585693359,0.5958457589149475,-0.01465604268014431,0.7025405168533325,0.49593305587768555,-0.028204677626490593,0.7063121199607849,0.4380269944667816,-0.041308339685201645,0.7117759585380554,0.3888114392757416,-0.05124219134449959,0.7407947182655334,0.5989558696746826,-0.02501567453145981,0.7551118731498718,0.5070117115974426,-0.04288787394762039,0.767617404460907,0.45002317428588867,-0.05849064141511917,0.776932418346405,0.39935585856437683,-0.0690653994679451,0.7754602432250977,0.6226449012756348,-0.036937642842531204,0.8056103587150574,0.560504138469696,-0.054215073585510254,0.8276965618133545,0.5196070075035095,-0.061575617641210556,0.846705436706543,0.4815191626548767,-0.06583301723003387
0.7321978807449341,0.9553306102752686,2.4778299234640144e-07,0.688428521156311,0.9356412291526794,-0.01496196910738945,0.6450642943382263,0.8826726675033569,-0.025435661897063255,0.6250821352005005,0.8293687701225281,-0.03745987266302109,0.6400536298751831,0.7901114225387573,-0.048050545156002045,0.6534866690635681,0.781888484954834,-0.008045773021876812,0.6336139440536499,0.7027604579925537,-0.03257979825139046,0.6311753988265991,0.7105995416641235,-0.05140827223658562,0.6358993649482727,0.7394625544548035,-0.06017756834626198,0.6872565746307373,0.7638371586799622,-0.013483323156833649,0.6869970560073853,0.6722286343574524,-0.02410747855901718,0.6917375922203064,0.6213011145591736,-0.0348004475235939,0.6985162496566772,0.5811985731124878,-0.043020881712436676,0.7213959097862244,0.7698742747306824,-0.023755313828587532,0.7366212606430054,0.6858814358711243,-0.039060886949300766,0.7492263317108154,0.6311777234077454,-0.05304146558046341,0.7594224810600281,0.5834981203079224,-0.0629689022898674,0.753398060798645,0.7953462600708008,-0.0353543795645237,0.7840522527694702,0.740164577960968,-0.051652662456035614,0.8072119355201721,0.7034255862236023,-0.05888009071350098,0.8268588185310364,0.669313371181488,-0.06318984925746918
0.569083571434021,1.0598818063735962,2.00522208615439e-07,0.5214711427688599,1.029966950416565,-0.005395944695919752,0.48832228779792786,0.9832721948623657,-0.013251813128590584,0.4715735912322998,0.9481713175773621,-0.024106429889798164,0.4581979811191559,0.9147034883499146,-0.03418441861867905,0.49159345030784607,0.8854761123657227,-0.004478981252759695,0.46369922161102295,0.8284736275672913,-0.028432697057724,0.45374876260757446,0.8617658019065857,-0.04829316586256027,0.4539140462875366,0.8987752199172974,-0.058062151074409485,0.5221503376960754,0.8679215312004089,-0.014593400061130524,0.5115454196929932,0.7820528149604797,-0.030218617990612984,0.5098240971565247,0.7307681441307068,-0.04457111656665802,0.5124191641807556,0.6829357147216797,-0.05464627966284752,0.5546115636825562,0.8724652528762817,-0.027827417477965355,0.5659973621368408,0.785929799079895,-0.04387305676937103,0.5750428438186646,0.7335395216941833,-0.05739807337522507,0.5833327174186707,0.6858108043670654,-0.06624897569417953,0.5880662202835083,0.8959476351737976,-0.041403915733098984,0.6143218874931335,0.838845431804657,-0.053521785885095596,0.6326974630355835,0.8030515909194946,-0.05594410002231598,0.6492679715156555,0.7709609270095825,-0.056689564138650894
0.47890761494636536,1.0520721673965454,1.6348793963061325e-07,0.43246522545814514,1.0249215364456177,-0.014319785870611668,0.39399102330207825,0.9876611828804016,-0.028049778193235397,0.37660014629364014,0.9510246515274048,-0.043866414576768875,0.38044387102127075,0.909914493560791,-0.057862237095832825,0.4085715711116791,0.8878625631332397,-0.00610000267624855,0.39717212319374084,0.8164541721343994,-0.03483499586582184,0.38878923654556274,0.8363412618637085,-0.05810009688138962,0.38869500160217285,0.8658609986305237,-0.06991230696439743,0.4377630352973938,0.8710027933120728,-0.013245793990790844,0.4324093461036682,0.7836587429046631,-0.030939770862460136,0.4248964190483093,0.7391513586044312,-0.04711455851793289,0.42237037420272827,0.6983303427696228,-0.05843743681907654,0.4692869186401367,0.8742328882217407,-0.02517184242606163,0.4812130928039551,0.7891810536384583,-0.04338069260120392,0.48932138085365295,0.7377660274505615,-0.05668211355805397,0.4971234202384949,0.6897902488708496,-0.06517982482910156,0.4998685121536255,0.896658182144165,-0.03847557306289673,0.5217448472976685,0.8383302688598633,-0.05296570807695389,0.5386450290679932,0.8002018928527832,-0.05692952498793602,0.5544769763946533,0.7631465792655945,-0.05878231301903725
0.42151522636413574,0.9887025952339172,1.841772814259457e-07,0.37582799792289734,0.9733844995498657,-0.007078071590512991,0.3397981822490692,0.9359949231147766,-0.01649787276983261,0.3120419979095459,0.907818078994751,-0.028386978432536125,0.2987108826637268,0.8743777275085449,-0.03937814384698868,0.34988144040107727,0.8434339761734009,-0.003275244729593396,0.3247758448123932,0.7869377136230469,-0.028506793081760406,0.306671142578125,0.8086232542991638,-0.0497300960123539,0.3015279173851013,0.8419673442840576,-0.06093965843319893,0.3658219277858734,0.8338778614997864,-0.012000161223113537,0.34746479988098145,0.7557209730148315,-0.02555500902235508,0.3337176442146301,0.7083278298377991,-0.039107248187065125,0.3269892930984497,0.6662060618400574,-0.04920262098312378,0.38783785700798035,0.8400042057037354,-0.02440621890127659,0.38742712140083313,0.7603206038475037,-0.03903334587812424,0.38635584712028503,0.7079833149909973,-0.052556492388248444,0.3869745135307312,0.6616222858428955,-0.0625816285610199,0.4125497043132782,0.862033486366272,-0.03758534789085388,0.43288272619247437,0.8099941611289978,-0.05290108546614647,0.44631195068359375,0.7710283994674683,-0.059930142015218735,0.4590030014514923,0.7337968349456787,-0.06436897069215775
0.39654606580734253,0.9873170852661133,6.62146462104829e-08,0.3468846380710602,0.9676289558410645,-0.0010503031080588698,0.3073880672454834,0.916806697845459,-0.004453388974070549,0.2798738181591034,0.8838734030723572,-0.011891948990523815,0.2633194327354431,0.8522402048110962,-0.018699035048484802,0.3156922459602356,0.8243703842163086,0.009706690907478333,0.28668367862701416,0.7741544842720032,-0.010356900282204151,0.26892682909965515,0.79637610912323,-0.02913048304617405,0.2649407982826233,0.830054521560669,-0.039165008813142776,0.3275220990180969,0.8137869834899902,-0.00136563740670681,0.30553528666496277,0.7383416891098022,-0.008606881834566593,0.28945276141166687,0.6926546096801758,-0.018905360251665115,0.28061363101005554,0.6517307758331299,-0.02773876301944256,0.347115695476532,0.8189371228218079,-0.016461029648780823,0.34520742297172546,0.7392829656600952,-0.02704591304063797,0.3452068567276001,0.6852526664733887,-0.03897782787680626,0.3465855121612549,0.6366397142410278,-0.048812560737133026,0.3691588044166565,0.8395066261291504,-0.0323471836745739,0.3860955238342285,0.7822147607803345,-0.044403910636901855,0.4008723497390747,0.7424477338790894,-0.04951060935854912,0.41438356041908264,0.7053278088569641,-0.053538721054792404
0.5016413331031799,1.0052831172943115,4.392424557408958e-08,0.45482420921325684,0.9740400314331055,-0.010094107128679752,0.4139726161956787,0.9351681470870972,-0.020328104496002197,0.39396214485168457,0.9002904295921326,-0.03332073986530304,0.38976219296455383,0.8658483028411865,-0.0449509397149086,0.4312267601490021,0.843846321105957,-0.0038014017045497894,0.4107086956501007,0.7811115980148315,-0.03036215715110302,0.39570412039756775,0.8071170449256897,-0.05306462198495865,0.3906114101409912,0.8426064252853394,-0.0654681921005249,0.4563526511192322,0.8294137716293335,-0.013411281630396843,0.4478791058063507,0.7420052289962769,-0.02870778739452362,0.4387516379356384,0.696108877658844,-0.045008789747953415,0.43512630462646484,0.6579808592796326,-0.057124845683574677,0.48423030972480774,0.8352086544036865,-0.027293287217617035,0.4920428693294525,0.7534481287002563,-0.04470240697264671,0.49727529287338257,0.7016352415084839,-0.05993039906024933,0.5034922957420349,0.656872034072876,-0.07054866850376129,0.5127349495887756,0.8595486879348755,-0.04214291647076607,0.5366420149803162,0.804450511932373,-0.05724409967660904,0.5529588460922241,0.7660492658615112,-0.0622776597738266,0.5666535496711731,0.7310179471969604,-0.06545961648225784
0.6372188329696655,1.0735679864883423,7.731900808494174e-08,0.599209725856781,1.0446877479553223,-0.012428898364305496,0.5667643547058105,0.9987865090370178,-0.022512376308441162,0.5483411550521851,0.959719717502594,-0.03484873101115227,0.5522754788398743,0.91982501745224,-0.04449927806854248,0.5849816203117371,0.9107325673103333,0.00022087730758357793,0.5679711103439331,0.8426806330680847,-0.02636980079114437,0.5627937316894531,0.8660189509391785,-0.04734715819358826,0.564918041229248,0.8995159864425659,-0.056497786194086075,0.6099296808242798,0.8993031978607178,-0.004527141340076923,0.597356915473938,0.8198146224021912,-0.016894981265068054,0.5894012451171875,0.7733809351921082,-0.02900916524231434,0.5838242769241333,0.7324519157409668,-0.0370529480278492,0.6392621994018555,0.9031981229782104,-0.014250489883124828,0.6294652819633484,0.8274046778678894,-0.025750255212187767,0.6218910217285156,0.7786299586296082,-0.03430149704217911,0.6150396466255188,0.7351173162460327,-0.03967275843024254,0.6708905100822449,0.920288622379303,-0.02572798728942871,0.6784476637840271,0.8667348027229309,-0.03164257854223251,0.6844951510429382,0.8310790061950684,-0.031324438750743866,0.6910911798477173,0.7980911731719971,-0.0304347462952137
0.6882761120796204,1.0311177968978882,9.22922467339049e-08,0.6493819952011108,1.0049811601638794,-0.014709323644638062,0.6178074479103088,0.9586411118507385,-0.027887633070349693,0.6001017689704895,0.9149211049079895,-0.042449068278074265,0.6155664324760437,0.8777621984481812,-0.05496317893266678,0.6409891843795776,0.875098466873169,-0.007287864573299885,0.6289385557174683,0.8021636605262756,-0.03655664995312691,0.6209205389022827,0.814867377281189,-0.05889097601175308,0.6195349097251892,0.8438259959220886,-0.06891058385372162,0.6672434210777283,0.8661435842514038,-0.010980026796460152,0.6622199416160583,0.7854321002960205,-0.024853337556123734,0.6589162349700928,0.7402706146240234,-0.03606661781668663,0.6566984057426453,0.7021822929382324,-0.043424271047115326,0.6959215998649597,0.8728365302085876,-0.019461514428257942,0.6913219094276428,0.798106849193573,-0.031140506267547607,0.6872860789299011,0.7511285543441772,-0.03770715743303299,0.6833739876747131,0.7080920338630676,-0.04178433492779732,0.7255277037620544,0.8920596837997437,-0.02987808734178543,0.7313020825386047,0.8384950757026672,-0.03655178099870682,0.7356297969818115,0.8041875958442688,-0.03592217341065407,0.7404594421386719,0.7713387608528137,-0.034761346876621246
0.7173816561698914,0.9979488849639893,1.0523685745056355e-07,0.6770484447479248,0.971010684967041,-0.013836291618645191,0.64504474401474,0.9111806154251099,-0.02382306009531021,0.6265199780464172,0.8586644530296326,-0.03560025617480278,0.6408750414848328,0.8252299427986145,-0.04473772644996643,0.6669826507568359,0.8261096477508545,0.0006162782665342093,0.6555120944976807,0.751307487487793,-0.026290999725461006,0.6474515199661255,0.7688198089599609,-0.047812946140766144,0.6454994082450867,0.8019803166389465,-0.057355932891368866,0.6936831474304199,0.8169550895690918,-0.0028078476898372173,0.6896796226501465,0.7341980338096619,-0.01236830372363329,0.6871238946914673,0.6869852542877197,-0.02150164730846882,0.6860408782958984,0.6483843326568604,-0.027793707326054573,0.7222516536712646,0.8251602053642273,-0.011587172746658325,0.717241644859314,0.7512573003768921,-0.018866658210754395,0.7136881947517395,0.7038578391075134,-0.023353824391961098,0.7100619077682495,0.6618543863296509,-0.026881199330091476,0.7510152459144592,0.846389889717102,-0.02282220683991909,0.75579833984375,0.7952362895011902,-0.02582763507962227,0.7598709464073181,0.7624696493148804,-0.02365991659462452,0.764502763748169,0.7307896018028259,-0.022075966000556946
0.7299197316169739,0.9895663261413574,1.144365171512618e-07,0.6878994107246399,0.9658445119857788,-0.01526236068457365,0.6543636918067932,0.9043776988983154,-0.02552460879087448,0.6325404644012451,0.8524736762046814,-0.037624843418598175,0.6445494890213013,0.8192721009254456,-0.04681942239403725,0.669894814491272,0.8135612607002258,0.0030167964287102222,0.6582456231117249,0.7387304306030273,-0.025201449170708656,0.653648853302002,0.7560646533966064,-0.04828832671046257,0.654482901096344,0.7916465997695923,-0.058333780616521835,0.6985335350036621,0.8021610379219055,0.0004890398122370243,0.693377673625946,0.7190040946006775,-0.008457893505692482,0.690711498260498,0.6725072264671326,-0.016910802572965622,0.6884898543357849,0.6354050040245056,-0.02243700996041298,0.728836178779602,0.8089158535003662,-0.008045759983360767,0.7209528088569641,0.7348346710205078,-0.013530643656849861,0.7156920433044434,0.6873031258583069,-0.015372857451438904,0.7102532386779785,0.6444311141967773,-0.01707075722515583,0.759124219417572,0.8291614055633545,-0.019571859389543533,0.7592421770095825,0.7768397927284241,-0.02027077227830887,0.7605718970298767,0.7438054084777832,-0.01554802618920803,0.7630193829536438,0.7109864950180054,-0.01203408744186163
0.1890287846326828,0.9145516157150269,1.702471621456425e-07,0.2288472205400467,0.9028418064117432,-0.024198433384299278,0.26168522238731384,0.8773919343948364,-0.043804656714200974,0.2844151258468628,0.8591370582580566,-0.06482509523630142,0.29692643880844116,0.8322687149047852,-0.08284929394721985,0.27226296067237854,0.751100480556488,-0.02160624973475933,0.30112746357917786,0.7152329087257385,-0.06045067682862282,0.29932013154029846,0.7611260414123535,-0.09090305864810944,0.28778910636901855,0.8003091812133789,-0.10543675720691681,0.2439311444759369,0.723193883895874,-0.027948064729571342,0.26409712433815,0.6358320116996765,-0.05086342617869377,0.27182137966156006,0.5798220038414001,-0.0721365287899971,0.27595260739326477,0.5235384702682495,-0.08699183911085129,0.21015360951423645,0.7212085723876953,-0.03962475806474686,0.20798242092132568,0.637756884098053,-0.06019294261932373,0.20731604099273682,0.5831197500228882,-0.07691088318824768,0.20869837701320648,0.531158983707428,-0.08729253709316254,0.17511655390262604,0.740826427936554,-0.05388666316866875,0.1745995283126831,0.6758784055709839,-0.06499125808477402,0.17497658729553223,0.63509202003479,-0.0678519532084465,0.1768239587545395,0.5961462259292603,-0.06979867815971375
0.190221905708313,0.9195225238800049,1.4309851792404515e-07,0.2280900627374649,0.9099259972572327,-0.026280680671334267,0.2618798613548279,0.8846251368522644,-0.04677876457571983,0.2851720452308655,0.8651172518730164,-0.06809385865926743,0.30168086290359497,0.840570330619812,-0.08637738972902298,0.2773054242134094,0.7610213160514832,-0.025377018377184868,0.30694782733917236,0.722628116607666,-0.06295589357614517,0.303272008895874,0.7645512819290161,-0.09230946749448776,0.29026150703430176,0.8025705814361572,-0.10685316473245621,0.2494068145751953,0.7274717092514038,-0.030121764168143272,0.27010688185691833,0.6431980133056641,-0.052518293261528015,0.2791667580604553,0.5896708369255066,-0.0731746107339859,0.2836967706680298,0.5369887351989746,-0.08792299032211304,0.21531330049037933,0.7207169532775879,-0.04012786224484444,0.21587076783180237,0.6356822848320007,-0.060956601053476334,0.21483537554740906,0.5812821388244629,-0.0789542868733406,0.2153928577899933,0.5303933620452881,-0.09063498675823212,0.17927666008472443,0.7363760471343994,-0.052596576511859894,0.17133459448814392,0.6717019081115723,-0.06580090522766113,0.16543468832969666,0.6314598321914673,-0.07103773206472397,0.16145449876785278,0.594083309173584,-0.07454512268304825
0.19365832209587097,0.9109885096549988,1.2574193419823132e-07,0.23105685412883759,0.9036540389060974,-0.028011053800582886,0.26488131284713745,0.8817653656005859,-0.04855530709028244,0.288580983877182,0.8635455965995789,-0.06919746100902557,0.3069447875022888,0.839745819568634,-0.08695685118436813,0.2831190228462219,0.7580914497375488,-0.025079520419239998,0.3137548565864563,0.7211149334907532,-0.06284068524837494,0.3136996030807495,0.7620435953140259,-0.09314297884702682,0.30417537689208984,0.8015236258506775,-0.1082061305642128,0.25442832708358765,0.725757896900177,-0.028679531067609787,0.27214062213897705,0.6422933340072632,-0.050038255751132965,0.2799570560455322,0.5889942049980164,-0.07109164446592331,0.28407448530197144,0.5363332629203796,-0.08649883419275284,0.21904976665973663,0.7197884917259216,-0.0377730056643486,0.23086975514888763,0.6372658610343933,-0.05804124101996422,0.23761604726314545,0.581878125667572,-0.07709001004695892,0.24416083097457886,0.5310015082359314,-0.08977659791707993,0.1811482459306717,0.7343549728393555,-0.04938511922955513,0.17266368865966797,0.6713584661483765,-0.06422002613544464,0.16598287224769592,0.6287524104118347,-0.07130467891693115,0.1613779067993164,0.5898147821426392,-0.07577045261859894
0.19315794110298157,0.9114502668380737,8.207064183807233e-08,0.23450447618961334,0.9007244110107422,-0.02724137157201767,0.268427312374115,0.8762279152870178,-0.048368699848651886,0.29315054416656494,0.8557005524635315,-0.0700606256723404,0.31254613399505615,0.8293232917785645,-0.08849320560693741,0.28585314750671387,0.7484115958213806,-0.022343896329402924,0.31868141889572144,0.7119481563568115,-0.06163482740521431,0.31825631856918335,0.7586437463760376,-0.09343837201595306,0.30724772810935974,0.8006297945976257,-0.10901584476232529,0.25606805086135864,0.7209779620170593,-0.026104282587766647,0.2692871391773224,0.6329801678657532,-0.04954582080245018,0.26899921894073486,0.5802316069602966,-0.07256016880273819,0.26577284932136536,0.5259612798690796,-0.08892965316772461,0.22184664011001587,0.7187052965164185,-0.03505747765302658,0.23058219254016876,0.6375644207000732,-0.05462896451354027,0.23531240224838257,0.5855286121368408,-0.07002067565917969,0.23907019197940826,0.5344200730323792,-0.07990703731775284,0.18632429838180542,0.735057532787323,-0.04681539535522461,0.19003993272781372,0.670658528804779,-0.057294152677059174,0.19172373414039612,0.628729522228241,-0.05953485146164894,0.1939053237438202,0.588352620601654,-0.060812003910541534
0.190210223197937,0.8977954387664795,8.543203477984207e-08,0.23217329382896423,0.8862851858139038,-0.022472120821475983,0.2665404975414276,0.861065685749054,-0.04038410633802414,0.28985169529914856,0.8391886949539185,-0.059316687285900116,0.3045053780078888,0.8088181018829346,-0.07558909803628922,0.2836410403251648,0.7362667918205261,-0.020232409238815308,0.31677842140197754,0.7003529071807861,-0.05683986097574234,0.31733912229537964,0.74399733543396,-0.08634127676486969,0.30632394552230835,0.7833899855613708,-0.10067160427570343,0.25316524505615234,0.7094229459762573,-0.025612197816371918,0.26549214124679565,0.6191273927688599,-0.04737833887338638,0.2643071413040161,0.5661758184432983,-0.06898041814565659,0.2589159309864044,0.5143578052520752,-0.08444853872060776,0.21836186945438385,0.7085447907447815,-0.035406000912189484,0.2257678508758545,0.6261453032493591,-0.053557734936475754,0.23063068091869354,0.5744620561599731,-0.06784603744745255,0.23428769409656525,0.5248281359672546,-0.07718762755393982,0.18249350786209106,0.7257364392280579,-0.047534696757793427,0.18870940804481506,0.6629223823547363,-0.0576702244579792,0.19323886930942535,0.6227440237998962,-0.059257782995700836,0.1983865201473236,0.5838404297828674,-0.05998518317937851
0.17584843933582306,0.8570553064346313,1.6460056428968528e-07,0.2160407453775406,0.8451263904571533,-0.0224464014172554,0.24805644154548645,0.8168990015983582,-0.039191197603940964,0.2649286985397339,0.7908830642700195,-0.05697609484195709,0.27225422859191895,0.7573105096817017,-0.07227408140897751,0.2680623531341553,0.6932438015937805,-0.018610084429383278,0.3040563762187958,0.6536664366722107,-0.051411233842372894,0.3060857653617859,0.680523693561554,-0.07814211398363113,0.2973541021347046,0.7107422947883606,-0.09168929606676102,0.2376939356327057,0.6619407534599304,-0.024370046332478523,0.25303447246551514,0.5679923892021179,-0.04459468647837639,0.25650253891944885,0.5119947791099548,-0.06427377462387085,0.25675463676452637,0.4616643190383911,-0.07809095084667206,0.20215336978435516,0.6589246988296509,-0.03466813266277313,0.2059359848499298,0.5743740200996399,-0.05340107902884483,0.20989084243774414,0.5188239216804504,-0.0692325308918953,0.21400243043899536,0.4679737687110901,-0.07948993146419525,0.16629499197006226,0.6773110628128052,-0.047219324856996536,0.17061954736709595,0.6157785058021545,-0.059420146048069,0.1727796196937561,0.5762414932250977,-0.06278908252716064,0.17573891580104828,0.5393015146255493,-0.06466861814260483
0.1786438524723053,0.8422316312789917,8.648359539620287e-08,0.21887989342212677,0.8315842151641846,-0.023784680292010307,0.2524157762527466,0.802165150642395,-0.04147909954190254,0.27218127250671387,0.7743971347808838,-0.05999378487467766,0.28299084305763245,0.7391567826271057,-0.0753948837518692,0.2776563763618469,0.674214780330658,-0.019569551572203636,0.3142826557159424,0.6338586211204529,-0.05461748316884041,0.3082146942615509,0.6669269800186157,-0.08279795199632645,0.2910512089729309,0.7034034132957458,-0.09658762067556381,0.24556882679462433,0.6417989134788513,-0.02479075826704502,0.26046594977378845,0.5463573932647705,-0.04608601704239845,0.2617589831352234,0.49119675159454346,-0.06718509644269943,0.26024502515792847,0.43985065817832947,-0.0822235643863678,0.20839695632457733,0.637564480304718,-0.034734029322862625,0.2135849893093109,0.5525415539741516,-0.05394798144698143,0.21785211563110352,0.4970397353172302,-0.07068187743425369,0.22169704735279083,0.445097953081131,-0.08181266486644745,0.1713046431541443,0.6546300053596497,-0.04696762561798096,0.17763236165046692,0.5922467112541199,-0.05880243703722954,0.18067272007465363,0.5524025559425354,-0.06237064674496651,0.18352919816970825,0.5141160488128662,-0.06469360738992691
0.19802194833755493,0.8078243732452393,4.930588914930922e-08,0.2423795759677887,0.7949586510658264,-0.01946273073554039,0.2774014472961426,0.7632023096084595,-0.0354335680603981,0.3006579875946045,0.7336556315422058,-0.05297025293111801,0.32143962383270264,0.7037221193313599,-0.06761937588453293,0.3027966618537903,0.6373534798622131,-0.018274249508976936,0.3440157473087311,0.5973981022834778,-0.052455537021160126,0.338102787733078,0.630104660987854,-0.0783584862947464,0.3198740780353546,0.6666143536567688,-0.09076003730297089,0.2695962190628052,0.6026548743247986,-0.025987373664975166,0.28599777817726135,0.5007356405258179,-0.047387976199388504,0.28602561354637146,0.44241052865982056,-0.0673227310180664,0.2828170955181122,0.38897019624710083,-0.08142896741628647,0.23099923133850098,0.5977271795272827,-0.03786439448595047,0.23675031960010529,0.5067815780639648,-0.057859040796756744,0.2410132735967636,0.4490378499031067,-0.07382233440876007,0.24470871686935425,0.39493221044540405,-0.08433236181735992,0.19214046001434326,0.6144384741783142,-0.05150502175092697,0.19704720377922058,0.5468583106994629,-0.06497006118297577,0.1994296908378601,0.5039703249931335,-0.06849267333745956,0.20192329585552216,0.46279072761535645,-0.07045791298151016
0.24791428446769714,0.8032455444335938,1.9935320949571178e-07,0.2935125529766083,0.7912514209747314,-0.02676585130393505,0.3318660855293274,0.7598829865455627,-0.04713571444153786,0.3604050278663635,0.7317323088645935,-0.0683610588312149,0.38487952947616577,0.7047004699707031,-0.0865054503083229,0.35011395812034607,0.6249839067459106,-0.021883349865674973,0.3973549008369446,0.5937010645866394,-0.061513785272836685,0.40339627861976624,0.6313580870628357,-0.09284243732690811,0.39298778772354126,0.6682910919189453,-0.10808304697275162,0.31715232133865356,0.5892857909202576,-0.027811560779809952,0.3350471258163452,0.4857134222984314,-0.05264399200677872,0.33639323711395264,0.42231327295303345,-0.07531657069921494,0.33240118622779846,0.36469727754592896,-0.09051787108182907,0.2783556878566742,0.5848196148872375,-0.03908553719520569,0.28113898634910583,0.4908398687839508,-0.06177099421620369,0.2838284969329834,0.43090254068374634,-0.07904736697673798,0.28589099645614624,0.37582987546920776,-0.08935890346765518,0.23922160267829895,0.6021918058395386,-0.052993081510066986,0.24303698539733887,0.5310406684875488,-0.06680608540773392,0.2461823970079422,0.4860748052597046,-0.06992139667272568,0.24998992681503296,0.4435875117778778,-0.07115063071250916
0.27293169498443604,0.822870135307312,2.477242446730088e-07,0.3221341669559479,0.8113399744033813,-0.02731911838054657,0.36518290638923645,0.7797036170959473,-0.04905178025364876,0.3995507061481476,0.7514603734016418,-0.07184378057718277,0.433223158121109,0.7366877794265747,-0.09152872115373611,0.3856036365032196,0.6502442359924316,-0.026191072538495064,0.4368093013763428,0.6166422963142395,-0.06749359518289566,0.44288963079452515,0.6544314622879028,-0.09925531595945358,0.4317827522754669,0.6920307874679565,-0.1150013729929924,0.3523348271846771,0.6077452898025513,-0.033369842916727066,0.3819093704223633,0.5100612044334412,-0.057832833379507065,0.3923768103122711,0.4479628801345825,-0.07858007401227951,0.39325177669525146,0.3911488354206085,-0.09266991168260574,0.310647577047348,0.5994429588317871,-0.04630842059850693,0.31213143467903137,0.5051484107971191,-0.07043872028589249,0.3107842803001404,0.44322502613067627,-0.08843747526407242,0.3099663257598877,0.3860437273979187,-0.09936429560184479,0.266194224357605,0.616619348526001,-0.061901599168777466,0.2576357126235962,0.545844316482544,-0.07876892387866974,0.25125718116760254,0.503287136554718,-0.08349230885505676,0.2471921741962433,0.4635236859321594,-0.08569879084825516
0.28412163257598877,0.8416178822517395,2.580985665190383e-07,0.33460038900375366,0.8304826617240906,-0.022952843457460403,0.3795146644115448,0.800408661365509,-0.04282431676983833,0.41802978515625,0.7788875102996826,-0.06465385109186172,0.4548502266407013,0.7707304954528809,-0.08453793078660965,0.4005069136619568,0.6782066226005554,-0.02525077760219574,0.4473947286605835,0.6477996110916138,-0.06353887170553207,0.4552784562110901,0.6799197196960449,-0.09137402474880219,0.4470909535884857,0.7140824794769287,-0.10516863316297531,0.36903834342956543,0.6346021294593811,-0.034799449145793915,0.402150422334671,0.5398827195167542,-0.058830372989177704,0.41672515869140625,0.47971266508102417,-0.07761813700199127,0.4214216470718384,0.42560645937919617,-0.08996091037988663,0.32776665687561035,0.6246213912963867,-0.049512747675180435,0.33007895946502686,0.5276885032653809,-0.07570142298936844,0.32819369435310364,0.4650458097457886,-0.09639184176921844,0.3272005319595337,0.4096768796443939,-0.1089840903878212,0.2820373773574829,0.640575647354126,-0.0660557895898819,0.26286494731903076,0.5702994465827942,-0.08788920938968658,0.24799583852291107,0.5289395451545715,-0.09673547744750977,0.2373131662607193,0.49110695719718933,-0.10133242607116699
0.2904769778251648,0.8394073247909546,2.0575485848439712e-07,0.34150752425193787,0.828766405582428,-0.021595852449536324,0.38576841354370117,0.7968521118164062,-0.039455048739910126,0.4236275851726532,0.7739807367324829,-0.05920260027050972,0.4601273536682129,0.7683420181274414,-0.07702437043190002,0.40829798579216003,0.6785205006599426,-0.02137598767876625,0.453850656747818,0.6515721082687378,-0.05770070105791092,0.4632381200790405,0.6840866208076477,-0.08520450443029404,0.45634031295776367,0.7174994945526123,-0.09920663386583328,0.37717896699905396,0.6354560256004333,-0.03056487813591957,0.4056296944618225,0.540277898311615,-0.05296611785888672,0.41847264766693115,0.48186278343200684,-0.0712440237402916,0.4217268228530884,0.43037131428718567,-0.08350177109241486,0.3366333246231079,0.6243669390678406,-0.04478061944246292,0.34285783767700195,0.5304407477378845,-0.0686398446559906,0.3450150191783905,0.47032350301742554,-0.08744218200445175,0.3469172418117523,0.4165223240852356,-0.09900278598070145,0.29178619384765625,0.6381988525390625,-0.060887545347213745,0.2779223918914795,0.5687569975852966,-0.08061366528272629,0.2674713134765625,0.5255216360092163,-0.08790771663188934,0.2602694630622864,0.48548078536987305,-0.09152860194444656
0.298531174659729,0.8513979911804199,1.1364394225665819e-07,0.35017552971839905,0.842196524143219,-0.02119174413383007,0.39277052879333496,0.8159615993499756,-0.038608845323324203,0.4290352165699005,0.7920588850975037,-0.05775253847241402,0.46324145793914795,0.7753406167030334,-0.07489155977964401,0.41413596272468567,0.6953575015068054,-0.015830202028155327,0.4561053514480591,0.6662182211875916,-0.05107364431023598,0.46686068177223206,0.6999197602272034,-0.0800299271941185,0.46118035912513733,0.7352903485298157,-0.09485933184623718,0.3838989734649658,0.6586626768112183,-0.023712152615189552,0.4069783687591553,0.5684942007064819,-0.0435197688639164,0.4129302501678467,0.511441707611084,-0.06325721740722656,0.41091376543045044,0.45990100502967834,-0.07773992419242859,0.345537006855011,0.6480420827865601,-0.03666297346353531,0.3655712306499481,0.5630403161048889,-0.055799730122089386,0.37544408440589905,0.5061722993850708,-0.07205528020858765,0.38264861702919006,0.4521854519844055,-0.08321644365787506,0.3025014102458954,0.6574906706809998,-0.05189232900738716,0.29937613010406494,0.5901311635971069,-0.06725841760635376,0.29706114530563354,0.546467661857605,-0.07191723585128784,0.2962353527545929,0.5044460296630859,-0.07429738342761993
0.288180410861969,0.8643434643745422,7.471123097957388e-08,0.33990901708602905,0.848753809928894,-0.013938290067017078,0.38092154264450073,0.8165283203125,-0.027545146644115448,0.41378554701805115,0.7899928689002991,-0.04396567493677139,0.4468001127243042,0.7730321884155273,-0.058889616280794144,0.39682772755622864,0.7000824213027954,-0.008695965632796288,0.4388773441314697,0.666305661201477,-0.042980968952178955,0.44716089963912964,0.7021142244338989,-0.0720919743180275,0.4391616880893707,0.7387768030166626,-0.08652250468730927,0.3686509430408478,0.6714479923248291,-0.01864081807434559,0.391245573759079,0.5787438154220581,-0.037928346544504166,0.39562100172042847,0.522246778011322,-0.05767692252993584,0.3912537097930908,0.47308820486068726,-0.07165897637605667,0.334051251411438,0.6667264699935913,-0.032959189265966415,0.35192734003067017,0.581745445728302,-0.049871642142534256,0.36204037070274353,0.5268299579620361,-0.06257005780935287,0.3686690926551819,0.4759242534637451,-0.07078996300697327,0.2954646944999695,0.6793394088745117,-0.04908393323421478,0.3050854206085205,0.6130990982055664,-0.05986355245113373,0.31212687492370605,0.5708168745040894,-0.06004016846418381,0.3189617693424225,0.5296473503112793,-0.05928821861743927
0.2729082405567169,0.8769776821136475,2.342248706099781e-07,0.31912553310394287,0.8619495630264282,-0.021915214136242867,0.35637927055358887,0.8279677033424377,-0.03829798474907875,0.3847850561141968,0.8012517094612122,-0.05460147187113762,0.4175598621368408,0.7827132344245911,-0.07153061777353287,0.3652985095977783,0.6949403882026672,-0.024009736254811287,0.37843143939971924,0.6103174686431885,-0.04625822976231575,0.382220983505249,0.5560967922210693,-0.0653010904788971,0.38107818365097046,0.507552444934845,-0.07923395186662674,0.3380015790462494,0.6815270781517029,-0.030514881014823914,0.3556864857673645,0.586506187915802,-0.05156717449426651,0.35879161953926086,0.525360107421875,-0.06975141912698746,0.35743358731269836,0.472176194190979,-0.08286212384700775,0.3067050278186798,0.685382604598999,-0.039815180003643036,0.3214836120605469,0.5970320105552673,-0.05913766846060753,0.32811084389686584,0.5405409932136536,-0.07199764251708984,0.33213913440704346,0.49076563119888306,-0.08089020103216171,0.2707914710044861,0.7015074491500854,-0.05132873356342316,0.2822575867176056,0.6322304010391235,-0.06784765422344208,0.28851118683815,0.587947428226471,-0.07382918149232864,0.29361748695373535,0.5459259748458862,-0.07755904644727707
0.266595721244812,0.904755711555481,6.978610400665275e-08,0.31520262360572815,0.8895122408866882,-0.013377162627875805,0.35154712200164795,0.8581416010856628,-0.027289995923638344,0.38132157921791077,0.8317039012908936,-0.04397225007414818,0.4119483530521393,0.8146417140960693,-0.059013742953538895,0.36372604966163635,0.7426597476005554,-0.010433637537062168,0.4039255678653717,0.7138806581497192,-0.04333310201764107,0.41353166103363037,0.7478414177894592,-0.06971557438373566,0.40909433364868164,0.7813876867294312,-0.08269669115543365,0.3370857238769531,0.7188017964363098,-0.020359080284833908,0.35742655396461487,0.6299243569374084,-0.04032747820019722,0.36067166924476624,0.5744834542274475,-0.059589408338069916,0.35745564103126526,0.524273157119751,-0.07322428375482559,0.30500805377960205,0.716790497303009,-0.03419188782572746,0.3170809745788574,0.6336519122123718,-0.05204002186655998,0.32366251945495605,0.5805010199546814,-0.06519262492656708,0.327614963054657,0.5302541851997375,-0.07355448603630066,0.2699589133262634,0.7315005660057068,-0.049643516540527344,0.2777152359485626,0.6669345498085022,-0.060941699892282486,0.2828458249568939,0.6256195306777954,-0.062456123530864716,0.2876311242580414,0.5851762294769287,-0.062865249812603
0.2645071744918823,0.9056225419044495,1.5728002722426027e-07,0.3119052052497864,0.8954347372055054,-0.015755299478769302,0.3485158383846283,0.8644999265670776,-0.03036496974527836,0.380183607339859,0.839287281036377,-0.0472792349755764,0.4117087423801422,0.8257291913032532,-0.06190074235200882,0.35909730195999146,0.751585066318512,-0.01366289984434843,0.40216636657714844,0.7279224991798401,-0.048527225852012634,0.41326621174812317,0.766931414604187,-0.07550565898418427,0.40846917033195496,0.803322970867157,-0.0881105437874794,0.33290374279022217,0.7209323048591614,-0.02236947976052761,0.3556600511074066,0.6343756914138794,-0.042888347059488297,0.3633575141429901,0.5804899334907532,-0.06028382107615471,0.3631400167942047,0.5310068130493164,-0.07180341333150864,0.3001997470855713,0.7162081003189087,-0.035472236573696136,0.30295702815055847,0.6345741748809814,-0.05448341742157936,0.3053177297115326,0.5831961631774902,-0.06667692959308624,0.3065645694732666,0.5351219177246094,-0.07340758293867111,0.2655346393585205,0.7313376665115356,-0.05047231540083885,0.2665368914604187,0.6669240593910217,-0.06184319034218788,0.26747480034828186,0.627755880355835,-0.06250244379043579,0.2693139314651489,0.5908493399620056,-0.06183367595076561
0.24823762476444244,0.8965972661972046,1.4034344530955423e-07,0.2929217219352722,0.8869125843048096,-0.019333800300955772,0.32924696803092957,0.8589106202125549,-0.03569294139742851,0.35891714692115784,0.8352987766265869,-0.05372479557991028,0.3882162570953369,0.8207570910453796,-0.06905554234981537,0.3453174829483032,0.7458603978157043,-0.016079623252153397,0.3862164616584778,0.7217372059822083,-0.0505225695669651,0.39040571451187134,0.7592199444770813,-0.07735148817300797,0.37977713346481323,0.7945405840873718,-0.09013490378856659,0.3172141909599304,0.7121831774711609,-0.02285531722009182,0.3372158706188202,0.6263587474822998,-0.04286355525255203,0.3434663414955139,0.574549674987793,-0.06005781516432762,0.3428633511066437,0.5271900296211243,-0.07161254435777664,0.28314071893692017,0.7060807347297668,-0.034345220774412155,0.2813391387462616,0.6256843209266663,-0.053220950067043304,0.28088346123695374,0.5748622417449951,-0.06645775586366653,0.28090715408325195,0.5286053419113159,-0.07420089095830917,0.2482091188430786,0.7210963368415833,-0.04799880459904671,0.24312981963157654,0.6588327288627625,-0.0592232383787632,0.24118176102638245,0.6219328045845032,-0.0608825758099556,0.24095287919044495,0.5875241756439209,-0.061247531324625015
0.23907588422298431,0.894518256187439,1.666105049480393e-07,0.27933797240257263,0.8815311789512634,-0.021769141778349876,0.31309789419174194,0.8540370464324951,-0.039502471685409546,0.3388672471046448,0.8313513994216919,-0.05859965458512306,0.3664543926715851,0.8195334076881409,-0.07518963515758514,0.3315202295780182,0.7413106560707092,-0.019982634112238884,0.36996275186538696,0.7178986072540283,-0.05279815196990967,0.37793564796447754,0.7509691119194031,-0.07755851745605469,0.37172403931617737,0.7849485874176025,-0.08995436877012253,0.301740437746048,0.7082085013389587,-0.02676534280180931,0.3169911503791809,0.6222272515296936,-0.04726928845047951,0.32155588269233704,0.5716122388839722,-0.06375032663345337,0.3194744288921356,0.5267747044563293,-0.07466550916433334,0.2662046551704407,0.7039676308631897,-0.03822781518101692,0.2603846788406372,0.623120903968811,-0.05934758484363556,0.25674450397491455,0.5723303556442261,-0.074510358273983,0.2543725073337555,0.5263965129852295,-0.0833657905459404,0.23004552721977234,0.7214003205299377,-0.05181530490517616,0.21394768357276917,0.6604786515235901,-0.06780362874269485,0.203075110912323,0.6246417164802551,-0.07272160798311234,0.1953716278076172,0.5913525819778442,-0.07474660128355026
0.23034711182117462,0.8899104595184326,1.475829947139573e-07,0.2699255645275116,0.8769161701202393,-0.02281041257083416,0.3041576147079468,0.8487588763237,-0.040728453546762466,0.3298669457435608,0.8277642130851746,-0.05978909134864807,0.35561925172805786,0.8136142492294312,-0.07585664093494415,0.31950560212135315,0.7356908917427063,-0.020980229601264,0.36081716418266296,0.7092232704162598,-0.056379593908786774,0.36345556378364563,0.7456285357475281,-0.08272873610258102,0.3512198328971863,0.7818585634231567,-0.0953875258564949,0.2885461747646332,0.7038025856018066,-0.027652785181999207,0.30295419692993164,0.6169376373291016,-0.04958876967430115,0.30665695667266846,0.5649452209472656,-0.06703594326972961,0.3023761808872223,0.5179275274276733,-0.0782972052693367,0.25234654545783997,0.7017065286636353,-0.039395324885845184,0.2442624568939209,0.6212186813354492,-0.06200671195983887,0.2386145293712616,0.5701673626899719,-0.07855316251516342,0.23420052230358124,0.5221448540687561,-0.08802644908428192,0.21598684787750244,0.7211711406707764,-0.05316881462931633,0.1932373195886612,0.6625826954841614,-0.07093877345323563,0.17665903270244598,0.6280105710029602,-0.07696256041526794,0.16357100009918213,0.5947496891021729,-0.07935544103384018
0.22201693058013916,0.8889836668968201,2.093772053513021e-07,0.25988638401031494,0.8773699998855591,-0.026664450764656067,0.2912924885749817,0.8491988182067871,-0.04741247370839119,0.31341052055358887,0.8279101848602295,-0.0685899555683136,0.33911317586898804,0.8129067420959473,-0.08643941581249237,0.31124016642570496,0.7351168990135193,-0.02792569436132908,0.35172927379608154,0.7068039178848267,-0.0658436045050621,0.3540906608104706,0.743600606918335,-0.09330754727125168,0.3431816101074219,0.7802814841270447,-0.10679814964532852,0.2788640558719635,0.7028224468231201,-0.033705681562423706,0.2932322025299072,0.6168743371963501,-0.0585462860763073,0.29928478598594666,0.5643188953399658,-0.0778273344039917,0.2979849874973297,0.5147290229797363,-0.09039545059204102,0.24142521619796753,0.7022873163223267,-0.04459820315241814,0.2286093682050705,0.6231316328048706,-0.06992202252149582,0.21866431832313538,0.5741424560546875,-0.08748448640108109,0.21146796643733978,0.5263890027999878,-0.09767316281795502,0.20428764820098877,0.7240369319915771,-0.0577341727912426,0.18003906309604645,0.6690413951873779,-0.07787381112575531,0.16213348507881165,0.6370896697044373,-0.08507609367370605,0.14862559735774994,0.6049638986587524,-0.08838623762130737
0.21098065376281738,0.8928280472755432,1.6751485532040533e-07,0.24842023849487305,0.8786865472793579,-0.02357242815196514,0.28053563833236694,0.8496774435043335,-0.04279680177569389,0.3008914291858673,0.8303464651107788,-0.06293799728155136,0.32060322165489197,0.8156617879867554,-0.07987169176340103,0.2999444007873535,0.7354400753974915,-0.02512390725314617,0.33495664596557617,0.7077028751373291,-0.061742570251226425,0.332450270652771,0.747160017490387,-0.08865632861852646,0.31795239448547363,0.7844736576080322,-0.10200286656618118,0.26779115200042725,0.702409029006958,-0.03211398050189018,0.28263434767723083,0.615685760974884,-0.05562107264995575,0.28864049911499023,0.5631863474845886,-0.07455571740865707,0.28840309381484985,0.5130813121795654,-0.08726108074188232,0.23061813414096832,0.6998835802078247,-0.0438971184194088,0.2189621925354004,0.6169615387916565,-0.06782256066799164,0.2098347246646881,0.5673897862434387,-0.08560306578874588,0.20349115133285522,0.5198766589164734,-0.0962676927447319,0.19334694743156433,0.7209354639053345,-0.057673223316669464,0.17228975892066956,0.6647359132766724,-0.07603602856397629,0.15697290003299713,0.6318770051002502,-0.08274412900209427,0.145391583442688,0.5987299680709839,-0.08616267889738083
0.20877140760421753,0.8968165516853333,1.5063125147207757e-07,0.2453802227973938,0.8829038739204407,-0.024364924058318138,0.2756296992301941,0.854926586151123,-0.044481609016656876,0.29577308893203735,0.8346787691116333,-0.06543948501348495,0.3179287016391754,0.8196878433227539,-0.08323722332715988,0.29556354880332947,0.7381714582443237,-0.025725895538926125,0.3321570158004761,0.7120290398597717,-0.06420157104730606,0.3311834931373596,0.7512814998626709,-0.09293199330568314,0.31667137145996094,0.7894872426986694,-0.10707627236843109,0.2626325786113739,0.7065301537513733,-0.03251342847943306,0.27398568391799927,0.6179699897766113,-0.05682797729969025,0.27788543701171875,0.5663599967956543,-0.07612887769937515,0.2753327488899231,0.517505407333374,-0.0888470709323883,0.2252911776304245,0.7057545185089111,-0.044258877635002136,0.211910218000412,0.6235925555229187,-0.06838802248239517,0.20299474895000458,0.5734079480171204,-0.085425466299057,0.19671176373958588,0.524814248085022,-0.09534856677055359,0.1882789582014084,0.7279204726219177,-0.05813083052635193,0.16717784106731415,0.6697397232055664,-0.075932577252388,0.1530216634273529,0.6351919770240784,-0.0816589817404747,0.1428045928478241,0.6004797220230103,-0.08424058556556702
0.20840536057949066,0.8966507911682129,1.2364766632799729e-07,0.24462859332561493,0.8833459615707397,-0.023381657898426056,0.2744060158729553,0.8564096093177795,-0.04301825165748596,0.29311633110046387,0.8361175060272217,-0.06371904909610748,0.314657986164093,0.8212750554084778,-0.08142611384391785,0.29573380947113037,0.739791750907898,-0.024307051673531532,0.33175432682037354,0.7129194736480713,-0.06229834631085396,0.3304382562637329,0.7511934638023376,-0.09104929864406586,0.3156659007072449,0.7889962792396545,-0.1052401065826416,0.26298320293426514,0.7079070806503296,-0.03133025020360947,0.27286458015441895,0.6191293001174927,-0.05508643388748169,0.2753336429595947,0.5681979656219482,-0.07428954541683197,0.27167677879333496,0.5204975008964539,-0.08699806034564972,0.225713849067688,0.7065083980560303,-0.043211545795202255,0.21372726559638977,0.624189019203186,-0.0665561780333519,0.2058848738670349,0.5741260051727295,-0.08322492241859436,0.20041173696517944,0.5259767770767212,-0.0929582267999649,0.18849997222423553,0.7277079224586487,-0.05716967582702637,0.16869992017745972,0.6685187816619873,-0.07411717623472214,0.15532547235488892,0.6337130665779114,-0.07928705215454102,0.14578944444656372,0.5994298458099365,-0.08148166537284851
0.20773100852966309,0.8904847502708435,1.1128291532713774e-07,0.24219346046447754,0.8775690793991089,-0.02507070265710354,0.27129310369491577,0.8512088656425476,-0.04526317119598389,0.2880147695541382,0.8324598670005798,-0.06609174609184265,0.3067629933357239,0.81501704454422,-0.08401546627283096,0.2942740321159363,0.7358131408691406,-0.026694411411881447,0.32883432507514954,0.7091017365455627,-0.06432095915079117,0.3261939585208893,0.7472453117370605,-0.09327223896980286,0.31065961718559265,0.7842931151390076,-0.10775456577539444,0.26156213879585266,0.7038161754608154,-0.03247003257274628,0.2709583342075348,0.6159552335739136,-0.05557902902364731,0.2727334201335907,0.5660034418106079,-0.0751054510474205,0.2683841586112976,0.5197915434837341,-0.08841359615325928,0.2249954789876938,0.7012619376182556,-0.04302269592881203,0.21450449526309967,0.620087206363678,-0.06535203009843826,0.20702412724494934,0.571500837802887,-0.08228948712348938,0.20093998312950134,0.5256116390228271,-0.09255266934633255,0.18862661719322205,0.7209361791610718,-0.055753834545612335,0.16974811255931854,0.6623609066009521,-0.07170765846967697,0.15658849477767944,0.6285796761512756,-0.0767909362912178,0.1462491750717163,0.5961378812789917,-0.07917159795761108
0.20764340460300446,0.8820028901100159,1.2999097975807672e-07,0.24284480512142181,0.8708926439285278,-0.027089882642030716,0.2739013433456421,0.8445278406143188,-0.04783041030168533,0.29532766342163086,0.8256428837776184,-0.06892018020153046,0.3139263689517975,0.8038391470909119,-0.08715479075908661,0.29552406072616577,0.7272433042526245,-0.02737443521618843,0.3320580720901489,0.6999918222427368,-0.06573312729597092,0.3300820589065552,0.7367560863494873,-0.09555701166391373,0.31514614820480347,0.7733550667762756,-0.11062947660684586,0.26306524872779846,0.6954434514045715,-0.03224993869662285,0.2741002142429352,0.6079582571983337,-0.0559530146420002,0.2767155170440674,0.5577000379562378,-0.07696878910064697,0.27341166138648987,0.5104708075523376,-0.09161072969436646,0.22656528651714325,0.6933780908584595,-0.04214182868599892,0.21694262325763702,0.6125002503395081,-0.06492049992084503,0.20980626344680786,0.5634893178939819,-0.08287708461284637,0.20420771837234497,0.5166909694671631,-0.09409424662590027,0.1905902922153473,0.7138515710830688,-0.05440374091267586,0.1750057488679886,0.6547695398330688,-0.07049022614955902,0.16422595083713531,0.619869589805603,-0.07640860974788666,0.15573829412460327,0.5857152342796326,-0.07977097481489182
0.2113620638847351,0.8776885271072388,1.302430803207244e-07,0.24884632229804993,0.8661378026008606,-0.024955028668045998,0.2824811041355133,0.8408533334732056,-0.04483281075954437,0.30422812700271606,0.8223395943641663,-0.06537139415740967,0.320011705160141,0.8021827340126038,-0.08318661153316498,0.2984166145324707,0.7202095985412598,-0.025977369397878647,0.33418869972229004,0.6950511932373047,-0.06340384483337402,0.33337730169296265,0.7349783182144165,-0.09247949719429016,0.31903722882270813,0.7722999453544617,-0.10696186125278473,0.2664538323879242,0.688956618309021,-0.03201260045170784,0.2773697078227997,0.6009001731872559,-0.05503934994339943,0.2795374393463135,0.5491398572921753,-0.07568050175905228,0.27510157227516174,0.5008962154388428,-0.09009607136249542,0.2302074134349823,0.6863682866096497,-0.04275958985090256,0.22199895977973938,0.6051442623138428,-0.06487786024808884,0.2161378413438797,0.5542470216751099,-0.08239500224590302,0.21127007901668549,0.5064893960952759,-0.09325067698955536,0.19380968809127808,0.70567786693573,-0.05566858500242233,0.17704027891159058,0.643597424030304,-0.07086967676877975,0.16642843186855316,0.6068431735038757,-0.07585612684488297,0.1586441695690155,0.5721620917320251,-0.07848446816205978
0.2158786654472351,0.8825623393058777,2.4629946437926264e-07,0.2533136010169983,0.8712809085845947,-0.026024075224995613,0.2842281460762024,0.8469971418380737,-0.048259180039167404,0.30627694725990295,0.8346224427223206,-0.07159598171710968,0.33093446493148804,0.8269742727279663,-0.09174845367670059,0.30532345175743103,0.7266251444816589,-0.028694480657577515,0.3462441563606262,0.7065539956092834,-0.07043077051639557,0.347225159406662,0.752479612827301,-0.10126086324453354,0.33390122652053833,0.7930129766464233,-0.11602102220058441,0.2740204334259033,0.6924651861190796,-0.03572870045900345,0.2940480411052704,0.6055687665939331,-0.06210719794034958,0.30267685651779175,0.5501454472541809,-0.08222296833992004,0.30299821496009827,0.49714237451553345,-0.09493758529424667,0.23598724603652954,0.6889699697494507,-0.04814400151371956,0.2268410623073578,0.6034215688705444,-0.07419872283935547,0.21875859797000885,0.551141083240509,-0.09274908900260925,0.21275195479393005,0.5012015104293823,-0.1029852107167244,0.19681864976882935,0.7088703513145447,-0.0627526268362999,0.17460897564888,0.6496462225914001,-0.08158733695745468,0.1581450253725052,0.6161788105964661,-0.08749570697546005,0.14580821990966797,0.5838004946708679,-0.08974896371364594
0.2546108067035675,0.8900494575500488,3.064082534365298e-07,0.2959096431732178,0.8810129165649414,-0.02534356713294983,0.33039337396621704,0.8585070371627808,-0.04770311713218689,0.35671767592430115,0.8477522134780884,-0.07158835977315903,0.38282251358032227,0.8389602303504944,-0.09330631792545319,0.34215086698532104,0.7367117404937744,-0.031140487641096115,0.3860582709312439,0.7235963940620422,-0.07239693403244019,0.3933466970920563,0.7642099857330322,-0.10312887281179428,0.38658571243286133,0.8009013533592224,-0.11803256720304489,0.3119196891784668,0.7009671330451965,-0.03865821659564972,0.33394211530685425,0.6156763434410095,-0.06368424743413925,0.34505560994148254,0.559876561164856,-0.08345207571983337,0.34847554564476013,0.5072159767150879,-0.09658905863761902,0.2741219997406006,0.695315420627594,-0.05120629072189331,0.26571279764175415,0.608590304851532,-0.07615957409143448,0.26096752285957336,0.554701566696167,-0.0959797278046608,0.2571698725223541,0.504867672920227,-0.10752160102128983,0.2351227104663849,0.7139007449150085,-0.06582441926002502,0.2117643803358078,0.6520646810531616,-0.08356866985559464,0.19705498218536377,0.6164351105690002,-0.09027795493602753,0.18570353090763092,0.5833644866943359,-0.09369154274463654
0.27723655104637146,0.8961729407310486,2.3950750005496957e-07,0.32303521037101746,0.8853103518486023,-0.023031091317534447,0.3631301820278168,0.8592225313186646,-0.0437186174094677,0.395318865776062,0.8479716181755066,-0.06646311283111572,0.4254637658596039,0.839634895324707,-0.0867958813905716,0.3677142262458801,0.7368917465209961,-0.02356482297182083,0.4157532751560211,0.7253931164741516,-0.06654942780733109,0.4245142638683319,0.7727311253547668,-0.09962986409664154,0.4153839349746704,0.8138379454612732,-0.11548039317131042,0.3369421660900116,0.7030607461929321,-0.03261999413371086,0.35490620136260986,0.6158260703086853,-0.05844314023852348,0.36105650663375854,0.5604488253593445,-0.07968632876873016,0.3577221632003784,0.5077981352806091,-0.09367707371711731,0.2995132505893707,0.6992372870445251,-0.04708065837621689,0.294254332780838,0.6133050918579102,-0.07222671061754227,0.29025059938430786,0.5598089694976807,-0.08995594084262848,0.28473708033561707,0.5083535313606262,-0.09974024444818497,0.26050713658332825,0.7181528210639954,-0.0635913610458374,0.2414848357439041,0.6530766487121582,-0.0804557129740715,0.22908352315425873,0.6142926812171936,-0.08423412591218948,0.21868497133255005,0.5770485401153564,-0.08514013141393661
0.30046817660331726,0.9037449955940247,2.2440615055074886e-07,0.35061725974082947,0.8912513256072998,-0.02113667130470276,0.39272695779800415,0.864597737789154,-0.04190247878432274,0.42748427391052246,0.8516771793365479,-0.06503240764141083,0.4586321711540222,0.840394914150238,-0.08610250800848007,0.39521709084510803,0.740867018699646,-0.021924259141087532,0.44595879316329956,0.7235904932022095,-0.0652574747800827,0.45694899559020996,0.7705971002578735,-0.09912190586328506,0.448201060295105,0.8106874823570251,-0.115415059030056,0.36427655816078186,0.7076171636581421,-0.031716372817754745,0.3836134970188141,0.6147162914276123,-0.057499732822179794,0.38931241631507874,0.5582051873207092,-0.07973753660917282,0.3853008449077606,0.5046643018722534,-0.09467920660972595,0.32738134264945984,0.7042546272277832,-0.04661692678928375,0.32348304986953735,0.6170398592948914,-0.07084017246961594,0.32068002223968506,0.5597724914550781,-0.08798538893461227,0.316082626581192,0.5046948194503784,-0.09775420278310776,0.28980520367622375,0.7242542505264282,-0.06352514028549194,0.2785874307155609,0.6550602316856384,-0.07863646745681763,0.2731471359729767,0.6130356788635254,-0.08131580799818039,0.26893407106399536,0.5719637870788574,-0.08187942951917648
0.30461204051971436,0.9072379469871521,1.589312006444743e-07,0.35622698068618774,0.8904700875282288,-0.018369363620877266,0.39646512269973755,0.862402617931366,-0.03874482214450836,0.42923155426979065,0.8460782766342163,-0.06177021563053131,0.4628632366657257,0.8317809700965881,-0.0829022228717804,0.4007183015346527,0.7342822551727295,-0.019134966656565666,0.4492509365081787,0.7150955200195312,-0.06382463872432709,0.4604012966156006,0.76601243019104,-0.09876614063978195,0.4517558217048645,0.8108071088790894,-0.11507553607225418,0.3702221214771271,0.7064339518547058,-0.030144022777676582,0.3871837556362152,0.6100211143493652,-0.056741971522569656,0.3866996765136719,0.5490666627883911,-0.08017739653587341,0.3779449164867401,0.4897424876689911,-0.09588570892810822,0.3343595862388611,0.706602931022644,-0.04580475389957428,0.34082135558128357,0.617356538772583,-0.06872167438268661,0.34436050057411194,0.5594539642333984,-0.0828123465180397,0.3452513515949249,0.500981330871582,-0.0906541496515274,0.2964871823787689,0.7273551225662231,-0.06340929865837097,0.2983880639076233,0.6565999984741211,-0.0760888010263443,0.3026586174964905,0.6121654510498047,-0.07522542029619217,0.3077252507209778,0.5674648880958557,-0.07314927875995636
0.3056966960430145,0.9097875356674194,1.6324317186899862e-07,0.35825416445732117,0.8926793932914734,-0.018267067149281502,0.39909183979034424,0.864356517791748,-0.03809291869401932,0.43187928199768066,0.848417341709137,-0.060709398239851,0.4648539423942566,0.8352615237236023,-0.08125599473714828,0.40390101075172424,0.7356359958648682,-0.017634371295571327,0.4528045058250427,0.7171340584754944,-0.061342645436525345,0.463542103767395,0.7671854496002197,-0.09551626443862915,0.4551353454589844,0.8108850121498108,-0.11136668175458908,0.37320026755332947,0.7083178162574768,-0.02892700582742691,0.39189109206199646,0.6103619337081909,-0.05468885973095894,0.392120361328125,0.5481647849082947,-0.07758164405822754,0.3841857612133026,0.4889742136001587,-0.09288939833641052,0.33692920207977295,0.7089654803276062,-0.045051608234643936,0.34410107135772705,0.6190280914306641,-0.0677652433514595,0.3473837673664093,0.5608603954315186,-0.08246861398220062,0.34765198826789856,0.5032721757888794,-0.09053093194961548,0.29866623878479004,0.7305368781089783,-0.06313762813806534,0.30208784341812134,0.6585385203361511,-0.07588592916727066,0.30570921301841736,0.6128334403038025,-0.07563289254903793,0.309060662984848,0.5673832893371582,-0.07392995804548264
0.31990423798561096,0.9015951752662659,1.7721112044455367e-07,0.37436869740486145,0.8890838027000427,-0.018951037898659706,0.4158843457698822,0.8631049394607544,-0.03855190798640251,0.4515173137187958,0.848149299621582,-0.06067870557308197,0.4872135519981384,0.8385879993438721,-0.08057886362075806,0.4287872016429901,0.7392331957817078,-0.01712769642472267,0.4741446077823639,0.7219520807266235,-0.059718213975429535,0.4838491976261139,0.7701094746589661,-0.09288579970598221,0.4772958755493164,0.8119357824325562,-0.10836067795753479,0.3992565870285034,0.7095999717712402,-0.027483707293868065,0.42109599709510803,0.6128941178321838,-0.0524803027510643,0.4266500473022461,0.5488760471343994,-0.07457618415355682,0.4251039922237396,0.4877292215824127,-0.08938875794410706,0.36283251643180847,0.705727219581604,-0.042833324521780014,0.3713560402393341,0.6157826781272888,-0.06484219431877136,0.37766554951667786,0.5579370856285095,-0.07950319349765778,0.38243311643600464,0.5003266334533691,-0.08776791393756866,0.3242291212081909,0.721869170665741,-0.060320060700178146,0.33005350828170776,0.6514854431152344,-0.07294302433729172,0.3354611396789551,0.6073533296585083,-0.07360170036554337,0.34182554483413696,0.562843382358551,-0.07278493791818619
0.3630191683769226,0.873853325843811,3.6873032627227076e-07,0.41481781005859375,0.8585907220840454,-0.0266901645809412,0.4595716893672943,0.829496443271637,-0.04669290408492088,0.4991650879383087,0.8108354210853577,-0.06611446291208267,0.5389392971992493,0.7996688485145569,-0.08580690622329712,0.4614439904689789,0.6902875900268555,-0.026679927483201027,0.47906866669654846,0.6047381162643433,-0.05028015747666359,0.4837545156478882,0.5494309067726135,-0.06977773457765579,0.485390841960907,0.5013553500175476,-0.08350837975740433,0.43325892090797424,0.6736103892326355,-0.031100837513804436,0.451190710067749,0.5753837823867798,-0.05251772329211235,0.4567982852458954,0.5111283659934998,-0.070701465010643,0.45782411098480225,0.45924636721611023,-0.08332528173923492,0.4009998142719269,0.675647497177124,-0.038875874131917953,0.41213372349739075,0.5833314657211304,-0.05854867398738861,0.41711267828941345,0.5241332650184631,-0.07163134217262268,0.4194909632205963,0.4756124019622803,-0.0801219642162323,0.3638041019439697,0.6916173100471497,-0.04932330176234245,0.3726368546485901,0.6205690503120422,-0.06620872765779495,0.3776729106903076,0.57455974817276,-0.07253201305866241,0.3820025324821472,0.5325859189033508,-0.07590293139219284
0.4195392429828644,0.8404248356819153,1.9124342998111388e-07,0.4743295907974243,0.8317962884902954,-0.020093707367777824,0.5220659971237183,0.8024048805236816,-0.03749631345272064,0.5626959800720215,0.7808257341384888,-0.05645168200135231,0.6008167266845703,0.7622737884521484,-0.07313842326402664,0.5314319133758545,0.679973840713501,-0.019334428012371063,0.5851395726203918,0.6590107083320618,-0.05860496684908867,0.5986429452896118,0.7022880911827087,-0.08818784356117249,0.5920473337173462,0.7437762022018433,-0.1018582135438919,0.5045418739318848,0.648455798625946,-0.027025459334254265,0.5274150967597961,0.5503956079483032,-0.0510668121278286,0.5323330163955688,0.48948782682418823,-0.07256581634283066,0.5281332731246948,0.43248459696769714,-0.0868721455335617,0.47049736976623535,0.6446453332901001,-0.03905000165104866,0.4822980761528015,0.5543946623802185,-0.06134892255067825,0.4886546730995178,0.49694228172302246,-0.07521887868642807,0.491684228181839,0.4400768280029297,-0.08289586752653122,0.4331492781639099,0.6594499349594116,-0.05292390659451485,0.43686094880104065,0.591187059879303,-0.0679604709148407,0.4409674108028412,0.5470346212387085,-0.06962409615516663,0.4450131058692932,0.5029587745666504,-0.06880006939172745
0.45687487721443176,0.8051730394363403,1.619682734599337e-07,0.5100951194763184,0.7930293679237366,-0.01820601522922516,0.5582967400550842,0.7588976621627808,-0.03408576548099518,0.598704993724823,0.7335745692253113,-0.051934704184532166,0.6359696984291077,0.713478147983551,-0.06752987951040268,0.5619078874588013,0.6363430619239807,-0.01672416366636753,0.616025447845459,0.6124456524848938,-0.054410260170698166,0.6321766376495361,0.6540979146957397,-0.0827406719326973,0.627510130405426,0.6945827603340149,-0.09578004479408264,0.5347963571548462,0.6058496832847595,-0.024350693449378014,0.5555667281150818,0.5090458393096924,-0.04727594181895256,0.5587124824523926,0.45053768157958984,-0.06697186827659607,0.5518242716789246,0.3966371417045593,-0.07994408160448074,0.5016433000564575,0.6028628945350647,-0.03624856099486351,0.5130577087402344,0.513073742389679,-0.056990403681993484,0.5193013548851013,0.45744454860687256,-0.06877530366182327,0.5212777256965637,0.40279269218444824,-0.07510551810264587,0.4660099446773529,0.6184793710708618,-0.050068799406290054,0.472694456577301,0.5511022210121155,-0.06388070434331894,0.4760637879371643,0.507077693939209,-0.06439631432294846,0.47757112979888916,0.46359533071517944,-0.06267575919628143
0.49633893370628357,0.787566602230072,2.0256776167570933e-07,0.5494645237922668,0.7722364664077759,-0.014362281188368797,0.5972113013267517,0.7361613512039185,-0.02873086929321289,0.6405481696128845,0.7118043899536133,-0.04575479403138161,0.6780564785003662,0.6930094957351685,-0.06113720312714577,0.5946473479270935,0.6170468330383301,-0.013475296087563038,0.6475375890731812,0.5953549742698669,-0.04930157586932182,0.669492244720459,0.6303912997245789,-0.07715122401714325,0.6730933785438538,0.6671578884124756,-0.09084159135818481,0.5693801641464233,0.588444173336029,-0.023602914065122604,0.5907171964645386,0.4920557737350464,-0.04558175802230835,0.594679594039917,0.43157443404197693,-0.06467223912477493,0.5885732173919678,0.37863752245903015,-0.07743492722511292,0.5379622578620911,0.5864176750183105,-0.03765685111284256,0.5458183884620667,0.4961366355419159,-0.0580073744058609,0.5493373274803162,0.4396258592605591,-0.06988445669412613,0.5481987595558167,0.3872559070587158,-0.07649389654397964,0.5042017698287964,0.6028657555580139,-0.053350914269685745,0.5074530839920044,0.5359798669815063,-0.06712442636489868,0.5091677904129028,0.49180299043655396,-0.06776577979326248,0.5088918209075928,0.4501817524433136,-0.0664181262254715
0.533616304397583,0.8001488447189331,2.0145019163919642e-07,0.5879437327384949,0.7820603847503662,-0.012033541686832905,0.635634183883667,0.746206521987915,-0.026147522032260895,0.6787467002868652,0.724868655204773,-0.04380437359213829,0.7151585221290588,0.7061172723770142,-0.06016726791858673,0.6252835392951965,0.6272785067558289,-0.009085449390113354,0.6776667833328247,0.6075142621994019,-0.045905761420726776,0.7019449472427368,0.644862174987793,-0.07531269639730453,0.708233654499054,0.6826455593109131,-0.08976561576128006,0.6015806198120117,0.6020826697349548,-0.02075420320034027,0.6210833191871643,0.5081130266189575,-0.04244506359100342,0.625481367111206,0.4483976662158966,-0.061632927507162094,0.6207261085510254,0.39454883337020874,-0.07449600100517273,0.5718157887458801,0.6022928357124329,-0.03664948418736458,0.5772793292999268,0.5129480957984924,-0.05646080896258354,0.5804703235626221,0.45632338523864746,-0.06794772297143936,0.5796453356742859,0.40288037061691284,-0.07422734051942825,0.5401910543441772,0.6204747557640076,-0.05416343733668327,0.5415436625480652,0.5535401105880737,-0.06665302813053131,0.5431939959526062,0.5097901225090027,-0.0661841556429863,0.5435148477554321,0.4685215353965759,-0.06418626010417938
0.5170900821685791,0.8610727787017822,2.0619879137484531e-07,0.5706706047058105,0.8395529985427856,-0.006806562654674053,0.6169586777687073,0.8077075481414795,-0.018289249390363693,0.6593892574310303,0.7911968231201172,-0.03448229283094406,0.6959490776062012,0.7727892398834229,-0.04960237443447113,0.6046631336212158,0.6993076801300049,-0.0008205081685446203,0.6542612314224243,0.6809659004211426,-0.03273675963282585,0.6781601309776306,0.7158928513526917,-0.05898011475801468,0.6867035627365112,0.7526430487632751,-0.07172904908657074,0.5877300500869751,0.6767345070838928,-0.013670854270458221,0.6121359467506409,0.5904855728149414,-0.03027467615902424,0.6235968470573425,0.5355066657066345,-0.04499872773885727,0.626839816570282,0.48776862025260925,-0.05483891814947128,0.5644943118095398,0.6756020188331604,-0.030762137845158577,0.5757302045822144,0.5913652777671814,-0.04643230512738228,0.582582414150238,0.5357537865638733,-0.0542110837996006,0.5860477685928345,0.4866721034049988,-0.05823035538196564,0.5385864973068237,0.6902118921279907,-0.04942355677485466,0.5418991446495056,0.6270714402198792,-0.06030106917023659,0.5450494885444641,0.5830226540565491,-0.05885292589664459,0.5475670099258423,0.5443580150604248,-0.05603288114070892
0.46587204933166504,0.866831362247467,2.007529076308856e-07,0.5143964290618896,0.8475016951560974,-0.010630695149302483,0.5554840564727783,0.817057728767395,-0.023095406591892242,0.5900133848190308,0.7980501055717468,-0.038358964025974274,0.6190768480300903,0.7807207107543945,-0.05307876318693161,0.555864155292511,0.701957643032074,-0.012368564493954182,0.5995657444000244,0.6794621348381042,-0.04282905161380768,0.6188253164291382,0.7105193138122559,-0.06867807358503342,0.6234506964683533,0.7402492761611938,-0.08234310150146484,0.5298423171043396,0.67668217420578,-0.023503122851252556,0.5472427010536194,0.5839390754699707,-0.04255453124642372,0.552269697189331,0.5278407335281372,-0.060667071491479874,0.5481096506118774,0.48212575912475586,-0.07313057780265808,0.4984571933746338,0.6753718852996826,-0.03765234723687172,0.5047321319580078,0.5872808694839478,-0.05527292937040329,0.5105662941932678,0.5325981378555298,-0.06773242354393005,0.5130693912506104,0.48467570543289185,-0.07517094910144806,0.46484941244125366,0.6920167207717896,-0.052924174815416336,0.46719270944595337,0.624694287776947,-0.06524863094091415,0.47100600600242615,0.5814020037651062,-0.06610557436943054,0.47407981753349304,0.5423069000244141,-0.06526078283786774
0.3595629632472992,0.8708239793777466,3.2050240861281054e-07,0.40857329964637756,0.8606239557266235,-0.03724959120154381,0.4487639367580414,0.8352934718132019,-0.059320464730262756,0.46375975012779236,0.8089660406112671,-0.07874554395675659,0.4670863449573517,0.7772268056869507,-0.09780455380678177,0.4463774859905243,0.6731483936309814,-0.0325537845492363,0.44627058506011963,0.5857923030853271,-0.056702785193920135,0.439376562833786,0.5314600467681885,-0.07834665477275848,0.4314707815647125,0.482330858707428,-0.0936645045876503,0.41322991251945496,0.6589558124542236,-0.031187308952212334,0.4121286869049072,0.5643888711929321,-0.05296279489994049,0.40715065598487854,0.4998587965965271,-0.07414201647043228,0.4027058780193329,0.4472898840904236,-0.08981508761644363,0.3793658912181854,0.6626197695732117,-0.03417101874947548,0.3792293667793274,0.5737541317939758,-0.053629934787750244,0.37997522950172424,0.5132391452789307,-0.06932401657104492,0.38105547428131104,0.46258115768432617,-0.07993940263986588,0.3437504768371582,0.6803736090660095,-0.040925320237874985,0.35058411955833435,0.6082595586776733,-0.0574372373521328,0.3541469871997833,0.559640109539032,-0.06597587466239929,0.35951030254364014,0.5145078897476196,-0.07154442369937897
0.3082827031612396,0.8324319124221802,3.388961715700134e-07,0.3480845093727112,0.8169510364532471,-0.026766909286379814,0.38155004382133484,0.7839472889900208,-0.04370688647031784,0.3906925320625305,0.7545458078384399,-0.05983111262321472,0.39036825299263,0.7268609404563904,-0.07607226073741913,0.39877864718437195,0.6500440835952759,-0.026937328279018402,0.4295026957988739,0.5884960293769836,-0.05010370910167694,0.4462381601333618,0.5558720231056213,-0.07061728835105896,0.45501819252967834,0.5269615650177002,-0.08454811573028564,0.36311566829681396,0.6249672770500183,-0.030356450006365776,0.3650684356689453,0.5279524922370911,-0.05092499405145645,0.3575403094291687,0.46692776679992676,-0.06967160850763321,0.3481166362762451,0.41686296463012695,-0.08289490640163422,0.3262743353843689,0.6262627840042114,-0.037127528339624405,0.323955237865448,0.5402092933654785,-0.055898718535900116,0.3218154013156891,0.48000264167785645,-0.07058015465736389,0.32063454389572144,0.42735356092453003,-0.08041195571422577,0.28953301906585693,0.6451065540313721,-0.046560946851968765,0.2893771231174469,0.5767784118652344,-0.06207067891955376,0.28824448585510254,0.5310142040252686,-0.0684828981757164,0.2898772656917572,0.48759907484054565,-0.07241637259721756
0.27538734674453735,0.8079508543014526,-1.2964560092143529e-08,0.31306788325309753,0.7900437116622925,-0.02919822558760643,0.34376150369644165,0.7465997934341431,-0.048827752470970154,0.34571224451065063,0.712565541267395,-0.0684204027056694,0.33392858505249023,0.6799210906028748,-0.08532888442277908,0.35351693630218506,0.6178097128868103,-0.025858158245682716,0.3662950098514557,0.5700973868370056,-0.0631200298666954,0.3518832325935364,0.6154624819755554,-0.09283535927534103,0.3313574492931366,0.6561569571495056,-0.10741017758846283,0.3177575469017029,0.5960645079612732,-0.028816841542720795,0.3142167031764984,0.4995972514152527,-0.05365024507045746,0.3019453287124634,0.44392848014831543,-0.07745601236820221,0.28742504119873047,0.38922327756881714,-0.09408891946077347,0.2813943922519684,0.59921795129776,-0.036740742623806,0.27443698048591614,0.5096383690834045,-0.057909052819013596,0.26940324902534485,0.4482838213443756,-0.07625237852334976,0.2647351920604706,0.3895081579685211,-0.08801452070474625,0.2465202808380127,0.6191065311431885,-0.04740442335605621,0.24422985315322876,0.5444821119308472,-0.05860056355595589,0.24249675869941711,0.49680203199386597,-0.06271989643573761,0.24244457483291626,0.4512978494167328,-0.06584321707487106
0.2592568099498749,0.8178950548171997,-2.1780204306764972e-08,0.2964017391204834,0.8024988174438477,-0.02982514537870884,0.3257662355899811,0.7634418606758118,-0.050279710441827774,0.33148452639579773,0.7308955192565918,-0.07053641974925995,0.32197654247283936,0.6993021368980408,-0.08834896981716156,0.33817437291145325,0.6329468488693237,-0.029014980420470238,0.3504982590675354,0.583458662033081,-0.06466944515705109,0.33400341868400574,0.6245194673538208,-0.09363909810781479,0.3142831027507782,0.6652887463569641,-0.10869795083999634,0.30188220739364624,0.6088064908981323,-0.031705133616924286,0.2983707785606384,0.5138543248176575,-0.05545792728662491,0.28590357303619385,0.4576040208339691,-0.07918383926153183,0.27341631054878235,0.40394270420074463,-0.09662385284900665,0.2639065086841583,0.6114901900291443,-0.038973137736320496,0.25984612107276917,0.5219843983650208,-0.059217434376478195,0.2549286186695099,0.4616857171058655,-0.07791398465633392,0.25180327892303467,0.40488484501838684,-0.09092111140489578,0.2271982580423355,0.6333643794059753,-0.048894137144088745,0.2223336100578308,0.5635050535202026,-0.06069106236100197,0.218837708234787,0.5175603032112122,-0.0656144917011261,0.21827632188796997,0.4740101397037506,-0.06976782530546188
0.23819437623023987,0.8385628461837769,-1.4795432434766553e-08,0.2758791744709015,0.8242768049240112,-0.029109911993145943,0.3060666620731354,0.787737250328064,-0.04939637333154678,0.3103667199611664,0.7576215267181396,-0.06964301317930222,0.30249112844467163,0.7267714738845825,-0.0873953178524971,0.3204687237739563,0.6520692706108093,-0.0268048495054245,0.33489900827407837,0.6070635914802551,-0.0621427483856678,0.3205062747001648,0.6470291018486023,-0.09162384271621704,0.3009120523929596,0.68625807762146,-0.10720313340425491,0.2836568057537079,0.6276566982269287,-0.030071014538407326,0.28014084696769714,0.5314825773239136,-0.0530531145632267,0.2679494321346283,0.47711020708084106,-0.07685189694166183,0.25477543473243713,0.425740122795105,-0.09427984058856964,0.24581465125083923,0.6306281685829163,-0.03792645037174225,0.24060559272766113,0.5433124303817749,-0.057770758867263794,0.23593667149543762,0.4849950075149536,-0.076471708714962,0.23170018196105957,0.4292733669281006,-0.08942686766386032,0.20916561782360077,0.6537806987762451,-0.048402659595012665,0.20554479956626892,0.5853299498558044,-0.05997100844979286,0.2017628699541092,0.5423387885093689,-0.06434187293052673,0.19912312924861908,0.5010544061660767,-0.06792697310447693
0.22483289241790771,0.862984299659729,-2.108966334901652e-09,0.2636076509952545,0.8454338312149048,-0.023996654897928238,0.29773545265197754,0.8082932233810425,-0.04088762775063515,0.3110039234161377,0.7770936489105225,-0.05850046128034592,0.3034312129020691,0.743472695350647,-0.07382774353027344,0.30746325850486755,0.6820455193519592,-0.01832258515059948,0.32673853635787964,0.6375866532325745,-0.05124996602535248,0.3182886838912964,0.6694949865341187,-0.07934451848268509,0.3033442199230194,0.7036471962928772,-0.0942506343126297,0.27367064356803894,0.6567359566688538,-0.023433275520801544,0.2752245366573334,0.5626451969146729,-0.04375132545828819,0.2660215198993683,0.5078054666519165,-0.06594736874103546,0.2556541860103607,0.4579910635948181,-0.08249865472316742,0.23772163689136505,0.6578191518783569,-0.033079080283641815,0.2363029420375824,0.5736188888549805,-0.05097874999046326,0.2335873693227768,0.5180202722549438,-0.0678325966000557,0.23093073070049286,0.46519094705581665,-0.07974831759929657,0.20208874344825745,0.6790046095848083,-0.04521077126264572,0.20290687680244446,0.6143636703491211,-0.05605471134185791,0.20215296745300293,0.5726863741874695,-0.05979457125067711,0.20167146623134613,0.5314419269561768,-0.06298977881669998
0.2263123095035553,0.8829365968704224,1.0655582194374347e-08,0.26771846413612366,0.864598274230957,-0.025434929877519608,0.30432718992233276,0.8279618620872498,-0.04239926487207413,0.31777939200401306,0.7946082949638367,-0.059729598462581635,0.3098885715007782,0.7576917409896851,-0.07469753175973892,0.3106120526790619,0.7085193991661072,-0.019615009427070618,0.32768574357032776,0.662185788154602,-0.05200691148638725,0.31857597827911377,0.6986232995986938,-0.07882436364889145,0.3034196197986603,0.7337049245834351,-0.09275509417057037,0.27698519825935364,0.6839802265167236,-0.023704465478658676,0.2802494466304779,0.5916004180908203,-0.04392676055431366,0.27211958169937134,0.5391278266906738,-0.06571660190820694,0.26175981760025024,0.4906603693962097,-0.08187046647071838,0.24099929630756378,0.6851913332939148,-0.03245178982615471,0.24082383513450623,0.6026455760002136,-0.05060570314526558,0.2392185926437378,0.5477722883224487,-0.0677717849612236,0.2377099096775055,0.49674177169799805,-0.07971511036157608,0.2044554352760315,0.7046974897384644,-0.04369661957025528,0.205357164144516,0.6392176151275635,-0.05488676205277443,0.20403991639614105,0.5968243479728699,-0.059247784316539764,0.20301569998264313,0.5568065643310547,-0.0627463236451149
0.22022566199302673,0.8877942562103271,3.380245772177659e-08,0.2617311179637909,0.8717953562736511,-0.022303547710180283,0.2999197244644165,0.8360480070114136,-0.03815341740846634,0.3177412748336792,0.805120050907135,-0.05478594824671745,0.30135926604270935,0.7772315740585327,-0.06952124834060669,0.29832911491394043,0.7157480716705322,-0.019601551815867424,0.3189152181148529,0.6733945608139038,-0.05063745751976967,0.313276082277298,0.7086363434791565,-0.07578595727682114,0.29892823100090027,0.7424114942550659,-0.08875753730535507,0.26603806018829346,0.6933244466781616,-0.02544602006673813,0.2705894410610199,0.6021388173103333,-0.04506058245897293,0.2639228105545044,0.549299955368042,-0.06579013168811798,0.25383424758911133,0.501568615436554,-0.08128547668457031,0.23144924640655518,0.6959037184715271,-0.03544369339942932,0.23145020008087158,0.611905574798584,-0.05334635078907013,0.23002855479717255,0.557005763053894,-0.0708722472190857,0.2278301864862442,0.5068167448043823,-0.08311080187559128,0.19657394289970398,0.7157902717590332,-0.047584835439920425,0.19803231954574585,0.6498138308525085,-0.05858999490737915,0.19731473922729492,0.6075366139411926,-0.06344567239284515,0.1972097009420395,0.5672195553779602,-0.06764453649520874
0.21485859155654907,0.8958101272583008,7.044879168915941e-08,0.25393837690353394,0.8818027377128601,-0.02438712865114212,0.2902953624725342,0.8515627980232239,-0.04213353618979454,0.30870455503463745,0.8261427283287048,-0.06043073907494545,0.29734188318252563,0.7994544506072998,-0.07657240331172943,0.2942287027835846,0.7282189130783081,-0.02078251540660858,0.31621429324150085,0.6913176774978638,-0.05368221178650856,0.3097519874572754,0.7260957956314087,-0.08097176998853683,0.29416346549987793,0.7607855796813965,-0.0950501337647438,0.26200637221336365,0.7045194506645203,-0.02606755867600441,0.27019748091697693,0.6135830283164978,-0.04584990814328194,0.2659159004688263,0.5610264539718628,-0.06679573655128479,0.2586778402328491,0.5139910578727722,-0.08236756175756454,0.22741033136844635,0.705764889717102,-0.03578784316778183,0.23046517372131348,0.6230446696281433,-0.05296916887164116,0.23060889542102814,0.5705934166908264,-0.06933523714542389,0.2302352786064148,0.5224570035934448,-0.08083778619766235,0.1925017535686493,0.7255917191505432,-0.048040326684713364,0.19581058621406555,0.6617745757102966,-0.05787905678153038,0.19666916131973267,0.621189296245575,-0.06122000515460968,0.19801217317581177,0.5822381377220154,-0.06429754197597504
0.2089006006717682,0.8931179642677307,8.863975864414897e-08,0.2483559101819992,0.879572331905365,-0.022046079859137535,0.28382453322410583,0.8489755988121033,-0.03785471245646477,0.30437329411506653,0.8222419619560242,-0.05469438433647156,0.3002147674560547,0.7915884852409363,-0.06933197379112244,0.28751251101493835,0.7299789786338806,-0.017281251028180122,0.3146534860134125,0.6916240453720093,-0.04993855953216553,0.31260037422180176,0.7240513563156128,-0.0763050764799118,0.3012889623641968,0.7573725581169128,-0.08953153342008591,0.2579133212566376,0.7062206268310547,-0.023430556058883667,0.27105480432510376,0.616868257522583,-0.04284565895795822,0.2718740701675415,0.5636247992515564,-0.06282628327608109,0.2693970799446106,0.5153623223304749,-0.07750611752271652,0.22510910034179688,0.7066321969032288,-0.03428322449326515,0.22894376516342163,0.6240944862365723,-0.05245305225253105,0.2307692915201187,0.5720934867858887,-0.06914513558149338,0.23187322914600372,0.5245844125747681,-0.08039505034685135,0.19171158969402313,0.7262865900993347,-0.047421135008335114,0.19489747285842896,0.6633641719818115,-0.059097714722156525,0.19644533097743988,0.622787356376648,-0.06380035728216171,0.19835804402828217,0.5835572481155396,-0.0674174353480339
0.19768138229846954,0.8926849365234375,4.523660734889745e-08,0.240531787276268,0.8784389495849609,-0.018310649320483208,0.2780008912086487,0.8404324054718018,-0.030389027670025826,0.2956635653972626,0.8046059012413025,-0.04372669756412506,0.27630671858787537,0.7791725993156433,-0.05577201023697853,0.2769670784473419,0.7288333773612976,-0.013171585276722908,0.2974734604358673,0.686148464679718,-0.040290527045726776,0.2933468520641327,0.7147240042686462,-0.06370118260383606,0.28282344341278076,0.7431336045265198,-0.07659755647182465,0.24705471098423004,0.7048311233520508,-0.01978396810591221,0.2578781843185425,0.6156585812568665,-0.03580373525619507,0.256082683801651,0.5634435415267944,-0.05408503860235214,0.25122562050819397,0.5174399614334106,-0.06825883686542511,0.21390479803085327,0.7053409814834595,-0.03027862124145031,0.21985790133476257,0.6245481371879578,-0.04546152427792549,0.22291097044944763,0.5737607479095459,-0.06049790978431702,0.22498159110546112,0.5282381176948547,-0.07152152806520462,0.17931082844734192,0.7228811979293823,-0.04280583932995796,0.1859901249408722,0.6627762913703918,-0.05241218954324722,0.18911294639110565,0.6239403486251831,-0.056117668747901917,0.192010760307312,0.5875585079193115,-0.059794168919324875
0.19027270376682281,0.8953591585159302,5.7361262406629976e-08,0.2327592968940735,0.8808073997497559,-0.017667977139353752,0.27000564336776733,0.8410152792930603,-0.028916457667946815,0.28614675998687744,0.8044265508651733,-0.04150645062327385,0.2650353014469147,0.7798162698745728,-0.052766453474760056,0.26748406887054443,0.729935884475708,-0.010671967640519142,0.28770458698272705,0.6861936450004578,-0.03638589009642601,0.2851908802986145,0.7109456062316895,-0.05860793590545654,0.27649468183517456,0.7380650639533997,-0.07100959122180939,0.23826566338539124,0.7067558765411377,-0.01724807359278202,0.24873489141464233,0.6188927292823792,-0.0330965518951416,0.2469779998064041,0.5669397711753845,-0.05097072198987007,0.2424919456243515,0.5217980146408081,-0.0647217258810997,0.2057299017906189,0.7076944708824158,-0.027708642184734344,0.21370069682598114,0.6271733641624451,-0.04259089007973671,0.2177395075559616,0.5770249962806702,-0.05679719150066376,0.22062914073467255,0.5313609838485718,-0.0672391876578331,0.17148375511169434,0.7250556945800781,-0.04020349308848381,0.17876403033733368,0.6651161313056946,-0.049862515181303024,0.18231329321861267,0.6253407597541809,-0.053520411252975464,0.18656128644943237,0.5865076780319214,-0.05714903399348259
0.1874416172504425,0.8798272013664246,2.0056629068676557e-07,0.23144298791885376,0.8642439842224121,-0.01651129685342312,0.26917535066604614,0.8250586986541748,-0.02754434570670128,0.29267948865890503,0.788377046585083,-0.04036416858434677,0.2799374759197235,0.760789692401886,-0.052066460251808167,0.2720348834991455,0.7170360088348389,-0.01027941145002842,0.2992245554924011,0.671589732170105,-0.03720017150044441,0.29963600635528564,0.6925408840179443,-0.06091504916548729,0.293111652135849,0.7163197994232178,-0.07386317104101181,0.24449940025806427,0.6884973645210266,-0.017652517184615135,0.2685970067977905,0.6023103594779968,-0.03231622651219368,0.2806376814842224,0.547477126121521,-0.04917909950017929,0.2879203259944916,0.500155508518219,-0.06190215051174164,0.21107463538646698,0.6861817240715027,-0.029325993731617928,0.2162446826696396,0.6039674282073975,-0.044552676379680634,0.22104592621326447,0.5510176420211792,-0.06056525185704231,0.2267191857099533,0.5053116083145142,-0.07183210551738739,0.1758200228214264,0.7042549848556519,-0.042977046221494675,0.17761041224002838,0.6465640068054199,-0.05421135574579239,0.17745338380336761,0.6086984276771545,-0.05926747992634773,0.1785096824169159,0.5740628838539124,-0.06329930573701859
0.20483022928237915,0.853047788143158,2.1353480406105518e-07,0.24646279215812683,0.8376277089118958,-0.021235832944512367,0.2864704132080078,0.7983458042144775,-0.03592848405241966,0.31302475929260254,0.7642542719841003,-0.05194764956831932,0.30233243107795715,0.7298368215560913,-0.06590179353952408,0.28721287846565247,0.6818839907646179,-0.018563026562333107,0.3203515112400055,0.6389038562774658,-0.05215858668088913,0.31922218203544617,0.6701855659484863,-0.0784657821059227,0.3080040514469147,0.7016603350639343,-0.09151305258274078,0.25681546330451965,0.6529201865196228,-0.025436032563447952,0.2774776816368103,0.5620034337043762,-0.044701192528009415,0.28611278533935547,0.5046472549438477,-0.06333019584417343,0.28950944542884827,0.4530371427536011,-0.07667391002178192,0.22168505191802979,0.6523707509040833,-0.037158552557229996,0.21979095041751862,0.5701844096183777,-0.0564049631357193,0.21701368689537048,0.5161413550376892,-0.0739951953291893,0.21615725755691528,0.466835618019104,-0.08565985411405563,0.18590235710144043,0.6748395562171936,-0.05110570043325424,0.1758628487586975,0.6174660921096802,-0.06583961099386215,0.1670476198196411,0.5785241723060608,-0.07241693884134293,0.1613215208053589,0.540386974811554,-0.07667848467826843
0.21158239245414734,0.841538667678833,1.707735464151483e-07,0.2518947720527649,0.8249161839485168,-0.027354314923286438,0.29102060198783875,0.7843996286392212,-0.04463355615735054,0.3172680139541626,0.7481598258018494,-0.062216468155384064,0.3146341145038605,0.7092077136039734,-0.07679128646850586,0.2979835271835327,0.6645033359527588,-0.023744476959109306,0.32642608880996704,0.6174575686454773,-0.05827570706605911,0.3184070289134979,0.6526517271995544,-0.08474905788898468,0.3019930124282837,0.6908053159713745,-0.0978357195854187,0.265053391456604,0.6327947974205017,-0.02828257530927658,0.28403258323669434,0.5387064218521118,-0.04751236364245415,0.29096776247024536,0.4803065061569214,-0.06627508252859116,0.2930397391319275,0.42550310492515564,-0.07968809455633163,0.22654105722904205,0.6326562762260437,-0.038252513855695724,0.21865534782409668,0.5477383732795715,-0.05983172729611397,0.20962154865264893,0.495584636926651,-0.08075764030218124,0.20330318808555603,0.44726359844207764,-0.09462274610996246,0.1878851354122162,0.657952606678009,-0.05065454915165901,0.1651400327682495,0.6061539649963379,-0.07008665800094604,0.1458876132965088,0.5750037431716919,-0.08006890118122101,0.12931551039218903,0.5438991785049438,-0.08628062158823013
0.2242867648601532,0.8424150943756104,1.4397762981843698e-07,0.2661581337451935,0.827704668045044,-0.02648339606821537,0.3083859980106354,0.7914444804191589,-0.04371172562241554,0.3364754915237427,0.7582797408103943,-0.06132504716515541,0.3296743929386139,0.724105715751648,-0.07554646581411362,0.3132477402687073,0.669183075428009,-0.02201000601053238,0.34516096115112305,0.6238728165626526,-0.05674731731414795,0.33560270071029663,0.6637492775917053,-0.08420389890670776,0.31651946902275085,0.703473687171936,-0.0975322350859642,0.28005915880203247,0.6361382603645325,-0.026440000161528587,0.29970860481262207,0.5425189733505249,-0.04472508281469345,0.3072291910648346,0.48488086462020874,-0.06317895650863647,0.30962151288986206,0.4313117265701294,-0.07688384503126144,0.24137941002845764,0.6322870254516602,-0.036338694393634796,0.2391924411058426,0.5489765405654907,-0.05443708971142769,0.2341802418231964,0.49551260471343994,-0.07234563678503036,0.23071283102035522,0.44716405868530273,-0.08465363085269928,0.2019883394241333,0.6521807312965393,-0.048956532031297684,0.1865198016166687,0.5948113799095154,-0.061989665031433105,0.173578143119812,0.5591225028038025,-0.06749511510133743,0.1625174582004547,0.5258931517601013,-0.07138883322477341
0.2508961260318756,0.8572255969047546,1.7513731620510953e-07,0.2943372428417206,0.8412232398986816,-0.023433789610862732,0.3355368971824646,0.8103550672531128,-0.0413493812084198,0.36210137605667114,0.783537745475769,-0.060754790902137756,0.359718918800354,0.7513753175735474,-0.07748356461524963,0.33428987860679626,0.6819486618041992,-0.018753482028841972,0.36709487438201904,0.6444322466850281,-0.05463191494345665,0.3663426339626312,0.6796473264694214,-0.08378361910581589,0.3546896278858185,0.7164258360862732,-0.09837143123149872,0.3014052212238312,0.6509607434272766,-0.025799745693802834,0.3183589279651642,0.5564866662025452,-0.046961452811956406,0.3214244246482849,0.49640941619873047,-0.06793291866779327,0.3200680613517761,0.4432505965232849,-0.08273684978485107,0.26433634757995605,0.6489928364753723,-0.037968795746564865,0.26069390773773193,0.5608078837394714,-0.05803734436631203,0.2571287751197815,0.5047826766967773,-0.07576939463615417,0.2552434206008911,0.4551413953304291,-0.08716075867414474,0.22785702347755432,0.6710576415061951,-0.052578531205654144,0.22149667143821716,0.607724666595459,-0.06504508852958679,0.21667206287384033,0.5677270889282227,-0.06909403949975967,0.21400368213653564,0.5308342576026917,-0.07174906134605408
0.2895810306072235,0.8580617904663086,2.8228447490619146e-07,0.3356269598007202,0.8452678918838501,-0.02194882556796074,0.37380534410476685,0.8160353302955627,-0.03875131905078888,0.39942723512649536,0.789702296257019,-0.05696767941117287,0.4187919497489929,0.7639222741127014,-0.07266953587532043,0.37897905707359314,0.6873299479484558,-0.023892443627119064,0.428274929523468,0.6559574604034424,-0.056602369993925095,0.4441301226615906,0.6846872568130493,-0.08079199492931366,0.4437229633331299,0.7131058573722839,-0.09284895658493042,0.3451782763004303,0.6535151600837708,-0.031554196029901505,0.36367499828338623,0.557010293006897,-0.0528978668153286,0.3719656765460968,0.5013447999954224,-0.07013139873743057,0.37223440408706665,0.45488083362579346,-0.08139979094266891,0.3065054416656494,0.6518096923828125,-0.04351338744163513,0.297695517539978,0.5623089075088501,-0.06508956849575043,0.29382842779159546,0.5080324411392212,-0.08107245713472366,0.2904658615589142,0.46033626794815063,-0.09034070372581482,0.2690589427947998,0.6738119721412659,-0.05750061199069023,0.2561887502670288,0.6101828813552856,-0.07331551611423492,0.24855363368988037,0.5715138912200928,-0.07781311124563217,0.24354694783687592,0.5368503332138062,-0.07954003661870956
0.34738391637802124,0.8533383011817932,3.679421638480562e-07,0.3981776535511017,0.8430793285369873,-0.029146792367100716,0.44168299436569214,0.8120418787002563,-0.048004016280174255,0.47122398018836975,0.7814869284629822,-0.06697627902030945,0.4900776743888855,0.7536336183547974,-0.08536675572395325,0.4445438086986542,0.6729111671447754,-0.0261112991720438,0.4589918553829193,0.601309061050415,-0.049893204122781754,0.45810437202453613,0.5564603209495544,-0.0683068037033081,0.44997280836105347,0.5205371975898743,-0.08039398491382599,0.4081564247608185,0.642444908618927,-0.0298913661390543,0.42312920093536377,0.5427314043045044,-0.04942846670746803,0.4280804991722107,0.4768825173377991,-0.06377279758453369,0.4279300570487976,0.4217371344566345,-0.07278766483068466,0.3693830966949463,0.6398371458053589,-0.03814622387290001,0.36124730110168457,0.5469382405281067,-0.058318089693784714,0.354131281375885,0.4869881272315979,-0.0720391571521759,0.34779027104377747,0.43821579217910767,-0.0803179070353508,0.328261137008667,0.6598556637763977,-0.049476802349090576,0.31376636028289795,0.5926690697669983,-0.06797128170728683,0.3035009801387787,0.5497667193412781,-0.07599633932113647,0.29594680666923523,0.5118499994277954,-0.08031705766916275
0.3740018606185913,0.868647038936615,2.0218460861087806e-07,0.4272848963737488,0.8606677651405334,-0.02609787881374359,0.4728747010231018,0.8366378545761108,-0.04674986004829407,0.503518283367157,0.8136767148971558,-0.06890934705734253,0.5229418277740479,0.7774028778076172,-0.08814679086208344,0.4763967990875244,0.6957445740699768,-0.021572554484009743,0.5267165899276733,0.667269766330719,-0.06428208947181702,0.5379225015640259,0.7091501951217651,-0.09738021343946457,0.5303518772125244,0.7488369941711426,-0.11279715597629547,0.44579505920410156,0.6615222096443176,-0.028230467811226845,0.4645671546459198,0.5625783205032349,-0.05392930656671524,0.46889427304267883,0.5013916492462158,-0.07677675783634186,0.46510985493659973,0.44447219371795654,-0.09192778170108795,0.40937450528144836,0.6587767004966736,-0.040629249066114426,0.406303733587265,0.5671396255493164,-0.06482545286417007,0.4023411273956299,0.507666289806366,-0.08148390054702759,0.3977999687194824,0.4507297873497009,-0.09075015038251877,0.3729952871799469,0.679512083530426,-0.05562931299209595,0.3699761629104614,0.607625424861908,-0.07113989442586899,0.3682645559310913,0.5629333257675171,-0.07436433434486389,0.3668752908706665,0.5193071365356445,-0.07503362745046616
0.3251287639141083,0.8745019435882568,3.4721958286354493e-07,0.37680938839912415,0.8607088327407837,-0.02809799276292324,0.42399415373802185,0.8335449695587158,-0.04591955989599228,0.45535245537757874,0.8133744597434998,-0.0632481649518013,0.4727911055088043,0.7881895303726196,-0.080411396920681,0.4286544620990753,0.693483829498291,-0.025033149868249893,0.4459133744239807,0.6167548894882202,-0.047355350106954575,0.44933414459228516,0.5706174373626709,-0.06594674289226532,0.44880571961402893,0.5277890563011169,-0.07907932996749878,0.3974549174308777,0.6708579659461975,-0.028598254546523094,0.4161860942840576,0.5730195045471191,-0.05023806169629097,0.4225881099700928,0.5081151127815247,-0.0692358911037445,0.4236627519130707,0.4516219198703766,-0.08223718404769897,0.3638456165790558,0.6710289120674133,-0.035896752029657364,0.360257089138031,0.579509973526001,-0.056546200066804886,0.3556501269340515,0.5209230780601501,-0.0713794156908989,0.35247352719306946,0.468058705329895,-0.08089227974414825,0.3275511860847473,0.6893078088760376,-0.0460682176053524,0.3275231719017029,0.6230044364929199,-0.0625680461525917,0.32603323459625244,0.5819218754768372,-0.06981733441352844,0.3261111378669739,0.5409727692604065,-0.07435772567987442
0.26176944375038147,0.8478017449378967,3.160108406063955e-07,0.30441930890083313,0.8337457776069641,-0.020499590784311295,0.3411068320274353,0.8084923624992371,-0.036693595349788666,0.3633151650428772,0.7869157791137695,-0.054312508553266525,0.37719887495040894,0.7613751292228699,-0.07028518617153168,0.3538549542427063,0.681841254234314,-0.020616207271814346,0.39869099855422974,0.6386189460754395,-0.04988659545779228,0.41463136672973633,0.6526111960411072,-0.07336030155420303,0.4198160171508789,0.6675078868865967,-0.0858449786901474,0.31998777389526367,0.6493951082229614,-0.02721731923520565,0.3334779143333435,0.5509729385375977,-0.04651039093732834,0.33825868368148804,0.49732333421707153,-0.0633690357208252,0.3384469747543335,0.4548938274383545,-0.07462306320667267,0.2832213044166565,0.6462677717208862,-0.03773592412471771,0.2726716697216034,0.5600533485412598,-0.05571160465478897,0.26913148164749146,0.506335973739624,-0.06883823126554489,0.2679225504398346,0.4616118371486664,-0.07682394236326218,0.2486269176006317,0.6644271016120911,-0.05052327737212181,0.24628031253814697,0.5996309518814087,-0.06270833313465118,0.2459782063961029,0.5611918568611145,-0.06511681526899338,0.2482982873916626,0.5262025594711304,-0.06584435701370239
0.22783933579921722,0.856712818145752,1.2534147231235693e-07,0.2673782706260681,0.8432860374450684,-0.021395094692707062,0.2990151047706604,0.8180952668190002,-0.039661429822444916,0.31701526045799255,0.7976881861686707,-0.0594387911260128,0.3244168162345886,0.7693624496459961,-0.07647491246461868,0.3129510283470154,0.6905236840248108,-0.022218842059373856,0.3441166877746582,0.6602903604507446,-0.05664210766553879,0.34276431798934937,0.6966812014579773,-0.08342771232128143,0.3309910297393799,0.7299718856811523,-0.09693430364131927,0.2806945741176605,0.6602498888969421,-0.030384937301278114,0.28871235251426697,0.5655261278152466,-0.05236733704805374,0.2883531153202057,0.5111041069030762,-0.07154669612646103,0.2840292155742645,0.46301308274269104,-0.0850001648068428,0.24423877894878387,0.658380389213562,-0.042945459485054016,0.23131020367145538,0.574038028717041,-0.06356950849294662,0.22460776567459106,0.5210921168327332,-0.07837352901697159,0.22052624821662903,0.4724600315093994,-0.08756774663925171,0.20954950153827667,0.6785086393356323,-0.057751014828681946,0.20389170944690704,0.6119681596755981,-0.07095019519329071,0.20161312818527222,0.5721139311790466,-0.07352432608604431,0.2015775591135025,0.5334750413894653,-0.07485070824623108
0.21118682622909546,0.8772578239440918,8.298164999587243e-08,0.2503998875617981,0.8654521703720093,-0.025884920731186867,0.2834062874317169,0.8398309946060181,-0.04679889976978302,0.3010171055793762,0.8201844096183777,-0.06833741068840027,0.3060891628265381,0.7895092368125916,-0.086691714823246,0.2993001639842987,0.7094568610191345,-0.027899697422981262,0.32964813709259033,0.6778746843338013,-0.06573649495840073,0.3208898901939392,0.7213518619537354,-0.09495725482702255,0.30168378353118896,0.7601562738418579,-0.10925596952438354,0.2648111879825592,0.6796164512634277,-0.033683694899082184,0.26939868927001953,0.5843623876571655,-0.05681126192212105,0.2660316824913025,0.531223714351654,-0.07748084515333176,0.259165495634079,0.48165255784988403,-0.09205932170152664,0.2276199758052826,0.6791484951972961,-0.04407837241888046,0.213835209608078,0.5951611995697021,-0.06465837359428406,0.2062317430973053,0.5433671474456787,-0.07972996681928635,0.20179308950901031,0.49396517872810364,-0.08935712277889252,0.19305197894573212,0.7012246251106262,-0.05701828375458717,0.18763966858386993,0.6364094018936157,-0.06882080435752869,0.18496927618980408,0.5982353687286377,-0.07060544192790985,0.1839604377746582,0.5615331530570984,-0.07158137112855911
0.19650687277317047,0.9020249247550964,8.221028480193127e-08,0.23226450383663177,0.8885000944137573,-0.0273593757301569,0.2610839009284973,0.8629825115203857,-0.049535755068063736,0.27658218145370483,0.842902660369873,-0.07205764949321747,0.27720820903778076,0.8141453862190247,-0.09159210324287415,0.2730586528778076,0.7339068055152893,-0.030431102961301804,0.30033591389656067,0.7001282572746277,-0.06849626451730728,0.2916329801082611,0.7398838400840759,-0.09776768833398819,0.2744445204734802,0.7768489718437195,-0.11251650005578995,0.23853425681591034,0.7062574625015259,-0.03588176518678665,0.23827728629112244,0.6148395538330078,-0.06072819232940674,0.23158244788646698,0.5638942122459412,-0.08182728290557861,0.2221982777118683,0.5161349773406982,-0.09663344919681549,0.2020917385816574,0.7078851461410522,-0.04608891159296036,0.18450403213500977,0.6261431574821472,-0.06856679916381836,0.1737213432788849,0.5739902257919312,-0.08522121608257294,0.1661827713251114,0.5236495733261108,-0.09581691026687622,0.1686190366744995,0.7308440804481506,-0.05879626050591469,0.15642160177230835,0.6649112701416016,-0.07249318808317184,0.1503535658121109,0.6245628595352173,-0.07678254693746567,0.14710363745689392,0.5847703218460083,-0.07966567575931549
0.21893654763698578,0.9278488755226135,8.156451514196306e-08,0.256065309047699,0.9097954034805298,-0.019489234313368797,0.28417637944221497,0.8813414573669434,-0.037846095860004425,0.3008984923362732,0.864067018032074,-0.05803532525897026,0.3101375699043274,0.842056393623352,-0.07608439773321152,0.2866741716861725,0.7596362233161926,-0.02181238681077957,0.31517985463142395,0.7328462600708008,-0.059533827006816864,0.31475362181663513,0.7710661292076111,-0.08846604079008102,0.3022938370704651,0.8074391484260559,-0.10240111500024796,0.2520209550857544,0.7354443669319153,-0.031147180125117302,0.24854983389377594,0.6431527733802795,-0.055305592715740204,0.24390755593776703,0.5917633175849915,-0.0744180679321289,0.2351561188697815,0.5464684367179871,-0.08678443729877472,0.21707753837108612,0.7395778894424438,-0.04495234414935112,0.1942547708749771,0.6595195531845093,-0.06715471297502518,0.18385779857635498,0.6075869798660278,-0.08207046240568161,0.17582863569259644,0.5568433403968811,-0.09054377675056458,0.1871454417705536,0.7642513513565063,-0.06064576283097267,0.1726326048374176,0.7006972432136536,-0.07373055815696716,0.1668199896812439,0.6623274087905884,-0.07548260688781738,0.1636868119239807,0.6234630346298218,-0.0758390724658966
0.32064324617385864,0.9798164963722229,1.1941368427415e-07,0.36061397194862366,0.9555131196975708,-0.009826332330703735,0.3916921019554138,0.9249675273895264,-0.025207772850990295,0.4154302775859833,0.9111654758453369,-0.04481999948620796,0.43831831216812134,0.8980370759963989,-0.0631079375743866,0.3795343339443207,0.8097336292266846,-0.008438010700047016,0.4206165075302124,0.7857145071029663,-0.04428624361753464,0.4363950490951538,0.8292783498764038,-0.07334735244512558,0.4352114200592041,0.8705471754074097,-0.08690229803323746,0.35118308663368225,0.7876284718513489,-0.020981650799512863,0.35324013233184814,0.7025877237319946,-0.04124799370765686,0.35256296396255493,0.6539852619171143,-0.05943760275840759,0.3453390896320343,0.6124216318130493,-0.0715508833527565,0.32060548663139343,0.791806697845459,-0.037789493799209595,0.3005542755126953,0.7109586000442505,-0.05655696243047714,0.2915195822715759,0.6591683030128479,-0.07002311944961548,0.2831149697303772,0.611391007900238,-0.0773206427693367,0.2933976948261261,0.8156919479370117,-0.05588025972247124,0.27708885073661804,0.7481179237365723,-0.06597669422626495,0.27080532908439636,0.7060378193855286,-0.06604964286088943,0.2657742500305176,0.6666632890701294,-0.06505051255226135
0.40401655435562134,0.9775140881538391,1.954404353909922e-07,0.4514123797416687,0.9621905088424683,-0.016783392056822777,0.4876333475112915,0.9384894967079163,-0.03558490425348282,0.5143750309944153,0.9220814108848572,-0.05660642683506012,0.5413633584976196,0.9022437334060669,-0.07550179958343506,0.4850335717201233,0.8160445094108582,-0.02033597230911255,0.5333986282348633,0.7935250401496887,-0.05871747434139252,0.5522422194480896,0.8321021199226379,-0.08704669028520584,0.5530884265899658,0.8703656792640686,-0.09981733560562134,0.4551493525505066,0.7942016124725342,-0.029743624851107597,0.460083544254303,0.7031819820404053,-0.052824120968580246,0.46065711975097656,0.6512607336044312,-0.07146823406219482,0.45536789298057556,0.6040768623352051,-0.08377671241760254,0.4223697781562805,0.7990078926086426,-0.043190594762563705,0.40895944833755493,0.7163304090499878,-0.06472063809633255,0.40300729870796204,0.6634109020233154,-0.07728546857833862,0.3971049189567566,0.6130501627922058,-0.08375723659992218,0.3920690417289734,0.8232502341270447,-0.05821245163679123,0.3791537582874298,0.75533127784729,-0.07220695912837982,0.3740638792514801,0.713008463382721,-0.07356033474206924,0.37052616477012634,0.6714377403259277,-0.07263798266649246
0.4342280924320221,0.9903401136398315,2.2061736615341943e-07,0.4818263053894043,0.9786314368247986,-0.011843405663967133,0.5234346389770508,0.9566075801849365,-0.028127342462539673,0.5574169158935547,0.9474589228630066,-0.04721684008836746,0.5864920020103455,0.9361124038696289,-0.06444104760885239,0.5255287885665894,0.8380605578422546,-0.018748758360743523,0.5802185535430908,0.824870765209198,-0.0538695752620697,0.5954887866973877,0.8701438307762146,-0.07949858158826828,0.5912125110626221,0.9085311889648438,-0.09111537039279938,0.5009508728981018,0.8125175833702087,-0.030357645824551582,0.5207949876785278,0.7245252132415771,-0.051547788083553314,0.5266252160072327,0.6717662811279297,-0.07053393870592117,0.5221618413925171,0.6225013732910156,-0.08373379707336426,0.4696695804595947,0.8135620951652527,-0.045096684247255325,0.46311503648757935,0.7283077239990234,-0.0652833804488182,0.459247350692749,0.6738600730895996,-0.07952726632356644,0.45349228382110596,0.6225817799568176,-0.08803505450487137,0.43724676966667175,0.8334172368049622,-0.06074313819408417,0.43073511123657227,0.7682402729988098,-0.07350686192512512,0.42794957756996155,0.7301903963088989,-0.0749085322022438,0.425042062997818,0.6936725378036499,-0.07483389973640442
0.4719412922859192,0.9750080108642578,2.501297728940699e-07,0.5245302319526672,0.9638612866401672,-0.013783936388790607,0.5718207359313965,0.93744957447052,-0.029755108058452606,0.6103355288505554,0.9271410703659058,-0.048730239272117615,0.6407408714294434,0.9095814228057861,-0.06551045924425125,0.5640721917152405,0.820381224155426,-0.01487951260060072,0.6187394857406616,0.8033742904663086,-0.05367940664291382,0.6365138292312622,0.848122775554657,-0.0829148218035698,0.6350833177566528,0.8891321420669556,-0.0959698036313057,0.5416862368583679,0.7963743209838867,-0.025180630385875702,0.5613423585891724,0.7083379030227661,-0.04831407219171524,0.5670870542526245,0.652955174446106,-0.06898056715726852,0.5638495683670044,0.5995714664459229,-0.08241792768239975,0.5140561461448669,0.7986204028129578,-0.03944350779056549,0.5122596025466919,0.7151586413383484,-0.060928162187337875,0.5100685358047485,0.6619241237640381,-0.0740174651145935,0.5063250064849854,0.6094251871109009,-0.08077868819236755,0.4846661686897278,0.8185135722160339,-0.05513150990009308,0.4787325859069824,0.7567687630653381,-0.06886399537324905,0.4753686785697937,0.7164652347564697,-0.06983494013547897,0.4733208119869232,0.6768614053726196,-0.06839622557163239
0.47827890515327454,0.9772591590881348,1.91786114100978e-07,0.5286862254142761,0.964127779006958,-0.01429571583867073,0.5765988230705261,0.937762439250946,-0.030735094100236893,0.6157658100128174,0.925298273563385,-0.04995755851268768,0.6459107398986816,0.9028304219245911,-0.06704246997833252,0.5707070231437683,0.8165892362594604,-0.017083341255784035,0.6263856887817383,0.7999975085258484,-0.054976899176836014,0.643577516078949,0.8467268347740173,-0.08299296349287033,0.6412885189056396,0.8859665393829346,-0.09565744549036026,0.5489664673805237,0.7936172485351562,-0.027735846117138863,0.5679100155830383,0.7047785520553589,-0.0510113500058651,0.5740300416946411,0.6495810747146606,-0.07164116203784943,0.5696818232536316,0.5959939360618591,-0.0853920429944992,0.5207201242446899,0.797373354434967,-0.04220762848854065,0.5172557830810547,0.714178740978241,-0.06364940106868744,0.5149067044258118,0.6598271131515503,-0.0763622373342514,0.510607123374939,0.6059105396270752,-0.08320537954568863,0.4913807809352875,0.8193296194076538,-0.058118339627981186,0.4853171706199646,0.7539324760437012,-0.07233385741710663,0.48363417387008667,0.712799072265625,-0.07341049611568451,0.4823192059993744,0.6722396612167358,-0.0722370445728302
0.46815159916877747,0.984411358833313,2.1953322004719666e-07,0.5177192687988281,0.9748967289924622,-0.01416740007698536,0.5668045282363892,0.9536661505699158,-0.031213119626045227,0.6062897443771362,0.9476106762886047,-0.050965022295713425,0.6354336738586426,0.9307137131690979,-0.06885552406311035,0.5641329884529114,0.8328320980072021,-0.01991576887667179,0.6204291582107544,0.8202546834945679,-0.057990338653326035,0.6346777081489563,0.8677799701690674,-0.08621080964803696,0.6295928955078125,0.9068217873573303,-0.09910623729228973,0.540518581867218,0.8072355389595032,-0.030794227495789528,0.5629569292068481,0.7191243171691895,-0.054363783448934555,0.570734977722168,0.6660107374191284,-0.07587838917970657,0.5688321590423584,0.6139224171638489,-0.09038662910461426,0.5107108950614929,0.8086890578269958,-0.045081570744514465,0.5084428191184998,0.722588062286377,-0.06688594073057175,0.5061196684837341,0.6686007976531982,-0.08128497749567032,0.5026834607124329,0.6157448887825012,-0.0893339142203331,0.47975286841392517,0.8294510841369629,-0.06052417680621147,0.47566738724708557,0.7627865076065063,-0.07437167316675186,0.4737575352191925,0.7227675914764404,-0.07582633942365646,0.4722360670566559,0.6837208271026611,-0.07521132379770279
0.46852409839630127,0.9714627265930176,2.126681550862486e-07,0.5195947885513306,0.9614718556404114,-0.015817753970623016,0.5669592618942261,0.9399033188819885,-0.03332476317882538,0.6050016283988953,0.9317870140075684,-0.053295161575078964,0.6342560052871704,0.9131852984428406,-0.07096006721258163,0.5678334832191467,0.8167833089828491,-0.01947125419974327,0.6241353154182434,0.8039240837097168,-0.05791819840669632,0.6374815702438354,0.8523613214492798,-0.08631479740142822,0.6315613985061646,0.8914687633514404,-0.09925450384616852,0.5438723564147949,0.7889491319656372,-0.02912427857518196,0.5650915503501892,0.7002423405647278,-0.05306451395153999,0.5727294087409973,0.6476322412490845,-0.07391545921564102,0.5702829360961914,0.596342921257019,-0.08759195357561111,0.5138149857521057,0.7888787388801575,-0.042548391968011856,0.5110142827033997,0.7032368183135986,-0.06458555907011032,0.5096843242645264,0.6495998501777649,-0.07776586711406708,0.5070447325706482,0.5970710515975952,-0.08465100824832916,0.483096182346344,0.8086168766021729,-0.057432301342487335,0.4784848988056183,0.7426998615264893,-0.0718941017985344,0.4773688316345215,0.701718807220459,-0.07330220192670822,0.4768092930316925,0.6611068844795227,-0.07221467792987823
0.4619576632976532,0.9558520317077637,2.2284419287643686e-07,0.512453556060791,0.950639545917511,-0.01987006701529026,0.5582889914512634,0.9326057434082031,-0.03997531160712242,0.5938202142715454,0.9280847311019897,-0.06187314912676811,0.6215730309486389,0.916261613368988,-0.08162128180265427,0.5660539269447327,0.8117889165878296,-0.027555696666240692,0.6224488019943237,0.8037841320037842,-0.06819836795330048,0.6311796307563782,0.8544865846633911,-0.09790333360433578,0.6200549006462097,0.8951369524002075,-0.11166658997535706,0.5395954847335815,0.7799075245857239,-0.036079708486795425,0.5627503991127014,0.6914517879486084,-0.06224306672811508,0.5704471468925476,0.6393514275550842,-0.08472643792629242,0.5682426691055298,0.5886551737785339,-0.09985048323869705,0.5072041153907776,0.7765824794769287,-0.04830203205347061,0.5038126111030579,0.690450131893158,-0.07185059785842896,0.5015859007835388,0.637711226940155,-0.08679864555597305,0.49936941266059875,0.5858509540557861,-0.09525014460086823,0.47420352697372437,0.7939983010292053,-0.06214572489261627,0.46975404024124146,0.7258973121643066,-0.0767521858215332,0.4693623185157776,0.6864904165267944,-0.07869846373796463,0.47072136402130127,0.6471613645553589,-0.07871193438768387
0.3307836353778839,0.9970739483833313,5.888582563784439e-07,0.3805331587791443,0.9755053520202637,-0.04353591427206993,0.427467405796051,0.9417915940284729,-0.07251764833927155,0.45031169056892395,0.9131826162338257,-0.09802918881177902,0.43521785736083984,0.8812743425369263,-0.12490665167570114,0.4012662470340729,0.783555805683136,-0.05419769883155823,0.4142022132873535,0.6876683235168457,-0.08407729864120483,0.4198310375213623,0.6289478540420532,-0.10864000767469406,0.4232310354709625,0.5746772885322571,-0.12611989676952362,0.35801583528518677,0.7752222418785095,-0.05293133109807968,0.3477581739425659,0.6671130061149597,-0.08157584071159363,0.337064266204834,0.5998243093490601,-0.10779082775115967,0.3293284773826599,0.5387518405914307,-0.12717090547084808,0.3176758587360382,0.7909379005432129,-0.05483872443437576,0.3081441819667816,0.6903418898582458,-0.07946309447288513,0.30306708812713623,0.6225979924201965,-0.09962627291679382,0.3009733557701111,0.5621652603149414,-0.11378229409456253,0.2787536680698395,0.8227367997169495,-0.060366757214069366,0.273686945438385,0.7400034666061401,-0.08113302290439606,0.2713398039340973,0.685138463973999,-0.09252999722957611,0.27353888750076294,0.6322725415229797,-0.10042429715394974
0.17864388227462769,0.9889234304428101,3.450509877822583e-09,0.22905004024505615,0.958501935005188,-0.032820768654346466,0.27041691541671753,0.8849611878395081,-0.050917405635118484,0.2728416919708252,0.834365963935852,-0.06904411315917969,0.23323838412761688,0.8207191824913025,-0.08403980731964111,0.24909332394599915,0.7464843392372131,-0.021123766899108887,0.25423821806907654,0.6795741319656372,-0.06085445359349251,0.2422652393579483,0.7391254901885986,-0.09404638409614563,0.22655528783798218,0.793063223361969,-0.11085504293441772,0.20350824296474457,0.7298317551612854,-0.023843880742788315,0.19431209564208984,0.6195709109306335,-0.046567004173994064,0.1795717477798462,0.556789219379425,-0.07096052914857864,0.16369032859802246,0.49180838465690613,-0.08929066359996796,0.16158387064933777,0.7440517544746399,-0.032900527119636536,0.15407729148864746,0.6419240832328796,-0.05139196291565895,0.1482168734073639,0.5755347013473511,-0.06863559037446976,0.1431865245103836,0.5090081691741943,-0.0809234082698822,0.12261465191841125,0.776863157749176,-0.045789044350385666,0.11852359026670456,0.6935433745384216,-0.0531948022544384,0.1150997206568718,0.6400250196456909,-0.05505248159170151,0.1143164336681366,0.5860103964805603,-0.05806603655219078
0.18263372778892517,0.9442156553268433,-4.1284174301381427e-08,0.23462916910648346,0.9142612218856812,-0.026709144935011864,0.2815650701522827,0.8444415330886841,-0.041807521134614944,0.29437530040740967,0.7886964678764343,-0.058092303574085236,0.2577720284461975,0.772447407245636,-0.07090450078248978,0.2650858759880066,0.7098434567451477,-0.011143519543111324,0.2753731310367584,0.6391283869743347,-0.04986754059791565,0.26321977376937866,0.6940755844116211,-0.08165674656629562,0.2472139596939087,0.7448570132255554,-0.09708189964294434,0.22512559592723846,0.6907811760902405,-0.016534077003598213,0.2261369675397873,0.5829848051071167,-0.03775070980191231,0.2178732007741928,0.5204485654830933,-0.059328243136405945,0.20848356187343597,0.4566511809825897,-0.07500635832548141,0.18609444797039032,0.6994750499725342,-0.028661571443080902,0.18654195964336395,0.6010218858718872,-0.04615207016468048,0.18529112637043,0.5356014370918274,-0.06110849604010582,0.18408620357513428,0.4696715772151947,-0.07146823406219482,0.14846238493919373,0.7260891795158386,-0.044500064104795456,0.15015669167041779,0.6464287042617798,-0.05169781297445297,0.15073400735855103,0.5947909951210022,-0.05291473865509033,0.15307709574699402,0.542391836643219,-0.054968178272247314
0.18713416159152985,0.9148051738739014,-1.608274224906836e-08,0.2435593158006668,0.8925685882568359,-0.03023882955312729,0.29365140199661255,0.8285242915153503,-0.04699462652206421,0.3025241792201996,0.7742393612861633,-0.06414177268743515,0.2613418698310852,0.7568532824516296,-0.07800335437059402,0.27656230330467224,0.6920768618583679,-0.015328748151659966,0.288385272026062,0.6288177967071533,-0.05334494635462761,0.27472174167633057,0.6838453412055969,-0.08448776602745056,0.2562256157398224,0.7332004308700562,-0.09955166280269623,0.23688074946403503,0.6710617542266846,-0.018048657104372978,0.23845639824867249,0.5659856200218201,-0.03948371857404709,0.2316083312034607,0.5042333006858826,-0.06140170246362686,0.22337104380130768,0.43995413184165955,-0.07748576253652573,0.1982184648513794,0.6786273121833801,-0.027236107736825943,0.19984270632266998,0.5826862454414368,-0.04490465298295021,0.20094966888427734,0.5191187858581543,-0.05958356335759163,0.20182932913303375,0.45576637983322144,-0.06966327875852585,0.1594819575548172,0.7026599049568176,-0.04026193916797638,0.16258279979228973,0.6244760751724243,-0.04742005467414856,0.16298049688339233,0.5730693340301514,-0.048628050833940506,0.1654917448759079,0.5210878252983093,-0.05072991922497749
0.19075632095336914,0.9062403440475464,-9.724776539599134e-09,0.24786077439785004,0.8853920102119446,-0.029759520664811134,0.2972733974456787,0.8217307329177856,-0.04570025950670242,0.3071005344390869,0.7659314274787903,-0.06209065392613411,0.2675284743309021,0.7477496862411499,-0.07524015754461288,0.2791999578475952,0.6840410232543945,-0.01359628327190876,0.2909318208694458,0.6225631833076477,-0.05027535557746887,0.27877840399742126,0.675625741481781,-0.08044297993183136,0.2617926597595215,0.7243331670761108,-0.09511326253414154,0.2403361201286316,0.6633626222610474,-0.016243143007159233,0.24187122285366058,0.5603421926498413,-0.03655266389250755,0.23503310978412628,0.49870243668556213,-0.057798121124506,0.22667622566223145,0.43557053804397583,-0.07353340834379196,0.2022697925567627,0.6714361310005188,-0.025407960638403893,0.2039983868598938,0.5763890743255615,-0.04267370328307152,0.20471695065498352,0.5137680768966675,-0.05728311464190483,0.20518922805786133,0.45230457186698914,-0.06740967184305191,0.16420239210128784,0.696199893951416,-0.03837013244628906,0.167803555727005,0.6196476221084595,-0.045832909643650055,0.16931891441345215,0.5690383315086365,-0.047571394592523575,0.17284706234931946,0.5183207988739014,-0.050058070570230484
0.19310402870178223,0.9036543965339661,-1.7675803043459837e-09,0.25025948882102966,0.88290935754776,-0.03009355068206787,0.29970118403434753,0.820277750492096,-0.046374280005693436,0.3114761710166931,0.7647796273231506,-0.06314261257648468,0.2724587917327881,0.7455894351005554,-0.07667401432991028,0.28254520893096924,0.6839863061904907,-0.013330431655049324,0.29509010910987854,0.6215525269508362,-0.050221867859363556,0.2833065688610077,0.6747718453407288,-0.08097035437822342,0.2666165828704834,0.7227802872657776,-0.09603311121463776,0.24374914169311523,0.6633423566818237,-0.015673596411943436,0.24593155086040497,0.5608035922050476,-0.036418963223695755,0.23915913701057434,0.49955934286117554,-0.05863308534026146,0.23059076070785522,0.43555206060409546,-0.07508877664804459,0.20542177557945251,0.6711724996566772,-0.02450156770646572,0.2090650498867035,0.5771482586860657,-0.04212412238121033,0.21023088693618774,0.5146545171737671,-0.057241618633270264,0.2105049043893814,0.45272454619407654,-0.06764960289001465,0.1669510006904602,0.6946415901184082,-0.0370873361825943,0.17225515842437744,0.6186417937278748,-0.04457118362188339,0.1740371435880661,0.5682418942451477,-0.04636366292834282,0.17743121087551117,0.5178206562995911,-0.04888680949807167
0.20191749930381775,0.9023570418357849,-1.1875540550931873e-08,0.2580934166908264,0.8795368075370789,-0.02992328256368637,0.30802416801452637,0.8207383155822754,-0.046437397599220276,0.3190886676311493,0.7680970430374146,-0.06334517151117325,0.2844124734401703,0.7421855926513672,-0.0771225094795227,0.29078131914138794,0.6876295804977417,-0.014123120345175266,0.30254441499710083,0.6239208579063416,-0.050427671521902084,0.28970351815223694,0.6771105527877808,-0.08043666929006577,0.27336135506629944,0.7258185148239136,-0.09505656361579895,0.25238433480262756,0.6670037508010864,-0.01647352986037731,0.25642719864845276,0.5644701719284058,-0.03692079707980156,0.2498188316822052,0.5042184591293335,-0.05891520902514458,0.24248190224170685,0.44209110736846924,-0.07518520206212997,0.21398518979549408,0.6739181280136108,-0.02518269792199135,0.21975135803222656,0.5799148082733154,-0.042595185339450836,0.2212139070034027,0.516136884689331,-0.05795574188232422,0.222408264875412,0.45388105511665344,-0.06854649633169174,0.17512640357017517,0.6962371468544006,-0.037519700825214386,0.18173179030418396,0.619194507598877,-0.04542247951030731,0.18365390598773956,0.5672842264175415,-0.047444600611925125,0.1871717870235443,0.5160548090934753,-0.04999849572777748
0.21010863780975342,0.8900582194328308,-3.5801292597170686e-08,0.2659856081008911,0.8690433502197266,-0.026985565200448036,0.3165644407272339,0.8117490410804749,-0.042290836572647095,0.33013561367988586,0.7607277631759644,-0.05840151384472847,0.29621487855911255,0.7374791502952576,-0.07139657437801361,0.2996743619441986,0.6811243891716003,-0.012481696903705597,0.31202083826065063,0.6201109886169434,-0.04754786938428879,0.30133330821990967,0.6713414192199707,-0.07630591094493866,0.2858688235282898,0.7195871472358704,-0.090301513671875,0.2610495686531067,0.6596246361732483,-0.016254711896181107,0.2642741799354553,0.5590714812278748,-0.03541725128889084,0.2565818428993225,0.5014256238937378,-0.05685259774327278,0.24726267158985138,0.44267207384109497,-0.072964608669281,0.2232685089111328,0.6650058031082153,-0.026084892451763153,0.22600263357162476,0.5737953186035156,-0.042487356811761856,0.22547009587287903,0.5139338374137878,-0.058174096047878265,0.2239004224538803,0.4562877416610718,-0.06937512755393982,0.185815691947937,0.6869948506355286,-0.03930847719311714,0.19162617623806,0.6133342981338501,-0.046469878405332565,0.19235074520111084,0.5657596588134766,-0.048993755131959915,0.1931426227092743,0.5187837481498718,-0.05219053849577904
0.24206168949604034,0.8376815915107727,3.504243561991416e-09,0.28701072931289673,0.8121433258056641,-0.021463623270392418,0.32949575781822205,0.7655207514762878,-0.035252898931503296,0.3442411720752716,0.7215990424156189,-0.050077855587005615,0.3196989893913269,0.693096399307251,-0.06282810121774673,0.3181268274784088,0.6476563215255737,-0.010021338239312172,0.32954859733581543,0.5843101739883423,-0.038958653807640076,0.31395283341407776,0.6132206916809082,-0.06432148814201355,0.29281875491142273,0.6399419903755188,-0.07800012081861496,0.28589093685150146,0.6328001022338867,-0.015154091641306877,0.2914716899394989,0.541033148765564,-0.030683813616633415,0.2871062755584717,0.48924267292022705,-0.04845685139298439,0.2817847430706024,0.4423157274723053,-0.06252473592758179,0.25304046273231506,0.6371501684188843,-0.025542892515659332,0.25781288743019104,0.5527468323707581,-0.03923603519797325,0.25864487886428833,0.499545693397522,-0.05200019106268883,0.25877830386161804,0.4505853056907654,-0.06182355806231499,0.21967893838882446,0.6563045978546143,-0.03888790309429169,0.22346118092536926,0.5920780301094055,-0.046886343508958817,0.22600826621055603,0.5505228042602539,-0.049529701471328735,0.22879904508590698,0.5086542367935181,-0.0526137501001358
0.2545809745788574,0.8138309121131897,7.132190837921826e-09,0.29910150170326233,0.7960357069969177,-0.020743010565638542,0.3375590741634369,0.7533410787582397,-0.033098045736551285,0.35485565662384033,0.7136993408203125,-0.04635322839021683,0.33563941717147827,0.6858395934104919,-0.05759492143988609,0.3254318833351135,0.6477580070495605,-0.010815612971782684,0.34023579955101013,0.5981955528259277,-0.03970621898770332,0.3337838351726532,0.6339661478996277,-0.06349290907382965,0.32048898935317993,0.6707857847213745,-0.07500999420881271,0.2963040769100189,0.6300201416015625,-0.0147514957934618,0.3040632903575897,0.5448327660560608,-0.030396156013011932,0.30015829205513,0.49462181329727173,-0.04820821061730385,0.29358384013175964,0.4469258785247803,-0.061768416315317154,0.26608073711395264,0.6336995363235474,-0.02343020774424076,0.2729068100452423,0.5564583539962769,-0.03696203976869583,0.2746729254722595,0.506332278251648,-0.050324395298957825,0.2746466398239136,0.4601767659187317,-0.06003439798951149,0.23434726893901825,0.6511787176132202,-0.03466451168060303,0.24145545065402985,0.5915341377258301,-0.04184922203421593,0.243485689163208,0.551490306854248,-0.04442316293716431,0.24481405317783356,0.512726902961731,-0.04723869264125824
0.2598273456096649,0.8160681128501892,1.3149239030951776e-08,0.3033316731452942,0.8009011745452881,-0.019933121278882027,0.3402775824069977,0.7623291611671448,-0.03145429491996765,0.3582782745361328,0.725963830947876,-0.04389192536473274,0.3468173146247864,0.6939380764961243,-0.05421594902873039,0.33113357424736023,0.6610404253005981,-0.009919713251292706,0.3473023474216461,0.6158508658409119,-0.038827989250421524,0.34131357073783875,0.6519920229911804,-0.06270716339349747,0.3291531801223755,0.6885999441146851,-0.0740910992026329,0.30315667390823364,0.6420798301696777,-0.013556063175201416,0.3118338882923126,0.5613217353820801,-0.02959374152123928,0.3084335923194885,0.5126343965530396,-0.047399818897247314,0.3028334081172943,0.46530741453170776,-0.06044352427124977,0.2736806571483612,0.6441673636436462,-0.0217683557420969,0.28050267696380615,0.5714919567108154,-0.035415295511484146,0.2816499173641205,0.5226378440856934,-0.04799342155456543,0.2819407284259796,0.4767032861709595,-0.056651771068573,0.24304041266441345,0.6598207354545593,-0.032376717776060104,0.248208686709404,0.6034090518951416,-0.03929145634174347,0.24928812682628632,0.5655236840248108,-0.04086989909410477,0.2502051889896393,0.5294269323348999,-0.04241766780614853
0.26276546716690063,0.8155191540718079,4.8332474023027316e-08,0.3057684004306793,0.7994356155395508,-0.02006913162767887,0.3414898216724396,0.763992965221405,-0.03220679610967636,0.3591310381889343,0.728870689868927,-0.04513852670788765,0.3535704016685486,0.6911513805389404,-0.056097567081451416,0.33421531319618225,0.6637824773788452,-0.011353844776749611,0.35158538818359375,0.6176270246505737,-0.040762003511190414,0.3474203944206238,0.6509255766868591,-0.06537133455276489,0.3375399708747864,0.6862924098968506,-0.07731352746486664,0.30657845735549927,0.6443495154380798,-0.014807871542870998,0.31622421741485596,0.5632562637329102,-0.03131389617919922,0.31334343552589417,0.5144320130348206,-0.049880385398864746,0.3085600435733795,0.4673677682876587,-0.06341411173343658,0.2772637605667114,0.6459041237831116,-0.02263495698571205,0.28421252965927124,0.573365330696106,-0.036607466638088226,0.2855570614337921,0.5242688655853271,-0.04942662641406059,0.28652989864349365,0.47835373878479004,-0.05822046101093292,0.2465621829032898,0.6616842746734619,-0.032758451998233795,0.251865416765213,0.606124222278595,-0.04034141078591347,0.2533520460128784,0.5687527060508728,-0.042049162089824677,0.25478819012641907,0.5335109233856201,-0.04345313459634781
0.30363908410072327,0.7117535471916199,2.477155760516325e-07,0.3512258529663086,0.6739216446876526,-0.02434428781270981,0.3895553648471832,0.6169654726982117,-0.04027126729488373,0.42010319232940674,0.5683003067970276,-0.057854581624269485,0.42208990454673767,0.5157975554466248,-0.073516346514225,0.3667840361595154,0.503259003162384,-0.014028336852788925,0.38628169894218445,0.43191081285476685,-0.05443130061030388,0.3997272849082947,0.457217812538147,-0.0881592184305191,0.4062250554561615,0.49673452973365784,-0.10463108122348785,0.33227333426475525,0.487476646900177,-0.019484296441078186,0.341047465801239,0.3834397792816162,-0.04106009751558304,0.3425503075122833,0.3184220790863037,-0.06510531902313232,0.341892808675766,0.2572330832481384,-0.08276493847370148,0.2977100610733032,0.4972872734069824,-0.031095432117581367,0.2954855263233185,0.40541261434555054,-0.04985968396067619,0.29356569051742554,0.3454461097717285,-0.06763536483049393,0.2930106818675995,0.2907812297344208,-0.08007590472698212,0.26307815313339233,0.5273461937904358,-0.04576967656612396,0.2616901099681854,0.4608611762523651,-0.05749252066016197,0.25959205627441406,0.41554760932922363,-0.06205315142869949,0.2579561471939087,0.37203818559646606,-0.06560825556516647
0.2994055151939392,0.7123226523399353,3.3922788134077564e-07,0.3476901650428772,0.6805441975593567,-0.03042697161436081,0.3881189823150635,0.6275278329849243,-0.0498277023434639,0.42222079634666443,0.5766533613204956,-0.06972642242908478,0.4239680767059326,0.5253522992134094,-0.08710881322622299,0.3697751462459564,0.5124974846839905,-0.027559518814086914,0.40029656887054443,0.4442295730113983,-0.06897758692502975,0.4137232303619385,0.4724830389022827,-0.0993400439620018,0.4152067303657532,0.5138160586357117,-0.1126585379242897,0.33251774311065674,0.4902990460395813,-0.03137469291687012,0.3491709530353546,0.3901207447052002,-0.053016677498817444,0.35793745517730713,0.3254424035549164,-0.07223060727119446,0.36001425981521606,0.26445305347442627,-0.08575332909822464,0.2916056513786316,0.4962887763977051,-0.042040493339300156,0.28382906317710876,0.40653014183044434,-0.06494981050491333,0.278028666973114,0.34209978580474854,-0.08726903796195984,0.27359649538993835,0.2846401333808899,-0.10220509022474289,0.25116288661956787,0.5248697996139526,-0.0555894672870636,0.22293098270893097,0.46885350346565247,-0.0749908834695816,0.20025984942913055,0.4340288043022156,-0.08575162291526794,0.18063171207904816,0.4017137289047241,-0.09266994148492813
0.3011696934700012,0.7152585983276367,2.3838116192109737e-07,0.3500828146934509,0.679291844367981,-0.02527051977813244,0.39288488030433655,0.6204039454460144,-0.03946424648165703,0.42629343271255493,0.5655028223991394,-0.05464687943458557,0.4295445382595062,0.5140081644058228,-0.06779602915048599,0.37525880336761475,0.5118083357810974,-0.012771330773830414,0.40306419134140015,0.4393047094345093,-0.04612785950303078,0.4184148609638214,0.45308369398117065,-0.0740337073802948,0.4216000437736511,0.48774099349975586,-0.08718614280223846,0.33964812755584717,0.49178844690322876,-0.0155460424721241,0.34537971019744873,0.3923899829387665,-0.03159491717815399,0.3432016372680664,0.3292703628540039,-0.050343818962574005,0.33657214045524597,0.2747524678707123,-0.06437680125236511,0.30116698145866394,0.497866153717041,-0.02427850291132927,0.30845698714256287,0.4132084548473358,-0.03878779336810112,0.31182876229286194,0.3511366844177246,-0.05440593510866165,0.31385931372642517,0.2967628836631775,-0.06606145948171616,0.2610604465007782,0.5219718217849731,-0.036099232733249664,0.24963629245758057,0.46662336587905884,-0.047648537904024124,0.23897378146648407,0.4253896474838257,-0.05230114981532097,0.22920376062393188,0.3874143958091736,-0.055414315313100815
0.299355149269104,0.7127965092658997,2.59988667039579e-07,0.3491411805152893,0.676995575428009,-0.027352022007107735,0.3903237283229828,0.617872953414917,-0.04331071674823761,0.4228432774543762,0.5614848732948303,-0.06015952304005623,0.4262627363204956,0.5083576440811157,-0.07510117441415787,0.37326496839523315,0.5073049068450928,-0.017458530142903328,0.4052025377750397,0.44071894884109497,-0.05245422571897507,0.4192788302898407,0.45004820823669434,-0.07938875257968903,0.4201526939868927,0.4841582775115967,-0.09175816178321838,0.3340988755226135,0.48513033986091614,-0.020801201462745667,0.3362524211406708,0.37936314940452576,-0.03842710331082344,0.3315908908843994,0.3150761127471924,-0.05561964586377144,0.3223082423210144,0.26325950026512146,-0.06752671301364899,0.2942107915878296,0.4916549623012543,-0.030361056327819824,0.2880474030971527,0.40253394842147827,-0.0486893504858017,0.28365978598594666,0.33979639410972595,-0.06634970009326935,0.27951717376708984,0.28718018531799316,-0.07849845290184021,0.2554890215396881,0.5197174549102783,-0.04286767169833183,0.23309169709682465,0.4681664705276489,-0.059851791709661484,0.21554726362228394,0.4303116798400879,-0.06800894439220428,0.2002962976694107,0.39651256799697876,-0.07270196080207825
0.3040146827697754,0.7168291807174683,2.1463391419729305e-07,0.350963830947876,0.6790685653686523,-0.02340259589254856,0.3902827501296997,0.6152740716934204,-0.037924207746982574,0.41996055841445923,0.5561532974243164,-0.05355247110128403,0.4235764443874359,0.5003564357757568,-0.06717509031295776,0.3709890842437744,0.50263512134552,-0.014890898019075394,0.40614020824432373,0.4402961730957031,-0.04950130358338356,0.42095381021499634,0.4447583258152008,-0.07689092308282852,0.42086854577064514,0.473777711391449,-0.09015271812677383,0.3322305977344513,0.4828513264656067,-0.019593551754951477,0.3267802596092224,0.37600016593933105,-0.04059241712093353,0.3131878972053528,0.31316477060317993,-0.060483768582344055,0.29457220435142517,0.2646128833293915,-0.07428494840860367,0.2959006130695343,0.4924950897693634,-0.029574580490589142,0.2817758619785309,0.40307754278182983,-0.049340371042490005,0.2700742483139038,0.3454357385635376,-0.06400452554225922,0.2579667568206787,0.2949310839176178,-0.07365921139717102,0.2630089521408081,0.5223433971405029,-0.04212949052453041,0.2559477984905243,0.4587559401988983,-0.05669637396931648,0.24839046597480774,0.41653263568878174,-0.06090128794312477,0.23998908698558807,0.3775319755077362,-0.06306938081979752
0.29981130361557007,0.7142952680587769,2.982411047014466e-07,0.3481758236885071,0.6815394163131714,-0.02712363936007023,0.38363295793533325,0.6247987151145935,-0.043255314230918884,0.4114588797092438,0.5650634765625,-0.05984653905034065,0.41587382555007935,0.512215256690979,-0.074064701795578,0.3701551556587219,0.5103877782821655,-0.0211760476231575,0.40366536378860474,0.45238742232322693,-0.05342135205864906,0.41378164291381836,0.45160213112831116,-0.07622737437486649,0.41109153628349304,0.47357848286628723,-0.08640861511230469,0.32648777961730957,0.4844145178794861,-0.02478311024606228,0.3235267698764801,0.37815162539482117,-0.04260728880763054,0.3141263425350189,0.31407803297042847,-0.054661452770233154,0.3000393807888031,0.26290032267570496,-0.06132684648036957,0.2846185564994812,0.49028968811035156,-0.03400450944900513,0.2625311315059662,0.4038745164871216,-0.05379052832722664,0.24688607454299927,0.34738093614578247,-0.06677194684743881,0.23309579491615295,0.29986706376075745,-0.07405810803174973,0.24615566432476044,0.5207194089889526,-0.04611887037754059,0.21473002433776855,0.4738289415836334,-0.06462299823760986,0.19136014580726624,0.44388872385025024,-0.07041715085506439,0.17133937776088715,0.4185679256916046,-0.07191512733697891
0.2929055392742157,0.715552031993866,2.6327992941332923e-07,0.33691707253456116,0.6849679946899414,-0.03294885903596878,0.3733254075050354,0.6338417530059814,-0.05310962721705437,0.40351900458335876,0.582018256187439,-0.07322609424591064,0.4073563814163208,0.537144124507904,-0.08988206088542938,0.35908329486846924,0.505829393863678,-0.02368566393852234,0.3909077048301697,0.44108790159225464,-0.06198767572641373,0.3985687494277954,0.46193307638168335,-0.09053059667348862,0.3938930630683899,0.5053032636642456,-0.10259773582220078,0.31548723578453064,0.481677770614624,-0.025001341477036476,0.31710997223854065,0.3766413629055023,-0.04211053624749184,0.311614066362381,0.31337422132492065,-0.05652882903814316,0.30094900727272034,0.25903448462486267,-0.06601335108280182,0.2731545865535736,0.4894469678401947,-0.03333088010549545,0.26482999324798584,0.4022826850414276,-0.05086904764175415,0.25728416442871094,0.34574127197265625,-0.06629733741283417,0.24974888563156128,0.2963159680366516,-0.07644875347614288,0.23385363817214966,0.5224136114120483,-0.0453256294131279,0.20686721801757812,0.47717031836509705,-0.06084948033094406,0.18504121899604797,0.44862866401672363,-0.06671267002820969,0.1655518263578415,0.423143208026886,-0.06923848390579224
0.29292017221450806,0.7238385677337646,1.843164767478811e-07,0.3516275882720947,0.6969665288925171,-0.034742772579193115,0.4051867723464966,0.6293504238128662,-0.05311800166964531,0.4304649233818054,0.5743892788887024,-0.07033227384090424,0.3954184651374817,0.5691322088241577,-0.08433595299720764,0.3619564473628998,0.5129259824752808,-0.02827606536448002,0.3834485411643982,0.46582677960395813,-0.06932299584150314,0.3792168200016022,0.5211524367332458,-0.09961209446191788,0.3647322952747345,0.5701466798782349,-0.11318578571081161,0.3190242350101471,0.4897051453590393,-0.03036896511912346,0.32510635256767273,0.38931959867477417,-0.05430985987186432,0.32601478695869446,0.320053368806839,-0.07344488799571991,0.3222990036010742,0.25440457463264465,-0.08617320656776428,0.2755482494831085,0.49717438220977783,-0.03950437158346176,0.26812005043029785,0.4079047441482544,-0.06338518857955933,0.2661806344985962,0.34812915325164795,-0.08470816165208817,0.26557865738868713,0.290805459022522,-0.09789752215147018,0.23504996299743652,0.5261794924736023,-0.05185135826468468,0.20817050337791443,0.4747767150402069,-0.0671687200665474,0.1864994317293167,0.4422151446342468,-0.07494686543941498,0.1683996468782425,0.4084731340408325,-0.08047132939100266
0.2953726351261139,0.7186079025268555,2.567760191141133e-07,0.33663204312324524,0.6867613792419434,-0.03183957561850548,0.37360408902168274,0.6376623511314392,-0.05309204384684563,0.40406692028045654,0.5936592817306519,-0.07436788827180862,0.4064074158668518,0.5496536493301392,-0.09270412474870682,0.35630300641059875,0.5106310248374939,-0.027311304584145546,0.3741473853588104,0.4503191113471985,-0.06966017931699753,0.3828219175338745,0.4859383702278137,-0.10240580141544342,0.3841966688632965,0.5294685363769531,-0.1174682006239891,0.31910523772239685,0.48864322900772095,-0.030836191028356552,0.3273696303367615,0.3854748010635376,-0.05299583077430725,0.3319821059703827,0.3166043758392334,-0.07311660796403885,0.3324272036552429,0.25206631422042847,-0.08722969144582748,0.2789803147315979,0.49647220969200134,-0.041195377707481384,0.27331072092056274,0.4046136140823364,-0.06324481219053268,0.2710496485233307,0.34160202741622925,-0.08418567478656769,0.2709032893180847,0.2835592031478882,-0.09802625328302383,0.24010759592056274,0.5287448763847351,-0.054681163281202316,0.21189212799072266,0.4740058183670044,-0.07196750491857529,0.1908557415008545,0.4394163489341736,-0.0802065059542656,0.17228205502033234,0.4076395630836487,-0.08518971502780914
0.29728445410728455,0.7222501039505005,1.922775254570297e-07,0.33909332752227783,0.6914502382278442,-0.028180651366710663,0.371868371963501,0.6442239880561829,-0.047317687422037125,0.3950064778327942,0.6004250645637512,-0.06661338359117508,0.40452951192855835,0.5555868148803711,-0.0834970474243164,0.36447659134864807,0.5211123824119568,-0.024506492540240288,0.3818094730377197,0.46512719988822937,-0.06417122483253479,0.3853306174278259,0.4973224103450775,-0.09607405215501785,0.3834066689014435,0.5365037322044373,-0.1118268296122551,0.3308183550834656,0.49489468336105347,-0.02931642346084118,0.34369537234306335,0.39453423023223877,-0.05087163299322128,0.3500995934009552,0.3272336721420288,-0.07103580981492996,0.3539455831050873,0.2653704285621643,-0.08557649701833725,0.2919544577598572,0.4994584619998932,-0.04034607112407684,0.2919172942638397,0.4072622060775757,-0.06206917017698288,0.2936064302921295,0.34469348192214966,-0.08258519321680069,0.2985059320926666,0.28651726245880127,-0.09645184129476547,0.2518160939216614,0.5287060737609863,-0.054102711379528046,0.2278105914592743,0.4706326723098755,-0.07183152437210083,0.21223194897174835,0.43055111169815063,-0.0802537351846695,0.19971519708633423,0.3920913338661194,-0.0856289193034172
0.3032686710357666,0.7220150828361511,2.638720957293117e-07,0.34942957758903503,0.6877402067184448,-0.01563524641096592,0.37783968448638916,0.6277316212654114,-0.0262333732098341,0.4020523130893707,0.5842276811599731,-0.03939659148454666,0.43018707633018494,0.5634316205978394,-0.051517050713300705,0.37289565801620483,0.5266019701957703,-0.0077327764593064785,0.40102651715278625,0.4819020628929138,-0.04045276343822479,0.4132169783115387,0.5063299536705017,-0.06782332807779312,0.4175942838191986,0.5397815108299255,-0.08147429674863815,0.3423263728618622,0.5001734495162964,-0.016540702432394028,0.36419954895973206,0.40083301067352295,-0.0329628586769104,0.3768264949321747,0.3349921703338623,-0.04928062483668327,0.385267972946167,0.27594122290611267,-0.06078667193651199,0.30569714307785034,0.5009759068489075,-0.03067820705473423,0.31000375747680664,0.40760326385498047,-0.04820369556546211,0.31621769070625305,0.3482619524002075,-0.06608185917139053,0.3234458565711975,0.29435887932777405,-0.07789824157953262,0.2661333978176117,0.5246650576591492,-0.04670632630586624,0.24936231970787048,0.4674733877182007,-0.059964023530483246,0.2388887107372284,0.4286976456642151,-0.06546751409769058,0.22983378171920776,0.39213183522224426,-0.06903454661369324
0.29769888520240784,0.710358738899231,2.4930156428126793e-07,0.3446360230445862,0.6804562211036682,-0.024419385939836502,0.38466906547546387,0.6258252263069153,-0.03741000220179558,0.41631078720092773,0.5722516775131226,-0.050881534814834595,0.41645166277885437,0.5227141380310059,-0.06232143193483353,0.37481096386909485,0.5176913738250732,-0.01345780398696661,0.3986659646034241,0.4610559344291687,-0.04436538740992546,0.401483416557312,0.48257067799568176,-0.0700816735625267,0.3973184823989868,0.5142476558685303,-0.08232037723064423,0.3412255048751831,0.49108728766441345,-0.017289968207478523,0.3604975938796997,0.39501169323921204,-0.030692389234900475,0.37091201543807983,0.33189934492111206,-0.04618469998240471,0.3778071701526642,0.27531179785728455,-0.05781293287873268,0.3022238314151764,0.4915284514427185,-0.02720779739320278,0.30870509147644043,0.4079521894454956,-0.04272123798727989,0.3137364387512207,0.35171639919281006,-0.06058841571211815,0.32019856572151184,0.3013274669647217,-0.07329200208187103,0.2608104944229126,0.5139176845550537,-0.03973856195807457,0.24470579624176025,0.4643958806991577,-0.05391567200422287,0.2318173050880432,0.43015462160110474,-0.06091071292757988,0.22071459889411926,0.3982083797454834,-0.06553526222705841
0.28990718722343445,0.7118897438049316,2.8813994390475273e-07,0.35013267397880554,0.6874006390571594,-0.03045518696308136,0.40570688247680664,0.62903892993927,-0.04616275057196617,0.43488532304763794,0.5702287554740906,-0.06200702488422394,0.4033811092376709,0.5523178577423096,-0.07483743876218796,0.3712977170944214,0.5095970034599304,-0.011834136210381985,0.3988471031188965,0.45423197746276855,-0.046506367623806,0.40120384097099304,0.48760077357292175,-0.07425199449062347,0.3915340304374695,0.5285391807556152,-0.08613643795251846,0.33188048005104065,0.4832482635974884,-0.01380911935120821,0.3473147749900818,0.3861173093318939,-0.028488855808973312,0.35652902722358704,0.3225650191307068,-0.04268014430999756,0.36312001943588257,0.26392313838005066,-0.052136216312646866,0.29010799527168274,0.4859468340873718,-0.02335108257830143,0.29411250352859497,0.4051753282546997,-0.03879367932677269,0.3009502589702606,0.3500603437423706,-0.05468626692891121,0.3092164099216461,0.3015155792236328,-0.06484878063201904,0.2469237893819809,0.5101601481437683,-0.03663405776023865,0.22914010286331177,0.4622389078140259,-0.046931684017181396,0.2149323672056198,0.4264679253101349,-0.05151380971074104,0.20478381216526031,0.39266860485076904,-0.05457696318626404
0.3081514835357666,0.7122179865837097,1.7855748524198134e-07,0.36729326844215393,0.683654248714447,-0.026690620929002762,0.41497543454170227,0.6089341640472412,-0.037513215094804764,0.4329274892807007,0.550097644329071,-0.048686496913433075,0.39942115545272827,0.5431085824966431,-0.05583025887608528,0.3750947117805481,0.5027076005935669,-0.004398241639137268,0.38955044746398926,0.44818198680877686,-0.04066779091954231,0.39060473442077637,0.4983516037464142,-0.06979149580001831,0.38335463404655457,0.546467661857605,-0.08201847970485687,0.3378632068634033,0.4824657738208771,-0.006067018955945969,0.34710150957107544,0.38830751180648804,-0.0227337796241045,0.3531337380409241,0.3236164152622223,-0.03794269636273384,0.35622915625572205,0.25913235545158386,-0.047965630888938904,0.30066269636154175,0.48890775442123413,-0.01548253744840622,0.3033671975135803,0.40499550104141235,-0.03000430390238762,0.3075813949108124,0.35132694244384766,-0.0411691889166832,0.31046009063720703,0.3008832037448883,-0.04757394269108772,0.26438015699386597,0.5133439302444458,-0.028878265991806984,0.26227810978889465,0.45492011308670044,-0.033579546958208084,0.25902947783470154,0.4160444736480713,-0.03282710164785385,0.2557356357574463,0.37786856293678284,-0.03259553387761116
0.40920543670654297,0.7363981008529663,2.420629243715666e-07,0.4614497423171997,0.6936517953872681,-0.017364827916026115,0.5013464093208313,0.6266272068023682,-0.028753245249390602,0.5395554304122925,0.573996901512146,-0.04310347139835358,0.5755746364593506,0.5405758023262024,-0.054920196533203125,0.47050362825393677,0.5255422592163086,0.0006910411757417023,0.49951744079589844,0.46632063388824463,-0.035226963460445404,0.5218766331672668,0.494767427444458,-0.06505084782838821,0.5340991020202637,0.5315548777580261,-0.07847277820110321,0.4428923726081848,0.5077276825904846,-0.006815573666244745,0.45792925357818604,0.40625467896461487,-0.0240916907787323,0.46472856402397156,0.3395611047744751,-0.04125340282917023,0.4651701748371124,0.28170499205589294,-0.052532315254211426,0.4132402837276459,0.5116720199584961,-0.020795239135622978,0.41804468631744385,0.41866880655288696,-0.03676373511552811,0.42191773653030396,0.3577502965927124,-0.04695833846926689,0.42339858412742615,0.30506885051727295,-0.05210919678211212,0.3818802833557129,0.5335482358932495,-0.03764626383781433,0.38239437341690063,0.46413367986679077,-0.04627477750182152,0.3824843764305115,0.4166598618030548,-0.0446871817111969,0.3827412724494934,0.3729868531227112,-0.04218728840351105
0.4982767701148987,0.7739554643630981,2.5824911631389114e-07,0.5535882115364075,0.7370020151138306,-0.01672815904021263,0.5995603203773499,0.6734590530395508,-0.026873737573623657,0.6425036787986755,0.6227959394454956,-0.04009047523140907,0.679258406162262,0.5856465101242065,-0.05138605460524559,0.5728343725204468,0.5749766230583191,0.0053278193809092045,0.60563725233078,0.5229797959327698,-0.02682344801723957,0.6289782524108887,0.5466293096542358,-0.0557403638958931,0.6429321765899658,0.5787460803985596,-0.07025766372680664,0.5498721599578857,0.5523382425308228,-0.0015628703404217958,0.5749537944793701,0.4609050750732422,-0.017113741487264633,0.5922132134437561,0.40073052048683167,-0.0344097763299942,0.6042184829711914,0.3481500446796417,-0.046886298805475235,0.5222775936126709,0.5500622987747192,-0.01506277360022068,0.5347984433174133,0.4621254503726959,-0.030597539618611336,0.5452768206596375,0.40494588017463684,-0.04179292172193527,0.553411066532135,0.3561803102493286,-0.0485997274518013,0.4923867881298065,0.564201831817627,-0.03144598752260208,0.4977392852306366,0.4978470206260681,-0.04097305238246918,0.4995051920413971,0.4531474709510803,-0.040877390652894974,0.500808596611023,0.41238653659820557,-0.04032114893198013
0.5091335773468018,0.7746094465255737,3.4468553167243954e-07,0.5634286999702454,0.7528589367866516,-0.024706946685910225,0.6112398505210876,0.7047499418258667,-0.03997790068387985,0.6526697278022766,0.6584969162940979,-0.05598456412553787,0.6821801066398621,0.6146877408027649,-0.06951946765184402,0.5899651646614075,0.6037588715553284,-0.011616325937211514,0.6247653365135193,0.5516296029090881,-0.04538651928305626,0.6423097252845764,0.5755656957626343,-0.07225008308887482,0.6493542790412903,0.6084622740745544,-0.08432815223932266,0.5650961399078369,0.5736214518547058,-0.014137061312794685,0.5975449681282043,0.4848596751689911,-0.02956739254295826,0.6166582703590393,0.4246838688850403,-0.04425070062279701,0.6307451128959656,0.370061993598938,-0.05424664914608002,0.5341842174530029,0.5651596188545227,-0.022892067208886147,0.5496293306350708,0.4802931547164917,-0.03727281838655472,0.5613512396812439,0.4272972345352173,-0.04795584827661514,0.5724825263023376,0.3821910619735718,-0.05447740480303764,0.49898579716682434,0.5759268403053284,-0.03479105234146118,0.4952174425125122,0.5169744491577148,-0.04411092773079872,0.49177634716033936,0.47695010900497437,-0.0443870909512043,0.48863959312438965,0.44194120168685913,-0.04347022622823715
0.4817792773246765,0.767926812171936,4.0102975162881194e-07,0.5378714799880981,0.7487373352050781,-0.02727540023624897,0.5893746614456177,0.6903940439224243,-0.04162464663386345,0.6363352537155151,0.6406677961349487,-0.05616459622979164,0.6762736439704895,0.6064625382423401,-0.06870715320110321,0.5712164640426636,0.5851652026176453,-0.012310939840972424,0.6132718324661255,0.5359064340591431,-0.04567132517695427,0.6381798386573792,0.5513428449630737,-0.07375436276197433,0.6520265340805054,0.5813808441162109,-0.08753811568021774,0.5427777171134949,0.5533499717712402,-0.014139543287456036,0.575340986251831,0.46305036544799805,-0.029510406777262688,0.5953590273857117,0.3987259864807129,-0.04499608650803566,0.6091643571853638,0.3436417579650879,-0.055728089064359665,0.5081431269645691,0.5466031432151794,-0.02254260890185833,0.5251870155334473,0.4595937132835388,-0.038777321577072144,0.5382658839225769,0.40156611800193787,-0.05174237862229347,0.5506942272186279,0.35377758741378784,-0.05966569855809212,0.46900609135627747,0.5603206157684326,-0.03422992676496506,0.46105003356933594,0.5003357529640198,-0.04759834706783295,0.4538121223449707,0.45841845870018005,-0.05081792175769806,0.4481883943080902,0.420632541179657,-0.05156097188591957
0.47062069177627563,0.7646134495735168,3.5910699125452084e-07,0.5281925201416016,0.7405966520309448,-0.02778266929090023,0.5822221636772156,0.6846755743026733,-0.043224360793828964,0.6278757452964783,0.6365627646446228,-0.05909644439816475,0.6621310710906982,0.5958804488182068,-0.07216732203960419,0.5614112019538879,0.5732808709144592,-0.013801046647131443,0.6083043813705444,0.5187997817993164,-0.05095629021525383,0.6295828223228455,0.5438513159751892,-0.08156543225049973,0.636091411113739,0.5823820233345032,-0.09563719481229782,0.5308382511138916,0.5410824418067932,-0.015431573614478111,0.5620666742324829,0.44677919149398804,-0.0316961407661438,0.5813049077987671,0.38397514820098877,-0.048015493899583817,0.5923686623573303,0.33242857456207275,-0.05929635837674141,0.4947919547557831,0.535038411617279,-0.02406301349401474,0.5092114210128784,0.4474014639854431,-0.04036487266421318,0.5205093026161194,0.387989342212677,-0.0545465312898159,0.5303128361701965,0.34060904383659363,-0.06327729672193527,0.455517441034317,0.5504493117332458,-0.03607248514890671,0.4415658712387085,0.4917357265949249,-0.04931604862213135,0.4299538731575012,0.4490513205528259,-0.0533122755587101,0.4208044409751892,0.41074955463409424,-0.054430052638053894
0.4648475646972656,0.7694954872131348,1.9256988537108555e-07,0.5230043530464172,0.7342343926429749,-0.015903476625680923,0.573404848575592,0.6781229376792908,-0.027503615245223045,0.6156591773033142,0.6344311833381653,-0.04299115389585495,0.6401039361953735,0.5839789509773254,-0.05642322078347206,0.5475788712501526,0.5556080937385559,0.0010454641887918115,0.5842351913452148,0.5022166967391968,-0.03302088379859924,0.609439492225647,0.5319452285766602,-0.06276439875364304,0.6205211877822876,0.5693975687026978,-0.0777934268116951,0.5233508348464966,0.5357975959777832,-0.00902683474123478,0.539323627948761,0.432998925447464,-0.02659105323255062,0.5399441123008728,0.36419954895973206,-0.0462522879242897,0.5322310924530029,0.3051511347293854,-0.06079409644007683,0.4945378005504608,0.538622260093689,-0.025245752185583115,0.5079544186592102,0.44275784492492676,-0.04106266796588898,0.5114820599555969,0.37907809019088745,-0.05269578844308853,0.5096732974052429,0.32374483346939087,-0.060706835240125656,0.462252676486969,0.5590503215789795,-0.04439413547515869,0.4719374179840088,0.48975953459739685,-0.05544113740324974,0.47342434525489807,0.4400481581687927,-0.05624017491936684,0.47050079703330994,0.3945145905017853,-0.05619536712765694
0.45460695028305054,0.7614227533340454,3.046183110200218e-07,0.5109045505523682,0.7370884418487549,-0.027269886806607246,0.5610834360122681,0.6913222670555115,-0.04390685632824898,0.6022946238517761,0.6526276469230652,-0.06114061176776886,0.6323084831237793,0.6155241131782532,-0.07552171498537064,0.542926549911499,0.5588605403900146,-0.01868983544409275,0.5907543301582336,0.5191416144371033,-0.056428078562021255,0.6136213541030884,0.5553677082061768,-0.08663367480039597,0.6200602650642395,0.5960401296615601,-0.10085476189851761,0.5097976326942444,0.5273039937019348,-0.02289159968495369,0.5296589732170105,0.42576393485069275,-0.042466938495635986,0.5381929278373718,0.36154311895370483,-0.060282930731773376,0.5391221046447754,0.30563363432884216,-0.07214615494012833,0.4698316156864166,0.525734543800354,-0.03321542218327522,0.4790414869785309,0.43404412269592285,-0.053652167320251465,0.4856986105442047,0.37602347135543823,-0.06939110904932022,0.4912166893482208,0.3248087167739868,-0.078432597219944,0.4266987144947052,0.5470362901687622,-0.04641243442893028,0.40573275089263916,0.48793870210647583,-0.06264223158359528,0.3902584910392761,0.4495958685874939,-0.06668883562088013,0.3774867653846741,0.4152456521987915,-0.06720998883247375
0.4473996162414551,0.761221170425415,2.9834265546924144e-07,0.4982204735279083,0.7392478585243225,-0.026313766837120056,0.5445866584777832,0.6983761787414551,-0.046709880232810974,0.5847781896591187,0.6646027565002441,-0.06839903444051743,0.612985372543335,0.6275138258934021,-0.08753000199794769,0.5370723605155945,0.5652303695678711,-0.024176176637411118,0.5892622470855713,0.5241739153862,-0.0695105791091919,0.6120588779449463,0.561748743057251,-0.10426820814609528,0.615817129611969,0.602946937084198,-0.12050870060920715,0.5061696767807007,0.5322683453559875,-0.03206569328904152,0.5317661762237549,0.4258633255958557,-0.05770599842071533,0.5416489839553833,0.35621050000190735,-0.07950721681118011,0.5402314066886902,0.2919434607028961,-0.09370909631252289,0.46827441453933716,0.5325814485549927,-0.0460638664662838,0.4752408564090729,0.43316352367401123,-0.07156379520893097,0.4768722653388977,0.3657800853252411,-0.09000496566295624,0.475452721118927,0.30373257398605347,-0.10030029714107513,0.42711204290390015,0.5575591325759888,-0.0626172199845314,0.4118451476097107,0.4839431047439575,-0.08207545429468155,0.40108388662338257,0.4355124831199646,-0.08714033663272858,0.39181894063949585,0.3901137113571167,-0.0882808119058609
0.43787914514541626,0.7573661804199219,4.1586235965951346e-07,0.48416832089424133,0.7300455570220947,-0.02987363375723362,0.5261945128440857,0.6866254806518555,-0.05331044644117355,0.5640096068382263,0.6507376432418823,-0.07764579355716705,0.5936294198036194,0.6155314445495605,-0.09912219643592834,0.5199384093284607,0.5532749891281128,-0.03195041045546532,0.5712160468101501,0.5081160664558411,-0.07634790986776352,0.590059757232666,0.5431291460990906,-0.10842804610729218,0.5918357968330383,0.584831953048706,-0.12330153584480286,0.4844977855682373,0.5175895094871521,-0.039099566638469696,0.5138000845909119,0.41332507133483887,-0.06582536548376083,0.5272321701049805,0.3419237732887268,-0.08593928068876266,0.5305752754211426,0.27629169821739197,-0.09866741299629211,0.4410529136657715,0.5185109972953796,-0.05261104553937912,0.4346311688423157,0.414336234331131,-0.08234061300754547,0.425574392080307,0.34780025482177734,-0.10516419261693954,0.41757071018218994,0.28823620080947876,-0.11814096570014954,0.3963695764541626,0.548547089099884,-0.06827878952026367,0.36262112855911255,0.4829893410205841,-0.09315434098243713,0.337199866771698,0.44510242342948914,-0.10277637094259262,0.3157500624656677,0.41026127338409424,-0.10698173195123672
0.3974152207374573,0.7454968094825745,4.1800976191552763e-07,0.4473361670970917,0.7181020975112915,-0.03230062499642372,0.4876028299331665,0.6762605309486389,-0.05611308291554451,0.5204045176506042,0.6405079364776611,-0.0800706148147583,0.5408042669296265,0.601934015750885,-0.10066594928503036,0.4732687175273895,0.5332953333854675,-0.02998259663581848,0.52288818359375,0.4870748817920685,-0.07533646374940872,0.5369310975074768,0.5280199646949768,-0.11054026335477829,0.5321695804595947,0.5754302740097046,-0.1263093799352646,0.43772852420806885,0.499445378780365,-0.035146601498126984,0.46663326025009155,0.3859332501888275,-0.05910544469952583,0.4810061454772949,0.3105663061141968,-0.07998266071081161,0.4857463240623474,0.24526143074035645,-0.09345846623182297,0.394286185503006,0.49996262788772583,-0.047164250165224075,0.3927537202835083,0.3939535319805145,-0.07235079258680344,0.3914385139942169,0.32596880197525024,-0.09553273022174835,0.3919234871864319,0.26700806617736816,-0.10943108052015305,0.3487091064453125,0.529386043548584,-0.06178944930434227,0.3177960515022278,0.46766945719718933,-0.08076775819063187,0.2958482503890991,0.4314412772655487,-0.08789212256669998,0.2787410020828247,0.39943307638168335,-0.09105346351861954
0.3276293873786926,0.7434294819831848,3.2501600344403414e-07,0.3750421106815338,0.7133525013923645,-0.034244831651449203,0.41544586420059204,0.669147253036499,-0.059003476053476334,0.4465414583683014,0.6333391070365906,-0.08363135159015656,0.45875051617622375,0.5960251688957214,-0.1045166626572609,0.41069528460502625,0.5144279599189758,-0.032654888927936554,0.4519537389278412,0.4601428508758545,-0.08077265322208405,0.45588168501853943,0.5090847015380859,-0.11865315586328506,0.4452943205833435,0.5621963143348694,-0.13598895072937012,0.3708001375198364,0.47932296991348267,-0.03792070969939232,0.3953477442264557,0.3576928675174713,-0.06301196664571762,0.40710264444351196,0.2773844599723816,-0.08575306087732315,0.41286271810531616,0.20561936497688293,-0.1009347215294838,0.32294395565986633,0.48027944564819336,-0.05023147910833359,0.3271213173866272,0.3685676157474518,-0.07463742047548294,0.3309425413608551,0.29567742347717285,-0.09866292774677277,0.3375195264816284,0.22920197248458862,-0.11403830349445343,0.2738160490989685,0.5117464661598206,-0.06552226841449738,0.24668799340724945,0.44792959094047546,-0.08367058634757996,0.22791226208209991,0.40736526250839233,-0.09073091298341751,0.21418093144893646,0.3692502975463867,-0.09427786618471146
0.2967430353164673,0.731131374835968,3.4948629945574794e-07,0.3477494418621063,0.6953286528587341,-0.0328727625310421,0.388703852891922,0.6411325931549072,-0.05500107631087303,0.4197632074356079,0.5922160148620605,-0.07802493870258331,0.4277544915676117,0.5403723120689392,-0.09767628461122513,0.3807014226913452,0.4949820935726166,-0.024786468595266342,0.4119008779525757,0.4190364480018616,-0.07214805483818054,0.4226546287536621,0.45744788646698,-0.11006654053926468,0.42262208461761475,0.5049958825111389,-0.12734836339950562,0.3423612117767334,0.4664919972419739,-0.029863616451621056,0.367085337638855,0.34667080640792847,-0.05270099267363548,0.3795294761657715,0.26528599858283997,-0.07550512999296188,0.3863237798213959,0.1899505853652954,-0.09167810529470444,0.2964334785938263,0.4696040153503418,-0.042735736817121506,0.3055827021598816,0.3612239956855774,-0.06351809203624725,0.3118559718132019,0.2872965931892395,-0.0843975618481636,0.31950852274894714,0.2200031876564026,-0.09868810325860977,0.24692296981811523,0.5004231929779053,-0.05939539521932602,0.23205795884132385,0.4319409728050232,-0.0742744654417038,0.22131600975990295,0.3839668035507202,-0.08006062358617783,0.2123960256576538,0.34020358324050903,-0.08350668847560883
0.2830085754394531,0.7354434132575989,3.0534266670656507e-07,0.3345291316509247,0.687950074672699,-0.030891163274645805,0.37801191210746765,0.6205620169639587,-0.05065547674894333,0.4123285710811615,0.5610427260398865,-0.07204440981149673,0.4073362946510315,0.500160276889801,-0.09072600305080414,0.36343806982040405,0.47750604152679443,-0.015404565259814262,0.38980430364608765,0.39448508620262146,-0.061570342630147934,0.3984541594982147,0.42240020632743835,-0.1002722680568695,0.3988509476184845,0.46654361486434937,-0.11897027492523193,0.32206231355667114,0.4541575610637665,-0.021674424409866333,0.337602436542511,0.3271195888519287,-0.0452827624976635,0.3417036235332489,0.24681104719638824,-0.07029417902231216,0.34320980310440063,0.1716708540916443,-0.08831155300140381,0.2784067988395691,0.46298947930336,-0.03578142076730728,0.2869337499141693,0.3502720892429352,-0.05702986568212509,0.29248231649398804,0.2772843539714813,-0.0748680830001831,0.2980985939502716,0.20980605483055115,-0.08695615828037262,0.23184405267238617,0.49766236543655396,-0.05387628450989723,0.23451799154281616,0.4173707962036133,-0.067747563123703,0.23513248562812805,0.3615679442882538,-0.0708208829164505,0.23595625162124634,0.30749744176864624,-0.07269374281167984
0.26207447052001953,0.7318212985992432,2.349642045373912e-07,0.3153749406337738,0.6891030073165894,-0.03517228737473488,0.363529771566391,0.6202139854431152,-0.05502533167600632,0.39772602915763855,0.5580341815948486,-0.07502676546573639,0.38763517141342163,0.4986710548400879,-0.0914023295044899,0.345527708530426,0.4725419878959656,-0.01904476433992386,0.3678675889968872,0.3879658579826355,-0.0626009851694107,0.3720511794090271,0.42085322737693787,-0.09918830543756485,0.36952659487724304,0.46599096059799194,-0.11696027219295502,0.30060940980911255,0.4484182298183441,-0.02177474834024906,0.30968257784843445,0.31640899181365967,-0.04470692202448845,0.30616652965545654,0.23832659423351288,-0.07000337541103363,0.30097830295562744,0.16523605585098267,-0.0883299857378006,0.2558467388153076,0.45761987566947937,-0.03191724419593811,0.2598738372325897,0.3451082110404968,-0.05174723640084267,0.26079943776130676,0.27408576011657715,-0.0701228603720665,0.2615571618080139,0.2093755304813385,-0.08262205123901367,0.21074619889259338,0.49178946018218994,-0.04628807306289673,0.2128453403711319,0.41013696789741516,-0.05699770525097847,0.2101883739233017,0.3565179407596588,-0.05942276492714882,0.20660337805747986,0.3072943091392517,-0.061287906020879745
0.23965242505073547,0.7416403293609619,3.5413367527326045e-07,0.2818945646286011,0.7101606130599976,-0.054266393184661865,0.3127436637878418,0.6500937938690186,-0.08959507197141647,0.3295166790485382,0.6021044254302979,-0.12252513319253922,0.319696307182312,0.5514013767242432,-0.15130645036697388,0.2948366403579712,0.4806089997291565,-0.05710083246231079,0.3139750361442566,0.40733906626701355,-0.11278320848941803,0.3105495274066925,0.45777812600135803,-0.15547055006027222,0.29888343811035156,0.5129944682121277,-0.17738202214241028,0.24593855440616608,0.45322346687316895,-0.05643270164728165,0.25125837326049805,0.3207734227180481,-0.08921554684638977,0.2467663735151291,0.23683516681194305,-0.1198694109916687,0.2386707216501236,0.153314471244812,-0.14269179105758667,0.19676129519939423,0.4668457806110382,-0.06410565972328186,0.16637608408927917,0.35612785816192627,-0.09580842405557632,0.14194738864898682,0.2862562835216522,-0.12718310952186584,0.12437064945697784,0.21967023611068726,-0.149152934551239,0.15317006409168243,0.514354944229126,-0.07647659629583359,0.11468527466058731,0.4473872482776642,-0.09919371455907822,0.08872514963150024,0.4086763560771942,-0.11266016215085983,0.0669935941696167,0.37116947770118713,-0.1232873797416687
0.2792815864086151,0.8288247585296631,2.111223835754572e-07,0.31529754400253296,0.803287923336029,-0.043602343648672104,0.34320294857025146,0.7575084567070007,-0.07635137438774109,0.35693657398223877,0.7279695868492126,-0.10819175839424133,0.34850838780403137,0.6974422335624695,-0.1370229423046112,0.3409923017024994,0.5953753590583801,-0.05196293815970421,0.35208800435066223,0.5405567288398743,-0.10442172735929489,0.3513546288013458,0.5870391726493835,-0.14566083252429962,0.34447288513183594,0.6369856595993042,-0.16744332015514374,0.29694950580596924,0.5645300149917603,-0.05512157082557678,0.29953545331954956,0.44367480278015137,-0.08765532076358795,0.2950376868247986,0.36927950382232666,-0.11463002115488052,0.28835436701774597,0.29882124066352844,-0.13352517783641815,0.25234469771385193,0.5730500221252441,-0.06491139531135559,0.2243790477514267,0.4651447832584381,-0.0946556106209755,0.20179200172424316,0.4046573340892792,-0.11784917861223221,0.18718691170215607,0.34223467111587524,-0.13295958936214447,0.2123277485370636,0.6148180961608887,-0.07872965931892395,0.1802639663219452,0.5443639159202576,-0.09831421077251434,0.15839329361915588,0.5040551424026489,-0.105042465031147,0.14232590794563293,0.46202152967453003,-0.1098671406507492
0.3054162263870239,0.9702233672142029,2.416640931812708e-08,0.3467627763748169,0.9428021907806396,-0.02288435958325863,0.38108426332473755,0.8988206386566162,-0.04095873981714249,0.39698994159698486,0.8649883270263672,-0.06101991608738899,0.3932202458381653,0.8295291662216187,-0.07832515984773636,0.3708760738372803,0.7566075921058655,-0.014193541370332241,0.3903633952140808,0.7062106132507324,-0.05269492417573929,0.3922511041164398,0.7422197461128235,-0.08522946387529373,0.3868304193019867,0.7822726368904114,-0.10152880102396011,0.3320208787918091,0.7338188886642456,-0.02294100634753704,0.32930201292037964,0.6247480511665344,-0.044650133699178696,0.319442480802536,0.562863826751709,-0.06623166799545288,0.30840378999710083,0.5096446871757507,-0.08108671754598618,0.29410886764526367,0.7407925128936768,-0.037312909960746765,0.28651294112205505,0.6429688930511475,-0.05621973052620888,0.28043460845947266,0.5834624767303467,-0.07172258198261261,0.2755180299282074,0.5260816812515259,-0.08169957250356674,0.259602427482605,0.7713651061058044,-0.05444001406431198,0.25053906440734863,0.7004076838493347,-0.06486448645591736,0.24552801251411438,0.6572157740592957,-0.06573823094367981,0.24186208844184875,0.6151657104492188,-0.06600023061037064
0.3335672616958618,0.9660758972167969,5.467919450552472e-08,0.37685397267341614,0.9382903575897217,-0.018951259553432465,0.41155678033828735,0.897280216217041,-0.034585848450660706,0.4321693181991577,0.865931510925293,-0.052448514848947525,0.4331866502761841,0.8311074376106262,-0.06771308928728104,0.4081079661846161,0.76365727186203,-0.01049959845840931,0.4337429404258728,0.7230944633483887,-0.04675398766994476,0.4404789209365845,0.7611751556396484,-0.0772184431552887,0.43723684549331665,0.7996281981468201,-0.09222649782896042,0.37370774149894714,0.7455386519432068,-0.018973354250192642,0.37415245175361633,0.6493324637413025,-0.03951776772737503,0.36505526304244995,0.591641366481781,-0.06052147224545479,0.35287195444107056,0.5391688346862793,-0.07529287785291672,0.33822375535964966,0.7537651658058167,-0.03244591876864433,0.33650532364845276,0.6649495363235474,-0.050162967294454575,0.3338416814804077,0.6081053018569946,-0.06414912641048431,0.33015912771224976,0.552216112613678,-0.07301704585552216,0.30419135093688965,0.7822267413139343,-0.048320550471544266,0.3014691174030304,0.7135137319564819,-0.05855872109532356,0.29971450567245483,0.6686559319496155,-0.05968976020812988,0.2985963225364685,0.6237126588821411,-0.059834808111190796
0.4239306151866913,0.8917393684387207,1.0145731010879899e-07,0.46776169538497925,0.8730539083480835,-0.016343282535672188,0.5017527937889099,0.8409299850463867,-0.030005186796188354,0.5260014533996582,0.8137776255607605,-0.045302607119083405,0.5344306230545044,0.7805440425872803,-0.05853299796581268,0.4965294599533081,0.7332529425621033,-0.017824383452534676,0.533967137336731,0.6995755434036255,-0.050476305186748505,0.5431455969810486,0.7334796786308289,-0.07485096156597137,0.5374309420585632,0.7681506276130676,-0.08586254715919495,0.46521639823913574,0.7117605805397034,-0.0254807248711586,0.47018733620643616,0.6219978928565979,-0.04482726752758026,0.4666043817996979,0.5715587735176086,-0.06259561330080032,0.45733144879341125,0.5265856981277466,-0.07493512332439423,0.4319794774055481,0.713387668132782,-0.03691699355840683,0.4237331449985504,0.6322426795959473,-0.05511718615889549,0.4175845980644226,0.5819142460823059,-0.06987287849187851,0.4104393422603607,0.5351585149765015,-0.07909539341926575,0.4013633131980896,0.7318506836891174,-0.04983717203140259,0.39394673705101013,0.6702456474304199,-0.06160374730825424,0.3894384801387787,0.6329314112663269,-0.06497134268283844,0.38548120856285095,0.5977014899253845,-0.06666775792837143
0.5319769382476807,0.8437703251838684,2.2182814518600935e-07,0.5803629755973816,0.8280620574951172,-0.019112663343548775,0.6204890012741089,0.7963842749595642,-0.035314612090587616,0.6539020538330078,0.7688004374504089,-0.052872564643621445,0.684019923210144,0.7501570582389832,-0.06878963857889175,0.6107686161994934,0.6988673806190491,-0.02251128852367401,0.6576743125915527,0.6668571829795837,-0.058312565088272095,0.6716055870056152,0.6980255842208862,-0.08461789041757584,0.6697719693183899,0.7317145466804504,-0.09650909900665283,0.5823359489440918,0.6718011498451233,-0.02911829762160778,0.5982452034950256,0.5860816836357117,-0.0495719313621521,0.6054309010505676,0.5373207926750183,-0.06590510904788971,0.6043558716773987,0.49598610401153564,-0.07658662647008896,0.5503129959106445,0.6715161204338074,-0.039997801184654236,0.5464203953742981,0.5937093496322632,-0.059792619198560715,0.5433905720710754,0.5431575775146484,-0.07452145963907242,0.5390889644622803,0.49765923619270325,-0.08330700546503067,0.5186771154403687,0.691028356552124,-0.05253584310412407,0.49898386001586914,0.6359800100326538,-0.06706849485635757,0.48646241426467896,0.6013349890708923,-0.07170887291431427,0.476176381111145,0.5687015056610107,-0.07363381236791611
0.6063075065612793,0.8325400352478027,2.0980587578378618e-07,0.6569118499755859,0.8214737772941589,-0.019114239141345024,0.7002996802330017,0.7868064045906067,-0.033923227339982986,0.7361228466033936,0.7560431361198425,-0.05036979168653488,0.7708320617675781,0.7349467277526855,-0.06497742980718613,0.6944359540939331,0.6798047423362732,-0.01586826518177986,0.7406142950057983,0.6444368362426758,-0.048989664763212204,0.7570484280586243,0.6724344491958618,-0.07362689822912216,0.7551127672195435,0.7060793042182922,-0.08497518301010132,0.6670544743537903,0.6515111327171326,-0.022167811170220375,0.6844005584716797,0.5658681392669678,-0.04173845052719116,0.6889123916625977,0.5125523805618286,-0.05848658084869385,0.6826614737510681,0.4679926931858063,-0.06945085525512695,0.634661853313446,0.6494832038879395,-0.03307192772626877,0.6353601217269897,0.5709514021873474,-0.05268476530909538,0.6322095394134521,0.5196452140808105,-0.06627427041530609,0.6257418394088745,0.47404587268829346,-0.07394936680793762,0.6006779074668884,0.6666907668113708,-0.04578202962875366,0.5877196788787842,0.608437180519104,-0.0614335834980011,0.5789647102355957,0.5697196125984192,-0.06574571132659912,0.571195125579834,0.5339170098304749,-0.06678453832864761
0.6307514905929565,0.8121435642242432,2.081313823509845e-07,0.6810041069984436,0.8002302050590515,-0.01884804293513298,0.7264054417610168,0.7645888328552246,-0.03332884609699249,0.7639049887657166,0.7315251231193542,-0.0493655689060688,0.7987692952156067,0.7042460441589355,-0.06326499581336975,0.7227999567985535,0.6622352600097656,-0.016587145626544952,0.7678719758987427,0.623441219329834,-0.049103137105703354,0.7847951054573059,0.6497690677642822,-0.07233530282974243,0.7849864959716797,0.6838390827178955,-0.08286618441343307,0.6973382234573364,0.6354284286499023,-0.022107858210802078,0.7135540246963501,0.5492967367172241,-0.04267289862036705,0.7188833355903625,0.4952985644340515,-0.05906490981578827,0.7156562805175781,0.4471847414970398,-0.06961983442306519,0.667378842830658,0.6332812309265137,-0.03193349391222,0.6667145490646362,0.5548465251922607,-0.05178116634488106,0.6640286445617676,0.5034288167953491,-0.06266117095947266,0.6603415608406067,0.4565051794052124,-0.06832627207040787,0.6358129382133484,0.6480685472488403,-0.04371274635195732,0.6265692114830017,0.5883795619010925,-0.05808749422430992,0.6206821203231812,0.5500051379203796,-0.06057296320796013,0.6161706447601318,0.5140677690505981,-0.060320861637592316
0.6506515145301819,0.7952200770378113,2.2967466861700814e-07,0.7006540894508362,0.7806656956672668,-0.016649188473820686,0.7471475005149841,0.7419283986091614,-0.029730278998613358,0.7867955565452576,0.7098209261894226,-0.04469652846455574,0.8209440112113953,0.6816629767417908,-0.05790598317980766,0.7387138605117798,0.642726719379425,-0.01532602496445179,0.7845977544784546,0.604812741279602,-0.04722006618976593,0.8037644028663635,0.6287561058998108,-0.06947585940361023,0.8060901165008545,0.6623083353042603,-0.07910392433404922,0.713573694229126,0.617213785648346,-0.021544193848967552,0.7297827005386353,0.5308973789215088,-0.041292279958724976,0.7361072897911072,0.4767993986606598,-0.056163813918828964,0.73341965675354,0.4301888942718506,-0.06531611829996109,0.684778094291687,0.6163759827613831,-0.03191065415740013,0.6838330030441284,0.5357649326324463,-0.0506027415394783,0.6834107041358948,0.48394668102264404,-0.05962999910116196,0.6818378567695618,0.4376707673072815,-0.0639234334230423,0.6551069021224976,0.6320988535881042,-0.04415855184197426,0.647878110408783,0.5719727873802185,-0.057587213814258575,0.6437740921974182,0.5325905084609985,-0.058953918516635895,0.6407055258750916,0.4964490234851837,-0.05776187404990196
0.6904025077819824,0.7379036545753479,2.6351494852860924e-07,0.7399082183837891,0.7190976738929749,-0.01665334962308407,0.785352885723114,0.677017331123352,-0.03034183382987976,0.8269793391227722,0.6430274844169617,-0.046107593923807144,0.8598837852478027,0.6118804216384888,-0.06052374467253685,0.7696552872657776,0.5801149010658264,-0.013037010096013546,0.8112021684646606,0.5465831756591797,-0.0440044067800045,0.8326781988143921,0.5640791058540344,-0.06712524592876434,0.8397072553634644,0.5904618501663208,-0.07817486673593521,0.7448573112487793,0.5555416345596313,-0.020619936287403107,0.7577164769172668,0.46542370319366455,-0.03945412114262581,0.7613885402679443,0.41081151366233826,-0.05409982055425644,0.7576018571853638,0.3623492121696472,-0.06342127174139023,0.7177532911300659,0.5555364489555359,-0.032515861093997955,0.7138791680335999,0.4752613604068756,-0.05086622014641762,0.7118113040924072,0.42273372411727905,-0.06005283072590828,0.7084705829620361,0.37491288781166077,-0.06487368047237396,0.6899778842926025,0.5723470449447632,-0.04646309092640877,0.6831105351448059,0.5114548206329346,-0.05987539514899254,0.6778070330619812,0.4706239104270935,-0.060954079031944275,0.6726465225219727,0.43314942717552185,-0.060100898146629333
0.7166425585746765,0.6581243276596069,2.567553565313574e-07,0.7698336839675903,0.6340237259864807,-0.0141923688352108,0.8167752623558044,0.583145260810852,-0.02512192726135254,0.8588154911994934,0.5411076545715332,-0.03869716450572014,0.885941207408905,0.4994368553161621,-0.05103280395269394,0.796163022518158,0.4794129729270935,-0.007784942165017128,0.8427492380142212,0.43973079323768616,-0.040270958095788956,0.867794394493103,0.4564419388771057,-0.06601106375455856,0.8760751485824585,0.4857257604598999,-0.07812950760126114,0.7714139819145203,0.4568651020526886,-0.015723934397101402,0.7834484577178955,0.36010339856147766,-0.034503769129514694,0.7841148972511292,0.3003787398338318,-0.051116880029439926,0.7766770720481873,0.2526583969593048,-0.062001947313547134,0.7439920902252197,0.4594106376171112,-0.02813354879617691,0.7426556944847107,0.37079301476478577,-0.04567932337522507,0.7408849000930786,0.3136458396911621,-0.05600118264555931,0.736164391040802,0.26481080055236816,-0.06191851943731308,0.7163333296775818,0.4792189598083496,-0.04244844615459442,0.715402364730835,0.41517192125320435,-0.05460730195045471,0.7130932807922363,0.37245893478393555,-0.05546092614531517,0.7092429995536804,0.3345258831977844,-0.05461586266756058
0.735637903213501,0.6208584308624268,1.6873106289949646e-07,0.7979364991188049,0.5886146426200867,-0.012835762463510036,0.8490012288093567,0.5254310965538025,-0.02429957129061222,0.8890486359596252,0.4735129177570343,-0.039739128202199936,0.9030152559280396,0.42212948203086853,-0.05400320887565613,0.8276861906051636,0.4054589867591858,-0.008536183275282383,0.8763425350189209,0.3454189598560333,-0.044902969151735306,0.9004881381988525,0.35849136114120483,-0.07282820343971252,0.9043057560920715,0.39225849509239197,-0.08582354336977005,0.7949948906898499,0.38437578082084656,-0.02035912312567234,0.7997264266014099,0.2704803943634033,-0.04225233942270279,0.793442964553833,0.20067590475082397,-0.061763737350702286,0.7782005667686462,0.14540183544158936,-0.07524244487285614,0.761741578578949,0.39186668395996094,-0.03711254149675369,0.759964644908905,0.2891836166381836,-0.05786556005477905,0.7552627325057983,0.22277140617370605,-0.0710563212633133,0.7466824650764465,0.16537079215049744,-0.07963304221630096,0.7305487394332886,0.41931837797164917,-0.0556708425283432,0.7267177700996399,0.34871700406074524,-0.07272811233997345,0.7214001417160034,0.2988468408584595,-0.07700537890195847,0.7138624787330627,0.25349485874176025,-0.0786639079451561
0.6683516502380371,0.6233648061752319,9.077542273416839e-08,0.7256895303726196,0.5872370004653931,-0.009050924330949783,0.7719457745552063,0.5192713737487793,-0.017157649621367455,0.8083552122116089,0.46643948554992676,-0.029815630987286568,0.8158818483352661,0.42236438393592834,-0.04167019948363304,0.7527297735214233,0.4074810743331909,-0.003838517237454653,0.7936695218086243,0.34350115060806274,-0.04019295424222946,0.8107495903968811,0.36268454790115356,-0.06993959099054337,0.8108671307563782,0.39877909421920776,-0.0841427594423294,0.7225781679153442,0.38839781284332275,-0.01703021116554737,0.7310940623283386,0.27515578269958496,-0.03742684796452522,0.7282823324203491,0.20427708327770233,-0.05725841596722603,0.7171943783760071,0.14744603633880615,-0.07112354040145874,0.6915069818496704,0.39694342017173767,-0.0351349413394928,0.6911814212799072,0.292439728975296,-0.05445702001452446,0.6872257590293884,0.22367572784423828,-0.06935267895460129,0.6808700561523438,0.16349688172340393,-0.07919073849916458,0.6610850095748901,0.42444130778312683,-0.05479017645120621,0.6588824987411499,0.35132840275764465,-0.07007929682731628,0.6537715196609497,0.30004778504371643,-0.0744379460811615,0.6470780372619629,0.2533137798309326,-0.07663421332836151
0.5762696862220764,0.6076194643974304,2.9395157419287443e-09,0.6356125473976135,0.5737338066101074,-0.009372340515255928,0.6844744682312012,0.5053724646568298,-0.015737980604171753,0.7203601002693176,0.44996416568756104,-0.02618851512670517,0.7211083769798279,0.41304752230644226,-0.035441264510154724,0.665737509727478,0.39591044187545776,-0.0003387503093108535,0.6988819241523743,0.32775506377220154,-0.03482017293572426,0.7107630372047424,0.35830920934677124,-0.06375586986541748,0.7082560658454895,0.3997272551059723,-0.07737402617931366,0.6373379230499268,0.3785390555858612,-0.011642148718237877,0.6476719379425049,0.27003949880599976,-0.030004002153873444,0.6468010544776917,0.2014704793691635,-0.04942657798528671,0.6375701427459717,0.14373409748077393,-0.06300915777683258,0.6072683334350586,0.386398583650589,-0.028012648224830627,0.6092191338539124,0.2846299409866333,-0.045048877596855164,0.6082838177680969,0.21825285255908966,-0.05943271517753601,0.60392826795578,0.16007164120674133,-0.06894678622484207,0.5764068365097046,0.4123288094997406,-0.046127546578645706,0.5739961266517639,0.33880317211151123,-0.05818108469247818,0.5709624886512756,0.28871220350265503,-0.06158826872706413,0.5666020512580872,0.24239972233772278,-0.06344358623027802
0.481789231300354,0.6018980741500854,-3.1638236919206975e-08,0.5347405672073364,0.5626989603042603,-0.014840135350823402,0.577799916267395,0.4966111183166504,-0.025924639776349068,0.6106561422348022,0.4433457553386688,-0.04051036015152931,0.6107715368270874,0.3982436954975128,-0.05299198627471924,0.5628945231437683,0.3898288607597351,-0.0057015372440218925,0.5898745059967041,0.3189375698566437,-0.04442096874117851,0.5920507311820984,0.35471922159194946,-0.07568316161632538,0.5817471742630005,0.4003029465675354,-0.08974839001893997,0.5319286584854126,0.37378430366516113,-0.01565203070640564,0.5384894013404846,0.2672646641731262,-0.03562536835670471,0.5325348973274231,0.20100855827331543,-0.055471744388341904,0.5205536484718323,0.1436586081981659,-0.06943853199481964,0.500390350818634,0.38241979479789734,-0.03145958110690117,0.5009926557540894,0.28428006172180176,-0.048798441886901855,0.49675214290618896,0.2192997932434082,-0.06220388039946556,0.49092161655426025,0.15994805097579956,-0.07114552706480026,0.4687191843986511,0.4090065062046051,-0.04961315914988518,0.4659397006034851,0.3378151059150696,-0.06105628237128258,0.46168914437294006,0.28846362233161926,-0.06339268386363983,0.45596832036972046,0.2419225573539734,-0.0644591823220253
0.39248940348625183,0.6459182500839233,-1.430602925012181e-08,0.44607973098754883,0.6077032685279846,-0.012399478815495968,0.4832912087440491,0.5276240706443787,-0.017298517748713493,0.5017431378364563,0.4697515368461609,-0.02543945610523224,0.475393146276474,0.4602236747741699,-0.03136178106069565,0.45399436354637146,0.4427332580089569,0.004208638332784176,0.46815910935401917,0.3759949505329132,-0.026538653299212456,0.4711449146270752,0.41273245215415955,-0.052130237221717834,0.46648526191711426,0.4561057388782501,-0.06371605396270752,0.4217990040779114,0.431021511554718,-0.003940944094210863,0.4270697236061096,0.3384173512458801,-0.018649110570549965,0.4258664548397064,0.2822468876838684,-0.03373929485678673,0.4206819236278534,0.22983196377754211,-0.044438935816287994,0.39152097702026367,0.4409704804420471,-0.018132269382476807,0.3916688859462738,0.3546349108219147,-0.03096795082092285,0.39113518595695496,0.2985708713531494,-0.04277168586850166,0.3888828754425049,0.2458040565252304,-0.05086367577314377,0.36239495873451233,0.46522969007492065,-0.03487430885434151,0.35969576239585876,0.40201032161712646,-0.040924932807683945,0.35519999265670776,0.35913392901420593,-0.04287967458367348,0.34947824478149414,0.3175375163555145,-0.04514210671186447
0.3487311005592346,0.65553879737854,-1.3540184973237501e-08,0.40125536918640137,0.617079496383667,-0.013231457211077213,0.4387347102165222,0.5453400015830994,-0.018551966175436974,0.4535329043865204,0.4893692135810852,-0.02652808651328087,0.42676329612731934,0.4780932366847992,-0.032507773488759995,0.4082457423210144,0.4587792456150055,0.00431477976962924,0.4180111289024353,0.39641934633255005,-0.025963151827454567,0.41661638021469116,0.4340857267379761,-0.05194634199142456,0.4097215235233307,0.47719717025756836,-0.06358729302883148,0.3766140341758728,0.44909292459487915,-0.0023380860220640898,0.38000717759132385,0.36167287826538086,-0.01591539941728115,0.3788534104824066,0.3085179328918457,-0.03036480024456978,0.37558257579803467,0.2600453495979309,-0.04057746008038521,0.346927285194397,0.4598197042942047,-0.015058272518217564,0.3453115224838257,0.3786160945892334,-0.0269564688205719,0.3460330665111542,0.32365453243255615,-0.038042500615119934,0.3469996750354767,0.2729831039905548,-0.04549410194158554,0.3174605667591095,0.4847031533718109,-0.03032671846449375,0.3141387403011322,0.4235193133354187,-0.03568639978766441,0.31190401315689087,0.38241004943847656,-0.03674648329615593,0.3098159432411194,0.34294795989990234,-0.03811240568757057
0.28789022564888,0.7499728202819824,7.081334274516848e-08,0.3286473751068115,0.7232890129089355,-0.016085010021924973,0.3577916622161865,0.6845382452011108,-0.02546164020895958,0.3694508969783783,0.6457911729812622,-0.03593258932232857,0.3599362075328827,0.6111896634101868,-0.04480212181806564,0.3398265838623047,0.59293133020401,-0.0041954899206757545,0.349242240190506,0.5420577526092529,-0.02733970619738102,0.35158300399780273,0.559008002281189,-0.04789931699633598,0.3509989380836487,0.5823671221733093,-0.0583382174372673,0.31413596868515015,0.579865038394928,-0.007917530834674835,0.3173099458217621,0.5039291381835938,-0.019701851531863213,0.316738098859787,0.4579256772994995,-0.033610932528972626,0.31531548500061035,0.4185657501220703,-0.04381466656923294,0.2889297604560852,0.5845879316329956,-0.015979858115315437,0.2899824380874634,0.516184389591217,-0.026931622996926308,0.29022979736328125,0.4710361659526825,-0.03723932057619095,0.2906573414802551,0.43097513914108276,-0.04436113312840462,0.2640477418899536,0.6041315793991089,-0.026191387325525284,0.26369789242744446,0.5538429021835327,-0.03368648514151573,0.26395151019096375,0.5194988250732422,-0.03576689586043358,0.2645455598831177,0.48713481426239014,-0.03703747317194939
0.3160620331764221,0.7734408378601074,8.197939393994602e-08,0.3578658998012543,0.7523398399353027,-0.014725948683917522,0.38832584023475647,0.7178199887275696,-0.024351634085178375,0.40294119715690613,0.6810656189918518,-0.035545170307159424,0.3960098922252655,0.644839346408844,-0.045138392597436905,0.3745846748352051,0.6321784257888794,-0.0036407257430255413,0.3863328695297241,0.5833091735839844,-0.02919255755841732,0.3885972797870636,0.6042894721031189,-0.05062258988618851,0.38680577278137207,0.6330031752586365,-0.06066139414906502,0.35212060809135437,0.6187158823013306,-0.007713038474321365,0.3608773648738861,0.5483577251434326,-0.02022434212267399,0.3636533319950104,0.5043803453445435,-0.0341423898935318,0.36532658338546753,0.4637465476989746,-0.04438651725649834,0.32904037833213806,0.6221694350242615,-0.016264399513602257,0.3334119915962219,0.559769868850708,-0.027069447562098503,0.33634474873542786,0.5175432562828064,-0.03663001209497452,0.3393869400024414,0.4796057641506195,-0.04336267709732056,0.30466923117637634,0.6384375691413879,-0.026979723945260048,0.3075639307498932,0.5916818976402283,-0.03347153961658478,0.3090148866176605,0.5589878559112549,-0.035294461995363235,0.31003159284591675,0.5281561017036438,-0.036700569093227386
0.3149172067642212,0.7694212198257446,8.733388057180491e-08,0.35471513867378235,0.748376190662384,-0.015695663169026375,0.3830385208129883,0.7142489552497864,-0.025413818657398224,0.39579644799232483,0.6780463457107544,-0.036429863423109055,0.3897639811038971,0.6422941088676453,-0.04585639387369156,0.3700801432132721,0.6299655437469482,-0.0045023891143500805,0.38170474767684937,0.5811911225318909,-0.029478205367922783,0.3829694986343384,0.6002001762390137,-0.050367746502161026,0.38034728169441223,0.6272602677345276,-0.060269054025411606,0.34788286685943604,0.6172754168510437,-0.00806618295609951,0.3561677038669586,0.5482478737831116,-0.020780468359589577,0.35825517773628235,0.504973828792572,-0.03491050377488136,0.35945844650268555,0.46545249223709106,-0.045277830213308334,0.3251076638698578,0.6209152936935425,-0.016138417646288872,0.32936903834342957,0.559343695640564,-0.027475083246827126,0.33184298872947693,0.5178741812705994,-0.03773411735892296,0.33455827832221985,0.48079532384872437,-0.04486188292503357,0.3009243607521057,0.6370669007301331,-0.02636074647307396,0.3039358854293823,0.5909076929092407,-0.03369688615202904,0.3055887818336487,0.5587272644042969,-0.036356858909130096,0.30691877007484436,0.5283947587013245,-0.0382903553545475
0.3131619989871979,0.770017147064209,8.234409420992961e-08,0.3530852198600769,0.7490218281745911,-0.014291997998952866,0.38139718770980835,0.7149794697761536,-0.02368323691189289,0.3949584364891052,0.6795780658721924,-0.03458000719547272,0.39050033688545227,0.6436416506767273,-0.04382475093007088,0.36763742566108704,0.6307538747787476,-0.00445779412984848,0.37935370206832886,0.58176589012146,-0.029180439189076424,0.3818013370037079,0.6026577353477478,-0.049637943506240845,0.38027992844581604,0.6312029361724854,-0.0592353530228138,0.34515106678009033,0.6182058453559875,-0.0085357166826725,0.3525638282299042,0.5489914417266846,-0.020948782563209534,0.3542507588863373,0.5066145658493042,-0.03460640460252762,0.3547540307044983,0.46712589263916016,-0.04457370191812515,0.32244470715522766,0.622407853603363,-0.01684722863137722,0.3256954252719879,0.5602520108222961,-0.027715615928173065,0.32771217823028564,0.5195850133895874,-0.03705129772424698,0.3298760652542114,0.4826480448246002,-0.043500106781721115,0.2988327741622925,0.639844536781311,-0.027172693982720375,0.30105769634246826,0.5938795804977417,-0.033998072147369385,0.30282866954803467,0.5620662569999695,-0.03595542907714844,0.30433258414268494,0.5321575999259949,-0.03728131577372551
0.27138766646385193,0.7439414262771606,1.0406019868014482e-07,0.3120969235897064,0.7194644212722778,-0.01600409857928753,0.34360095858573914,0.6814330816268921,-0.025515824556350708,0.35830339789390564,0.6421176195144653,-0.036323174834251404,0.3468964695930481,0.6093148589134216,-0.045472946017980576,0.326486200094223,0.5911949276924133,-0.005017389077693224,0.34051913022994995,0.53811115026474,-0.03087964840233326,0.34237924218177795,0.5590614676475525,-0.05225451663136482,0.33786845207214355,0.5866572260856628,-0.0620356947183609,0.30258500576019287,0.5776755213737488,-0.008974552154541016,0.3098353147506714,0.5015488862991333,-0.02165602520108223,0.3086993396282196,0.4553777873516083,-0.03523987531661987,0.30500006675720215,0.4145481586456299,-0.04480179026722908,0.2778209447860718,0.5818272829055786,-0.017543019726872444,0.2813761234283447,0.5133281946182251,-0.028239957988262177,0.28266143798828125,0.46947595477104187,-0.03723243996500969,0.28364789485931396,0.43022429943084717,-0.043278567492961884,0.2503242790699005,0.5993643999099731,-0.028427457436919212,0.2541046142578125,0.54911869764328,-0.03447999432682991,0.25687217712402344,0.5165220499038696,-0.035289764404296875,0.25931814312934875,0.4861519932746887,-0.035666123032569885
0.24305769801139832,0.7271053791046143,1.0049468812667328e-07,0.28528374433517456,0.7041380405426025,-0.01802694983780384,0.3191623091697693,0.6668685674667358,-0.029015876352787018,0.33389800786972046,0.6270774602890015,-0.041033320128917694,0.32395195960998535,0.5911871790885925,-0.05108814314007759,0.3053874373435974,0.56889408826828,-0.007625471334904432,0.3200532793998718,0.5162100195884705,-0.035685356706380844,0.32127144932746887,0.5397204756736755,-0.05865413323044777,0.3164074122905731,0.5694778561592102,-0.06927420943975449,0.27861663699150085,0.5526260137557983,-0.011529437266290188,0.28567710518836975,0.4724070727825165,-0.025716867297887802,0.2843860685825348,0.42557066679000854,-0.04032482951879501,0.2812342643737793,0.38344085216522217,-0.05064163729548454,0.2509666383266449,0.5564878582954407,-0.020208483561873436,0.2542248070240021,0.4859921634197235,-0.03233639523386955,0.25544068217277527,0.4411953091621399,-0.041862133890390396,0.25729426741600037,0.40002745389938354,-0.04818763583898544,0.2209593504667282,0.575486421585083,-0.03133799880743027,0.22426816821098328,0.5226656198501587,-0.03815211355686188,0.22631025314331055,0.48875293135643005,-0.03883522376418114,0.2281752973794937,0.45682135224342346,-0.03909020870923996
0.1973135620355606,0.6905502676963806,1.629479413622903e-07,0.24384286999702454,0.6728206276893616,-0.02738155983388424,0.27710866928100586,0.6368956565856934,-0.04693872854113579,0.2921173870563507,0.5932339429855347,-0.06668570637702942,0.3104444146156311,0.5510033369064331,-0.08403889834880829,0.2954149842262268,0.513075053691864,-0.025106173008680344,0.3349952697753906,0.4609248638153076,-0.058356765657663345,0.3408735394477844,0.47470977902412415,-0.08400364220142365,0.3312590420246124,0.49994951486587524,-0.09762611240148544,0.2601546347141266,0.48290982842445374,-0.02910369075834751,0.2685839533805847,0.37944990396499634,-0.05286773294210434,0.26277998089790344,0.31868037581443787,-0.07450538128614426,0.2518221139907837,0.2671812176704407,-0.08974554389715195,0.2223169505596161,0.4828225076198578,-0.037542231380939484,0.22712287306785583,0.39321744441986084,-0.05913624167442322,0.228071928024292,0.33677566051483154,-0.07468370348215103,0.22845476865768433,0.28499388694763184,-0.08475794643163681,0.18404614925384521,0.5035567879676819,-0.04840948060154915,0.18813617527484894,0.435680627822876,-0.06477148830890656,0.18968649208545685,0.3923169672489166,-0.0698816105723381,0.1921660602092743,0.3505517244338989,-0.07247795909643173
0.16947215795516968,0.6926647424697876,1.7741416513672448e-07,0.21723642945289612,0.6715418696403503,-0.04250278323888779,0.24867737293243408,0.6261200904846191,-0.07168757915496826,0.26086246967315674,0.5786661505699158,-0.09940283745527267,0.2815438508987427,0.5330116152763367,-0.12407459318637848,0.26336151361465454,0.48392656445503235,-0.04250806197524071,0.3051092028617859,0.4220849275588989,-0.08646003156900406,0.30401915311813354,0.4456122815608978,-0.12041370570659637,0.2871853709220886,0.484363853931427,-0.1384185403585434,0.21940113604068756,0.45289623737335205,-0.042463984340429306,0.22169983386993408,0.3389776349067688,-0.07236887514591217,0.2093401700258255,0.27575013041496277,-0.10046198964118958,0.19406642019748688,0.21853390336036682,-0.12118150293827057,0.17522840201854706,0.45644327998161316,-0.048247601836919785,0.17426729202270508,0.3577011823654175,-0.07461860030889511,0.17154571413993835,0.29330435395240784,-0.09638942033052444,0.16860951483249664,0.2352776974439621,-0.11176475137472153,0.1334230601787567,0.4833557903766632,-0.05761462450027466,0.13228090107440948,0.4077546000480652,-0.07650455832481384,0.13074490427970886,0.3572610318660736,-0.0848950743675232,0.1303091049194336,0.31022924184799194,-0.09101887047290802
0.15862469375133514,0.7095781564712524,1.8297963322311261e-07,0.20912837982177734,0.6725441217422485,-0.0306120403110981,0.2507690191268921,0.6117371320724487,-0.0484318807721138,0.27879735827445984,0.5520358085632324,-0.0668971836566925,0.26645994186401367,0.4944746196269989,-0.08287249505519867,0.2336004078388214,0.48794880509376526,-0.014824161306023598,0.25038233399391174,0.40597113966941833,-0.05351897329092026,0.2531939446926117,0.43006935715675354,-0.08568844199180603,0.25068598985671997,0.46817272901535034,-0.10101191699504852,0.1962362378835678,0.46963438391685486,-0.016377877444028854,0.20381301641464233,0.3608247935771942,-0.036796778440475464,0.200972780585289,0.2974647283554077,-0.05931864306330681,0.19726213812828064,0.2369619905948639,-0.07591874152421951,0.15953581035137177,0.4764363765716553,-0.024711759760975838,0.1659465730190277,0.38107600808143616,-0.041457854211330414,0.16731920838356018,0.3167811632156372,-0.05638119950890541,0.1680181622505188,0.2585900127887726,-0.06705018877983093,0.12107454985380173,0.5001019239425659,-0.03693217411637306,0.12701880931854248,0.42420196533203125,-0.046865664422512054,0.12933766841888428,0.37171900272369385,-0.04995172843337059,0.13228648900985718,0.3220105469226837,-0.05248255655169487
0.17485472559928894,0.7132631540298462,1.9331305622927175e-07,0.22934354841709137,0.6704968214035034,-0.027978429570794106,0.27178239822387695,0.6032907962799072,-0.043823547661304474,0.29855963587760925,0.5369693636894226,-0.06148749962449074,0.2715746760368347,0.4912211000919342,-0.07651923596858978,0.24079495668411255,0.4853406548500061,-0.0022611895110458136,0.25317519903182983,0.40770840644836426,-0.03925144672393799,0.2540283799171448,0.4380759000778198,-0.0707300454378128,0.2493131011724472,0.48025622963905334,-0.084933340549469,0.20556648075580597,0.4698511064052582,-0.004280385561287403,0.21303324401378632,0.36484163999557495,-0.021383138373494148,0.20919816195964813,0.30090612173080444,-0.03970831260085106,0.20499815046787262,0.23950934410095215,-0.05273186042904854,0.17111237347126007,0.4784000515937805,-0.014171830378472805,0.17899394035339355,0.38270118832588196,-0.02846774272620678,0.18128052353858948,0.31662383675575256,-0.03888668864965439,0.1829555183649063,0.2592981457710266,-0.04582923278212547,0.1338767111301422,0.5017633438110352,-0.028325174003839493,0.14017698168754578,0.42783862352371216,-0.035473890602588654,0.14247998595237732,0.37563908100128174,-0.03552427515387535,0.14611457288265228,0.32670891284942627,-0.03569929674267769
0.7456150054931641,0.7483413815498352,1.7530902596263331e-07,0.7032757997512817,0.7341642379760742,-0.023920375853776932,0.6647440195083618,0.6828955411911011,-0.04028358310461044,0.6422570943832397,0.6360391974449158,-0.056265365332365036,0.6550014019012451,0.5968960523605347,-0.06941989064216614,0.6722174286842346,0.5857788920402527,-0.014309377409517765,0.6589157581329346,0.510978102684021,-0.045748479664325714,0.6579616069793701,0.5380856394767761,-0.07077612727880478,0.6629326939582825,0.5778960585594177,-0.08222119510173798,0.702981173992157,0.5692891478538513,-0.01430655736476183,0.7028975486755371,0.4819830656051636,-0.027417190372943878,0.7065792679786682,0.43326056003570557,-0.03927791491150856,0.7116738557815552,0.39054349064826965,-0.04777753725647926,0.7333986163139343,0.5725380182266235,-0.020186113193631172,0.7311426997184753,0.49514520168304443,-0.03034328855574131,0.730769693851471,0.443595826625824,-0.0368771068751812,0.7301157712936401,0.39543044567108154,-0.04138936102390289,0.7621234655380249,0.5890548825263977,-0.029044540598988533,0.756528377532959,0.52928626537323,-0.03417675569653511,0.7546058893203735,0.4888272285461426,-0.032673951238393784,0.7530407905578613,0.4505513608455658,-0.03138982132077217
0.7439494729042053,0.7618181705474854,1.9711536936029006e-07,0.7007802128791809,0.750867486000061,-0.023243868723511696,0.6611179709434509,0.7033969163894653,-0.03942007198929787,0.6400965452194214,0.6586170196533203,-0.05509893596172333,0.6497800350189209,0.6186985373497009,-0.06808759272098541,0.6661898493766785,0.6039125919342041,-0.01558685302734375,0.653308093547821,0.5305083394050598,-0.04574986547231674,0.6536771059036255,0.5553637146949768,-0.06984779983758926,0.6582270860671997,0.5921245217323303,-0.08115134388208389,0.697395384311676,0.5860370993614197,-0.01610480062663555,0.6974591612815857,0.5009275674819946,-0.03034326061606407,0.7030264139175415,0.4515156149864197,-0.04325537383556366,0.7093917727470398,0.4073438048362732,-0.0525549054145813,0.7281034588813782,0.5880892276763916,-0.022104447707533836,0.7258402705192566,0.5130034685134888,-0.03355935588479042,0.7266992330551147,0.4603920578956604,-0.041913412511348724,0.7269598841667175,0.41159284114837646,-0.047665588557720184,0.7567731738090515,0.6030649542808533,-0.03081304207444191,0.7507154941558838,0.5436323285102844,-0.036895282566547394,0.7487526535987854,0.5025466680526733,-0.036694202572107315,0.7472676634788513,0.46431589126586914,-0.03652409836649895
0.7628386616706848,0.743728518486023,2.2116809361705236e-07,0.7216261625289917,0.7309147715568542,-0.021738119423389435,0.6835841536521912,0.6838229894638062,-0.03361252695322037,0.6632369160652161,0.6329853534698486,-0.0454811193048954,0.6665264368057251,0.587337076663971,-0.05445528402924538,0.6772078275680542,0.5898852348327637,-0.011991143226623535,0.6563645005226135,0.5144703388214111,-0.037790000438690186,0.6601545214653015,0.5332069396972656,-0.055772051215171814,0.6690801382064819,0.5653167963027954,-0.06352397799491882,0.7090516090393066,0.5649434924125671,-0.014108176343142986,0.6960264444351196,0.47661417722702026,-0.027117665857076645,0.6882732510566711,0.4277377724647522,-0.040428001433610916,0.6822240948677063,0.38642072677612305,-0.05037543177604675,0.7422590851783752,0.565796434879303,-0.021468602120876312,0.7557114958763123,0.4865366220474243,-0.03945283591747284,0.7651389837265015,0.437838077545166,-0.054785676300525665,0.7699310183525085,0.39377889037132263,-0.06490330398082733,0.7733905911445618,0.5865173935890198,-0.030487060546875,0.8028894066810608,0.5346881747245789,-0.04835925251245499,0.8242446184158325,0.5004968047142029,-0.056319043040275574,0.8406360149383545,0.4673728942871094,-0.0606815367937088
0.7628496289253235,0.7411990761756897,2.4580111812610994e-07,0.7216779589653015,0.7293417453765869,-0.022159237414598465,0.6833385825157166,0.6830659508705139,-0.03467770293354988,0.6629315614700317,0.6351840496063232,-0.046923503279685974,0.6655673384666443,0.5952284336090088,-0.056472714990377426,0.6791590452194214,0.58461594581604,-0.01274421252310276,0.6612066626548767,0.5118674039840698,-0.038685061037540436,0.6640741229057312,0.5323137044906616,-0.05737084150314331,0.6719173192977905,0.567590057849884,-0.0654485821723938,0.7121070623397827,0.560506284236908,-0.014279913157224655,0.7050490975379944,0.47389620542526245,-0.02637641504406929,0.7027563452720642,0.42486363649368286,-0.038370370864868164,0.7023000121116638,0.3849804699420929,-0.04720723628997803,0.7452724575996399,0.56192547082901,-0.021185943856835365,0.7585234045982361,0.48399537801742554,-0.037673093378543854,0.7672308683395386,0.4344208538532257,-0.05174902081489563,0.7726876735687256,0.39031097292900085,-0.06096320226788521,0.7760873436927795,0.5824699997901917,-0.029948396608233452,0.8031998872756958,0.531852662563324,-0.04711318388581276,0.8234723210334778,0.4972355365753174,-0.05474303662776947,0.8398758769035339,0.4640134274959564,-0.05864275246858597
0.7685457468032837,0.7282055020332336,2.89690859744951e-07,0.7261985540390015,0.718148946762085,-0.02523781545460224,0.6842849850654602,0.6713190078735352,-0.040537960827350616,0.6602184772491455,0.6247044205665588,-0.0551486574113369,0.6675320863723755,0.585660994052887,-0.06698241084814072,0.6841884851455688,0.5713461637496948,-0.015513250604271889,0.6693437695503235,0.49799519777297974,-0.04403039440512657,0.6701254844665527,0.5157772302627563,-0.064936064183712,0.67684006690979,0.551835834980011,-0.07403537631034851,0.7181152105331421,0.548136830329895,-0.01576351374387741,0.7186155319213867,0.4607900381088257,-0.02829928696155548,0.7217761278152466,0.40995460748672485,-0.03916221112012863,0.7266576290130615,0.36933261156082153,-0.0467957966029644,0.7513864040374756,0.5489827394485474,-0.021993694826960564,0.7612918019294739,0.4706040918827057,-0.03792405128479004,0.7682991623878479,0.4203976094722748,-0.04947071522474289,0.7732405066490173,0.3756861686706543,-0.05671738460659981,0.7826036810874939,0.5679437518119812,-0.03060801699757576,0.8051846623420715,0.5163959264755249,-0.04687562584877014,0.8232129812240601,0.4808887541294098,-0.05288230627775192,0.8380604982376099,0.4471287429332733,-0.05539146065711975
0.7735857963562012,0.7166210412979126,2.693266765163571e-07,0.7320337295532227,0.7084776759147644,-0.029851200059056282,0.6872773766517639,0.6644507050514221,-0.048431966453790665,0.6575892567634583,0.6219204068183899,-0.06572511047124863,0.6676005721092224,0.5756605267524719,-0.07976029068231583,0.686764657497406,0.5596085786819458,-0.019203605130314827,0.666551947593689,0.48655909299850464,-0.05349474400281906,0.6687032580375671,0.5101921558380127,-0.07914792746305466,0.6783461570739746,0.5495731830596924,-0.09059605002403259,0.7192540168762207,0.5354726910591125,-0.017701411619782448,0.7152844667434692,0.4475677013397217,-0.03426938131451607,0.7172263860702515,0.39639267325401306,-0.048085980117321014,0.720226526260376,0.35325703024864197,-0.057434357702732086,0.7521953582763672,0.5355263352394104,-0.022997647523880005,0.7580275535583496,0.45766550302505493,-0.04076048731803894,0.7631288170814514,0.40619736909866333,-0.05298440903425217,0.7659497857093811,0.3595999479293823,-0.06016011908650398,0.7832450270652771,0.5534539818763733,-0.031203001737594604,0.7982585430145264,0.49730992317199707,-0.0462467260658741,0.8116909861564636,0.4591260552406311,-0.05129343271255493,0.822537362575531,0.42352500557899475,-0.05323321372270584
0.7754759192466736,0.7114132642745972,2.902583560171479e-07,0.7327810525894165,0.6994249224662781,-0.027404481545090675,0.6878989338874817,0.6549628973007202,-0.043607085943222046,0.6594962477684021,0.6068252921104431,-0.05880886688828468,0.6686301827430725,0.5557277798652649,-0.07065819203853607,0.6850002408027649,0.5517327189445496,-0.014949288219213486,0.6648393869400024,0.47896990180015564,-0.04462005943059921,0.6651986241340637,0.4920925199985504,-0.06613191217184067,0.6731564998626709,0.5248447060585022,-0.07581924647092819,0.7184945344924927,0.524490237236023,-0.014701222069561481,0.7070202827453613,0.4342978000640869,-0.029429422691464424,0.7026646137237549,0.3821985125541687,-0.04260438680648804,0.7016666531562805,0.3412371873855591,-0.051929622888565063,0.7540018558502197,0.5238083600997925,-0.02073555439710617,0.7656945586204529,0.44420719146728516,-0.03932914510369301,0.7742410898208618,0.39236563444137573,-0.052604690194129944,0.7796586155891418,0.3469538390636444,-0.060760874301195145,0.7878684997558594,0.5435933470726013,-0.029208606109023094,0.8114838600158691,0.4898958206176758,-0.04736362397670746,0.8298426866531372,0.45282822847366333,-0.05448027327656746,0.8443229794502258,0.417176216840744,-0.057796500623226166
0.7587883472442627,0.7013159990310669,2.6547093057160964e-07,0.7143946290016174,0.6914032101631165,-0.022198615595698357,0.6705785989761353,0.6490228176116943,-0.036545321345329285,0.6442214250564575,0.598285973072052,-0.05147287994623184,0.6463837027549744,0.5431596040725708,-0.06419182568788528,0.6721014380455017,0.5567533373832703,-0.00908227451145649,0.6478564143180847,0.5012024641036987,-0.039336685091257095,0.6455909013748169,0.5138285160064697,-0.0611770898103714,0.6545336246490479,0.5390039682388306,-0.07092165946960449,0.7013975381851196,0.5264958143234253,-0.011774826794862747,0.6863691210746765,0.4414599537849426,-0.02696017362177372,0.6803933382034302,0.3909038305282593,-0.03910242021083832,0.6763668656349182,0.34398049116134644,-0.04693664610385895,0.7362084984779358,0.5203671455383301,-0.020642545074224472,0.746159017086029,0.43647506833076477,-0.042260151356458664,0.7553146481513977,0.38309019804000854,-0.05736907199025154,0.7607113718986511,0.33634185791015625,-0.06579703092575073,0.7709658741950989,0.5359066128730774,-0.031194569543004036,0.8005427718162537,0.4796699583530426,-0.05301213636994362,0.8231409192085266,0.44375699758529663,-0.061983872205019,0.8408640623092651,0.4112931489944458,-0.06571424007415771
0.7599854469299316,0.6992983818054199,2.8446069677556807e-07,0.7164105176925659,0.6888214349746704,-0.02270747348666191,0.6744275689125061,0.6495913863182068,-0.038324736058712006,0.6476532220840454,0.6059662103652954,-0.054307933896780014,0.6472300291061401,0.5581145882606506,-0.06829545646905899,0.675839900970459,0.5512597560882568,-0.012488331645727158,0.6530442833900452,0.4995453357696533,-0.044493868947029114,0.6503303647041321,0.5110694169998169,-0.06783553212881088,0.6579283475875854,0.5360812544822693,-0.07824114710092545,0.7065389752388,0.5220683813095093,-0.015257691964507103,0.6942638158798218,0.4368159770965576,-0.03096727468073368,0.6900337338447571,0.3866316080093384,-0.04291540011763573,0.6870571970939636,0.34036949276924133,-0.05025073140859604,0.7424095869064331,0.5171063542366028,-0.024156304076313972,0.7541512250900269,0.43414342403411865,-0.04627949744462967,0.7640402317047119,0.3814623951911926,-0.06133373826742172,0.7696281671524048,0.3349372148513794,-0.06929144263267517,0.7775591015815735,0.5345132350921631,-0.03474501147866249,0.8076096773147583,0.479285329580307,-0.056832581758499146,0.8303666114807129,0.44366255402565,-0.06547296792268753,0.8484153151512146,0.4107874035835266,-0.0685858353972435
0.7751187086105347,0.7119481563568115,2.586095604328875e-07,0.7328639626502991,0.7061870098114014,-0.02709204889833927,0.6937739849090576,0.6747694611549377,-0.046389706432819366,0.6692268252372742,0.6409031748771667,-0.06484904885292053,0.6671531796455383,0.6018292903900146,-0.08100948482751846,0.691338062286377,0.5589986443519592,-0.023126270622015,0.6712774634361267,0.4982724189758301,-0.054440051317214966,0.6723660230636597,0.5247762203216553,-0.07827165722846985,0.6801817417144775,0.5598896145820618,-0.08990379422903061,0.7268883585929871,0.5327435731887817,-0.024214010685682297,0.7197814583778381,0.4488416910171509,-0.040746964514255524,0.7198959589004517,0.40098223090171814,-0.055690616369247437,0.7200583815574646,0.3554404377937317,-0.0666624903678894,0.7637529373168945,0.5313438773155212,-0.030925815925002098,0.775215744972229,0.44678598642349243,-0.052052997052669525,0.7850741744041443,0.39453113079071045,-0.06986020505428314,0.7906624674797058,0.345262348651886,-0.08142630755901337,0.7987366914749146,0.5505533814430237,-0.0394265353679657,0.826930046081543,0.49327602982521057,-0.05936482921242714,0.8476823568344116,0.4572605788707733,-0.06863998621702194,0.8641929030418396,0.42216309905052185,-0.07369599491357803
0.7582211494445801,0.6973907947540283,2.84685341966906e-07,0.7131085991859436,0.6860567927360535,-0.019450785592198372,0.6758257746696472,0.6513148546218872,-0.03366103023290634,0.6568394303321838,0.6155510544776917,-0.04760827124118805,0.6521411538124084,0.5787485837936401,-0.05979645624756813,0.6772868037223816,0.5410559773445129,-0.015352586284279823,0.6579408049583435,0.48306864500045776,-0.043837424367666245,0.6571251749992371,0.49865609407424927,-0.06613240391016006,0.6648398637771606,0.531605064868927,-0.07639097422361374,0.7121939659118652,0.5142207145690918,-0.01905595324933529,0.7047644257545471,0.42762529850006104,-0.031862206757068634,0.7050871849060059,0.37693315744400024,-0.04485725983977318,0.7072763442993164,0.3339749574661255,-0.05452536419034004,0.74880450963974,0.5131360292434692,-0.027775710448622704,0.7611467242240906,0.4304710030555725,-0.04488075152039528,0.7740065455436707,0.37652987241744995,-0.06111631914973259,0.7831708192825317,0.32943102717399597,-0.07193075120449066,0.7842229604721069,0.5332408547401428,-0.03777940943837166,0.8106680512428284,0.477097749710083,-0.05428702384233475,0.8298068046569824,0.44133317470550537,-0.0612863227725029,0.8449591398239136,0.4082643389701843,-0.06495960801839828
0.5875099897384644,0.6031376123428345,2.0967495117929502e-07,0.5375109910964966,0.5926589965820312,-0.013310350477695465,0.49186888337135315,0.5536643862724304,-0.0239675585180521,0.46061599254608154,0.5189040899276733,-0.036682020872831345,0.45678454637527466,0.4823422431945801,-0.04799029231071472,0.4949670433998108,0.44600340723991394,-0.003917716443538666,0.47148728370666504,0.39041614532470703,-0.03234387934207916,0.47199326753616333,0.42259112000465393,-0.05678112432360649,0.4815186560153961,0.46218106150627136,-0.068780317902565,0.5252366065979004,0.41540026664733887,-0.011370837688446045,0.5091553926467896,0.32563331723213196,-0.02318345010280609,0.5032219290733337,0.27084478735923767,-0.03722236678004265,0.5000973343849182,0.2201804369688034,-0.04794580116868019,0.5621353983879089,0.410411536693573,-0.02398502081632614,0.5716450810432434,0.3184129595756531,-0.0413384772837162,0.5826098918914795,0.2604997754096985,-0.05851035192608833,0.5899142026901245,0.20984847843647003,-0.06979008764028549,0.6010169982910156,0.42752692103385925,-0.03756188228726387,0.6286945939064026,0.361052930355072,-0.05457412078976631,0.6505927443504333,0.32116246223449707,-0.0610530786216259,0.6682949066162109,0.28617095947265625,-0.06427181512117386
0.4092949330806732,0.6468389630317688,1.984211337457964e-07,0.3543032705783844,0.6391172409057617,-0.013382915407419205,0.3037613332271576,0.6061458587646484,-0.025686057284474373,0.2634804844856262,0.5799658894538879,-0.03995329886674881,0.25482216477394104,0.5382751226425171,-0.052779585123062134,0.3191249370574951,0.4922361969947815,-0.006171135697513819,0.2821304202079773,0.44588136672973633,-0.035769879817962646,0.26069676876068115,0.4713122248649597,-0.060034237802028656,0.2533867359161377,0.5056334137916565,-0.07226760685443878,0.34182119369506836,0.46217042207717896,-0.013264750130474567,0.3148157298564911,0.37851616740226746,-0.02916727215051651,0.2964979410171509,0.3230231702327728,-0.04171596094965935,0.28243908286094666,0.27322113513946533,-0.049770064651966095,0.3730475902557373,0.45559269189834595,-0.025300830602645874,0.3742181658744812,0.36743539571762085,-0.04503015801310539,0.3768399953842163,0.30491554737091064,-0.05797750875353813,0.37792089581489563,0.2516230344772339,-0.06498634070158005,0.40662944316864014,0.47234243154525757,-0.03856940567493439,0.4334745407104492,0.4090113043785095,-0.05860187113285065,0.45278674364089966,0.36393076181411743,-0.06467821449041367,0.46937090158462524,0.324191689491272,-0.06608211249113083
0.35773447155952454,0.6598480939865112,1.9600695111421373e-07,0.2991265058517456,0.6575009822845459,-0.012395819649100304,0.24686460196971893,0.6198016405105591,-0.02131463959813118,0.20455265045166016,0.5867213606834412,-0.03266460821032524,0.18327802419662476,0.5419764518737793,-0.04188680648803711,0.2575816810131073,0.5044625997543335,0.00047164541319943964,0.21775037050247192,0.4556373357772827,-0.027051499113440514,0.19131088256835938,0.4787333309650421,-0.04824831336736679,0.18364503979682922,0.510619580745697,-0.057799167931079865,0.27958038449287415,0.47345471382141113,-0.0062773702666163445,0.2518404722213745,0.38742539286613464,-0.01986592449247837,0.23375599086284637,0.33075493574142456,-0.02856188453733921,0.22223107516765594,0.27921897172927856,-0.033330049365758896,0.3096674084663391,0.46535223722457886,-0.018664145842194557,0.3086962103843689,0.37865906953811646,-0.037034761160612106,0.3110213577747345,0.3154125213623047,-0.046921711415052414,0.3138660788536072,0.2602115273475647,-0.05138299614191055,0.34284159541130066,0.4785296618938446,-0.03263086825609207,0.36867624521255493,0.41583457589149475,-0.05349279195070267,0.38756197690963745,0.3685520887374878,-0.060304317623376846,0.4047659635543823,0.3255254328250885,-0.061510439962148666
0.347467839717865,0.644750714302063,1.9085187830114592e-07,0.2886534333229065,0.6415199041366577,-0.012715737335383892,0.23620454967021942,0.6037430167198181,-0.022374352440238,0.19287008047103882,0.5716733336448669,-0.03459866717457771,0.1700369417667389,0.529109001159668,-0.04502797871828079,0.24780690670013428,0.48519444465637207,-0.0009488493669778109,0.20731915533542633,0.4380069077014923,-0.029021751135587692,0.17919853329658508,0.4610539972782135,-0.050821829587221146,0.17096728086471558,0.49322307109832764,-0.06101268529891968,0.2687065601348877,0.454527348279953,-0.008018642663955688,0.23961688578128815,0.3680696487426758,-0.02217404730618,0.2199179083108902,0.31033849716186523,-0.031225668266415596,0.20704717934131622,0.2568546533584595,-0.03640361502766609,0.2980509102344513,0.44678449630737305,-0.02068597637116909,0.2958027720451355,0.35675519704818726,-0.03952550143003464,0.29754629731178284,0.2921642065048218,-0.05000912398099899,0.2999754846096039,0.23517949879169464,-0.055190447717905045,0.330774188041687,0.46087178587913513,-0.03497295454144478,0.35752877593040466,0.3971942067146301,-0.05718543380498886,0.37662824988365173,0.3480956554412842,-0.06517624855041504,0.394207626581192,0.3031373620033264,-0.06732593476772308
0.35195425152778625,0.6440755724906921,1.1568182856080966e-07,0.28756576776504517,0.6311604976654053,0.0004315720871090889,0.24210724234580994,0.5867019295692444,-0.004259842913597822,0.2019909918308258,0.5527138710021973,-0.014759328216314316,0.17925594747066498,0.5109972357749939,-0.02421289123594761,0.26539403200149536,0.47107160091400146,0.017673349007964134,0.22683176398277283,0.42862117290496826,-0.005549177993088961,0.19431014358997345,0.4499780833721161,-0.026372030377388,0.1815049648284912,0.47987639904022217,-0.03668524697422981,0.2823207974433899,0.44632259011268616,0.0041628871113061905,0.2521943747997284,0.36127591133117676,-0.006182263605296612,0.23082126677036285,0.30270320177078247,-0.014412282966077328,0.218830868601799,0.24866977334022522,-0.01985204964876175,0.30643001198768616,0.442356675863266,-0.014604627154767513,0.3062366247177124,0.34864336252212524,-0.028780562803149223,0.30961236357688904,0.28279393911361694,-0.03766092658042908,0.31427034735679626,0.22542858123779297,-0.04292365163564682,0.33285757899284363,0.45796459913253784,-0.03436795622110367,0.36039265990257263,0.3920030891895294,-0.05104102939367294,0.38091611862182617,0.34277939796447754,-0.05653130263090134,0.40019702911376953,0.29887205362319946,-0.05830952525138855
0.40875163674354553,0.7397494316101074,2.8329330348242365e-07,0.35433754324913025,0.7405747771263123,-0.030246058478951454,0.30151528120040894,0.7191332578659058,-0.05341312289237976,0.26155486702919006,0.6954748630523682,-0.07576286792755127,0.2598315477371216,0.655182421207428,-0.09567422419786453,0.3016398847103119,0.585229754447937,-0.026849253103137016,0.2697419822216034,0.5187282562255859,-0.06545215100049973,0.26482707262039185,0.5573318600654602,-0.09520212560892105,0.2716269791126251,0.6029336452484131,-0.10953821986913681,0.33738768100738525,0.548602283000946,-0.027118325233459473,0.3220607042312622,0.456173300743103,-0.04839612543582916,0.317172646522522,0.3983389437198639,-0.06501703709363937,0.3126830458641052,0.34071576595306396,-0.07622572779655457,0.3765990436077118,0.5397582650184631,-0.033820703625679016,0.37836113572120667,0.44715338945388794,-0.057336416095495224,0.3821277916431427,0.3828827142715454,-0.07405850291252136,0.38239267468452454,0.32376983761787415,-0.08365900069475174,0.41475337743759155,0.5542179942131042,-0.04285770654678345,0.4312647581100464,0.4883686602115631,-0.06256003677845001,0.443301796913147,0.44234782457351685,-0.06942358613014221,0.4531633257865906,0.39776602387428284,-0.07197865843772888
0.43334370851516724,0.7449050545692444,2.576303472778818e-07,0.37895840406417847,0.7457025051116943,-0.03125753253698349,0.32415124773979187,0.7248652577400208,-0.055220428854227066,0.2843749225139618,0.7010535597801208,-0.07810132950544357,0.29004108905792236,0.6601300835609436,-0.09853748977184296,0.3269121050834656,0.5888515710830688,-0.029158521443605423,0.2958109378814697,0.5255672931671143,-0.06682899594306946,0.29530563950538635,0.570831835269928,-0.09603198617696762,0.30487629771232605,0.6167912483215332,-0.11068452149629593,0.3642059564590454,0.5506662726402283,-0.029306011274456978,0.3492829203605652,0.45877161622047424,-0.05121856555342674,0.34595388174057007,0.40209025144577026,-0.06934446096420288,0.3430958092212677,0.34452569484710693,-0.08241511881351471,0.40307414531707764,0.5411291718482971,-0.03566688299179077,0.40485382080078125,0.4483185410499573,-0.06002822890877724,0.4097585082054138,0.38350576162338257,-0.07918308675289154,0.41128620505332947,0.32364216446876526,-0.09098172932863235,0.44005006551742554,0.5546300411224365,-0.04412802681326866,0.45487529039382935,0.4889712631702423,-0.06313051283359528,0.46703213453292847,0.4445052742958069,-0.0707191675901413,0.4765947461128235,0.40198200941085815,-0.07473037391901016
0.5231075882911682,0.7704240679740906,1.680209322785231e-07,0.47024479508399963,0.7530563473701477,-0.018719401210546494,0.4155845642089844,0.7090492844581604,-0.033655013889074326,0.3762388825416565,0.6710926294326782,-0.049771372228860855,0.38055142760276794,0.6286426782608032,-0.06415366381406784,0.4234583079814911,0.5944000482559204,-0.009660429321229458,0.39597785472869873,0.5293247699737549,-0.04376450181007385,0.38554811477661133,0.5501697063446045,-0.07117297500371933,0.38524308800697327,0.5839323401451111,-0.08482582867145538,0.4545223116874695,0.5663501620292664,-0.01600698195397854,0.4353112280368805,0.4666765332221985,-0.03483730927109718,0.42841529846191406,0.40647995471954346,-0.04992932826280594,0.42661264538764954,0.3537653088569641,-0.05984951928257942,0.4915872812271118,0.5650344491004944,-0.028234727680683136,0.4897613525390625,0.4681885838508606,-0.04872128367424011,0.4936378598213196,0.4050576090812683,-0.062141817063093185,0.49637502431869507,0.3486776351928711,-0.06958604604005814,0.5291494131088257,0.585462212562561,-0.04231303557753563,0.5341439247131348,0.5157843232154846,-0.0583130419254303,0.5402347445487976,0.4683759808540344,-0.061854347586631775,0.5459099411964417,0.4235168695449829,-0.06291382014751434
0.7638744115829468,0.719712495803833,1.496423607250108e-07,0.7160522937774658,0.693894624710083,-0.020888999104499817,0.6753578782081604,0.6226816177368164,-0.03279011324048042,0.6588692665100098,0.5553979277610779,-0.04526141285896301,0.6691913604736328,0.504810094833374,-0.054814230650663376,0.6739553213119507,0.5293628573417664,-0.003160558408126235,0.6594393253326416,0.44049087166786194,-0.03321408852934837,0.6640009880065918,0.4572896957397461,-0.05848771706223488,0.6696165800094604,0.4886482059955597,-0.0706564262509346,0.7081635594367981,0.5119065046310425,-0.00596041651442647,0.7015593647956848,0.41263607144355774,-0.01747128739953041,0.6997236609458923,0.36008286476135254,-0.03161408007144928,0.6982780694961548,0.31304091215133667,-0.04245111346244812,0.7430447936058044,0.5156625509262085,-0.015099241398274899,0.73524409532547,0.42520424723625183,-0.02576545812189579,0.730355441570282,0.3693975508213043,-0.03527205437421799,0.7248433828353882,0.3155636787414551,-0.04290260374546051,0.7769935131072998,0.5336140990257263,-0.02713150717318058,0.7708790898323059,0.4689007103443146,-0.0343763493001461,0.7692059874534607,0.4252434968948364,-0.03499534726142883,0.7680614590644836,0.3815935254096985,-0.035989925265312195
0.81221604347229,0.7190375328063965,2.1051229737167887e-07,0.763181209564209,0.6946346759796143,-0.022567501291632652,0.7239359617233276,0.6240704655647278,-0.03571407124400139,0.7078766822814941,0.5555415749549866,-0.04923051968216896,0.7071948647499084,0.5022510290145874,-0.060113418847322464,0.7204378247261047,0.5177913308143616,-0.007744425907731056,0.7034133672714233,0.42607975006103516,-0.039219312369823456,0.7095882892608643,0.43948614597320557,-0.06505616754293442,0.7184503674507141,0.4713727533817291,-0.07736432552337646,0.7587146759033203,0.49713805317878723,-0.010948466137051582,0.7560020089149475,0.39129728078842163,-0.023805838078260422,0.7570859789848328,0.3328627347946167,-0.039148617535829544,0.7581402659416199,0.2828492224216461,-0.05083969980478287,0.7956876754760742,0.5007113218307495,-0.02053586021065712,0.7901665568351746,0.4075709283351898,-0.03282196447253227,0.7851232886314392,0.34871727228164673,-0.04460613429546356,0.7792461514472961,0.2928563356399536,-0.053851138800382614,0.8319319486618042,0.5195651054382324,-0.03300445154309273,0.82779860496521,0.45103538036346436,-0.041586343199014664,0.8259292840957642,0.4048888385295868,-0.04352019727230072,0.8237189054489136,0.3598368167877197,-0.04546210169792175
0.8304530382156372,0.7269183397293091,2.060062058717449e-07,0.7787036895751953,0.7018054723739624,-0.023233981803059578,0.7374904155731201,0.6295621991157532,-0.03752041980624199,0.7204143404960632,0.5578579902648926,-0.05252181366086006,0.7280333638191223,0.49837377667427063,-0.06456751376390457,0.7403187155723572,0.5182679295539856,-0.0047491309233009815,0.7206839919090271,0.428437203168869,-0.03697070851922035,0.7237634062767029,0.44626593589782715,-0.06371869891881943,0.730953574180603,0.47991621494293213,-0.07657592743635178,0.7784838080406189,0.4966680407524109,-0.007905610837042332,0.7770729064941406,0.38941043615341187,-0.019926417618989944,0.7797859907150269,0.3319799304008484,-0.034380339086055756,0.7822602987289429,0.28113114833831787,-0.04560922831296921,0.815520167350769,0.5005879998207092,-0.01810544915497303,0.8122808933258057,0.40523451566696167,-0.030324483290314674,0.8094258308410645,0.34752610325813293,-0.04069463536143303,0.8048889636993408,0.2914910912513733,-0.048713017255067825,0.8516083359718323,0.5202352404594421,-0.03140311315655708,0.8488569259643555,0.44949060678482056,-0.040202464908361435,0.8486949801445007,0.4023464322090149,-0.04184693098068237,0.846952497959137,0.35588568449020386,-0.04335794597864151
0.8412796854972839,0.7182403206825256,2.2042162584057223e-07,0.7872262597084045,0.6930072903633118,-0.021130815148353577,0.7476911544799805,0.6202371716499329,-0.03412602096796036,0.729049801826477,0.5470739603042603,-0.0486704483628273,0.7337418794631958,0.4880976676940918,-0.060132671147584915,0.7496916651725769,0.5105518698692322,0.0009469423093833029,0.7301629781723022,0.4246405065059662,-0.03107270784676075,0.7308192253112793,0.43389007449150085,-0.0563863180577755,0.7378208637237549,0.461750864982605,-0.06711019575595856,0.7873049378395081,0.4856206178665161,-0.0025047240778803825,0.7780614495277405,0.3809167742729187,-0.011244132183492184,0.7746508717536926,0.32395291328430176,-0.019888022914528847,0.7722324728965759,0.2759579122066498,-0.026094332337379456,0.8252936601638794,0.4879962205886841,-0.013647915795445442,0.8284638524055481,0.3983139991760254,-0.023097731173038483,0.8303505778312683,0.3439255356788635,-0.027358923107385635,0.8292369842529297,0.2956191301345825,-0.030290966853499413,0.8613592386245728,0.5087834000587463,-0.028301851823925972,0.8662111759185791,0.4410678744316101,-0.03503979742527008,0.8708534836769104,0.3982110619544983,-0.03295942768454552,0.8732908964157104,0.35757410526275635,-0.030759315937757492
0.8502103686332703,0.7060316801071167,2.5239663159482006e-07,0.7961506843566895,0.6807389259338379,-0.023081324994564056,0.7557324171066284,0.6105154752731323,-0.03555557504296303,0.7364671230316162,0.5396074056625366,-0.048945434391498566,0.7382514476776123,0.4807110130786896,-0.058868687599897385,0.7584484815597534,0.4976692795753479,4.901014835922979e-05,0.7402517795562744,0.4139360785484314,-0.031594596803188324,0.7395266890525818,0.4252222180366516,-0.05673763528466225,0.7451637387275696,0.4556099772453308,-0.06732113659381866,0.7959341406822205,0.4717872738838196,-0.001855588285252452,0.7882614135742188,0.368461936712265,-0.01093215961009264,0.7858917713165283,0.3117198944091797,-0.01984984241425991,0.7852029204368591,0.2657082676887512,-0.025831453502178192,0.8349545001983643,0.4747002422809601,-0.011519533582031727,0.8434728384017944,0.38706931471824646,-0.022984182462096214,0.8479769825935364,0.3318644165992737,-0.029179608449339867,0.8496089577674866,0.28396841883659363,-0.03278295695781708,0.8727508783340454,0.4982425570487976,-0.024595526978373528,0.8903936743736267,0.43534573912620544,-0.03437076508998871,0.9036352038383484,0.3937526345252991,-0.03409009799361229,0.9146441221237183,0.35463935136795044,-0.03227362036705017
0.8535751700401306,0.757415235042572,2.6177744416600035e-07,0.8019539713859558,0.7333208918571472,-0.026040948927402496,0.7591956853866577,0.6702694296836853,-0.04227836802601814,0.7420551776885986,0.6053767204284668,-0.058795951306819916,0.7544670104980469,0.5497547388076782,-0.07234925031661987,0.7675331830978394,0.5508716106414795,-0.011202563531696796,0.7514002323150635,0.46499377489089966,-0.045370914041996,0.7516943216323853,0.48429182171821594,-0.0726844072341919,0.7560365796089172,0.5196876525878906,-0.08580310642719269,0.808472752571106,0.5269081592559814,-0.01391233317553997,0.8095474243164062,0.41886627674102783,-0.028848525136709213,0.8131954669952393,0.35986024141311646,-0.04431810602545738,0.8172335028648376,0.3109627962112427,-0.05600166693329811,0.8480119109153748,0.5307541489601135,-0.02370486967265606,0.8610183596611023,0.43878668546676636,-0.0415705107152462,0.8704567551612854,0.3814682364463806,-0.05669299140572548,0.8763448596000671,0.33023789525032043,-0.06715647876262665,0.8853676319122314,0.5557436943054199,-0.0362885408103466,0.9090160727500916,0.4920087158679962,-0.05166056752204895,0.9283882975578308,0.4499645233154297,-0.05736337974667549,0.9444419741630554,0.41109296679496765,-0.060743365436792374
0.8421240448951721,0.7968963384628296,2.7805478453046817e-07,0.7925703525543213,0.7769968509674072,-0.028349488973617554,0.7517140507698059,0.7193899154663086,-0.04656482860445976,0.7354126572608948,0.6604174971580505,-0.06431397795677185,0.7434960007667542,0.6069265604019165,-0.07885535806417465,0.7573116421699524,0.6018673181533813,-0.016739709302783012,0.7389713525772095,0.5179765820503235,-0.0529446005821228,0.7410215735435486,0.5426208972930908,-0.08108080178499222,0.7475206851959229,0.5827880501747131,-0.09409986436367035,0.7986494302749634,0.5787124633789062,-0.018107028678059578,0.8013585209846497,0.47401338815689087,-0.034603796899318695,0.8073852062225342,0.4176520109176636,-0.05084318295121193,0.8127923011779785,0.36743593215942383,-0.0629323273897171,0.8368479013442993,0.5826815366744995,-0.02651740424335003,0.8514013290405273,0.49174848198890686,-0.044734708964824677,0.861565113067627,0.43536531925201416,-0.06006031483411789,0.8675874471664429,0.383122980594635,-0.0705064982175827,0.8722255229949951,0.6068592667579651,-0.03777088224887848,0.8940179347991943,0.543463945388794,-0.05202824994921684,0.9115015268325806,0.5013830661773682,-0.05724015831947327,0.9254745244979858,0.461034893989563,-0.060398075729608536
0.8133648633956909,0.7825450301170349,2.812846560118487e-07,0.7664539217948914,0.7664434909820557,-0.03012244962155819,0.7228250503540039,0.7130187153816223,-0.04947839304804802,0.7014396786689758,0.6547831892967224,-0.06755487620830536,0.7141748666763306,0.6010859608650208,-0.08227849751710892,0.7270576357841492,0.5965425968170166,-0.0204306673258543,0.7080592513084412,0.5156508088111877,-0.055591877549886703,0.7103803157806396,0.5410892367362976,-0.08203120529651642,0.7188100814819336,0.5825173854827881,-0.09423507004976273,0.767028272151947,0.5720170736312866,-0.020350774750113487,0.765934407711029,0.47180551290512085,-0.0373116098344326,0.7705460786819458,0.41651445627212524,-0.053143687546253204,0.7760909795761108,0.368458092212677,-0.06496341526508331,0.8051273822784424,0.575200617313385,-0.02700193226337433,0.8177898526191711,0.4867142140865326,-0.04583626240491867,0.8266311883926392,0.43125513195991516,-0.06096393242478371,0.8316928148269653,0.37973880767822266,-0.07127073407173157,0.8404045701026917,0.5987852215766907,-0.0363566018640995,0.8604739904403687,0.5372241139411926,-0.05154560133814812,0.8765009045600891,0.49661603569984436,-0.0572996623814106,0.8891102075576782,0.45689356327056885,-0.060781046748161316
0.7963405847549438,0.7705364227294922,3.186507910868386e-07,0.7474456429481506,0.7542893290519714,-0.028462491929531097,0.7031277418136597,0.7016407251358032,-0.046777158975601196,0.683300256729126,0.6408110857009888,-0.06379992514848709,0.690330982208252,0.5810220241546631,-0.07772988080978394,0.7064588069915771,0.5901162028312683,-0.018595851957798004,0.687917947769165,0.5097347497940063,-0.051208026707172394,0.6869942545890808,0.522578775882721,-0.07578326016664505,0.692358672618866,0.5569990277290344,-0.08732732385396957,0.7457281947135925,0.5637677907943726,-0.019120030105113983,0.7426934838294983,0.46259546279907227,-0.035349633544683456,0.7460858225822449,0.4058470129966736,-0.0507395975291729,0.7514567971229553,0.3596978783607483,-0.06232014670968056,0.7835284471511841,0.5653035640716553,-0.025976287201046944,0.7955703735351562,0.477042019367218,-0.04419529810547829,0.8043185472488403,0.4210152328014374,-0.0583486333489418,0.8095985651016235,0.3708249628543854,-0.06826415657997131,0.8189647793769836,0.5870734453201294,-0.03540821745991707,0.8382931351661682,0.5254251956939697,-0.05104440450668335,0.8541251420974731,0.484072744846344,-0.05675504729151726,0.8662880659103394,0.4450514316558838,-0.06026357784867287
0.7464995384216309,0.7829579710960388,2.749164025317441e-07,0.6935541033744812,0.764603853225708,-0.0191426333039999,0.646496593952179,0.7094460725784302,-0.031568221747875214,0.6295290589332581,0.6506091952323914,-0.04422531649470329,0.6372758746147156,0.5999323129653931,-0.054673075675964355,0.6598950624465942,0.6006123423576355,-0.011149262078106403,0.6430937051773071,0.518957793712616,-0.03834765776991844,0.636955738067627,0.5289543271064758,-0.059806909412145615,0.6363105177879333,0.560261607170105,-0.06997393816709518,0.6973176002502441,0.5790448784828186,-0.015276947990059853,0.6969188451766968,0.47566357254981995,-0.028012484312057495,0.7001266479492188,0.4185786843299866,-0.04097803682088852,0.7057786583900452,0.3738940358161926,-0.05098147317767143,0.7335453033447266,0.5828732252120972,-0.02468201331794262,0.74870365858078,0.49321651458740234,-0.04010993242263794,0.7601904273033142,0.43686962127685547,-0.05265425890684128,0.7687697410583496,0.3886156678199768,-0.061519600450992584,0.7670646905899048,0.6057572364807129,-0.036008063703775406,0.7879841327667236,0.5419608354568481,-0.04942425340414047,0.804558277130127,0.4995887875556946,-0.05335010960698128,0.8181185722351074,0.46193933486938477,-0.05577440932393074
0.6539056301116943,0.8389182686805725,2.622990109557577e-07,0.6022005081176758,0.8268864750862122,-0.01992267183959484,0.5601496696472168,0.7932374477386475,-0.03529837355017662,0.5401458740234375,0.7560856342315674,-0.05114375054836273,0.5356367230415344,0.7175480127334595,-0.06479401141405106,0.5672452449798584,0.6700856685638428,-0.014385455287992954,0.547443687915802,0.6029803156852722,-0.04186222702264786,0.540641725063324,0.6313872337341309,-0.06494747847318649,0.5404882431030273,0.6677103042602539,-0.07690475136041641,0.6014114618301392,0.6449518799781799,-0.018874388188123703,0.5972433090209961,0.552005410194397,-0.03163016587495804,0.5969117879867554,0.5000019073486328,-0.04530368372797966,0.5995742082595825,0.452853262424469,-0.0565042570233345,0.636741578578949,0.645892858505249,-0.028486233204603195,0.6478704810142517,0.5583252906799316,-0.043592482805252075,0.657879650592804,0.5072410106658936,-0.05669521912932396,0.6654976606369019,0.4621981978416443,-0.06633751094341278,0.6714380979537964,0.6672281622886658,-0.04007622227072716,0.6905792951583862,0.6044296622276306,-0.053112901747226715,0.7058766484260559,0.5647180080413818,-0.0567738302052021,0.7183883190155029,0.5286014080047607,-0.059084706008434296
0.5721916556358337,0.8469167947769165,3.0616629942414875e-07,0.5194776654243469,0.8320156931877136,-0.014610309153795242,0.47430145740509033,0.7948743104934692,-0.026248155161738396,0.4458884298801422,0.7588646411895752,-0.038709644228219986,0.44390836358070374,0.7162951827049255,-0.05036182329058647,0.4788151681423187,0.6955863237380981,-0.008707435801625252,0.45573973655700684,0.638797402381897,-0.03412977606058121,0.44434642791748047,0.6349566578865051,-0.05457811802625656,0.4413125813007355,0.6472781300544739,-0.06529421359300613,0.509832501411438,0.6675106883049011,-0.015119574032723904,0.4998477101325989,0.5762896537780762,-0.03045278787612915,0.49776795506477356,0.5210940837860107,-0.043901313096284866,0.49944809079170227,0.4760534465312958,-0.05338870361447334,0.545031726360321,0.6629450917243958,-0.02586170844733715,0.5519369840621948,0.5742944478988647,-0.044486839324235916,0.5595873594284058,0.5202884674072266,-0.0575375035405159,0.5652570724487305,0.47557657957077026,-0.06566589325666428,0.5806448459625244,0.6785052418708801,-0.03770989552140236,0.5988550186157227,0.6166137456893921,-0.054691605269908905,0.6143361926078796,0.5759134888648987,-0.060007575899362564,0.6270840764045715,0.5403279662132263,-0.06239442527294159
0.4948465824127197,0.8752343654632568,2.959899916277209e-07,0.4427174925804138,0.8673393130302429,-0.013223645277321339,0.3941965699195862,0.8340141177177429,-0.02429908514022827,0.3586623966693878,0.8057002425193787,-0.036686383187770844,0.3494722247123718,0.7675679922103882,-0.048101700842380524,0.39611726999282837,0.7323909997940063,-0.006786549463868141,0.3651736378669739,0.6769988536834717,-0.03290385380387306,0.34898489713668823,0.6862917542457581,-0.05475561320781708,0.3454529941082001,0.7097556591033936,-0.06634313613176346,0.4208256006240845,0.707557737827301,-0.013484436087310314,0.40074121952056885,0.6207834482192993,-0.029829872772097588,0.39120203256607056,0.5650157928466797,-0.04443584755063057,0.3881770372390747,0.5180479288101196,-0.05452997609972954,0.45212069153785706,0.703276515007019,-0.024515345692634583,0.4507964849472046,0.6193020939826965,-0.043247342109680176,0.4521417021751404,0.5620218515396118,-0.057030096650123596,0.454268217086792,0.512390673160553,-0.06561213731765747,0.48548269271850586,0.7182570695877075,-0.03666452690958977,0.49985551834106445,0.6561253666877747,-0.053880348801612854,0.5120327472686768,0.6114240884780884,-0.05990345776081085,0.5227055549621582,0.569900631904602,-0.06286269426345825
0.45418494939804077,0.8788406252861023,2.1277517703310878e-07,0.4022212326526642,0.8727465867996216,-0.013055315241217613,0.35531124472618103,0.8363703489303589,-0.02312534675002098,0.32227927446365356,0.8048683404922485,-0.03476157784461975,0.30033934116363525,0.7668784260749817,-0.04458989202976227,0.3563346564769745,0.7315824627876282,-0.005900811869651079,0.32492178678512573,0.6726517677307129,-0.03309577330946922,0.3072168529033661,0.6925275325775146,-0.054969534277915955,0.30376145243644714,0.7252353429794312,-0.06568676978349686,0.37956976890563965,0.7073805928230286,-0.012187104672193527,0.35801371932029724,0.6254285573959351,-0.026977291330695152,0.3473168611526489,0.5722485780715942,-0.03881273418664932,0.34383395314216614,0.5262297987937927,-0.04681745916604996,0.40842458605766296,0.7046957612037659,-0.02327737770974636,0.4066959023475647,0.6253761649131775,-0.03966608643531799,0.4091937243938446,0.5673655271530151,-0.04920170456171036,0.41164448857307434,0.5160514712333679,-0.05468594655394554,0.43918102979660034,0.7197597026824951,-0.036006368696689606,0.45011547207832336,0.6596208810806274,-0.05166070535778999,0.46062374114990234,0.6148946285247803,-0.05554620921611786,0.47028064727783203,0.5725935697555542,-0.05648835003376007
0.47684040665626526,0.9055058360099792,1.870927519576071e-07,0.4233766794204712,0.8961566686630249,-0.011565804481506348,0.375973641872406,0.8620364665985107,-0.020869892090559006,0.3434906601905823,0.8301171064376831,-0.03225838392972946,0.3255680799484253,0.792834460735321,-0.04162827879190445,0.3725055456161499,0.7556817531585693,-0.0010336196282878518,0.3404857814311981,0.6994237899780273,-0.02794129215180874,0.32402944564819336,0.7154245972633362,-0.050766658037900925,0.32075035572052,0.7432234287261963,-0.06224869191646576,0.39644941687583923,0.7309505343437195,-0.00823267549276352,0.37469562888145447,0.6467913389205933,-0.02186945267021656,0.36453837156295776,0.5924904346466064,-0.033519916236400604,0.36151328682899475,0.5467891097068787,-0.04123709723353386,0.4280678331851959,0.7274003028869629,-0.020483016967773438,0.42656978964805603,0.644415020942688,-0.036633968353271484,0.427146315574646,0.5880658626556396,-0.0465521439909935,0.42825406789779663,0.5388612151145935,-0.0519653744995594,0.46246713399887085,0.7441123723983765,-0.03427315503358841,0.47553157806396484,0.6816730499267578,-0.04982731491327286,0.48449984192848206,0.6367631554603577,-0.053556423634290695,0.49312877655029297,0.5943151116371155,-0.05404462665319443
0.605847179889679,0.9867647886276245,1.5601811753640504e-07,0.5583775639533997,0.9689505696296692,-0.01914980635046959,0.5161398649215698,0.930483341217041,-0.036222584545612335,0.4895551800727844,0.89938884973526,-0.054775141179561615,0.4899238348007202,0.8670893311500549,-0.07243397831916809,0.5199914574623108,0.8213084936141968,-0.018581995740532875,0.4886930584907532,0.7620899081230164,-0.055616237223148346,0.4820740818977356,0.7866671681404114,-0.08518852293491364,0.48687946796417236,0.8178947567939758,-0.1004195511341095,0.5488055944442749,0.8013058304786682,-0.025860099121928215,0.5357218980789185,0.7124528288841248,-0.04688304662704468,0.5325432419776917,0.6567844152450562,-0.06387634575366974,0.5352389812469482,0.6068505048751831,-0.07570792734622955,0.5841856002807617,0.8041385412216187,-0.03854307159781456,0.5879387855529785,0.7151765823364258,-0.06001260131597519,0.5908026695251465,0.6562228202819824,-0.07418355345726013,0.5929306745529175,0.6025637984275818,-0.08282552659511566,0.6215109825134277,0.8259336352348328,-0.053199317306280136,0.6352945566177368,0.7572689056396484,-0.07049152255058289,0.6451312303543091,0.710233211517334,-0.07516226917505264,0.6533714532852173,0.6659553050994873,-0.07708241045475006
0.7274380922317505,1.0037733316421509,2.6604621439219045e-07,0.6878311038017273,0.9911351203918457,-0.029666708782315254,0.650142252445221,0.958862841129303,-0.052531007677316666,0.6297882199287415,0.9277863502502441,-0.0737091526389122,0.6313738822937012,0.8955162167549133,-0.0927107036113739,0.6528813242912292,0.847276508808136,-0.03605940565466881,0.6334085464477539,0.7719428539276123,-0.07152825593948364,0.6328990459442139,0.8044922351837158,-0.09670776128768921,0.6369664072990417,0.8448688983917236,-0.10810856521129608,0.6944851875305176,0.830043375492096,-0.036749180406332016,0.6950446367263794,0.7397660613059998,-0.057484064251184464,0.7040676474571228,0.6898823976516724,-0.07390238344669342,0.7119436860084534,0.6433526277542114,-0.08548074215650558,0.7318587899208069,0.8353553414344788,-0.042567603290081024,0.7478798627853394,0.7523615956306458,-0.06450536102056503,0.760828971862793,0.700310468673706,-0.07995598018169403,0.7694392204284668,0.6500029563903809,-0.08929409086704254,0.7654338479042053,0.8556323051452637,-0.050340309739112854,0.7866531014442444,0.7937318682670593,-0.06733052432537079,0.8030047416687012,0.7525489926338196,-0.0731111541390419,0.8158208131790161,0.7124440670013428,-0.0759473368525505
0.7901229858398438,0.9426341652870178,2.479285114986851e-07,0.7433925271034241,0.9260503649711609,-0.02101614698767662,0.7036679983139038,0.8836795091629028,-0.0394492968916893,0.6874891519546509,0.8406795859336853,-0.057721905410289764,0.706016480922699,0.8077449798583984,-0.07420971244573593,0.7182475924491882,0.7788992524147034,-0.023470303043723106,0.6977348327636719,0.7052584290504456,-0.056748442351818085,0.6945763230323792,0.7347329258918762,-0.08170238882303238,0.7002883553504944,0.7737763524055481,-0.09297937899827957,0.7552962899208069,0.7620285153388977,-0.027148641645908356,0.7585489153862,0.6701237559318542,-0.04506411403417587,0.7677007913589478,0.6216702461242676,-0.05943036824464798,0.7774358987808228,0.5762556791305542,-0.06935837119817734,0.7902235984802246,0.7674310207366943,-0.03552871197462082,0.8034055233001709,0.684050440788269,-0.051485419273376465,0.814141035079956,0.6308239698410034,-0.06289435178041458,0.8225073218345642,0.5801652669906616,-0.07006598263978958,0.8215973973274231,0.7873728275299072,-0.045794278383255005,0.8299209475517273,0.7224040031433105,-0.05508093535900116,0.8362579941749573,0.6797986030578613,-0.05620278790593147,0.841995358467102,0.6392835378646851,-0.056659139692783356
0.8296895027160645,0.8039894104003906,2.3883526978352165e-07,0.7823216915130615,0.7955940961837769,-0.019752725958824158,0.7367093563079834,0.758787214756012,-0.03568315505981445,0.7125864624977112,0.7131887674331665,-0.051876723766326904,0.715943455696106,0.6651742458343506,-0.0660424530506134,0.7284387946128845,0.6569328308105469,-0.015012704767286777,0.6975560784339905,0.5898534059524536,-0.04620984196662903,0.7006239295005798,0.6072890758514404,-0.07013273984193802,0.7122769355773926,0.637150764465332,-0.08117040991783142,0.760320246219635,0.6276682615280151,-0.019138483330607414,0.7448621988296509,0.5366732478141785,-0.033944789320230484,0.74350905418396,0.48630860447883606,-0.04711572453379631,0.743937075138092,0.442060261964798,-0.05690275505185127,0.7944963574409485,0.6232606172561646,-0.02861184813082218,0.7945249080657959,0.5348685383796692,-0.044006869196891785,0.7976078987121582,0.48084962368011475,-0.05466427281498909,0.7978646755218506,0.43057844042778015,-0.061950188130140305,0.8282949328422546,0.6369662880897522,-0.04002829268574715,0.8315238952636719,0.5722429752349854,-0.05125172436237335,0.8354678750038147,0.5287383198738098,-0.0535045824944973,0.8374820947647095,0.48760318756103516,-0.05483272299170494
0.8532533645629883,0.6915781497955322,2.9828339620507904e-07,0.8043463230133057,0.6855130195617676,-0.020238427445292473,0.7562637329101562,0.6512160301208496,-0.03497948870062828,0.7301067113876343,0.6032493114471436,-0.0496743768453598,0.7309235334396362,0.5503790378570557,-0.06231951341032982,0.7375795841217041,0.5563949942588806,-0.012992197647690773,0.7045111060142517,0.4912567138671875,-0.04255349934101105,0.7066657543182373,0.49652189016342163,-0.06499817222356796,0.7182466983795166,0.5187353491783142,-0.0749504491686821,0.7681270241737366,0.5220353007316589,-0.016156112775206566,0.7477328777313232,0.430702269077301,-0.02890625037252903,0.740531861782074,0.37791842222213745,-0.040228769183158875,0.7351751923561096,0.33355340361595154,-0.04834916442632675,0.802898645401001,0.5107036232948303,-0.024783648550510406,0.7974362969398499,0.4240034222602844,-0.03904023393988609,0.7940195798873901,0.3698618412017822,-0.04817444086074829,0.7877491116523743,0.3219805359840393,-0.05399021878838539,0.8390212059020996,0.5166375041007996,-0.03553950414061546,0.8395860195159912,0.45112672448158264,-0.04687071591615677,0.8413623571395874,0.4074198007583618,-0.04816591739654541,0.841016411781311,0.3673030138015747,-0.048128049820661545
0.8686442971229553,0.6175179481506348,3.110898489921965e-07,0.8195860981941223,0.6040297150611877,-0.023481572046875954,0.7734271287918091,0.5607492923736572,-0.03971906378865242,0.7466527223587036,0.5078515410423279,-0.055915266275405884,0.7501678466796875,0.4502776861190796,-0.0698840320110321,0.7567652463912964,0.4646347463130951,-0.008165574632585049,0.72760009765625,0.40122857689857483,-0.04082862660288811,0.726448655128479,0.40488553047180176,-0.06773190200328827,0.7341090440750122,0.42554834485054016,-0.08059222996234894,0.788295328617096,0.4308547377586365,-0.01024009007960558,0.7720316052436829,0.3373304605484009,-0.02476479299366474,0.7657532691955566,0.281831830739975,-0.03922897204756737,0.760688066482544,0.23451189696788788,-0.0496114157140255,0.8236542344093323,0.42145609855651855,-0.018895698711276054,0.8192558288574219,0.33550381660461426,-0.03414054214954376,0.8164448738098145,0.28045493364334106,-0.0449756383895874,0.8109894394874573,0.23216933012008667,-0.051898714154958725,0.8604559898376465,0.4300011694431305,-0.030218245461583138,0.8588160872459412,0.36422812938690186,-0.04043322801589966,0.8590400815010071,0.3210539221763611,-0.04174520820379257,0.8571044206619263,0.2812313735485077,-0.0421614907681942
0.8695862293243408,0.5647286176681519,3.31237743012025e-07,0.8212939500808716,0.5483949184417725,-0.0243216659873724,0.7763171792030334,0.4974777102470398,-0.04061414301395416,0.7518426179885864,0.43699145317077637,-0.056776925921440125,0.758556067943573,0.3764123320579529,-0.07068948447704315,0.7673059701919556,0.40277621150016785,-0.007364586461335421,0.7395921945571899,0.33650121092796326,-0.04000374302268028,0.7362347841262817,0.34403541684150696,-0.06731002777814865,0.7429681420326233,0.36821413040161133,-0.08034174144268036,0.799647331237793,0.3720177114009857,-0.008880655281245708,0.7897335886955261,0.2737651467323303,-0.022116947919130325,0.7866836190223694,0.21586664021015167,-0.03667784109711647,0.7848173379898071,0.1650087535381317,-0.04751913994550705,0.8345695734024048,0.36661505699157715,-0.017196299508213997,0.8366992473602295,0.27829092741012573,-0.03143696486949921,0.8365184664726257,0.2217719554901123,-0.04287683963775635,0.8337972164154053,0.1720258593559265,-0.05054694414138794,0.8696978688240051,0.37863922119140625,-0.02826504223048687,0.8706550002098083,0.31184351444244385,-0.038387805223464966,0.871593177318573,0.26695284247398376,-0.04058132320642471,0.87020343542099,0.22485311329364777,-0.04180099815130234
0.8570576310157776,0.5159797668457031,2.9014773872404476e-07,0.8066672086715698,0.4960085451602936,-0.022707343101501465,0.7637540102005005,0.44026708602905273,-0.037911929190158844,0.7410390377044678,0.3780076205730438,-0.05382614582777023,0.7501087784767151,0.3196012079715729,-0.06715070456266403,0.7606542110443115,0.3420940637588501,-0.0011471457546576858,0.7361850738525391,0.27354511618614197,-0.03308894857764244,0.731878399848938,0.28151002526283264,-0.06014005467295647,0.736997127532959,0.30704039335250854,-0.07273861020803452,0.7934669256210327,0.31490251421928406,-0.0030079716816544533,0.7856332659721375,0.21897348761558533,-0.014324940741062164,0.7838510870933533,0.16343621909618378,-0.026489850133657455,0.7829702496528625,0.11476416885852814,-0.03542432561516762,0.8282909393310547,0.3110162019729614,-0.012156817130744457,0.8291241526603699,0.22644631564617157,-0.023924628272652626,0.8292121887207031,0.1731421947479248,-0.03130985423922539,0.8271346092224121,0.1264616847038269,-0.036036599427461624,0.8633316159248352,0.32322239875793457,-0.02451869659125805,0.8628541827201843,0.2570134997367859,-0.0322071872651577,0.8637682199478149,0.21378114819526672,-0.031733836978673935,0.8629684448242188,0.17316462099552155,-0.030842572450637817
0.8647038340568542,0.5171593427658081,2.435434396375058e-07,0.814920961856842,0.49228203296661377,-0.018090950325131416,0.7745370864868164,0.4320341646671295,-0.02953357808291912,0.7591747045516968,0.36785224080085754,-0.041962575167417526,0.7690160870552063,0.3126447796821594,-0.05262723192572594,0.7793133854866028,0.3334559202194214,0.00019847304793074727,0.7581548690795898,0.26511457562446594,-0.02630442939698696,0.7530031800270081,0.27196043729782104,-0.050102945417165756,0.7535865902900696,0.2914835214614868,-0.062242213636636734,0.8129311203956604,0.3084973096847534,-0.004131106659770012,0.8093886971473694,0.2124030590057373,-0.015106042847037315,0.8092074990272522,0.15675637125968933,-0.029700294137001038,0.8103271722793579,0.10674332082271576,-0.04112985357642174,0.8466229438781738,0.30793070793151855,-0.014383873902261257,0.8497662544250488,0.21998046338558197,-0.027364566922187805,0.8525394797325134,0.16665172576904297,-0.03986411169171333,0.8524685502052307,0.11770562827587128,-0.04882518947124481,0.8801336288452148,0.3230009973049164,-0.02681763656437397,0.8836621642112732,0.2561468183994293,-0.03641808032989502,0.8878771662712097,0.2125605046749115,-0.039188630878925323,0.8898518085479736,0.1705397218465805,-0.04142177850008011
0.7594239711761475,0.4946322739124298,3.2631967883389734e-07,0.7050340175628662,0.47680702805519104,-0.01768043451011181,0.658675491809845,0.4238888621330261,-0.028272368013858795,0.638394296169281,0.36076322197914124,-0.03968827798962593,0.6459704637527466,0.30530035495758057,-0.04955502226948738,0.6568480134010315,0.3285887539386749,0.0024840489495545626,0.631956160068512,0.2686397135257721,-0.019638068974018097,0.6259565353393555,0.265311062335968,-0.040311548858881,0.6262292861938477,0.27246400713920593,-0.05140995234251022,0.6887433528900146,0.29763394594192505,-0.0017101264093071222,0.6781696677207947,0.2028331756591797,-0.011808758601546288,0.6737324595451355,0.1459713578224182,-0.025904912501573563,0.670462429523468,0.09472787380218506,-0.036826442927122116,0.7228510975837708,0.2903894782066345,-0.011421539820730686,0.7200984954833984,0.2030160129070282,-0.024089468643069267,0.7190266847610474,0.14852063357830048,-0.037218984216451645,0.7160035371780396,0.1008896678686142,-0.04627901688218117,0.7576773166656494,0.2986161410808563,-0.023132650181651115,0.755368709564209,0.23185595870018005,-0.03188475966453552,0.7546773552894592,0.1882781833410263,-0.035086438059806824,0.7523367404937744,0.1484737992286682,-0.03768288716673851
0.7211204767227173,0.5101398825645447,3.074500227739918e-07,0.6650627851486206,0.49754607677459717,-0.022494139149785042,0.6145975589752197,0.44183212518692017,-0.03565308824181557,0.5894699692726135,0.37868571281433105,-0.04874373972415924,0.5957931876182556,0.31675639748573303,-0.05954214558005333,0.6161972284317017,0.3421685993671417,-0.00252282596193254,0.5903368592262268,0.2767549753189087,-0.03150283917784691,0.5825034976005554,0.27907794713974,-0.056351277977228165,0.5830016136169434,0.29684144258499146,-0.06895100325345993,0.647946834564209,0.3107067048549652,-0.005051704589277506,0.6362573504447937,0.21324509382247925,-0.019443806260824203,0.633333146572113,0.15371999144554138,-0.03435153886675835,0.6323742866516113,0.10206237435340881,-0.04518153890967369,0.6822835206985474,0.3045550584793091,-0.014238058589398861,0.6816616058349609,0.21859291195869446,-0.030156031250953674,0.6829858422279358,0.1600417047739029,-0.04195612296462059,0.681800127029419,0.10811160504817963,-0.049429718405008316,0.716346025466919,0.3155079782009125,-0.026030730456113815,0.7139009237289429,0.2473195493221283,-0.03664813190698624,0.7148884534835815,0.2016071081161499,-0.03892894461750984,0.713860034942627,0.15907885134220123,-0.040437038987874985
0.6700747609138489,0.515697717666626,3.187556956163462e-07,0.6137123703956604,0.5005052089691162,-0.018089205026626587,0.5632306933403015,0.45095133781433105,-0.02933366969227791,0.5371054410934448,0.39282843470573425,-0.04112418740987778,0.5417729020118713,0.33764898777008057,-0.05112827941775322,0.5673176050186157,0.35262933373451233,-0.00038476791814900935,0.5420904755592346,0.2903587818145752,-0.025235436856746674,0.5344768762588501,0.28731217980384827,-0.046869780868291855,0.5348437428474426,0.29939523339271545,-0.057920295745134354,0.5987489819526672,0.3220200538635254,-0.004167248960584402,0.5865537524223328,0.22655849158763885,-0.01793135330080986,0.5834066271781921,0.16912102699279785,-0.0320768766105175,0.5822430849075317,0.11960895359516144,-0.04212486371397972,0.6326035261154175,0.31476378440856934,-0.013546003960072994,0.6312263607978821,0.22825445234775543,-0.028989624232053757,0.6338247060775757,0.17112997174263,-0.04041013866662979,0.6345211863517761,0.12227807939052582,-0.04718776047229767,0.6660254001617432,0.32401856780052185,-0.024914495646953583,0.6641047596931458,0.25388720631599426,-0.0346357561647892,0.6651650071144104,0.20771008729934692,-0.036376114934682846,0.6648232936859131,0.16599643230438232,-0.037316180765628815
0.6823564171791077,0.533707857131958,2.818386803937756e-07,0.6298789978027344,0.518917441368103,-0.017784828320145607,0.5814748406410217,0.4715147018432617,-0.029121793806552887,0.5561587810516357,0.41790634393692017,-0.04135501757264137,0.5601034760475159,0.3642548620700836,-0.052364151924848557,0.5813823342323303,0.37407809495925903,-0.0011710899416357279,0.5571187734603882,0.31613948941230774,-0.026173317804932594,0.5487740635871887,0.31087496876716614,-0.048176392912864685,0.547896146774292,0.31619298458099365,-0.06020185351371765,0.6106464266777039,0.3436027765274048,-0.006770690903067589,0.5978115797042847,0.24879670143127441,-0.020914888009428978,0.593641996383667,0.18978075683116913,-0.03524020314216614,0.5932531356811523,0.1388169825077057,-0.0454711988568306,0.6440559029579163,0.3373865783214569,-0.017974579706788063,0.644633412361145,0.25057393312454224,-0.03450489416718483,0.6464108824729919,0.19345109164714813,-0.04647420346736908,0.6470747590065002,0.1432654708623886,-0.05375116690993309,0.6778573393821716,0.34883102774620056,-0.031208952888846397,0.6776882410049438,0.28188979625701904,-0.04282080754637718,0.6787412166595459,0.23711897432804108,-0.04522234573960304,0.6782997250556946,0.19685599207878113,-0.04667387530207634
0.8041306138038635,0.533652126789093,2.9181140348555346e-07,0.7525909543037415,0.5136635899543762,-0.01528305746614933,0.7119442224502563,0.4583052098751068,-0.02587077207863331,0.6962319016456604,0.3990437686443329,-0.03771049901843071,0.701728343963623,0.3460201919078827,-0.048129212111234665,0.7176863551139832,0.3581242263317108,0.0006553384009748697,0.6932795643806458,0.2971086800098419,-0.02285969816148281,0.6830748319625854,0.2896301746368408,-0.04388998821377754,0.6799378991127014,0.29430556297302246,-0.05505572631955147,0.7496578097343445,0.3307873010635376,-0.00559646263718605,0.7451381087303162,0.2337356060743332,-0.018385279923677444,0.7465823292732239,0.17330719530582428,-0.031085791066288948,0.749516487121582,0.12031581997871399,-0.03996073827147484,0.783226490020752,0.3279441297054291,-0.01718885824084282,0.7890180945396423,0.23859213292598724,-0.031145021319389343,0.7929869294166565,0.1815241575241089,-0.040714312344789505,0.794405460357666,0.13054534792900085,-0.04651958867907524,0.8163589239120483,0.34313130378723145,-0.030837243422865868,0.8208078742027283,0.2735412120819092,-0.04000118747353554,0.8247681856155396,0.22682060301303864,-0.04080798849463463,0.8270650506019592,0.1851593554019928,-0.04110122099518776
0.8707539439201355,0.6523944735527039,2.650362773692905e-07,0.8252938985824585,0.634838879108429,-0.023831317201256752,0.7846944332122803,0.5853644013404846,-0.04126320034265518,0.7704049944877625,0.5291038155555725,-0.05877700820565224,0.7797301411628723,0.47816210985183716,-0.07428216189146042,0.7840399742126465,0.47823193669319153,-0.015929391607642174,0.7641130089759827,0.40660980343818665,-0.04928382858633995,0.760748565196991,0.4152781665325165,-0.07609371095895767,0.7630517482757568,0.44105497002601624,-0.08924588561058044,0.8191973567008972,0.45240360498428345,-0.019081151112914085,0.8195888996124268,0.3503188490867615,-0.03528601676225662,0.8239665627479553,0.2936651110649109,-0.049681972712278366,0.8282647728919983,0.24506866931915283,-0.06001899763941765,0.853083074092865,0.45070233941078186,-0.028235437348484993,0.8576615452766418,0.360653817653656,-0.04414075240492821,0.8613315224647522,0.3053983449935913,-0.05533245950937271,0.8623841404914856,0.2564803957939148,-0.06272897124290466,0.8871154189109802,0.46721208095550537,-0.04010305553674698,0.8929693698883057,0.3990601897239685,-0.050604019314050674,0.8976911902427673,0.35449329018592834,-0.052177004516124725,0.9000933170318604,0.3135441243648529,-0.05294390022754669
0.8649105429649353,0.7130383253097534,2.842083404175355e-07,0.8200588822364807,0.6956870555877686,-0.025690624490380287,0.7805554270744324,0.6485238075256348,-0.04451824724674225,0.7649384140968323,0.596577525138855,-0.06293638050556183,0.773810088634491,0.5440289974212646,-0.078964002430439,0.7801638245582581,0.5401099920272827,-0.01770298182964325,0.7618484497070312,0.4662105441093445,-0.05197189003229141,0.7590848803520203,0.4801234304904938,-0.07921475172042847,0.7620993852615356,0.5107875466346741,-0.09213998913764954,0.8155734539031982,0.5161841511726379,-0.01981431245803833,0.8179125785827637,0.41695427894592285,-0.0353180430829525,0.8235678672790527,0.36171746253967285,-0.04934978112578392,0.829295814037323,0.31560423970222473,-0.0595548115670681,0.849494457244873,0.5161208510398865,-0.028241362422704697,0.8549253940582275,0.42841610312461853,-0.043078016489744186,0.8588305115699768,0.37414655089378357,-0.052890583872795105,0.8600543737411499,0.3254915475845337,-0.05949743092060089,0.8820704817771912,0.5329862236976624,-0.03958048298954964,0.8870817422866821,0.4669331908226013,-0.04957442358136177,0.8920171856880188,0.42338770627975464,-0.050470005720853806,0.8948463201522827,0.38335925340652466,-0.0505974143743515
0.8418334722518921,0.7689580321311951,2.5860688879220106e-07,0.7976760268211365,0.7575916647911072,-0.027094725519418716,0.7563760876655579,0.7176121473312378,-0.046992700546979904,0.7380516529083252,0.6709779500961304,-0.06567366421222687,0.7452969551086426,0.6197514533996582,-0.08159346133470535,0.7537837028503418,0.6125236749649048,-0.023868918418884277,0.7332859039306641,0.5382093191146851,-0.057973045855760574,0.7348193526268005,0.5649651288986206,-0.08391822874546051,0.7410373091697693,0.6019474864006042,-0.0960070937871933,0.7883501648902893,0.5890837907791138,-0.02438521943986416,0.7876221537590027,0.49409937858581543,-0.041012004017829895,0.7936260104179382,0.4433867335319519,-0.05538840591907501,0.7990847229957581,0.39778274297714233,-0.06602613627910614,0.8215553760528564,0.5880734324455261,-0.03070279210805893,0.8258559107780457,0.5035752058029175,-0.04645262658596039,0.829908013343811,0.45102494955062866,-0.05720242112874985,0.8307347297668457,0.40207549929618835,-0.06448879837989807,0.8533262014389038,0.6022274494171143,-0.039583779871463776,0.8561525344848633,0.5385262370109558,-0.04969681799411774,0.8604645729064941,0.4958515465259552,-0.05112389475107193,0.8631027936935425,0.4556587040424347,-0.051870472729206085
0.8235142827033997,0.7808540463447571,2.1123631199770898e-07,0.7836082577705383,0.7670230865478516,-0.021414004266262054,0.7534959316253662,0.7276719212532043,-0.0361831858754158,0.7452763319015503,0.6870465874671936,-0.05038216710090637,0.7322763800621033,0.6485893130302429,-0.06240101903676987,0.7406057715415955,0.632142961025238,-0.01504670362919569,0.7227590680122375,0.572275698184967,-0.043738268315792084,0.7273898720741272,0.5940228700637817,-0.06713337451219559,0.7356340885162354,0.6250365376472473,-0.07817777246236801,0.7704187631607056,0.6087371706962585,-0.017544208094477654,0.765886127948761,0.5253137350082397,-0.030134372413158417,0.7695070505142212,0.47800928354263306,-0.043812260031700134,0.7750267386436462,0.43518850207328796,-0.05452726408839226,0.8005000352859497,0.607322096824646,-0.025308676064014435,0.8002009987831116,0.530659556388855,-0.03722330927848816,0.802070677280426,0.4806247651576996,-0.047917477786540985,0.8028601408004761,0.43259769678115845,-0.056183021515607834,0.8301371932029724,0.6209859848022461,-0.035497818142175674,0.8278703689575195,0.562914252281189,-0.043538402765989304,0.8286654353141785,0.5228016376495361,-0.0451195165514946,0.8287029266357422,0.48448696732521057,-0.04656720906496048
0.8257561922073364,0.7759407758712769,2.0318437066180195e-07,0.7852491140365601,0.763350248336792,-0.02135458029806614,0.7543308138847351,0.7216282486915588,-0.035949744284152985,0.7448211908340454,0.6801156997680664,-0.05019890516996384,0.7303492426872253,0.6430200338363647,-0.062264129519462585,0.7413604855537415,0.6281875371932983,-0.013901970349252224,0.720287561416626,0.5691776275634766,-0.04402848333120346,0.726010799407959,0.595161497592926,-0.06862059980630875,0.7358070015907288,0.6294071078300476,-0.07991445064544678,0.7713477611541748,0.604162335395813,-0.01643805392086506,0.7655670046806335,0.5200063586235046,-0.02936900407075882,0.768646776676178,0.4721371531486511,-0.043575532734394073,0.7730869650840759,0.4281708002090454,-0.05440578609704971,0.8014031052589417,0.6022006273269653,-0.024410318583250046,0.79856276512146,0.5254542827606201,-0.036594897508621216,0.7987600564956665,0.4759419560432434,-0.04739066958427429,0.797626793384552,0.42773371934890747,-0.055395372211933136,0.8307754993438721,0.6153094172477722,-0.03481702506542206,0.8266100287437439,0.5572131872177124,-0.04252989962697029,0.8268475532531738,0.517204999923706,-0.04357403516769409,0.8262549042701721,0.4791034758090973,-0.04444591701030731
0.8280175924301147,0.7741388082504272,2.1660369498022192e-07,0.7875860333442688,0.7616124749183655,-0.022119425237178802,0.755947470664978,0.7199109792709351,-0.03722350299358368,0.7451351284980774,0.6780005097389221,-0.05181792378425598,0.7319726347923279,0.6386048197746277,-0.06426770240068436,0.7440233826637268,0.625358521938324,-0.015890510752797127,0.7226403951644897,0.5654385685920715,-0.046142786741256714,0.7269747853279114,0.5894100069999695,-0.07035092264413834,0.7357200384140015,0.6223596930503845,-0.08145426213741302,0.7745112180709839,0.6011349558830261,-0.018186278641223907,0.7690694332122803,0.5151480436325073,-0.03183479234576225,0.7730194330215454,0.46646377444267273,-0.045970723032951355,0.7783801555633545,0.42203962802886963,-0.0566825270652771,0.8049384355545044,0.5992881655693054,-0.025860683992505074,0.8032225370407104,0.5209720730781555,-0.03864322975277901,0.8051695823669434,0.4702170491218567,-0.04965648055076599,0.8057107329368591,0.42125093936920166,-0.057726070284843445,0.8344206213951111,0.6129689812660217,-0.03597484901547432,0.8307538032531738,0.5529773831367493,-0.04411952570080757,0.832065224647522,0.5118330121040344,-0.04554631561040878,0.8328288793563843,0.47317469120025635,-0.04668888449668884
0.8340311050415039,0.7593966722488403,1.3816026012136717e-07,0.7917437553405762,0.7484471797943115,-0.024522831663489342,0.7534933686256409,0.7140634059906006,-0.04107382521033287,0.727201521396637,0.6761912107467651,-0.05726981163024902,0.7266113758087158,0.6290423274040222,-0.07046710699796677,0.7527509331703186,0.6115772128105164,-0.011128959245979786,0.7297380566596985,0.5565868020057678,-0.04333893954753876,0.7308048605918884,0.5774760842323303,-0.06840632110834122,0.7381874918937683,0.6059917211532593,-0.08037049323320389,0.782295823097229,0.5834842920303345,-0.012148024514317513,0.7602729797363281,0.5072316527366638,-0.02739323489367962,0.7490416765213013,0.4616358280181885,-0.04093179479241371,0.7381457686424255,0.41801661252975464,-0.050505250692367554,0.8161380887031555,0.5791603326797485,-0.019593680277466774,0.8184767365455627,0.5058237314224243,-0.03621087223291397,0.8228878378868103,0.4569305181503296,-0.0474851131439209,0.8229289054870605,0.412321537733078,-0.0542539618909359,0.8491060733795166,0.5958142280578613,-0.029507720842957497,0.8602219223976135,0.5437191128730774,-0.04182123392820358,0.8691414594650269,0.5089534521102905,-0.044706083834171295,0.8752937316894531,0.4758753180503845,-0.0456908643245697
0.8355948328971863,0.7591350674629211,1.6353619969322608e-07,0.792855441570282,0.7492402791976929,-0.02539880946278572,0.7526049613952637,0.7162919640541077,-0.04263908416032791,0.7244173288345337,0.6799846887588501,-0.059535060077905655,0.7270411252975464,0.6340546607971191,-0.073562391102314,0.7521699070930481,0.612514317035675,-0.012696634978055954,0.7270544171333313,0.5576274394989014,-0.04578607901930809,0.7294756174087524,0.5797889232635498,-0.0714728832244873,0.7391912937164307,0.6088833212852478,-0.08385239541530609,0.7821949124336243,0.5842468738555908,-0.01345409732311964,0.7614533305168152,0.5067957639694214,-0.030140280723571777,0.7521461844444275,0.46071749925613403,-0.045384481549263,0.7435495853424072,0.4154495596885681,-0.05621702969074249,0.8165082335472107,0.5798012614250183,-0.020603321492671967,0.8213508725166321,0.5037970542907715,-0.03998027369379997,0.829227864742279,0.45410725474357605,-0.05418568477034569,0.8326023817062378,0.4080294370651245,-0.06258469074964523,0.8499698638916016,0.5964198112487793,-0.029963387176394463,0.8649643063545227,0.5428066849708557,-0.04507613554596901,0.8777776956558228,0.5077956914901733,-0.05018186569213867,0.8875008821487427,0.4740474820137024,-0.05251293629407883
0.8323448300361633,0.7574342489242554,1.6681869396961702e-07,0.7906051278114319,0.7495481371879578,-0.024779953062534332,0.7501914501190186,0.7158475518226624,-0.04212290793657303,0.720886766910553,0.6810435056686401,-0.059395868331193924,0.7238127589225769,0.6365225315093994,-0.07369032502174377,0.7492079734802246,0.61198490858078,-0.014130608178675175,0.7226975560188293,0.5569159984588623,-0.04804214462637901,0.7268134951591492,0.579197347164154,-0.07304058969020844,0.738930881023407,0.6093688607215881,-0.08440764993429184,0.7786926031112671,0.5834385752677917,-0.015160826034843922,0.7566100358963013,0.5061390399932861,-0.03315869718790054,0.7463701367378235,0.45948389172554016,-0.04822734743356705,0.7366489768028259,0.41337573528289795,-0.05826050415635109,0.8132018446922302,0.5785191655158997,-0.02239513210952282,0.8210082054138184,0.5006099939346313,-0.043561916798353195,0.8310065865516663,0.4524820148944855,-0.05821768939495087,0.83636075258255,0.40850627422332764,-0.0662543997168541,0.8469516038894653,0.5956825017929077,-0.03165791183710098,0.8687572479248047,0.5429249405860901,-0.049683861434459686,0.8857964873313904,0.5087470412254333,-0.056548941880464554,0.8991066217422485,0.4753105640411377,-0.05925780162215233
0.8350872993469238,0.7548794150352478,1.8548942648521916e-07,0.7902714014053345,0.7368936538696289,-0.02055230177938938,0.75227952003479,0.6902118921279907,-0.03406241163611412,0.7269235253334045,0.6395893692970276,-0.04807975888252258,0.7338710427284241,0.5914172530174255,-0.05851024389266968,0.7524750828742981,0.6028175354003906,0.0009683234384283423,0.7348376512527466,0.533621609210968,-0.027485808357596397,0.7391641139984131,0.5500555038452148,-0.05119811370968819,0.7486065626144409,0.5794830918312073,-0.06198549643158913,0.7799145579338074,0.584322452545166,0.001032050116918981,0.7682517170906067,0.5057276487350464,-0.008206139318645,0.7663138508796692,0.4620264768600464,-0.01772145740687847,0.765254020690918,0.4226478934288025,-0.024568947032094002,0.8105087876319885,0.5825387835502625,-0.005564376711845398,0.8019207119941711,0.511723518371582,-0.013487165793776512,0.7981269359588623,0.46485450863838196,-0.01763582043349743,0.7940351963043213,0.42175042629241943,-0.020825762301683426,0.8427809476852417,0.5932162404060364,-0.015338492579758167,0.8399967551231384,0.5434077978134155,-0.018655551597476006,0.8406904339790344,0.5109444856643677,-0.015909520909190178,0.8418861627578735,0.47902676463127136,-0.01385111827403307
0.8352110981941223,0.7559912204742432,1.7224517989689048e-07,0.7916350960731506,0.7402191162109375,-0.023397229611873627,0.7521249055862427,0.6957405805587769,-0.03726521506905556,0.7257030010223389,0.6474149823188782,-0.05106004327535629,0.731458306312561,0.5955703854560852,-0.061477888375520706,0.7549471259117126,0.5987527966499329,-0.0053235492669045925,0.7332172989845276,0.5348269939422607,-0.03416517376899719,0.7335929870605469,0.553203284740448,-0.05659080669283867,0.7416540384292603,0.5811011791229248,-0.06713522970676422,0.7829972505569458,0.5731477737426758,-0.00586366094648838,0.7647072076797485,0.4911563992500305,-0.01813478395342827,0.7566596269607544,0.44463613629341125,-0.029670022428035736,0.7512066960334778,0.40218937397003174,-0.0380094088613987,0.8158273100852966,0.5713040232658386,-0.012968653813004494,0.8241978287696838,0.49567633867263794,-0.028471317142248154,0.8325934410095215,0.44742363691329956,-0.03888324275612831,0.8375115394592285,0.40382716059684753,-0.045118145644664764,0.8478278517723083,0.5896898508071899,-0.022579610347747803,0.8647387623786926,0.5390100479125977,-0.03571741655468941,0.8782263398170471,0.5065140724182129,-0.039054375141859055,0.8888304829597473,0.4755430817604065,-0.04016350582242012
0.8362992405891418,0.745418131351471,2.1232806091120437e-07,0.7938904166221619,0.7315473556518555,-0.025073930621147156,0.7526161074638367,0.6894493103027344,-0.04075978323817253,0.7277262210845947,0.6435050368309021,-0.056376341730356216,0.7383265495300293,0.596646785736084,-0.0688677504658699,0.755060613155365,0.5871086120605469,-0.012023845687508583,0.7316517233848572,0.5222095251083374,-0.042857445776462555,0.7343047857284546,0.5446447730064392,-0.06552551686763763,0.7450373768806458,0.5794067978858948,-0.07553686946630478,0.7877200841903687,0.5620675086975098,-0.012764833867549896,0.7759847044944763,0.4755672216415405,-0.025856271386146545,0.7724429965019226,0.42735159397125244,-0.0376686155796051,0.7706359028816223,0.38530486822128296,-0.04617751017212868,0.8229153752326965,0.5616709589958191,-0.020064562559127808,0.8365226984024048,0.48420628905296326,-0.03806570544838905,0.8475555777549744,0.43565303087234497,-0.05175667628645897,0.8548750877380371,0.391778826713562,-0.06004450097680092,0.8560388684272766,0.5824335813522339,-0.029650500044226646,0.8820164203643799,0.5309656858444214,-0.04741787910461426,0.9023350477218628,0.49616944789886475,-0.054679024964571,0.9191560745239258,0.4623345732688904,-0.05791105702519417
0.8359562158584595,0.7328704595565796,2.242056638124268e-07,0.7935268878936768,0.721138596534729,-0.024251263588666916,0.7502104640007019,0.6814620494842529,-0.041134364902973175,0.7215147614479065,0.6456959247589111,-0.05801102891564369,0.727422833442688,0.6072574853897095,-0.0719190239906311,0.7534796595573425,0.5714580416679382,-0.016452116891741753,0.7315593361854553,0.5051382780075073,-0.04899614304304123,0.7338829040527344,0.5358918905258179,-0.07274667173624039,0.7433558702468872,0.5784478783607483,-0.0829768180847168,0.7872315645217896,0.5475724935531616,-0.018332840874791145,0.778946578502655,0.45955076813697815,-0.03368612751364708,0.7783021926879883,0.40908151865005493,-0.04627540707588196,0.7788906693458557,0.36359333992004395,-0.054864879697561264,0.8222946524620056,0.5499295592308044,-0.026400286704301834,0.8347675800323486,0.4673110842704773,-0.046021852642297745,0.8461012244224548,0.4172542691230774,-0.06006382778286934,0.8538435101509094,0.370541512966156,-0.06814650446176529,0.8547369241714478,0.5742051601409912,-0.03648011386394501,0.8805315494537354,0.520220160484314,-0.05551641061902046,0.9013391137123108,0.4835152328014374,-0.06282860040664673,0.9184991121292114,0.4469289481639862,-0.0656823143362999
0.8395617008209229,0.72052001953125,2.0563945213325496e-07,0.7950619459152222,0.7111586332321167,-0.02215312421321869,0.753357470035553,0.6749019026756287,-0.037358228117227554,0.7259331941604614,0.6409888863563538,-0.05261928588151932,0.7257920503616333,0.6038755178451538,-0.06542360037565231,0.7562405467033386,0.5642614960670471,-0.017002491280436516,0.7313235998153687,0.5034464001655579,-0.047100722789764404,0.7306140065193176,0.53495854139328,-0.06926984339952469,0.7380691170692444,0.5732854604721069,-0.0796266421675682,0.7901130318641663,0.5377867221832275,-0.020587870851159096,0.7738692164421082,0.44843780994415283,-0.036239273846149445,0.7680580615997314,0.3975781202316284,-0.05058768391609192,0.7633206248283386,0.34996968507766724,-0.06100481003522873,0.8272513151168823,0.5373702049255371,-0.029565593227744102,0.8417368531227112,0.45436644554138184,-0.051004745066165924,0.8546186089515686,0.40297675132751465,-0.068690225481987,0.8617008924484253,0.3549919128417969,-0.07965096831321716,0.8631523251533508,0.5587192177772522,-0.03987777233123779,0.8937677145004272,0.5035701990127563,-0.060577142983675,0.9174100160598755,0.46862247586250305,-0.0691889300942421,0.9359067678451538,0.4339700937271118,-0.07341157644987106
0.8379932641983032,0.71281898021698,2.364178328662092e-07,0.7926043272018433,0.7022370100021362,-0.022760741412639618,0.7494367957115173,0.6665408611297607,-0.039149098098278046,0.721753716468811,0.6311943531036377,-0.05572381988167763,0.7240738868713379,0.5932806730270386,-0.06991014629602432,0.754851222038269,0.5546461343765259,-0.017538247630000114,0.7298814058303833,0.49565353989601135,-0.048502277582883835,0.7276837229728699,0.5235247611999512,-0.07121328264474869,0.7346880435943604,0.5605531334877014,-0.08174233883619308,0.7889955043792725,0.5281360745429993,-0.020878814160823822,0.7749724984169006,0.4394451975822449,-0.036733049899339676,0.7698027491569519,0.38861745595932007,-0.05039258673787117,0.7657649517059326,0.34111151099205017,-0.060155510902404785,0.8264294266700745,0.5274096727371216,-0.029821885749697685,0.84098881483078,0.4439260959625244,-0.05116833746433258,0.8528385758399963,0.39201027154922485,-0.06806871294975281,0.8595617413520813,0.3444199562072754,-0.07839854806661606,0.8625415563583374,0.5487491488456726,-0.04026949778199196,0.8932523727416992,0.49224287271499634,-0.0606728196144104,0.916405200958252,0.4553104639053345,-0.06927543878555298,0.9344366788864136,0.4191693663597107,-0.07346255332231522
0.7888063192367554,0.6714096069335938,2.8233878879291296e-07,0.744339108467102,0.661361038684845,-0.02369602397084236,0.6986064910888672,0.6277912259101868,-0.04067164286971092,0.6683896780014038,0.5921330451965332,-0.057458095252513885,0.6779153943061829,0.5514771342277527,-0.07176531106233597,0.699729323387146,0.5188067555427551,-0.018951864913105965,0.6729198694229126,0.456026166677475,-0.05197396129369736,0.6741065382957458,0.4765699803829193,-0.07533086091279984,0.6852000951766968,0.5123767852783203,-0.08550843596458435,0.7338489294052124,0.48876771330833435,-0.021889815106987953,0.7181200981140137,0.39875972270965576,-0.039323560893535614,0.7097204923629761,0.34510338306427,-0.05416431277990341,0.7024789452552795,0.2978368401527405,-0.06420199573040009,0.7724952101707458,0.48525571823120117,-0.030441181734204292,0.7857182025909424,0.39896881580352783,-0.05301573872566223,0.7964726090431213,0.3441013693809509,-0.07106134295463562,0.8026789426803589,0.29601144790649414,-0.08163797855377197,0.8104326128959656,0.5044921636581421,-0.04043380543589592,0.8422368764877319,0.44789645075798035,-0.061974797397851944,0.8649065494537354,0.4100719094276428,-0.07134925574064255,0.8829674124717712,0.3739616870880127,-0.07555173337459564
0.7498044967651367,0.6534416079521179,3.0509838211401075e-07,0.7025917768478394,0.6408609747886658,-0.021595431491732597,0.6552668213844299,0.6028664708137512,-0.03736834600567818,0.6241406798362732,0.5645748376846313,-0.05359412729740143,0.633938193321228,0.5264033079147339,-0.06788535416126251,0.6623172163963318,0.4935207664966583,-0.016286801546812057,0.6348344683647156,0.4260208308696747,-0.04806562513113022,0.6306475400924683,0.43913087248802185,-0.07084015756845474,0.6384307146072388,0.4720498323440552,-0.08106781542301178,0.6971355080604553,0.4637128710746765,-0.02036929689347744,0.6830698251724243,0.36830762028694153,-0.03692496567964554,0.6759499311447144,0.3113231062889099,-0.05108572542667389,0.6709757447242737,0.2632507085800171,-0.060885604470968246,0.7361090779304504,0.4608348309993744,-0.02993624657392502,0.7523765563964844,0.3734530508518219,-0.051708538085222244,0.7641376256942749,0.3159969449043274,-0.06890632957220078,0.7714839577674866,0.26664212346076965,-0.0791706070303917,0.773726761341095,0.4809132516384125,-0.0409725084900856,0.8075449466705322,0.4217492938041687,-0.06201276183128357,0.8317742347717285,0.38211530447006226,-0.07070814818143845,0.8513360619544983,0.3450404703617096,-0.07471562176942825
0.6898566484451294,0.6942631006240845,1.7406225083504978e-07,0.6378312110900879,0.68033367395401,-0.010819119401276112,0.5931203961372375,0.638339638710022,-0.020159831270575523,0.5675589442253113,0.5980734825134277,-0.031980209052562714,0.5664496421813965,0.560149073600769,-0.04300621151924133,0.6054373383522034,0.5288830399513245,-0.005465301219373941,0.5754081010818481,0.4673723578453064,-0.03179151192307472,0.5609400868415833,0.48681801557540894,-0.05232156068086624,0.5566846132278442,0.5185170769691467,-0.06227704510092735,0.6370943188667297,0.500417947769165,-0.014565777033567429,0.6171126961708069,0.4079523980617523,-0.02886124886572361,0.6054471135139465,0.35213443636894226,-0.041428349912166595,0.5957072973251343,0.30218183994293213,-0.04999666288495064,0.6743364930152893,0.49983537197113037,-0.028077488765120506,0.6849613785743713,0.40593263506889343,-0.0483553521335125,0.6967514157295227,0.3456663489341736,-0.0634884163737297,0.7036784887313843,0.29413703083992004,-0.07225313782691956,0.7108656764030457,0.5229006409645081,-0.042175713926553726,0.7427047491073608,0.45723313093185425,-0.06191036477684975,0.7660971283912659,0.4132425785064697,-0.0684165433049202,0.784762978553772,0.37440359592437744,-0.07094614207744598
0.5751329064369202,0.7788949012756348,1.6154157833625504e-07,0.5160875916481018,0.7600855827331543,-0.00365024758502841,0.4664600193500519,0.7157636284828186,-0.0087674455717206,0.4313150644302368,0.6870425939559937,-0.018237752839922905,0.4187327027320862,0.6603536605834961,-0.027682047337293625,0.480021208524704,0.6085027456283569,0.0070450762286782265,0.4463932514190674,0.5519426465034485,-0.019434921443462372,0.4249191880226135,0.5629467964172363,-0.04219454899430275,0.41437971591949463,0.591026246547699,-0.053540389984846115,0.5063836574554443,0.5816317796707153,-0.004941893741488457,0.4814131557941437,0.4914695620536804,-0.019513865932822227,0.46463340520858765,0.435299277305603,-0.03373850882053375,0.4510737657546997,0.38790762424468994,-0.04290897771716118,0.5409684181213379,0.5781897902488708,-0.02131524123251438,0.5446547269821167,0.48679089546203613,-0.040356893092393875,0.5503969788551331,0.42607182264328003,-0.05442381650209427,0.553307294845581,0.3737575113773346,-0.06226242706179619,0.5767141580581665,0.5980830788612366,-0.03818048536777496,0.6036975979804993,0.5330785512924194,-0.05649707093834877,0.6245399713516235,0.48748472332954407,-0.061910275369882584,0.642490804195404,0.44624364376068115,-0.0635189414024353
0.49872443079948425,0.8320749998092651,1.4138930737317423e-07,0.444935142993927,0.8161263465881348,-0.01211803499609232,0.3945525884628296,0.7753465175628662,-0.025674667209386826,0.3545134663581848,0.7446536421775818,-0.04189654812216759,0.3525729179382324,0.705166757106781,-0.05709078162908554,0.4157373309135437,0.6612163782119751,-0.010046795010566711,0.3747556209564209,0.607247531414032,-0.041241444647312164,0.3502793312072754,0.6283960938453674,-0.0656268447637558,0.34173673391342163,0.6616254448890686,-0.07848496735095978,0.43970364332199097,0.6374490857124329,-0.01904326304793358,0.409970760345459,0.5509627461433411,-0.038765713572502136,0.3914845585823059,0.4938773512840271,-0.05367949604988098,0.3786785304546356,0.44302427768707275,-0.0633951872587204,0.471652090549469,0.6372554898262024,-0.032432034611701965,0.4730846881866455,0.5474637150764465,-0.05486020818352699,0.4762630760669708,0.4843199849128723,-0.06873670220375061,0.4776386618614197,0.4287635385990143,-0.07663553953170776,0.5046038031578064,0.6605210304260254,-0.046801839023828506,0.5338281989097595,0.5975589752197266,-0.06760852038860321,0.5548012852668762,0.5505136251449585,-0.07451291382312775,0.5722094774246216,0.506151020526886,-0.07722627371549606
0.4507494866847992,0.8588948249816895,7.212952368718106e-08,0.395648717880249,0.8468427658081055,-0.007348076906055212,0.3462141752243042,0.8096829652786255,-0.0159924179315567,0.3090135455131531,0.7842420339584351,-0.027627110481262207,0.29236769676208496,0.7475326657295227,-0.03848707675933838,0.3595103919506073,0.6961215138435364,-0.0026114562060683966,0.3169017434120178,0.6476629972457886,-0.02850070409476757,0.29234856367111206,0.6707749366760254,-0.050162725150585175,0.28417912125587463,0.7034213542938232,-0.061725206673145294,0.37928202748298645,0.6711055636405945,-0.011954473331570625,0.34605735540390015,0.5944346785545349,-0.024758264422416687,0.32515749335289,0.5459873676300049,-0.03620090335607529,0.3107759356498718,0.5040340423583984,-0.04464927688241005,0.40758973360061646,0.6682278513908386,-0.025570740923285484,0.4026922881603241,0.5849714279174805,-0.04256526753306389,0.4031527042388916,0.5250590443611145,-0.05499409884214401,0.40377122163772583,0.4732196629047394,-0.0634249672293663,0.4387463331222534,0.6877217888832092,-0.040027644485235214,0.46256473660469055,0.6296085119247437,-0.05949143320322037,0.4797848165035248,0.583597719669342,-0.06717346608638763,0.4934379458427429,0.5402724742889404,-0.07103415578603745
0.4219295084476471,0.8414715528488159,1.1488127427128347e-07,0.3687152862548828,0.8364034295082092,-0.008062220178544521,0.32064419984817505,0.8011367917060852,-0.01584058254957199,0.28435420989990234,0.7748316526412964,-0.026621242985129356,0.26481422781944275,0.7427087426185608,-0.03672819584608078,0.3290849030017853,0.6929865479469299,0.00014085276052355766,0.29088738560676575,0.651908814907074,-0.023222846910357475,0.2664560079574585,0.6686778664588928,-0.042270924896001816,0.25750941038131714,0.6963962912559509,-0.05214088410139084,0.34605762362480164,0.6694446206092834,-0.008692964911460876,0.31367436051368713,0.5932115316390991,-0.021319856867194176,0.29199618101119995,0.5439636707305908,-0.030906591564416885,0.2765474319458008,0.5010743141174316,-0.037052933126688004,0.37214717268943787,0.6662708520889282,-0.021950561553239822,0.36794576048851013,0.58338463306427,-0.039189379662275314,0.36508095264434814,0.5258936882019043,-0.05068850517272949,0.3621104955673218,0.47664690017700195,-0.057577960193157196,0.40159764885902405,0.6841205358505249,-0.036176543682813644,0.42600017786026,0.6269570589065552,-0.05656428262591362,0.44135865569114685,0.5829306244850159,-0.0649128258228302,0.45420265197753906,0.5426474809646606,-0.06859169155359268
0.5492563247680664,0.9442511796951294,7.481385466689972e-08,0.49375301599502563,0.9340651631355286,-0.007790097501128912,0.44290420413017273,0.8992925882339478,-0.01734890043735504,0.40351706743240356,0.8782705664634705,-0.03039000928401947,0.3949059545993805,0.8499982953071594,-0.04241771250963211,0.4442051351070404,0.7862828969955444,-0.0017718978924676776,0.40149834752082825,0.734393298625946,-0.03252878785133362,0.3817099332809448,0.7612591981887817,-0.05869701877236366,0.37957024574279785,0.7977246642112732,-0.07225791364908218,0.4666803777217865,0.7625114917755127,-0.012228724546730518,0.4347490072250366,0.67743319272995,-0.02767641842365265,0.41462668776512146,0.6245958805084229,-0.04196683317422867,0.401020884513855,0.577880859375,-0.05180099233984947,0.5004499554634094,0.7600201368331909,-0.027190951630473137,0.49602431058883667,0.6670934557914734,-0.04496615752577782,0.49650487303733826,0.605241596698761,-0.05754648894071579,0.49592655897140503,0.5505483150482178,-0.0652136355638504,0.5383385419845581,0.7797378897666931,-0.04309637472033501,0.5576224327087402,0.712419867515564,-0.05927881598472595,0.5707852244377136,0.6656837463378906,-0.0627048909664154,0.5822298526763916,0.6216943264007568,-0.06332810968160629
0.6907522678375244,0.8889905214309692,2.2535699883974303e-07,0.6423990726470947,0.8758847713470459,-0.019851388409733772,0.5999253392219543,0.8451504707336426,-0.03602682799100876,0.5801810026168823,0.8102129697799683,-0.053380969911813736,0.5917686820030212,0.7803927659988403,-0.0688350573182106,0.6066246032714844,0.7155293226242065,-0.01063839253038168,0.5840253233909607,0.6579635143280029,-0.03999197110533714,0.5797656774520874,0.6860659718513489,-0.06479839235544205,0.583475649356842,0.7222012877464294,-0.07764407992362976,0.640528678894043,0.6900926828384399,-0.017359862104058266,0.6254636645317078,0.5987730026245117,-0.031043773517012596,0.618110179901123,0.546431303024292,-0.04669898748397827,0.6145893335342407,0.49835526943206787,-0.05890673026442528,0.6792035102844238,0.6917510628700256,-0.029774019494652748,0.692345380783081,0.5988700985908508,-0.04980124905705452,0.7022573947906494,0.5440499782562256,-0.06885912269353867,0.7092731595039368,0.4945010542869568,-0.08161691576242447,0.7169902920722961,0.7170544266700745,-0.043671127408742905,0.7454063892364502,0.6540427207946777,-0.06280307471752167,0.7667897939682007,0.6156894564628601,-0.0712391585111618,0.7828487753868103,0.5788379907608032,-0.0762052983045578
0.7555739283561707,0.8186261653900146,2.2183854753166088e-07,0.7139168977737427,0.8089818358421326,-0.02632482349872589,0.6731602549552917,0.7699766755104065,-0.04473019391298294,0.6570711135864258,0.7307081818580627,-0.06240100786089897,0.6794641613960266,0.7069597840309143,-0.07732617855072021,0.6795051693916321,0.6470336318016052,-0.021132346242666245,0.6616508960723877,0.5848321914672852,-0.052926335483789444,0.6679887175559998,0.6261304616928101,-0.07796529680490494,0.6794699430465698,0.6691861152648926,-0.09005551040172577,0.7174960970878601,0.6220321655273438,-0.022731438279151917,0.7138875126838684,0.5343966484069824,-0.038886819034814835,0.7182035446166992,0.4840763807296753,-0.05386677756905556,0.7229344844818115,0.43475472927093506,-0.06503526866436005,0.7537930607795715,0.6236047744750977,-0.030092783272266388,0.7693862915039062,0.5391302704811096,-0.04861520230770111,0.7826851606369019,0.4881189465522766,-0.06399460136890411,0.7911315560340881,0.438998281955719,-0.07374487817287445,0.7862110137939453,0.6452540159225464,-0.03969501703977585,0.8079833984375,0.586206316947937,-0.052971381694078445,0.824375569820404,0.5512757301330566,-0.05737755820155144,0.8365209102630615,0.5175553560256958,-0.05992967635393143
0.7672730088233948,0.7903955578804016,1.6185538243007613e-07,0.7303173542022705,0.7783939838409424,-0.027188627049326897,0.6969446539878845,0.739446222782135,-0.047098543494939804,0.686097264289856,0.7001611590385437,-0.06603994965553284,0.7061573266983032,0.6721153855323792,-0.0822877362370491,0.7056528329849243,0.6198105812072754,-0.02109972946345806,0.6930458545684814,0.5576426982879639,-0.053662706166505814,0.6979290246963501,0.6005561947822571,-0.08009620010852814,0.7072717547416687,0.643250048160553,-0.09329473972320557,0.7416691780090332,0.597398579120636,-0.02189313806593418,0.744071900844574,0.5158621668815613,-0.03876184672117233,0.7513024210929871,0.4708159565925598,-0.05444391816854477,0.7583727836608887,0.42391514778137207,-0.06655152887105942,0.7735289931297302,0.5999815464019775,-0.028546415269374847,0.7878131866455078,0.5209794044494629,-0.0447690449655056,0.7974131107330322,0.46824949979782104,-0.05798597261309624,0.8037148118019104,0.41496652364730835,-0.06719620525836945,0.8010272979736328,0.6191900372505188,-0.03781643509864807,0.8108937740325928,0.5595723986625671,-0.04679495096206665,0.8183046579360962,0.5211723446846008,-0.048840079456567764,0.8231035470962524,0.48243510723114014,-0.05086786299943924
0.7783262729644775,0.7733491063117981,1.7597064072560897e-07,0.7411593794822693,0.7623265981674194,-0.02595512568950653,0.7047643065452576,0.724481999874115,-0.044007979333400726,0.6847661137580872,0.6866560578346252,-0.061275873333215714,0.6998755931854248,0.6576153039932251,-0.07570841908454895,0.7100846767425537,0.6149212718009949,-0.01803295500576496,0.6941615343093872,0.5543031692504883,-0.049526434391736984,0.6980122923851013,0.5912197232246399,-0.07444727420806885,0.7064399719238281,0.6309430003166199,-0.08658044785261154,0.7432073354721069,0.5935232043266296,-0.018970757722854614,0.7398555278778076,0.5143215656280518,-0.034995097666978836,0.7424054741859436,0.4684462249279022,-0.049887072294950485,0.7451081871986389,0.42244040966033936,-0.06099679693579674,0.7749391794204712,0.5956277847290039,-0.025778042152523994,0.7859753966331482,0.5215816497802734,-0.04200906679034233,0.7937174439430237,0.47437334060668945,-0.054556313902139664,0.7980499267578125,0.42748910188674927,-0.0628233402967453,0.8035240173339844,0.6151590943336487,-0.03510108217597008,0.8150264620780945,0.560518741607666,-0.04510975256562233,0.8250365853309631,0.5252681374549866,-0.04744097590446472,0.8325381278991699,0.4903489351272583,-0.049048084765672684
0.7877347469329834,0.7558026909828186,1.8787146416343603e-07,0.7486070990562439,0.7446538805961609,-0.02545180544257164,0.7120844125747681,0.7062827944755554,-0.0419633686542511,0.691964864730835,0.6669602990150452,-0.05757986754179001,0.7031911015510559,0.6278549432754517,-0.0699894055724144,0.7164933085441589,0.6029722094535828,-0.016006285324692726,0.6997227668762207,0.5397395491600037,-0.0472429133951664,0.7039385437965393,0.5710231065750122,-0.07066638022661209,0.7128242254257202,0.6091153621673584,-0.08129244297742844,0.7496421933174133,0.5814657807350159,-0.016257110983133316,0.7430292367935181,0.5017018914222717,-0.03231151029467583,0.7441189885139465,0.45547348260879517,-0.046213071793317795,0.7457259893417358,0.4113743305206299,-0.05606593191623688,0.7820405960083008,0.5833591222763062,-0.022534457966685295,0.7920161485671997,0.5099881887435913,-0.03989218920469284,0.8005621433258057,0.4643096923828125,-0.05221464857459068,0.8052715063095093,0.4199427366256714,-0.05968618392944336,0.8121019601821899,0.6025828123092651,-0.03112764097750187,0.8279066681861877,0.5506434440612793,-0.043504901230335236,0.8409233093261719,0.5169859528541565,-0.047015681862831116,0.8510539531707764,0.4840220808982849,-0.04861230403184891
0.7943867444992065,0.7406594753265381,1.9116392024898232e-07,0.7541074156761169,0.7277769446372986,-0.025794224813580513,0.7148377895355225,0.6844156980514526,-0.04145365580916405,0.6909505724906921,0.6393406391143799,-0.0561690628528595,0.7079582214355469,0.5999685525894165,-0.06754270195960999,0.7211434841156006,0.5866202712059021,-0.01293505635112524,0.7042542695999146,0.5201748609542847,-0.04333559051156044,0.7098438143730164,0.5461772084236145,-0.06631110608577728,0.7198837399482727,0.5815462470054626,-0.07698120921850204,0.7533596158027649,0.5650869011878967,-0.01233594585210085,0.7464081645011902,0.4854998290538788,-0.027595240622758865,0.7472072243690491,0.4401508867740631,-0.04115810617804527,0.7485265731811523,0.3980485796928406,-0.05077420920133591,0.7861664891242981,0.5669821500778198,-0.017986446619033813,0.793603777885437,0.49467676877975464,-0.03460429981350899,0.8004134893417358,0.44871699810028076,-0.04691171273589134,0.8041716814041138,0.40475305914878845,-0.05454958230257034,0.8172240257263184,0.5857251882553101,-0.026113469153642654,0.831977367401123,0.5357896685600281,-0.03819714114069939,0.8444755673408508,0.5029720067977905,-0.04228653758764267,0.8545581698417664,0.4706745743751526,-0.04447130113840103
0.7948979735374451,0.749626636505127,2.008826527344354e-07,0.7534618377685547,0.735683023929596,-0.024397000670433044,0.7133392095565796,0.6953925490379333,-0.039861198514699936,0.6882191896438599,0.6511245965957642,-0.05458211153745651,0.7004001140594482,0.6061915755271912,-0.06647379696369171,0.7184731960296631,0.5971221327781677,-0.01274461392313242,0.6982035040855408,0.5328574180603027,-0.042543958872556686,0.6993488073348999,0.5504293441772461,-0.06508148461580276,0.708078920841217,0.5822597146034241,-0.07578083872795105,0.7498947978019714,0.5734549760818481,-0.013076599687337875,0.7393060922622681,0.49151912331581116,-0.028404029086232185,0.7375757098197937,0.4453672468662262,-0.04185596480965614,0.7375217080116272,0.4057181477546692,-0.051272179931402206,0.782872200012207,0.5729489326477051,-0.01936856098473072,0.7892831563949585,0.49836504459381104,-0.03662395104765892,0.795337975025177,0.45097365975379944,-0.04932266101241112,0.7985332608222961,0.40778428316116333,-0.05727192386984825,0.8147623538970947,0.5911694765090942,-0.02787853218615055,0.8300812244415283,0.5425924062728882,-0.04171336814761162,0.8427790403366089,0.5101685523986816,-0.046532295644283295,0.8529655337333679,0.47908324003219604,-0.04896055907011032
0.7958540320396423,0.7498197555541992,2.1238112424271094e-07,0.7525485754013062,0.7360278367996216,-0.0241356510668993,0.7106512188911438,0.6937637329101562,-0.04004521667957306,0.6838029026985168,0.648781955242157,-0.05572190880775452,0.699901282787323,0.6063042283058167,-0.06831860542297363,0.7182870507240295,0.592956006526947,-0.011355298571288586,0.697860598564148,0.5266110897064209,-0.04183407127857208,0.7000588774681091,0.5463667511940002,-0.06445223838090897,0.7102031707763672,0.5812774896621704,-0.07456645369529724,0.7506980895996094,0.5697382688522339,-0.011641228571534157,0.7419414520263672,0.4883725643157959,-0.026385633274912834,0.7407842874526978,0.4419994354248047,-0.0385734960436821,0.7410303354263306,0.4019283652305603,-0.04681338369846344,0.7845703363418579,0.570166826248169,-0.01818821020424366,0.7915285229682922,0.4948694109916687,-0.035295892506837845,0.7985627055168152,0.4467151165008545,-0.04663224145770073,0.8029051423072815,0.40292027592658997,-0.053163692355155945,0.8167531490325928,0.5893284678459167,-0.027053404599428177,0.8346741199493408,0.5386290550231934,-0.04099038615822792,0.8493542671203613,0.5054100751876831,-0.04547141492366791,0.8612573146820068,0.4737122356891632,-0.047172077000141144
0.7757707238197327,0.7013404369354248,2.5054441721295007e-07,0.7324578762054443,0.6846215724945068,-0.017599090933799744,0.6918569207191467,0.6406958103179932,-0.029771288856863976,0.6664089560508728,0.596802294254303,-0.04252184182405472,0.6763045191764832,0.5561317205429077,-0.053282029926776886,0.6985911130905151,0.5448813438415527,-0.008223423734307289,0.6769695281982422,0.4792310893535614,-0.03547712787985802,0.6753118634223938,0.49386298656463623,-0.056536074727773666,0.6820909380912781,0.5268880724906921,-0.06627955287694931,0.731787383556366,0.5215408205986023,-0.01133223157376051,0.7224425673484802,0.43405526876449585,-0.023976420983672142,0.7214975357055664,0.3864307105541229,-0.03667134419083595,0.7221265435218811,0.3480931520462036,-0.04581828787922859,0.7669081091880798,0.5212754607200623,-0.019520312547683716,0.7745615243911743,0.44271770119667053,-0.03493514284491539,0.7827371954917908,0.3938746452331543,-0.04809947684407234,0.7877059578895569,0.35007262229919434,-0.056869376450777054,0.8004636168479919,0.5404941439628601,-0.029219217598438263,0.8217260241508484,0.4896344244480133,-0.04247904568910599,0.8374633193016052,0.4562903940677643,-0.04764147847890854,0.8498028516769409,0.4235491156578064,-0.05048304796218872
0.7653822898864746,0.641022264957428,2.634482711982855e-07,0.7208734154701233,0.6213666200637817,-0.020932501181960106,0.6797880530357361,0.5734849572181702,-0.03559434786438942,0.6531561017036438,0.5243401527404785,-0.050883449614048004,0.6678582429885864,0.4803875982761383,-0.06385752558708191,0.6894957423210144,0.47366830706596375,-0.007534747943282127,0.6687867045402527,0.40862876176834106,-0.03862828016281128,0.6692685484886169,0.4208802580833435,-0.0625063106417656,0.678523063659668,0.45159244537353516,-0.07335364818572998,0.7236623167991638,0.44914114475250244,-0.010365208610892296,0.7166192531585693,0.36049121618270874,-0.024311544373631477,0.7156336903572083,0.30883851647377014,-0.03712713345885277,0.7163798809051514,0.2651635408401489,-0.04597892239689827,0.7596299648284912,0.44981712102890015,-0.019410187378525734,0.7698184847831726,0.3685806393623352,-0.03688536584377289,0.7791690230369568,0.31693142652511597,-0.05000961944460869,0.7861645221710205,0.270535945892334,-0.058056242763996124,0.7938379049301147,0.4714421331882477,-0.030469903722405434,0.816861093044281,0.4193074107170105,-0.04551615193486214,0.8341588377952576,0.3855366110801697,-0.05088357999920845,0.8482248783111572,0.353667676448822,-0.05335482954978943
0.7318093776702881,0.5351312160491943,3.2031357477535494e-07,0.680269718170166,0.5127413272857666,-0.020681411027908325,0.6347324252128601,0.4552973508834839,-0.03293784335255623,0.6077238321304321,0.39585599303245544,-0.04579409211874008,0.6270880103111267,0.34621453285217285,-0.05676421523094177,0.6539039611816406,0.35993748903274536,-0.0027969637885689735,0.6342742443084717,0.2923067808151245,-0.03133127838373184,0.6250371932983398,0.2871766686439514,-0.05419621989130974,0.6245642304420471,0.3029210567474365,-0.06532952189445496,0.6879135370254517,0.33375224471092224,-0.00598136056214571,0.6827920079231262,0.23624566197395325,-0.01982470415532589,0.6799882054328918,0.17582768201828003,-0.032627321779727936,0.6783879399299622,0.12513811886310577,-0.04114023596048355,0.7247817516326904,0.3335826098918915,-0.015478773042559624,0.7380642890930176,0.24560514092445374,-0.033882252871990204,0.7487999200820923,0.18882447481155396,-0.04777830094099045,0.75628262758255,0.14013995230197906,-0.055833932012319565,0.760539174079895,0.35509932041168213,-0.02699504978954792,0.7867155075073242,0.3006643056869507,-0.04356031119823456,0.8070142865180969,0.26382696628570557,-0.04967862740159035,0.8231840133666992,0.2303263545036316,-0.05245104059576988
0.7490056753158569,0.5785089135169983,2.673774019967823e-07,0.697574257850647,0.5585737228393555,-0.02066538669168949,0.6488428711891174,0.5002121925354004,-0.03264482691884041,0.6212473511695862,0.4395182132720947,-0.04513996094465256,0.6394497156143188,0.3867206871509552,-0.055474668741226196,0.6639284491539001,0.39452096819877625,-0.004223949741572142,0.6427348852157593,0.3268693685531616,-0.031062476336956024,0.6359724998474121,0.32684314250946045,-0.0523814782500267,0.6366675496101379,0.34465762972831726,-0.06324677914381027,0.7009329795837402,0.36793574690818787,-0.008601921610534191,0.691620945930481,0.26823025941848755,-0.02293555997312069,0.6891550421714783,0.20842398703098297,-0.03636541590094566,0.6885625720024109,0.1587153524160385,-0.04558703303337097,0.7404096126556396,0.36901870369911194,-0.019058095291256905,0.7525780200958252,0.27792200446128845,-0.03962935507297516,0.7621501684188843,0.21862410008907318,-0.05556352064013481,0.7679541110992432,0.16537848114967346,-0.06513921916484833,0.7783612012863159,0.39229968190193176,-0.031164653599262238,0.803942859172821,0.3347460925579071,-0.0505317822098732,0.82398521900177,0.29617565870285034,-0.0585867241024971,0.8399925231933594,0.25992611050605774,-0.06277484446763992
0.7353603839874268,0.5859137773513794,2.8459817258408293e-07,0.6834627985954285,0.5643454194068909,-0.013990592211484909,0.636685848236084,0.5058629512786865,-0.02211223728954792,0.6107770204544067,0.44763320684432983,-0.03217199444770813,0.6296481490135193,0.41377171874046326,-0.041421160101890564,0.658653974533081,0.4052238464355469,0.00352649949491024,0.6388674974441528,0.34131449460983276,-0.01845342293381691,0.6292332410812378,0.3356446325778961,-0.03734324127435684,0.6264899373054504,0.34974434971809387,-0.04701436683535576,0.6940840482711792,0.37961846590042114,-0.0033960100263357162,0.6852163672447205,0.2811279892921448,-0.01260076928883791,0.6809442043304443,0.2212998867034912,-0.023928223177790642,0.6789438724517822,0.17097754776477814,-0.03206723928451538,0.7335368990898132,0.3799437880516052,-0.015700213611125946,0.7453472018241882,0.28563153743743896,-0.031992070376873016,0.7559980750083923,0.22672703862190247,-0.047708913683891296,0.763318657875061,0.17675156891345978,-0.057795338332653046,0.7724538445472717,0.4024757444858551,-0.029250169172883034,0.8004710078239441,0.3445322811603546,-0.04536384344100952,0.8212712407112122,0.3056751489639282,-0.05252848193049431,0.8374764919281006,0.27009081840515137,-0.056783027946949005
0.610140860080719,0.5784593224525452,2.629174673529633e-07,0.5559320449829102,0.5627685785293579,-0.010774902068078518,0.5036154985427856,0.5118553638458252,-0.01755344308912754,0.4671630859375,0.4669766128063202,-0.026815690100193024,0.47020894289016724,0.42534759640693665,-0.035509828478097916,0.5181085467338562,0.4071498513221741,0.003721591318026185,0.4919589161872864,0.3487750291824341,-0.022473378106951714,0.4781618118286133,0.3474484980106354,-0.04381311312317848,0.47448647022247314,0.36555933952331543,-0.053989142179489136,0.5513323545455933,0.37513262033462524,-0.0040580048225820065,0.5338156223297119,0.2796759605407715,-0.015903711318969727,0.5227670669555664,0.2197183072566986,-0.027422478422522545,0.513771653175354,0.16986948251724243,-0.034766651690006256,0.5908982157707214,0.3690756857395172,-0.01708875223994255,0.5958235263824463,0.2737838625907898,-0.034781936556100845,0.602758526802063,0.21178565919399261,-0.049331337213516235,0.6061339974403381,0.15971188247203827,-0.057680871337652206,0.630630373954773,0.3883357644081116,-0.031070051714777946,0.6593247652053833,0.32665759325027466,-0.049015916883945465,0.6796349883079529,0.2840418815612793,-0.05614354833960533,0.6958608627319336,0.24579894542694092,-0.05906170606613159
0.4453275799751282,0.5704432725906372,1.863511585042943e-07,0.3843797743320465,0.5515227913856506,-0.009831649251282215,0.3298853933811188,0.504492461681366,-0.01882564090192318,0.28867581486701965,0.4665759205818176,-0.031253352761268616,0.2814668118953705,0.4206395149230957,-0.04283871874213219,0.3492550849914551,0.38909006118774414,0.00503099150955677,0.3139567971229553,0.33067071437835693,-0.024832773953676224,0.28630515933036804,0.33796918392181396,-0.049347806721925735,0.2736693322658539,0.3631325960159302,-0.06114025413990021,0.37416720390319824,0.35773682594299316,-0.005034087225794792,0.3431299030780792,0.26196524500846863,-0.020546868443489075,0.31975769996643066,0.19995734095573425,-0.03324437141418457,0.3021501898765564,0.14721418917179108,-0.04089786112308502,0.4094480276107788,0.351222962141037,-0.020896121859550476,0.40545937418937683,0.24876296520233154,-0.04197315126657486,0.40396586060523987,0.17560917139053345,-0.05734226480126381,0.40210700035095215,0.11420246958732605,-0.06591541320085526,0.44701310992240906,0.370600163936615,-0.037811193615198135,0.47421568632125854,0.2991206645965576,-0.05874362215399742,0.4942690134048462,0.24545718729496002,-0.06675651669502258,0.5118592381477356,0.1986004263162613,-0.07007140666246414
0.3981560468673706,0.5993927121162415,1.5942596576223877e-07,0.337329626083374,0.597102701663971,-0.011593868024647236,0.2777876853942871,0.557579755783081,-0.020807847380638123,0.2310057282447815,0.5253896713256836,-0.03302184119820595,0.21329133212566376,0.4790218770503998,-0.04358936846256256,0.2876166105270386,0.43590423464775085,0.0025980251375585794,0.24198901653289795,0.388225793838501,-0.027922363951802254,0.2133035808801651,0.4006224274635315,-0.05125248804688454,0.2032870054244995,0.42757031321525574,-0.06214001774787903,0.3088785409927368,0.4001149535179138,-0.006217882037162781,0.2666180729866028,0.3143806755542755,-0.02246577851474285,0.23798328638076782,0.2578909993171692,-0.03265056014060974,0.21666845679283142,0.21044030785560608,-0.03800710663199425,0.34202417731285095,0.3882140517234802,-0.021231243386864662,0.32853928208351135,0.29580843448638916,-0.04169299826025963,0.3209368884563446,0.22849196195602417,-0.05212114751338959,0.31356075406074524,0.1714048981666565,-0.05688353627920151,0.3798007369041443,0.4005448520183563,-0.03784696012735367,0.40056750178337097,0.3308446407318115,-0.05905790627002716,0.4155808687210083,0.27630114555358887,-0.06630827486515045,0.42799121141433716,0.2268889844417572,-0.06835415214300156
0.254557341337204,0.7625571489334106,-1.837831042905691e-08,0.18908728659152985,0.7551019787788391,0.0012946734204888344,0.13850781321525574,0.7071163654327393,0.0011895133648067713,0.09952370822429657,0.6739386320114136,-0.003965193871408701,0.0769106075167656,0.6397537589073181,-0.008790179155766964,0.15890046954154968,0.5848820805549622,0.018706344068050385,0.11713407933712006,0.5387043952941895,-0.0021357645746320486,0.08940418064594269,0.5618881583213806,-0.022649148479104042,0.08114167302846909,0.5952348113059998,-0.0336923822760582,0.17218883335590363,0.56122887134552,0.005949877668172121,0.13291513919830322,0.4830135405063629,-0.0015502814203500748,0.10213674604892731,0.43465256690979004,-0.011979792267084122,0.07960416376590729,0.38996100425720215,-0.020487578585743904,0.19546464085578918,0.5564621090888977,-0.011790543794631958,0.18509389460086823,0.46255195140838623,-0.024242529645562172,0.17461664974689484,0.3997498154640198,-0.038213856518268585,0.16577699780464172,0.34376832842826843,-0.049187734723091125,0.22257107496261597,0.5731598138809204,-0.03031413070857525,0.24902383983135223,0.5058088302612305,-0.046850740909576416,0.2653125524520874,0.45463114976882935,-0.056433822959661484,0.2789135277271271,0.4079069495201111,-0.06307126581668854
0.2510029077529907,0.8196358680725098,3.078462595951237e-09,0.18758852779865265,0.8097582459449768,0.0018951225792989135,0.14000479876995087,0.7651758790016174,0.0013410748215392232,0.10231921821832657,0.7360614538192749,-0.0043474179692566395,0.08244095742702484,0.7010437846183777,-0.009766966104507446,0.15948694944381714,0.6490938067436218,0.019670754671096802,0.12152476608753204,0.6042405366897583,-0.0007911315769888461,0.09587831050157547,0.6247158050537109,-0.021051794290542603,0.08877017349004745,0.6567963361740112,-0.03197219595313072,0.17083987593650818,0.6290459036827087,0.006623327266424894,0.1350971758365631,0.5523921847343445,-0.00042567349737510085,0.10516982525587082,0.5071269869804382,-0.011289022862911224,0.08341812342405319,0.4665307402610779,-0.020310906693339348,0.19141429662704468,0.6261446475982666,-0.011266003362834454,0.18177419900894165,0.5352431535720825,-0.022910522297024727,0.17099954187870026,0.4757216274738312,-0.03693089634180069,0.16179317235946655,0.4228440225124359,-0.048199255019426346,0.21587346494197845,0.6429032683372498,-0.029874762520194054,0.24009744822978973,0.5771725177764893,-0.04492909833788872,0.2545681297779083,0.5274244546890259,-0.053872596472501755,0.26630067825317383,0.4818374514579773,-0.060371898114681244
0.23731981217861176,0.870497465133667,-4.005793474703978e-09,0.17147275805473328,0.864075779914856,-0.00037842345773242414,0.11851963400840759,0.822194516658783,-0.003491070354357362,0.07691874355077744,0.7938076853752136,-0.011520829051733017,0.05592459440231323,0.7580034136772156,-0.01911085844039917,0.13814231753349304,0.700481653213501,0.012520682066679,0.09000854939222336,0.6575472354888916,-0.011116713285446167,0.06217347830533981,0.6813016533851624,-0.03237980976700783,0.05523376911878586,0.7142742872238159,-0.04366918280720711,0.15243199467658997,0.6734107136726379,0.0001067596094799228,0.109640933573246,0.5951681733131409,-0.011032638140022755,0.08142847567796707,0.5437895059585571,-0.021376213058829308,0.062077492475509644,0.49812933802604675,-0.028965838253498077,0.17794041335582733,0.6658600568771362,-0.017152132466435432,0.16294220089912415,0.5709986686706543,-0.03277719393372536,0.15470926463603973,0.5061705112457275,-0.045450206845998764,0.14836972951889038,0.4500136375427246,-0.054222092032432556,0.20872053503990173,0.6803510785102844,-0.03509991988539696,0.23258498311042786,0.6109679937362671,-0.053873978555202484,0.24744442105293274,0.556961715221405,-0.06316440552473068,0.2598705589771271,0.5079174041748047,-0.06848850101232529
0.2668330669403076,0.9439790844917297,-2.5061376973667393e-08,0.20556382834911346,0.9424865245819092,0.002457943046465516,0.15338283777236938,0.903073251247406,0.0016786085907369852,0.11559328436851501,0.8769141435623169,-0.004908030852675438,0.09312611818313599,0.8534126877784729,-0.01158086210489273,0.16347867250442505,0.7880844473838806,0.01771875098347664,0.1178092360496521,0.7528984546661377,-0.003267905442044139,0.0932772308588028,0.7766945362091064,-0.02292090654373169,0.08954545110464096,0.8095071911811829,-0.03273679316043854,0.17441152036190033,0.7647997140884399,0.004764423705637455,0.13080641627311707,0.6910966634750366,-0.0015055557014420629,0.1007586345076561,0.6457844376564026,-0.008567780256271362,0.07819896191358566,0.6039169430732727,-0.01378482673317194,0.196334108710289,0.7564610838890076,-0.013043807819485664,0.17552553117275238,0.6696966886520386,-0.025004366412758827,0.1607023924589157,0.6095805168151855,-0.03732161968946457,0.14933687448501587,0.5577396750450134,-0.04631882160902023,0.2233215868473053,0.7674623131752014,-0.03144988417625427,0.24277982115745544,0.7010906934738159,-0.04750644788146019,0.2550053596496582,0.6505311131477356,-0.055923279374837875,0.2657551169395447,0.6051774024963379,-0.06101857125759125
0.4024386405944824,0.9651311039924622,-5.1498290076779085e-08,0.34939879179000854,0.9457401633262634,-0.000767200777772814,0.3032030761241913,0.9062746167182922,-0.005496648605912924,0.26717525720596313,0.8813445568084717,-0.01467914693057537,0.26000502705574036,0.8486404418945312,-0.0241696797311306,0.31909748911857605,0.798515260219574,0.0072059365920722485,0.2838507890701294,0.7541131377220154,-0.01984638348221779,0.26346585154533386,0.7671768665313721,-0.04366723820567131,0.2587132751941681,0.7918726801872253,-0.05606004223227501,0.3409590423107147,0.7732425928115845,-0.005661851726472378,0.30921295285224915,0.6892847418785095,-0.01750517636537552,0.2896961569786072,0.6403781175613403,-0.029861094430088997,0.2758537828922272,0.6005403995513916,-0.038432590663433075,0.3736582398414612,0.7679572105407715,-0.022554755210876465,0.36670586466789246,0.6724215149879456,-0.037540074437856674,0.36260682344436646,0.6139230728149414,-0.05044475942850113,0.35743749141693115,0.5641804933547974,-0.05901558697223663,0.4104989767074585,0.785860002040863,-0.03969830647110939,0.4320656657218933,0.7202230095863342,-0.05427075922489166,0.4418565630912781,0.6745951771736145,-0.058972395956516266,0.4485725164413452,0.6323882341384888,-0.06128043681383133
0.5613940954208374,0.9374011158943176,8.888095237580274e-08,0.5060673952102661,0.919853687286377,-0.012370896525681019,0.45741015672683716,0.8811463117599487,-0.023859061300754547,0.4284997582435608,0.8427534699440002,-0.03836609050631523,0.43749502301216125,0.809913158416748,-0.05121587961912155,0.46503782272338867,0.7619209885597229,-0.0009129225509241223,0.4369273781776428,0.6961766481399536,-0.029072141274809837,0.4313296377658844,0.7233258485794067,-0.0531848706305027,0.43617716431617737,0.7614201307296753,-0.06568725407123566,0.4959441125392914,0.739574670791626,-0.009878930635750294,0.47492921352386475,0.6554038524627686,-0.022906776517629623,0.459611177444458,0.608575701713562,-0.0377175398170948,0.4498639404773712,0.569486677646637,-0.048714734613895416,0.5344476699829102,0.7397445440292358,-0.02413845993578434,0.5312116742134094,0.6512772440910339,-0.041026342660188675,0.52815842628479,0.597081184387207,-0.056381236761808395,0.5255212187767029,0.5498188734054565,-0.06687658280134201,0.5750837326049805,0.7614532709121704,-0.0397057943046093,0.5938315987586975,0.7008663415908813,-0.05547697842121124,0.606786847114563,0.6614572405815125,-0.06135663017630577,0.6171044111251831,0.6248358488082886,-0.06458194553852081
0.6825880408287048,0.9190818071365356,1.659358588312898e-07,0.6371020674705505,0.8946861624717712,-0.01683959551155567,0.598440408706665,0.8456130027770996,-0.02887030877172947,0.5730944275856018,0.799598753452301,-0.04276443272829056,0.5875322818756104,0.7691938877105713,-0.05427533760666847,0.6115575432777405,0.7443978786468506,-0.002471701707690954,0.5912630558013916,0.6749821305274963,-0.029579773545265198,0.5906254053115845,0.697566568851471,-0.05089833587408066,0.5974830985069275,0.7299728393554688,-0.060865651816129684,0.6464921832084656,0.7241849899291992,-0.007020624820142984,0.6406921148300171,0.6385291814804077,-0.018603628501296043,0.641280472278595,0.591249942779541,-0.03019953891634941,0.6429685354232788,0.5488630533218384,-0.038276489824056625,0.6824716925621033,0.7277726531028748,-0.017318684607744217,0.6924234628677368,0.647004246711731,-0.03278890997171402,0.7013407945632935,0.599087119102478,-0.04555291682481766,0.7069405317306519,0.5550642013549805,-0.05339217558503151,0.7160718441009521,0.7511758804321289,-0.029367398470640182,0.7400718331336975,0.7025466561317444,-0.043465521186590195,0.7572409510612488,0.6702307462692261,-0.04890407621860504,0.7712466716766357,0.6385014057159424,-0.051268626004457474
0.7237900495529175,0.8613054752349854,1.5951496834532009e-07,0.6787485480308533,0.8347716331481934,-0.013967209495604038,0.6435829401016235,0.7759717702865601,-0.023465322330594063,0.6261686086654663,0.723412811756134,-0.03480839729309082,0.6459629535675049,0.694730281829834,-0.04422953724861145,0.661971390247345,0.6827261447906494,-0.001531182904727757,0.6459469199180603,0.6117712259292603,-0.028347481042146683,0.6452456116676331,0.6333543062210083,-0.049300018697977066,0.6518716812133789,0.6702082753181458,-0.05846923217177391,0.6962279677391052,0.6662331819534302,-0.006151225883513689,0.6949995160102844,0.5802427530288696,-0.016053317114710808,0.6975655555725098,0.5329625606536865,-0.025987258180975914,0.701708197593689,0.4926576614379883,-0.03289172798395157,0.7303973436355591,0.672889769077301,-0.016179032623767853,0.7431106567382812,0.5943500995635986,-0.02869701385498047,0.753804087638855,0.5467649698257446,-0.0383891724050045,0.7619726657867432,0.5028787851333618,-0.04460883513092995,0.7616705894470215,0.6977106332778931,-0.027945159003138542,0.7837116718292236,0.6515469551086426,-0.039074212312698364,0.7996666431427002,0.6217324733734131,-0.0417981781065464,0.8132597804069519,0.5922530889511108,-0.042567178606987
0.7413433790206909,0.5692940950393677,2.3903064061414625e-07,0.6971142888069153,0.5353623628616333,-0.01134340837597847,0.6657154560089111,0.47222721576690674,-0.017909981310367584,0.6516473293304443,0.4119102656841278,-0.026920752599835396,0.6707300543785095,0.36930879950523376,-0.03458113595843315,0.6822443008422852,0.3995852470397949,0.008830114267766476,0.6676880717277527,0.335216224193573,-0.015718551352620125,0.6625189185142517,0.3346649706363678,-0.03632577881217003,0.6636611819267273,0.3553350567817688,-0.04550585895776749,0.7121139168739319,0.3837921917438507,0.003825907129794359,0.712117075920105,0.29689618945121765,-0.003865842940285802,0.7118788361549377,0.24614958465099335,-0.01331234723329544,0.712723433971405,0.20513798296451569,-0.019481617957353592,0.7439362406730652,0.38917291164398193,-0.006743887439370155,0.753323495388031,0.31371116638183594,-0.01728123240172863,0.7582332491874695,0.2674259543418884,-0.0266746673732996,0.7613524198532104,0.22814323008060455,-0.032726969569921494,0.7750338315963745,0.4116707742214203,-0.019118260592222214,0.794558048248291,0.3713843822479248,-0.02838996797800064,0.8076639771461487,0.3472365736961365,-0.03027687966823578,0.8185416460037231,0.3251391649246216,-0.03054940700531006
0.7709975242614746,0.48628556728363037,2.4697843059584557e-07,0.7247257828712463,0.4457131028175354,-0.014796903356909752,0.6945764422416687,0.3716850280761719,-0.02326374128460884,0.6813523173332214,0.30337250232696533,-0.03412550687789917,0.7068134546279907,0.2600286304950714,-0.04296622797846794,0.7169414758682251,0.29269421100616455,0.007546498905867338,0.7080960869789124,0.21730734407901764,-0.021501773968338966,0.7059928178787231,0.22335386276245117,-0.04570603370666504,0.7081931829452515,0.25071296095848083,-0.056706491857767105,0.752194881439209,0.2773470878601074,0.0031023025512695312,0.7586434483528137,0.18273229897022247,-0.007211743853986263,0.764130711555481,0.12792553007602692,-0.019042931497097015,0.7696799635887146,0.08335849642753601,-0.02700471319258213,0.7874912619590759,0.28694024682044983,-0.007799599319696426,0.8042274117469788,0.2064724862575531,-0.021248791366815567,0.8157790303230286,0.15706200897693634,-0.03272484242916107,0.8241784572601318,0.114583820104599,-0.0399826355278492,0.8200688362121582,0.315459668636322,-0.02077566832304001,0.8466947674751282,0.2734658420085907,-0.032072991132736206,0.8648823499679565,0.24618402123451233,-0.035372067242860794,0.8803624510765076,0.21950763463974,-0.03668105602264404
0.7549710273742676,0.4927443861961365,2.424927458832826e-07,0.7047246694564819,0.45112717151641846,-0.015660764649510384,0.6726638078689575,0.37260469794273376,-0.0244284775108099,0.6596888303756714,0.30184924602508545,-0.03560879826545715,0.6879734396934509,0.25699156522750854,-0.04489590972661972,0.7008631229400635,0.2923555076122284,0.006037781480699778,0.6897391676902771,0.21499037742614746,-0.023379305377602577,0.6857237219810486,0.21845300495624542,-0.047391101717948914,0.6867462396621704,0.24541833996772766,-0.05827312543988228,0.7375810742378235,0.2753702700138092,0.0012628422118723392,0.7434231638908386,0.17756254971027374,-0.009977051056921482,0.747283935546875,0.11941754817962646,-0.02238420397043228,0.751441478729248,0.0739387720823288,-0.030656130984425545,0.7742047905921936,0.28443315625190735,-0.010024061426520348,0.7916088700294495,0.19935789704322815,-0.02451426163315773,0.8021984696388245,0.14612221717834473,-0.037036120891571045,0.8099491596221924,0.10101230442523956,-0.04504396766424179,0.8076902031898499,0.31372693181037903,-0.023374171927571297,0.8369648456573486,0.27018555998802185,-0.035943932831287384,0.8572965860366821,0.2407166063785553,-0.04016932472586632,0.8750118613243103,0.21346746385097504,-0.042075563222169876
0.7109553217887878,0.49545377492904663,2.7345583930582507e-07,0.6583128571510315,0.4565783739089966,-0.012149409390985966,0.6217190027236938,0.3842398524284363,-0.018422432243824005,0.606787919998169,0.3180089592933655,-0.02733217366039753,0.6276434659957886,0.27299103140830994,-0.03510357066988945,0.6538562774658203,0.3022242784500122,0.0075090439058840275,0.6398220658302307,0.2291618287563324,-0.016443366184830666,0.6329835057258606,0.2200828194618225,-0.036174409091472626,0.6320815682411194,0.23338308930397034,-0.045376747846603394,0.6903180480003357,0.2839883863925934,0.0008467187290079892,0.6924988627433777,0.1838468611240387,-0.009888004511594772,0.6943399310112,0.12306542694568634,-0.022063959389925003,0.6973196268081665,0.07252666354179382,-0.02986738458275795,0.7280858159065247,0.29081037640571594,-0.011360764503479004,0.7454333305358887,0.20006248354911804,-0.027839628979563713,0.7582079768180847,0.1428106129169464,-0.04342860355973244,0.7680534720420837,0.09341466426849365,-0.05293643847107887,0.7635614275932312,0.3181406259536743,-0.02472863532602787,0.7962412238121033,0.2689457833766937,-0.040076375007629395,0.81907057762146,0.23591144382953644,-0.047026295214891434,0.838819146156311,0.20530575513839722,-0.05058539658784866
0.6252598166465759,0.473760724067688,2.833411087976856e-07,0.5725325345993042,0.4410327672958374,-0.012982349842786789,0.5300214290618896,0.37194162607192993,-0.019451264292001724,0.5061630010604858,0.3079848289489746,-0.028483618050813675,0.5255251526832581,0.2634216248989105,-0.03630657494068146,0.5615090727806091,0.28220659494400024,0.009373054839670658,0.5450183153152466,0.21662092208862305,-0.014419249258935452,0.5359213352203369,0.2074422538280487,-0.034717004746198654,0.5340682864189148,0.21917618811130524,-0.04459024965763092,0.5964027643203735,0.2609405517578125,0.002994511742144823,0.5922024846076965,0.16240370273590088,-0.00708023039624095,0.589787483215332,0.10120119154453278,-0.0182564128190279,0.5886471271514893,0.05034808814525604,-0.0254256259649992,0.6344448924064636,0.2649598717689514,-0.009356722235679626,0.6476971507072449,0.17388975620269775,-0.025423236191272736,0.6577024459838867,0.11358024179935455,-0.0401882529258728,0.6644689440727234,0.06246587634086609,-0.04907961189746857,0.670772910118103,0.2903282642364502,-0.023147648200392723,0.7040051817893982,0.2375495880842209,-0.03827020153403282,0.7278133034706116,0.20111635327339172,-0.04525862634181976,0.7479498386383057,0.16873759031295776,-0.048891372978687286
0.4888875484466553,0.47005224227905273,2.7310920813761186e-07,0.4336435794830322,0.4399753212928772,-0.01652284525334835,0.3877633810043335,0.3790075182914734,-0.028143327683210373,0.35579490661621094,0.322265088558197,-0.04184426739811897,0.36403220891952515,0.267813116312027,-0.05438079684972763,0.41702574491500854,0.28213632106781006,-0.00018898806592915207,0.39485394954681396,0.21724432706832886,-0.03332054242491722,0.3785099983215332,0.210487961769104,-0.05925707891583443,0.3720158338546753,0.2255670726299286,-0.07139035314321518,0.45020216703414917,0.25684934854507446,-0.006997011601924896,0.43831074237823486,0.15468886494636536,-0.025396021082997322,0.42866241931915283,0.08987051248550415,-0.039682842791080475,0.421179860830307,0.03422492742538452,-0.04765338823199272,0.4881463050842285,0.2578536868095398,-0.020043713971972466,0.49660998582839966,0.16329318284988403,-0.042870186269283295,0.5022308826446533,0.09752482175827026,-0.057466186583042145,0.5052645206451416,0.04116003215312958,-0.06466063112020493,0.524387001991272,0.2834120988845825,-0.03472120687365532,0.5554903149604797,0.22457543015480042,-0.0543467216193676,0.5795722603797913,0.18154019117355347,-0.06061016395688057,0.5997743010520935,0.1435452103614807,-0.062457866966724396
0.5782744884490967,0.5702515840530396,1.59569211177768e-07,0.5207215547561646,0.53685063123703,-0.016763264313340187,0.4734753370285034,0.4703831970691681,-0.028490688651800156,0.44433730840682983,0.4084320664405823,-0.04244113340973854,0.45765987038612366,0.35805314779281616,-0.05468153581023216,0.4877193570137024,0.36815574765205383,0.003005784237757325,0.4653942584991455,0.30284562706947327,-0.02940475381910801,0.4616173505783081,0.30741775035858154,-0.05730822682380676,0.46549081802368164,0.3254557251930237,-0.0716087594628334,0.5245635509490967,0.3426605463027954,-0.004325880203396082,0.5095998048782349,0.24159148335456848,-0.01953350193798542,0.5036470293998718,0.18130753934383392,-0.03490075096487999,0.5007981657981873,0.1298583447933197,-0.04552855342626572,0.5658687353134155,0.34419435262680054,-0.018239863216876984,0.5716862082481384,0.24647919833660126,-0.036793891340494156,0.5765175819396973,0.18776491284370422,-0.04962842911481857,0.5777819752693176,0.1346798986196518,-0.057258445769548416,0.6062595844268799,0.36961686611175537,-0.034143026918172836,0.6224327683448792,0.30490121245384216,-0.0485670305788517,0.6346930861473083,0.2627120614051819,-0.05132001265883446,0.6444734930992126,0.2227548509836197,-0.052044544368982315
0.6613459587097168,0.6945026516914368,2.22214922018793e-07,0.6126189827919006,0.6697189807891846,-0.01650930754840374,0.5707616209983826,0.6124799251556396,-0.026402518153190613,0.5501638054847717,0.5567022562026978,-0.037494320422410965,0.5601489543914795,0.5106291770935059,-0.04712462052702904,0.5748111009597778,0.5132628083229065,-0.0005476864171214402,0.5546098351478577,0.45068520307540894,-0.02593369409441948,0.5496866106987,0.4469429850578308,-0.0479157529771328,0.5490588545799255,0.4553565979003906,-0.05956985801458359,0.6097115874290466,0.48694950342178345,-0.006919458042830229,0.5996699929237366,0.38852325081825256,-0.02123715728521347,0.5970348715782166,0.32920169830322266,-0.035554200410842896,0.5968894362449646,0.2810300588607788,-0.04539409279823303,0.6468149423599243,0.4857877194881439,-0.018757013604044914,0.6528298258781433,0.39475733041763306,-0.036612555384635925,0.6600519418716431,0.33861076831817627,-0.04947678744792938,0.6637376546859741,0.29007285833358765,-0.05706353858113289,0.6835088729858398,0.504610538482666,-0.032325223088264465,0.6964402794837952,0.4396441578865051,-0.044981349259614944,0.7071903944015503,0.3979458212852478,-0.047315116971731186,0.7146844863891602,0.36134499311447144,-0.04826263710856438
0.612205982208252,0.866675853729248,1.5799840014096844e-07,0.5675368905067444,0.8524008393287659,-0.017247434705495834,0.5270668864250183,0.8098941445350647,-0.02921338751912117,0.5053897500038147,0.7680567502975464,-0.04202963039278984,0.5173240900039673,0.7303431034088135,-0.05231259763240814,0.5360568761825562,0.7151804566383362,-0.007204519584774971,0.5136355757713318,0.6515375375747681,-0.03693635016679764,0.5162572860717773,0.6736657023429871,-0.059101127088069916,0.5251955986022949,0.7078005075454712,-0.06841953843832016,0.5673530697822571,0.6939305067062378,-0.010359453037381172,0.5569562911987305,0.6119450330734253,-0.024080390110611916,0.5537213087081909,0.5655690431594849,-0.035812269896268845,0.550682544708252,0.5251291990280151,-0.04340715706348419,0.5998623967170715,0.6922591328620911,-0.01900133304297924,0.5974621772766113,0.6191834211349487,-0.03296240046620369,0.5962967276573181,0.5725498795509338,-0.043090637773275375,0.5926027894020081,0.5301592350006104,-0.0491621270775795,0.6319900155067444,0.7073109745979309,-0.029576493427157402,0.6419934630393982,0.6565442681312561,-0.038113076239824295,0.6506861448287964,0.6227118372917175,-0.03944395110011101,0.6573432683944702,0.5912198424339294,-0.03958933427929878
0.5989722013473511,0.9351378679275513,1.94905638295495e-07,0.5370264649391174,0.9234074950218201,-0.022534001618623734,0.4761545658111572,0.864883303642273,-0.03860998526215553,0.4372698664665222,0.8072226047515869,-0.05563526600599289,0.4377971887588501,0.7474255561828613,-0.06887587159872055,0.4816528558731079,0.7220004796981812,-0.009550275281071663,0.4426506459712982,0.6382647156715393,-0.04990662261843681,0.4378329813480377,0.6685664057731628,-0.08054391294717789,0.4434804916381836,0.7132198810577393,-0.09424439072608948,0.5227722525596619,0.6882087588310242,-0.015448352321982384,0.4941641688346863,0.5758097767829895,-0.03548559546470642,0.48181843757629395,0.5108044147491455,-0.05001391842961311,0.4714713990688324,0.4541584849357605,-0.059011951088905334,0.5696138143539429,0.6847475171089172,-0.02889101766049862,0.5608264803886414,0.5756892561912537,-0.04971412196755409,0.5578439235687256,0.5068349838256836,-0.06028328090906143,0.5524677038192749,0.4444868564605713,-0.06586360931396484,0.6173011660575867,0.7065653800964355,-0.04492531716823578,0.6261956095695496,0.6251522898674011,-0.05946782976388931,0.6355225443840027,0.5705297589302063,-0.06041722744703293,0.6422303915023804,0.5190859436988831,-0.05926019325852394
0.5929665565490723,1.009545922279358,2.0365941111322172e-07,0.507116973400116,0.9738137722015381,-0.037456028163433075,0.4307834506034851,0.8983654975891113,-0.06759904325008392,0.3787309527397156,0.820955216884613,-0.09945390373468399,0.3714849352836609,0.7287991642951965,-0.1265573352575302,0.45216381549835205,0.7009989619255066,-0.019878052175045013,0.40122026205062866,0.5846154093742371,-0.0779036432504654,0.37423190474510193,0.6270410418510437,-0.12195565551519394,0.36700737476348877,0.6892037391662598,-0.1431746780872345,0.5094942450523376,0.658878743648529,-0.028290484100580215,0.4684934914112091,0.5063657760620117,-0.059052545577287674,0.4439500570297241,0.4133637249469757,-0.08187657594680786,0.42357540130615234,0.3272209167480469,-0.0969805121421814,0.5743014812469482,0.658905029296875,-0.04755699634552002,0.5689781904220581,0.5072941184043884,-0.08017191290855408,0.5665913820266724,0.4056227505207062,-0.09625586867332458,0.5583663582801819,0.31295546889305115,-0.10524022579193115,0.6393989324569702,0.6954615116119385,-0.07072770595550537,0.6584380865097046,0.5820541977882385,-0.09643509238958359,0.6718724966049194,0.501971960067749,-0.09938108175992966,0.680914580821991,0.42610782384872437,-0.0984925851225853
0.6275813579559326,0.9473480582237244,2.9483911134775553e-07,0.5506379008293152,0.9137546420097351,-0.0374201275408268,0.4863692820072174,0.839500367641449,-0.06438882648944855,0.44416505098342896,0.7658462524414062,-0.09228422492742538,0.44737210869789124,0.6866562366485596,-0.1163417175412178,0.5026118159294128,0.6680737733840942,-0.01769883744418621,0.46776390075683594,0.5641487240791321,-0.07107304036617279,0.4622172713279724,0.5822691321372986,-0.11299362778663635,0.47071272134780884,0.621079683303833,-0.1339288353919983,0.5566312670707703,0.628805935382843,-0.023974474519491196,0.530087947845459,0.4853522777557373,-0.050391919910907745,0.5187010169029236,0.3992730975151062,-0.07371687889099121,0.5098084807395935,0.3211789131164551,-0.09082791954278946,0.6162928342819214,0.6302124261856079,-0.04068780317902565,0.6266542077064514,0.49510443210601807,-0.06994370371103287,0.6348278522491455,0.4055967330932617,-0.08898592740297318,0.6353636980056763,0.3218909502029419,-0.10142846405506134,0.6732214689254761,0.6667369604110718,-0.06131395697593689,0.6997755169868469,0.5709537863731384,-0.08373112976551056,0.720458984375,0.5043001174926758,-0.08854127675294876,0.7354453802108765,0.440582275390625,-0.09086168557405472
0.6436960101127625,0.8082705736160278,2.4472845439049706e-07,0.5884495377540588,0.7821035385131836,-0.019664593040943146,0.5435978770256042,0.7259747982025146,-0.034689582884311676,0.5143239498138428,0.6711299419403076,-0.051396626979112625,0.5271124243736267,0.6271533370018005,-0.0661974623799324,0.5546401739120483,0.6136385202407837,-0.0020648539066314697,0.5283563137054443,0.5464946031570435,-0.0332535021007061,0.5235992670059204,0.5501725077629089,-0.05915165692567825,0.5294406414031982,0.5684654116630554,-0.07254991680383682,0.5908075571060181,0.5865284204483032,-0.008232890628278255,0.5755658149719238,0.48570549488067627,-0.023242907598614693,0.5714648962020874,0.4260493516921997,-0.03683250769972801,0.5712675452232361,0.37591540813446045,-0.0466768853366375,0.6301783323287964,0.5869630575180054,-0.021056536585092545,0.6295110583305359,0.4954652190208435,-0.037156276404857635,0.6311674118041992,0.4358074367046356,-0.047659095376729965,0.6303260326385498,0.38064637780189514,-0.05479717627167702,0.6693618893623352,0.6097594499588013,-0.0364203043282032,0.6778309941291809,0.5443627834320068,-0.04602324590086937,0.6865448951721191,0.5020027756690979,-0.04628393054008484,0.692592442035675,0.46152031421661377,-0.046765051782131195
0.6402587890625,0.7948299646377563,1.8267873258537293e-07,0.5910628437995911,0.7739317417144775,-0.01759514957666397,0.5506702065467834,0.7196422219276428,-0.029998885467648506,0.5234463214874268,0.6695827841758728,-0.04413321986794472,0.5355431437492371,0.6306362748146057,-0.055703114718198776,0.5607719421386719,0.6235047578811646,0.0016427147202193737,0.5367236137390137,0.55693519115448,-0.02773430570960045,0.5339034795761108,0.5675599575042725,-0.051369309425354004,0.5410667061805725,0.595609724521637,-0.06214243173599243,0.591961145401001,0.600467324256897,-0.002071026712656021,0.5783975720405579,0.514820396900177,-0.013398862443864346,0.5731977224349976,0.4633541703224182,-0.023705998435616493,0.5708870887756348,0.4208914041519165,-0.03088068775832653,0.625531017780304,0.6011209487915039,-0.012335136532783508,0.623687744140625,0.5248052477836609,-0.022883448749780655,0.6229783296585083,0.47313836216926575,-0.028673822060227394,0.6201019287109375,0.4266340434551239,-0.03266220912337303,0.6582179665565491,0.6202824711799622,-0.025354841724038124,0.662138819694519,0.5667856931686401,-0.03048769384622574,0.6660181879997253,0.5318015813827515,-0.028276117518544197,0.6681311130523682,0.4983484447002411,-0.026698259636759758
0.6481475234031677,0.7949364185333252,1.6230885080403823e-07,0.6018187999725342,0.7743369340896606,-0.01641251891851425,0.5635223984718323,0.7225601077079773,-0.027980120852589607,0.5375500917434692,0.6770613193511963,-0.041090309619903564,0.5467818379402161,0.6384046673774719,-0.05224296823143959,0.5741640329360962,0.6283177137374878,-0.00043049504165537655,0.5522383451461792,0.5650604367256165,-0.02859451062977314,0.5493258237838745,0.5752582550048828,-0.05129308998584747,0.5556801557540894,0.6013235449790955,-0.06186600401997566,0.6052412390708923,0.6070312857627869,-0.004647058434784412,0.5943217277526855,0.5238535404205322,-0.016398368403315544,0.5903806090354919,0.47498366236686707,-0.027352849021553993,0.5887439846992493,0.4342954158782959,-0.034972481429576874,0.6379339098930359,0.6085515022277832,-0.014831907115876675,0.6380454897880554,0.5326676964759827,-0.027095265686511993,0.6379214525222778,0.4822855591773987,-0.035056158900260925,0.6357430815696716,0.4363042116165161,-0.04028891772031784,0.6693786978721619,0.6281710863113403,-0.027243833988904953,0.6764222979545593,0.5749229192733765,-0.03531530871987343,0.6828638315200806,0.5396785736083984,-0.035552460700273514,0.6874746084213257,0.5059764385223389,-0.035323020070791245
