0.12497863918542862,0.7403452396392822,1.8743887153505057e-07,0.16907863318920135,0.7055433392524719,0.005056309513747692,0.18056246638298035,0.6567440629005432,0.006853160448372364,0.1831217259168625,0.6234681606292725,0.004356846213340759,0.18878118693828583,0.5988885164260864,0.0010191189358010888,0.15671342611312866,0.6130430698394775,0.006753222551196814,0.17911496758460999,0.5589404106140137,-0.004648417234420776,0.19258788228034973,0.5178892612457275,-0.014493455179035664,0.2021787166595459,0.4839995503425598,-0.021779179573059082,0.15177932381629944,0.6155316829681396,-0.004803013522177935,0.178412526845932,0.5546433925628662,-0.01725631207227707,0.193475604057312,0.5119408965110779,-0.028259554877877235,0.20534932613372803,0.4723847210407257,-0.03537282347679138,0.1553608477115631,0.6266220211982727,-0.017212726175785065,0.18221831321716309,0.5677090287208557,-0.02858368679881096,0.1964733600616455,0.5285423398017883,-0.0368502102792263,0.2071293294429779,0.4942551851272583,-0.04169587045907974,0.16745240986347198,0.6448330879211426,-0.029854072257876396,0.18639767169952393,0.603736937046051,-0.03800575062632561,0.19644753634929657,0.5736573934555054,-0.04206087067723274,0.2054993212223053,0.5473699569702148,-0.04464155435562134
0.13553667068481445,0.7173746228218079,1.0594551724807388e-07,0.17133142054080963,0.6903269290924072,0.0017282927874475718,0.18306337296962738,0.6468440294265747,-0.0009872795781120658,0.18690387904644012,0.6164674162864685,-0.007241684012115002,0.19179104268550873,0.592318058013916,-0.014409167692065239,0.16041360795497894,0.5982257127761841,-0.0021465886384248734,0.1836065798997879,0.5422399640083313,-0.01618925854563713,0.1970677375793457,0.5082622170448303,-0.027097031474113464,0.2059478610754013,0.4806804358959198,-0.034591954201459885,0.1545444130897522,0.6016120910644531,-0.013526137918233871,0.18158389627933502,0.5397516489028931,-0.02848351188004017,0.19680166244506836,0.5008136630058289,-0.03967243432998657,0.20856143534183502,0.4655202031135559,-0.04647710919380188,0.15721538662910461,0.6136022210121155,-0.025765100494027138,0.18359540402889252,0.5531554222106934,-0.03931894153356552,0.19699813425540924,0.5156225562095642,-0.04784444347023964,0.20730745792388916,0.48354196548461914,-0.05273124575614929,0.169030100107193,0.633148193359375,-0.03819556534290314,0.18697652220726013,0.5949475169181824,-0.04800020530819893,0.19621741771697998,0.5672848224639893,-0.05155688896775246,0.20440571010112762,0.543421745300293,-0.05360853299498558
0.12170127034187317,0.7399834990501404,2.0841748948896566e-07,0.1646113395690918,0.7054117918014526,0.004406262189149857,0.17582641541957855,0.6556717157363892,0.006408026907593012,0.17721740901470184,0.6218802332878113,0.004159804433584213,0.18265937268733978,0.596077024936676,0.000942523533012718,0.1539066731929779,0.6136611104011536,0.006331922020763159,0.17618466913700104,0.5582389831542969,-0.005564897321164608,0.19004182517528534,0.5159832239151001,-0.015679072588682175,0.19951131939888,0.4810333549976349,-0.023013191297650337,0.14893589913845062,0.6163026690483093,-0.005199950188398361,0.17523141205310822,0.5545202493667603,-0.01830904744565487,0.19050702452659607,0.5100656747817993,-0.029922351241111755,0.20232237875461578,0.4689275622367859,-0.037254299968481064,0.15224072337150574,0.6272718906402588,-0.01767802983522415,0.1782872974872589,0.5671971440315247,-0.03002976067364216,0.19250696897506714,0.5262236595153809,-0.039177872240543365,0.2030820995569229,0.49003809690475464,-0.04434610530734062,0.16395814716815948,0.6456196904182434,-0.030382396653294563,0.18295559287071228,0.6038877964019775,-0.03959747031331062,0.19328799843788147,0.5732665061950684,-0.04426517337560654,0.20237648487091064,0.5462945699691772,-0.04706733301281929
0.2718568742275238,0.7652111649513245,1.26153608448476e-07,0.2396739274263382,0.7168325185775757,-0.0012196055613458157,0.239715576171875,0.6650385856628418,-0.0036105357576161623,0.24662968516349792,0.6252683997154236,-0.00747615797445178,0.25061577558517456,0.594790518283844,-0.011812131851911545,0.2698240876197815,0.6320141553878784,-0.0002924577856902033,0.2581595182418823,0.575648844242096,-0.011576167307794094,0.2495143711566925,0.5335986614227295,-0.02187511883676052,0.2433238923549652,0.4979606866836548,-0.02953232266008854,0.27455466985702515,0.6338633298873901,-0.007428993005305529,0.25865447521209717,0.5687483549118042,-0.017655709758400917,0.24954082071781158,0.5249687433242798,-0.02646915428340435,0.24398021399974823,0.48493480682373047,-0.03307729586958885,0.2711839973926544,0.640629231929779,-0.015651263296604156,0.2565871477127075,0.5783321261405945,-0.025009803473949432,0.2485879361629486,0.5359010100364685,-0.0310557521879673,0.24416588246822357,0.5000248551368713,-0.03542185574769974,0.2602713704109192,0.6506934762001038,-0.024474352598190308,0.2528976798057556,0.6038987636566162,-0.03180880472064018,0.24840092658996582,0.5728676319122314,-0.035072050988674164,0.24503259360790253,0.5453365445137024,-0.03760557621717453
0.2702968716621399,0.7589645981788635,1.3133976040080597e-07,0.24120792746543884,0.7141305804252625,-0.0029010777361691,0.24267986416816711,0.662900447845459,-0.0060653965920209885,0.25042614340782166,0.621944010257721,-0.010032065212726593,0.25420287251472473,0.5917744040489197,-0.014298965223133564,0.2713654935359955,0.6295973658561707,-0.0042223199270665646,0.2605043649673462,0.5739174485206604,-0.016057178378105164,0.2512420415878296,0.5317832231521606,-0.026357131078839302,0.2445620447397232,0.49646490812301636,-0.033784519881010056,0.27503013610839844,0.6311113834381104,-0.01030236016958952,0.259284645318985,0.5677138566970825,-0.020829742774367332,0.2500133216381073,0.5240803360939026,-0.028990965336561203,0.24457931518554688,0.4846367835998535,-0.03495471552014351,0.2710961699485779,0.6376222968101501,-0.017345475032925606,0.2564307451248169,0.5762202739715576,-0.026979316025972366,0.24848848581314087,0.5343986749649048,-0.03221037611365318,0.2443985790014267,0.49989816546440125,-0.0357867106795311,0.26035577058792114,0.6474091410636902,-0.02506076544523239,0.25267523527145386,0.6004361510276794,-0.03256070241332054,0.24852244555950165,0.5696792006492615,-0.03534659370779991,0.24586209654808044,0.5428105592727661,-0.037291496992111206
0.13035878539085388,0.7347588539123535,2.1855743170817732e-07,0.1670590490102768,0.7034866809844971,0.002739452524110675,0.1773717850446701,0.658527135848999,0.004184248391538858,0.1798684298992157,0.6276443004608154,0.0018384450813755393,0.18494608998298645,0.6038053035736084,-0.0011866389540955424,0.1577824056148529,0.612602949142456,0.007099457085132599,0.1767207533121109,0.5598229169845581,-0.00404572207480669,0.18990230560302734,0.5181782841682434,-0.014434659853577614,0.19919520616531372,0.4831269383430481,-0.021878328174352646,0.15423090755939484,0.6135199666023254,-0.002832811325788498,0.1753789186477661,0.5552505254745483,-0.014066933654248714,0.18961669504642487,0.5126021504402161,-0.024927549064159393,0.20120903849601746,0.4731064438819885,-0.0318540595471859,0.1577562689781189,0.6219704747200012,-0.013795633800327778,0.17960426211357117,0.5640555024147034,-0.024254698306322098,0.1926162987947464,0.5237494111061096,-0.032173678278923035,0.2024465799331665,0.48921579122543335,-0.03648129850625992,0.16878823935985565,0.6381287574768066,-0.025233035907149315,0.18498975038528442,0.5973577499389648,-0.03274129331111908,0.1937495321035385,0.567471444606781,-0.035930782556533813,0.2013484239578247,0.54233717918396,-0.03741712495684624
0.13741956651210785,0.7439447641372681,1.668555995593124e-07,0.17954175174236298,0.7117684483528137,0.004503055475652218,0.19163964688777924,0.6621783971786499,0.006832398474216461,0.19632652401924133,0.6285544037818909,0.005236695520579815,0.20494580268859863,0.6062033176422119,0.003001913893967867,0.16686391830444336,0.6198780536651611,0.007861229591071606,0.1865260899066925,0.5690531134605408,-0.0016416538273915648,0.2003711313009262,0.5321976542472839,-0.010526858270168304,0.21037964522838593,0.5026682615280151,-0.01704982854425907,0.16216470301151276,0.6223638653755188,-0.0023516439832746983,0.18433120846748352,0.5665127635002136,-0.012603568844497204,0.19993096590042114,0.5283646583557129,-0.02233102172613144,0.2125529646873474,0.4936818480491638,-0.02862619236111641,0.16531406342983246,0.6325200200080872,-0.013423310592770576,0.188246488571167,0.5767015218734741,-0.023238757625222206,0.20264336466789246,0.5397759675979614,-0.030575457960367203,0.21395623683929443,0.5087312459945679,-0.03469178080558777,0.17641669511795044,0.6488602161407471,-0.024743439629673958,0.1942475587129593,0.6084350347518921,-0.03158385306596756,0.20474272966384888,0.5786866545677185,-0.03484678268432617,0.21401235461235046,0.5542530417442322,-0.03674633428454399
0.18651089072227478,0.7445749044418335,1.428518743296081e-07,0.21402813494205475,0.7109226584434509,-0.0007468644762411714,0.2259265035390854,0.6562509536743164,-0.00013406026118900627,0.23152759671211243,0.6151131391525269,-0.0020887921564280987,0.23790454864501953,0.5864667892456055,-0.004496158100664616,0.21924804151058197,0.6165878176689148,0.0038424439262598753,0.23374497890472412,0.5609768629074097,-0.007553339470177889,0.2429434061050415,0.5171700716018677,-0.018451109528541565,0.24796390533447266,0.4814261198043823,-0.026167308911681175,0.21656957268714905,0.6167827844619751,-0.004491529427468777,0.23050792515277863,0.5580781698226929,-0.015779104083776474,0.23937349021434784,0.5108379125595093,-0.02704964019358158,0.24581068754196167,0.467123419046402,-0.03438946604728699,0.2162022441625595,0.6230917572975159,-0.014010965824127197,0.23110130429267883,0.5656322836875916,-0.02472805790603161,0.23996248841285706,0.5239191055297852,-0.03225637227296829,0.24619509279727936,0.48689013719558716,-0.03652195632457733,0.21820400655269623,0.6364954710006714,-0.02423270419239998,0.2280968278646469,0.5958737134933472,-0.03247129172086716,0.23467232286930084,0.5667784214019775,-0.03528570011258125,0.24125346541404724,0.5430817604064941,-0.03651503100991249
0.24656301736831665,0.7475099563598633,5.18983291897257e-08,0.26742076873779297,0.709587812423706,-0.00011652246030280367,0.27780088782310486,0.6517369151115417,-0.001051626168191433,0.2847372591495514,0.6095271110534668,-0.0045950268395245075,0.29025548696517944,0.5787164568901062,-0.008557651191949844,0.27080848813056946,0.6173022985458374,-0.0005149194039404392,0.2855696380138397,0.558193564414978,-0.013517794199287891,0.2946414053440094,0.5179845094680786,-0.024148505181074142,0.30041831731796265,0.4863661527633667,-0.031590964645147324,0.26907312870025635,0.6203452944755554,-0.010073690675199032,0.28591760993003845,0.5586725473403931,-0.02316095679998398,0.29612940549850464,0.5157582759857178,-0.03399002552032471,0.3042752146720886,0.4775835871696472,-0.040943291038274765,0.2707003057003021,0.6303430795669556,-0.0207119882106781,0.28760427236557007,0.5694989562034607,-0.033128608018159866,0.2976684272289276,0.5293028354644775,-0.040857259184122086,0.3057606816291809,0.49452364444732666,-0.04542123153805733,0.27607017755508423,0.6473334431648254,-0.03178562596440315,0.28847891092300415,0.6073440909385681,-0.04166843369603157,0.2952733039855957,0.5785374641418457,-0.045290399342775345,0.301596999168396,0.5538697838783264,-0.047307830303907394
0.26834988594055176,0.7589262127876282,1.8769968335163867e-07,0.30111879110336304,0.7192705273628235,0.0017481750110164285,0.3084316849708557,0.6664569973945618,0.0027330289594829082,0.309378445148468,0.6292552351951599,0.00019467846141196787,0.31397974491119385,0.6021679639816284,-0.002816249383613467,0.2907749116420746,0.6313403248786926,0.004916708450764418,0.3059368431568146,0.5748245716094971,-0.007072080858051777,0.3171771764755249,0.5309960842132568,-0.0179328341037035,0.3247586488723755,0.494124174118042,-0.025450674816966057,0.28705400228500366,0.6333624124526978,-0.004982555750757456,0.3043955862522125,0.5726742744445801,-0.016667962074279785,0.31644487380981445,0.5259642004966736,-0.0273840744048357,0.32601651549339294,0.48235487937927246,-0.03433331474661827,0.2893020808696747,0.6417801976203918,-0.015984714031219482,0.3075072765350342,0.582865297794342,-0.0262301005423069,0.31861624121665955,0.5406546592712402,-0.03358147293329239,0.3268621563911438,0.5038913488388062,-0.037717413157224655,0.2981639802455902,0.6560045480728149,-0.027679957449436188,0.31099933385849,0.6118848323822021,-0.03443862497806549,0.31875330209732056,0.5806785821914673,-0.03688906133174896,0.32563039660453796,0.55538010597229,-0.038135234266519547
0.43807247281074524,0.7667442560195923,1.8103165189131687e-07,0.41398847103118896,0.7248407006263733,-0.003496131394058466,0.4102102816104889,0.6713681817054749,-0.005916208028793335,0.4125436842441559,0.6286330819129944,-0.00922348815947771,0.4123435914516449,0.5981203317642212,-0.012713689357042313,0.4266006052494049,0.6480372548103333,-0.0047203791327774525,0.41628217697143555,0.5918974280357361,-0.017536120489239693,0.40518873929977417,0.5466429591178894,-0.02838604524731636,0.39546728134155273,0.5090386867523193,-0.03589705377817154,0.4276685118675232,0.6491826176643372,-0.0109083978459239,0.41468334197998047,0.5881168246269226,-0.022832097485661507,0.40470319986343384,0.5413181781768799,-0.032752539962530136,0.3964739441871643,0.49790576100349426,-0.0395570769906044,0.42559367418289185,0.6541626453399658,-0.017902767285704613,0.41429346799850464,0.596997857093811,-0.028376540169119835,0.40596604347229004,0.5543177723884583,-0.034121353179216385,0.39922383427619934,0.5174379348754883,-0.03758213296532631,0.42045482993125916,0.6628587245941162,-0.02565681003034115,0.4130600392818451,0.6190667748451233,-0.03316556662321091,0.4083743989467621,0.5903042554855347,-0.03520827367901802,0.404451847076416,0.56514972448349,-0.03632955998182297
0.3386024832725525,0.7581943869590759,6.646001793342293e-08,0.36553439497947693,0.7213831543922424,-0.0009195837774313986,0.37239304184913635,0.6692535877227783,-0.0032716060522943735,0.37377968430519104,0.6317705512046814,-0.008535563014447689,0.37684494256973267,0.6040046811103821,-0.014085248112678528,0.3589589297771454,0.6242445111274719,-0.0006494473200291395,0.3742738366127014,0.5622059106826782,-0.014021641574800014,0.383529394865036,0.5219578146934509,-0.025428790599107742,0.38839173316955566,0.490926593542099,-0.033056773245334625,0.35540515184402466,0.6272358298301697,-0.010066509246826172,0.37212833762168884,0.563235342502594,-0.02296954020857811,0.3819904327392578,0.5198659896850586,-0.03343877196311951,0.38876357674598694,0.4818788170814514,-0.04013708606362343,0.3570599853992462,0.6360652446746826,-0.020857784897089005,0.37432852387428284,0.5737481713294983,-0.031932517886161804,0.3836868405342102,0.5318711400032043,-0.03907698765397072,0.3903799057006836,0.49697983264923096,-0.043473247438669205,0.3641755282878876,0.6518968939781189,-0.03243407607078552,0.3756874203681946,0.6100217700004578,-0.040031980723142624,0.38062894344329834,0.5806429386138916,-0.04223669320344925,0.38418349623680115,0.5568926334381104,-0.04340676963329315
0.5016894936561584,0.7611422538757324,1.3577910351614264e-07,0.49440550804138184,0.7086687684059143,0.0025239428505301476,0.48571550846099854,0.6569566130638123,0.002471713814884424,0.4755084216594696,0.6170424818992615,0.00019323149172123522,0.4674798250198364,0.5872824192047119,-0.0025110768619924784,0.4932940900325775,0.6430580615997314,-0.0006331626791507006,0.4751133918762207,0.5879626870155334,-0.012687930837273598,0.4615297019481659,0.5435923933982849,-0.02239161543548107,0.4496680200099945,0.5068495869636536,-0.02896183542907238,0.489370197057724,0.6451388597488403,-0.009290528483688831,0.46890491247177124,0.5834737420082092,-0.02051825262606144,0.45606160163879395,0.5361425280570984,-0.02918822504580021,0.4459788203239441,0.49387431144714355,-0.03521173447370529,0.4818381667137146,0.6507329344749451,-0.018292967230081558,0.46542876958847046,0.5912108421325684,-0.02833705022931099,0.45591434836387634,0.5475887060165405,-0.034227706491947174,0.4489952623844147,0.5113610029220581,-0.03768385201692581,0.4716905653476715,0.6598711013793945,-0.027333807200193405,0.4628991186618805,0.6138909459114075,-0.03503411263227463,0.45761898159980774,0.5823384523391724,-0.03769269958138466,0.4534803032875061,0.556511640548706,-0.03910937160253525
0.5413953065872192,0.7627058625221252,1.683168022736936e-07,0.516478419303894,0.7262519598007202,-0.004164061509072781,0.5097273588180542,0.6734444499015808,-0.00634337030351162,0.5094876289367676,0.6310357451438904,-0.009143619798123837,0.50833660364151,0.6008148193359375,-0.01180180162191391,0.5261326432228088,0.6422660946846008,-0.004273517522960901,0.5130000710487366,0.5860224962234497,-0.01607908494770527,0.5012906193733215,0.5420250296592712,-0.02582409977912903,0.4909566640853882,0.5066217184066772,-0.032415345311164856,0.5269674062728882,0.6417096257209778,-0.009720450267195702,0.5121551156044006,0.580778181552887,-0.02099011465907097,0.5015080571174622,0.5352533459663391,-0.030017103999853134,0.492143452167511,0.493654727935791,-0.03590630739927292,0.5244009494781494,0.6448768377304077,-0.016103118658065796,0.5104821920394897,0.5884053111076355,-0.025779208168387413,0.500465989112854,0.5470872521400452,-0.030898461118340492,0.4924577474594116,0.5116133093833923,-0.033792074769735336,0.5183388590812683,0.65165776014328,-0.023359062150120735,0.5078665018081665,0.6077972054481506,-0.02984643541276455,0.5015617609024048,0.5797619819641113,-0.03134200721979141,0.4965935945510864,0.5559462308883667,-0.03197009488940239
0.5528598427772522,0.7609440088272095,1.1366983443394929e-07,0.5299709439277649,0.7245578765869141,-0.003702986054122448,0.5248335003852844,0.6736724972724915,-0.005742667708545923,0.5253925323486328,0.63120037317276,-0.008402779698371887,0.5230696201324463,0.6006214618682861,-0.010956947691738605,0.542514979839325,0.6397636532783508,-0.0039858464151620865,0.5265790820121765,0.5835950374603271,-0.015917999669909477,0.5116280317306519,0.5399385690689087,-0.025754442438483238,0.49851393699645996,0.5049984455108643,-0.03259456902742386,0.5428985953330994,0.6393243074417114,-0.009839112870395184,0.5228548049926758,0.5778300166130066,-0.021453017368912697,0.5073497891426086,0.5323513150215149,-0.03102765418589115,0.4940231144428253,0.49105292558670044,-0.0375383198261261,0.5388784408569336,0.6432859301567078,-0.016527874395251274,0.5223756432533264,0.5855668783187866,-0.02697891555726528,0.509330153465271,0.5446286201477051,-0.033474404364824295,0.49848294258117676,0.509852945804596,-0.03747949004173279,0.5311796069145203,0.6513799428939819,-0.023881977424025536,0.5205228328704834,0.6081156730651855,-0.03176172822713852,0.5133594274520874,0.5803765058517456,-0.03462591394782066,0.507629930973053,0.556826651096344,-0.036221664398908615
0.5867751836776733,0.7574332356452942,1.1877018835093622e-07,0.5677080154418945,0.7111039757728577,0.0008300845511257648,0.5632233023643494,0.6589450240135193,-9.7094152806676e-06,0.5619752407073975,0.6186990141868591,-0.0023876484483480453,0.5576165318489075,0.5903499722480774,-0.005154772661626339,0.5793715119361877,0.6337627172470093,-0.0011788957053795457,0.5604140162467957,0.580360472202301,-0.012572310864925385,0.5462096333503723,0.5383282899856567,-0.02201366052031517,0.5350860357284546,0.5041584372520447,-0.028454197570681572,0.5788053274154663,0.6366498470306396,-0.008817886002361774,0.5560641288757324,0.575644850730896,-0.019177144393324852,0.5424066781997681,0.5323174595832825,-0.027262868359684944,0.5326609015464783,0.4941774010658264,-0.033008553087711334,0.5728606581687927,0.6440308690071106,-0.017028341069817543,0.5531278848648071,0.5855375528335571,-0.026136580854654312,0.5417980551719666,0.5456399321556091,-0.03123917616903782,0.5344347953796387,0.5119513869285583,-0.034572526812553406,0.5628438591957092,0.6553789377212524,-0.025531236082315445,0.5510673522949219,0.6112897396087646,-0.03236168995499611,0.5448125600814819,0.5824538469314575,-0.034553226083517075,0.5400060415267944,0.5576168894767761,-0.03597668185830116
0.5933904051780701,0.7655224204063416,1.1134630995002226e-07,0.5651656985282898,0.7202448844909668,-0.0024233043659478426,0.5623719692230225,0.6672317385673523,-0.004826203919947147,0.5647276043891907,0.6236417293548584,-0.008423203602433205,0.5627491474151611,0.5922152400016785,-0.012071332894265652,0.5859848856925964,0.6391934156417847,-0.0028426956851035357,0.5673094987869263,0.5851027965545654,-0.015435930341482162,0.5514626502990723,0.5437251925468445,-0.025979816913604736,0.5385309457778931,0.509615421295166,-0.03326712176203728,0.5877521634101868,0.6415751576423645,-0.00949077494442463,0.5646004676818848,0.5808267593383789,-0.021413804963231087,0.5491939783096313,0.53789883852005,-0.030416397377848625,0.5369647741317749,0.4993765354156494,-0.036660920828580856,0.5837432742118835,0.6478328108787537,-0.017130320891737938,0.5631430745124817,0.5895726084709167,-0.027657972648739815,0.5499955415725708,0.5497206449508667,-0.0327138714492321,0.5406306385993958,0.5167145729064941,-0.035730473697185516,0.5745012164115906,0.6575173735618591,-0.02548849768936634,0.5611377954483032,0.6118258237838745,-0.03310931473970413,0.5534744262695312,0.5826517343521118,-0.03525734320282936,0.5474938154220581,0.5577450394630432,-0.03647143021225929
0.596181333065033,0.7510489821434021,1.4471602582943888e-07,0.5641525983810425,0.7113754749298096,-0.0009558852179907262,0.5598333477973938,0.6596534252166748,-0.0028533274307847023,0.5625820159912109,0.617246150970459,-0.005830076523125172,0.5610183477401733,0.5866985321044922,-0.00933985598385334,0.5841564536094666,0.6228612661361694,-0.002727557672187686,0.5656778812408447,0.5680864453315735,-0.013654591515660286,0.5517244338989258,0.527034342288971,-0.023033997043967247,0.5410774946212769,0.49267125129699707,-0.029902823269367218,0.5875802636146545,0.6239084601402283,-0.009516133926808834,0.5642080307006836,0.5609844326972961,-0.019452586770057678,0.550410270690918,0.5188742876052856,-0.027577631175518036,0.5409221053123474,0.48055216670036316,-0.03365116938948631,0.5839606523513794,0.6320444345474243,-0.01708114892244339,0.5630925893783569,0.5718238353729248,-0.026370322331786156,0.5510557889938354,0.5326024889945984,-0.032503414899110794,0.5431997776031494,0.49862203001976013,-0.03705955669283867,0.5748513340950012,0.644915759563446,-0.025022445246577263,0.5628108382225037,0.6016165614128113,-0.032513052225112915,0.5556154847145081,0.5742709040641785,-0.03593919798731804,0.5498793125152588,0.5494582653045654,-0.03864939510822296
0.5952301025390625,0.7611513733863831,1.700581293562209e-07,0.5626316666603088,0.7207762598991394,-0.0021407075691968203,0.5581799745559692,0.6656153202056885,-0.0038273034151643515,0.5604000687599182,0.6213048100471497,-0.006648349575698376,0.5590773224830627,0.5887748003005981,-0.00976263266056776,0.5776673555374146,0.6303573846817017,-0.0013552481541410089,0.5634748339653015,0.5751414895057678,-0.01252699550241232,0.5515725612640381,0.5331525802612305,-0.022620534524321556,0.541993260383606,0.4971783459186554,-0.029969561845064163,0.5818831324577332,0.6301688551902771,-0.007580576930195093,0.5625315308570862,0.5689256191253662,-0.017607400193810463,0.5495588779449463,0.52545166015625,-0.026384668424725533,0.5399290323257446,0.4847325086593628,-0.03282279148697853,0.5805515646934509,0.6362267732620239,-0.014805854298174381,0.5626396536827087,0.5783947110176086,-0.023665381595492363,0.5510781407356262,0.5387584567070007,-0.029422307386994362,0.5429255366325378,0.5040172338485718,-0.03367273136973381,0.573826789855957,0.6473680734634399,-0.022744299843907356,0.5619274973869324,0.6051693558692932,-0.029116978868842125,0.554964005947113,0.5782888531684875,-0.03151354193687439,0.5494593381881714,0.5540590286254883,-0.03348778188228607
0.5957958102226257,0.7582882642745972,1.4797113578879362e-07,0.5626600980758667,0.7197217345237732,-0.0009514567791484296,0.5573770999908447,0.6647043228149414,-0.002334712538868189,0.5590694546699524,0.6224772930145264,-0.0050853886641561985,0.5576300621032715,0.591169536113739,-0.008069910109043121,0.5762263536453247,0.6255142092704773,-9.571538248565048e-05,0.5616680979728699,0.5726121664047241,-0.010586719959974289,0.5501720905303955,0.5330239534378052,-0.019913092255592346,0.54195636510849,0.4995158910751343,-0.02681327797472477,0.5801839232444763,0.6246897578239441,-0.00703458720818162,0.5597797632217407,0.5642227530479431,-0.016675623133778572,0.547961413860321,0.5223094820976257,-0.02471354603767395,0.540067732334137,0.4842448830604553,-0.03052709437906742,0.5793595910072327,0.6309372186660767,-0.014987574890255928,0.5603470206260681,0.5727759003639221,-0.023984482511878014,0.5496206283569336,0.5344746112823486,-0.029624639078974724,0.5426475405693054,0.501085638999939,-0.033754702657461166,0.5740452408790588,0.642838716506958,-0.023521587252616882,0.5621182322502136,0.6017206907272339,-0.030613839626312256,0.5548985004425049,0.5756431221961975,-0.033500026911497116,0.5492734909057617,0.5521290302276611,-0.035764507949352264
0.5954286456108093,0.7669782042503357,1.4363416767082526e-07,0.5634080171585083,0.726708173751831,-0.0016849550884217024,0.5582235455513,0.6725238561630249,-0.003554648719727993,0.5597438216209412,0.6303151249885559,-0.006824583746492863,0.5585139393806458,0.59965580701828,-0.010320218279957771,0.5783137679100037,0.6347947120666504,-0.0008003381663002074,0.5618280172348022,0.5807231664657593,-0.012780055403709412,0.5490909814834595,0.5402182936668396,-0.022850891575217247,0.540123701095581,0.5061025619506836,-0.030076075345277786,0.5823682546615601,0.635109007358551,-0.007852907292544842,0.56012362241745,0.5742764472961426,-0.019162584096193314,0.547713577747345,0.5323048233985901,-0.027954647317528725,0.5393403768539429,0.49419552087783813,-0.033978965133428574,0.5817757248878479,0.6423512697219849,-0.016054954379796982,0.5604034066200256,0.5831959247589111,-0.02660786733031273,0.5487707257270813,0.544691801071167,-0.032381411641836166,0.5412372350692749,0.5106992721557617,-0.036135099828243256,0.5767430663108826,0.6547960042953491,-0.024898918345570564,0.5634687542915344,0.6124868392944336,-0.033233266323804855,0.5560345649719238,0.5847868919372559,-0.036429114639759064,0.5503360033035278,0.5592194199562073,-0.038588300347328186
0.591848611831665,0.7538623809814453,1.9303290343941626e-07,0.5622239112854004,0.7103148698806763,-0.0014977044193074107,0.5579888820648193,0.6565418839454651,-0.003909005783498287,0.559211790561676,0.6131926774978638,-0.007575665600597858,0.5563387870788574,0.5823633670806885,-0.011679841205477715,0.5812496542930603,0.625422477722168,-0.0029647164046764374,0.5642443895339966,0.5694912672042847,-0.01540202647447586,0.549464225769043,0.525794506072998,-0.026153914630413055,0.537506103515625,0.48957228660583496,-0.03369023650884628,0.5828965306282043,0.6266266703605652,-0.010049588046967983,0.5611006021499634,0.562903881072998,-0.021057311445474625,0.5473292469978333,0.5174702405929565,-0.030341487377882004,0.5374839305877686,0.4773932695388794,-0.036905642598867416,0.5787202715873718,0.6346844434738159,-0.017869453877210617,0.559451162815094,0.5732038021087646,-0.027789060026407242,0.5477875471115112,0.5322114825248718,-0.033893436193466187,0.5400329828262329,0.4977618157863617,-0.03809761255979538,0.5699114203453064,0.6482748985290527,-0.02619001269340515,0.5592052340507507,0.6051758527755737,-0.03366571292281151,0.5520636439323425,0.5774117112159729,-0.03629427030682564,0.5464162230491638,0.5528945922851562,-0.03808837756514549
0.5916048288345337,0.7632669806480408,1.631766082255126e-07,0.5601163506507874,0.724384069442749,-0.003546216757968068,0.5550576448440552,0.6691412329673767,-0.0057752071879804134,0.5569959282875061,0.6254475712776184,-0.009185466915369034,0.5546131730079651,0.593026340007782,-0.01278318278491497,0.5727510452270508,0.634215235710144,-0.001489376532845199,0.5579701066017151,0.5784766674041748,-0.013836202211678028,0.5444255471229553,0.5360541343688965,-0.024489497765898705,0.5339434742927551,0.5007720589637756,-0.03198770806193352,0.5771840810775757,0.6341439485549927,-0.007767087779939175,0.5574096441268921,0.5727376341819763,-0.019025418907403946,0.5435689687728882,0.5285556316375732,-0.028334015980362892,0.5334805250167847,0.4883749186992645,-0.03473779559135437,0.5778250098228455,0.6408542990684509,-0.015369586646556854,0.5596404075622559,0.5821734070777893,-0.02579677104949951,0.5480057597160339,0.543156623840332,-0.03164103627204895,0.5400664806365967,0.5097312927246094,-0.03538050502538681,0.5746229290962219,0.6527592539787292,-0.023829979822039604,0.5623419880867004,0.6100361347198486,-0.031672317534685135,0.5550661683082581,0.5824735760688782,-0.03430663421750069,0.5496305823326111,0.5577215552330017,-0.03599802777171135
0.5919845700263977,0.7522983551025391,1.8791624256664363e-07,0.559820830821991,0.7104581594467163,-0.0017947127344086766,0.5553233623504639,0.6549167037010193,-0.0039043384604156017,0.5574804544448853,0.6099010109901428,-0.00699961930513382,0.5543603301048279,0.5774854421615601,-0.010352692566812038,0.5792385339736938,0.6247681379318237,-0.0026020254008471966,0.561995804309845,0.5685432553291321,-0.01416239608079195,0.5486249327659607,0.5255375504493713,-0.024313325062394142,0.538305938243866,0.48941391706466675,-0.03147458657622337,0.5820523500442505,0.626217782497406,-0.009100210852921009,0.5595566630363464,0.5632645487785339,-0.018981918692588806,0.5464673042297363,0.5185638666152954,-0.0274821650236845,0.5375173687934875,0.47803863883018494,-0.033808741718530655,0.5782960653305054,0.6330757141113281,-0.016445403918623924,0.5582432746887207,0.5731751918792725,-0.025112777948379517,0.5468152165412903,0.5321961641311646,-0.03030676580965519,0.5396082997322083,0.49745994806289673,-0.03417975828051567,0.569752037525177,0.6444377899169922,-0.024401551112532616,0.5573119521141052,0.5997265577316284,-0.030544061213731766,0.5505212545394897,0.5715077519416809,-0.032504867762327194,0.5452563166618347,0.5468094944953918,-0.034138262271881104
0.3142254948616028,0.8039263486862183,1.7017141829001048e-07,0.3515413701534271,0.7588446736335754,0.004058924037963152,0.3550978899002075,0.7078210115432739,0.0036066703032702208,0.3554418981075287,0.6736234426498413,-0.00037516027805395424,0.36039289832115173,0.6417739391326904,-0.005226738750934601,0.34032127261161804,0.6564465761184692,0.004145869053900242,0.3499799966812134,0.602096676826477,-0.007821951061487198,0.35622552037239075,0.5613812208175659,-0.018884925171732903,0.35924774408340454,0.5274014472961426,-0.027368411421775818,0.3331860899925232,0.661998987197876,-0.00811509508639574,0.34555259346961975,0.6015753149986267,-0.01893574930727482,0.35236382484436035,0.5569396018981934,-0.02994372509419918,0.3566202223300934,0.516878604888916,-0.03834094852209091,0.32855653762817383,0.6771239042282104,-0.021399719640612602,0.3448261022567749,0.6194062232971191,-0.033044736832380295,0.3534635305404663,0.5800156593322754,-0.04174762964248657,0.35894346237182617,0.5456259250640869,-0.04802780598402023,0.32843783497810364,0.7006914019584656,-0.034649815410375595,0.3448221683502197,0.6687030792236328,-0.04516754671931267,0.3537253737449646,0.6430784463882446,-0.049795545637607574,0.3606489300727844,0.6194537281990051,-0.05305099114775658
0.3136831521987915,0.794712245464325,1.292246025741406e-07,0.35099175572395325,0.7534211277961731,0.00569572951644659,0.3557164967060089,0.7020512819290161,0.006969748996198177,0.3565572500228882,0.6680121421813965,0.004172968678176403,0.3618100881576538,0.6381841897964478,0.0010408122325316072,0.34028059244155884,0.6515350937843323,0.010228008031845093,0.35051479935646057,0.5982589721679688,0.0009242226951755583,0.35590803623199463,0.5586021542549133,-0.008444388397037983,0.35778170824050903,0.5251733064651489,-0.015733208507299423,0.334037184715271,0.6533070206642151,-0.001543765189126134,0.34668999910354614,0.5944738388061523,-0.009921539574861526,0.35238009691238403,0.5514219999313354,-0.018489975482225418,0.3545994162559509,0.5133254528045654,-0.025098007172346115,0.33114248514175415,0.6622449159622192,-0.014557907357811928,0.346161425113678,0.6034216284751892,-0.022158388048410416,0.35150235891342163,0.5627625584602356,-0.027499273419380188,0.3532005548477173,0.5287685990333557,-0.031517792493104935,0.33335691690444946,0.6775323152542114,-0.027936914935708046,0.3460437059402466,0.6349189877510071,-0.03390452265739441,0.3505636155605316,0.6026320457458496,-0.03619196638464928,0.352887898683548,0.5750302672386169,-0.03795061260461807
0.4844684600830078,0.8106186389923096,2.1403603511771507e-07,0.4460848569869995,0.7628519535064697,0.0017393534071743488,0.4404975473880768,0.70378577709198,-0.000543203204870224,0.43869805335998535,0.6609020233154297,-0.004580577369779348,0.43113425374031067,0.6288776993751526,-0.009576667100191116,0.4670378863811493,0.6716010570526123,-0.0051449318416416645,0.45224034786224365,0.6118430495262146,-0.019299840554594994,0.4456096291542053,0.5676499009132385,-0.030972417443990707,0.4413629472255707,0.5293701887130737,-0.03932863101363182,0.4723767936229706,0.6752007007598877,-0.01487045083194971,0.45325249433517456,0.6059385538101196,-0.02758864127099514,0.44517505168914795,0.5585691928863525,-0.03762718662619591,0.4402594566345215,0.5143212080001831,-0.045133884996175766,0.4710758626461029,0.6861530542373657,-0.025009701028466225,0.4515306353569031,0.6187372207641602,-0.037290722131729126,0.44358062744140625,0.5752720832824707,-0.04424506798386574,0.43975141644477844,0.5363375544548035,-0.0491829477250576,0.46274247765541077,0.7023020386695862,-0.035174719989299774,0.4524465799331665,0.6571322083473206,-0.04605596512556076,0.4477255642414093,0.6265941858291626,-0.050804682075977325,0.44551369547843933,0.5984128713607788,-0.054391276091337204
0.4838590621948242,0.803480863571167,1.7969308885312785e-07,0.44513988494873047,0.753011167049408,0.0015919769648462534,0.44175639748573303,0.6968010067939758,-0.0002975138195324689,0.44249555468559265,0.6532648801803589,-0.003915972076356411,0.43740636110305786,0.6205064058303833,-0.008417717181146145,0.4697534441947937,0.6658613681793213,-0.0031096532475203276,0.4531761705875397,0.6056278347969055,-0.015661906450986862,0.44617098569869995,0.5633519887924194,-0.025885814800858498,0.4413723945617676,0.5263893604278564,-0.03339817002415657,0.4748908281326294,0.66998291015625,-0.01210022158920765,0.4539087414741516,0.6001972556114197,-0.023327259346842766,0.44619986414909363,0.5562778115272522,-0.03205914795398712,0.44141924381256104,0.5152406692504883,-0.03892620652914047,0.47261470556259155,0.6812714338302612,-0.02172725647687912,0.4521254897117615,0.6133277416229248,-0.0331914909183979,0.4449188709259033,0.5719844698905945,-0.03961699828505516,0.4415973424911499,0.5343513488769531,-0.0444197952747345,0.4626286029815674,0.6973865032196045,-0.03141142055392265,0.45171844959259033,0.6528772115707397,-0.04169526696205139,0.4477163255214691,0.6233524084091187,-0.04643769934773445,0.44568297266960144,0.5954704284667969,-0.05028650164604187
0.3190862536430359,0.8023361563682556,7.763430431850793e-08,0.3495664894580841,0.7660509943962097,0.001925565185956657,0.3541029095649719,0.7124773859977722,0.0034009942319244146,0.3571164011955261,0.6737863421440125,0.0014549531042575836,0.3640689551830292,0.6421957612037659,-0.00042607681825757027,0.34976357221603394,0.6610733866691589,0.012152754701673985,0.3549483120441437,0.6063871383666992,0.002866915427148342,0.359492689371109,0.5653272867202759,-0.0071114664897322655,0.36095932126045227,0.5306439995765686,-0.014724945649504662,0.34464898705482483,0.6588878035545349,0.002332378877326846,0.35062703490257263,0.6015563607215881,-0.006565609481185675,0.35534003376960754,0.5590219497680664,-0.015848198905587196,0.357684850692749,0.5201936960220337,-0.02242458611726761,0.33995264768600464,0.6608763337135315,-0.00939984992146492,0.34733617305755615,0.6040424704551697,-0.017346380278468132,0.35223424434661865,0.5649153590202332,-0.021979717537760735,0.3554578125476837,0.531545102596283,-0.024809783324599266,0.3380156457424164,0.6671715378761292,-0.02213110588490963,0.3442026376724243,0.6210848689079285,-0.028005847707390785,0.348522812128067,0.5884340405464172,-0.029598550871014595,0.35261720418930054,0.5612232685089111,-0.03045879304409027
0.3194199502468109,0.8039673566818237,1.8573366844520933e-07,0.35626062750816345,0.7579004168510437,0.003924183081835508,0.36046046018600464,0.7058258056640625,0.0034388538915663958,0.36287105083465576,0.6692324876785278,-0.0006204849923960865,0.36915528774261475,0.6381621360778809,-0.005670722108334303,0.34015464782714844,0.6598235964775085,0.0034616643097251654,0.3509514033794403,0.6063904166221619,-0.009157426655292511,0.3575552701950073,0.5645194053649902,-0.02062106877565384,0.36031070351600647,0.5294181108474731,-0.029392052441835403,0.33392098546028137,0.6659042239189148,-0.00895607378333807,0.3475959300994873,0.6064368486404419,-0.020685134455561638,0.3546557128429413,0.5610899925231934,-0.03210870921611786,0.35865768790245056,0.5190613865852356,-0.04061282053589821,0.3310546875,0.6813106536865234,-0.02229788340628147,0.34803691506385803,0.6255326271057129,-0.0343192033469677,0.35669559240341187,0.5858386754989624,-0.04319796338677406,0.3622482120990753,0.5508832931518555,-0.049563322216272354,0.3330836594104767,0.7048596143722534,-0.03570324927568436,0.34767740964889526,0.6744238138198853,-0.04623042419552803,0.35653796792030334,0.6499204039573669,-0.0508144311606884,0.3645208775997162,0.6279329061508179,-0.054085396230220795
0.49288472533226013,0.8054843544960022,1.735444783435014e-07,0.4552001357078552,0.7572973966598511,6.129594112280756e-05,0.45293763279914856,0.6986870765686035,-0.0016763678286224604,0.45460402965545654,0.6529543995857239,-0.004604553338140249,0.4520624876022339,0.6196203231811523,-0.008306401781737804,0.4804534316062927,0.670973002910614,-0.0056905741803348064,0.4641040861606598,0.611487627029419,-0.018135832622647285,0.45607542991638184,0.5681441426277161,-0.02790197543799877,0.451323539018631,0.5312715768814087,-0.03494453430175781,0.4856945276260376,0.6753219366073608,-0.013890387490391731,0.4642883837223053,0.606055498123169,-0.0253813024610281,0.45552903413772583,0.5601186156272888,-0.03425826132297516,0.45073404908180237,0.5183882713317871,-0.040893878787755966,0.48419901728630066,0.6857548952102661,-0.022586695849895477,0.4627624452114105,0.6183827519416809,-0.034276291728019714,0.45438629388809204,0.5760070085525513,-0.040897902101278305,0.4506763219833374,0.5379362106323242,-0.04559188708662987,0.4756292402744293,0.7005987763404846,-0.03141588717699051,0.4638676345348358,0.6560899615287781,-0.04177442938089371,0.45952415466308594,0.6266346573829651,-0.046295423060655594,0.4581262767314911,0.5987700819969177,-0.049727339297533035
0.5010206699371338,0.8064764142036438,1.6512242950739164e-07,0.46522513031959534,0.7531185150146484,0.0031281590927392244,0.4613077640533447,0.692595899105072,0.0020963093265891075,0.4612056016921997,0.648297131061554,-0.0009916514391079545,0.45823776721954346,0.6156383156776428,-0.005066688638180494,0.4853704571723938,0.6704428195953369,-0.002781611168757081,0.46884414553642273,0.6150881052017212,-0.016453256830573082,0.4614012539386749,0.5723809599876404,-0.02754887193441391,0.45704537630081177,0.5357784032821655,-0.03545577451586723,0.49018898606300354,0.6748356819152832,-0.013062558136880398,0.46915626525878906,0.6083963513374329,-0.025808976963162422,0.46001237630844116,0.5613200068473816,-0.03570930287241936,0.45463472604751587,0.5180261135101318,-0.04300905391573906,0.4891358017921448,0.6859277486801147,-0.02381127141416073,0.46883702278137207,0.6200879812240601,-0.036620013415813446,0.4600861370563507,0.5761623382568359,-0.04404338821768761,0.4555908739566803,0.536781907081604,-0.04914237558841705,0.4820723235607147,0.7019824385643005,-0.034426577389240265,0.47084537148475647,0.6581976413726807,-0.045805323868989944,0.46531999111175537,0.6271237134933472,-0.05094287544488907,0.46257907152175903,0.5980806350708008,-0.0547943152487278
0.5081561803817749,0.7983105182647705,1.6019947679524194e-07,0.4871329963207245,0.7424620389938354,0.005279273260384798,0.4837755560874939,0.6851708889007568,0.0050582196563482285,0.4814072847366333,0.6424247622489929,0.0023434481117874384,0.4761234223842621,0.6133986115455627,-0.0016038579633459449,0.4994664192199707,0.6627746820449829,-0.0014517295639961958,0.48208481073379517,0.606513261795044,-0.013905512169003487,0.47356340289115906,0.5647777915000916,-0.023624399676918983,0.46859270334243774,0.5286957025527954,-0.03027426451444626,0.5011112093925476,0.668381929397583,-0.012023866176605225,0.48050063848495483,0.6029214262962341,-0.022960102185606956,0.4711425006389618,0.5578317642211914,-0.031222546473145485,0.46513786911964417,0.5178967714309692,-0.037315163761377335,0.49765267968177795,0.6805963516235352,-0.022710129618644714,0.477730393409729,0.6161544919013977,-0.033371392637491226,0.4690922200679779,0.574372410774231,-0.03879738971590996,0.4646885097026825,0.5383623838424683,-0.042486924678087234,0.4888633191585541,0.6974744200706482,-0.03304576873779297,0.476564884185791,0.6531420350074768,-0.042171794921159744,0.4719877243041992,0.6226859092712402,-0.045123953372240067,0.46965351700782776,0.5954016447067261,-0.047203220427036285
0.5237383246421814,0.7966785430908203,1.7805533047976496e-07,0.49917709827423096,0.7462669610977173,0.004799162968993187,0.4956715703010559,0.686280369758606,0.005471691023558378,0.49444878101348877,0.6418898105621338,0.004061511717736721,0.49004873633384705,0.6121363639831543,0.0014978178078308702,0.515258252620697,0.6705043911933899,-0.0027776395436376333,0.49809321761131287,0.6120266914367676,-0.014125856570899487,0.4890165328979492,0.5679643154144287,-0.02256636507809162,0.483824759721756,0.531387209892273,-0.0284560639411211,0.5177077054977417,0.6743700504302979,-0.012788914144039154,0.49601420760154724,0.6063764095306396,-0.023481708019971848,0.4862098693847656,0.5586187839508057,-0.031854771077632904,0.48083508014678955,0.5171915888786316,-0.03809025138616562,0.5139650106430054,0.6842340230941772,-0.02275676466524601,0.4929690957069397,0.6171634793281555,-0.03380856662988663,0.48359963297843933,0.57290118932724,-0.0413842611014843,0.4791599214076996,0.5353383421897888,-0.04668039083480835,0.5043559670448303,0.6982693076133728,-0.03223041817545891,0.49286824464797974,0.6527325510978699,-0.04244695231318474,0.4881587028503418,0.6212256550788879,-0.04773043096065521,0.4862993657588959,0.5930815935134888,-0.05163279175758362
0.5364772081375122,0.8026242256164551,1.759108414489674e-07,0.5005605220794678,0.7543208003044128,0.0012823619181290269,0.497130423784256,0.6967488527297974,-0.00015101775352377445,0.49848049879074097,0.6520287990570068,-0.003240943653509021,0.49554747343063354,0.6189149022102356,-0.007180867251008749,0.5195586681365967,0.6703910231590271,-0.0036515069659799337,0.5040020942687988,0.6142352223396301,-0.016910508275032043,0.49522456526756287,0.5700725317001343,-0.027613278478384018,0.48941802978515625,0.5327406525611877,-0.03518630191683769,0.5242504477500916,0.6738749742507935,-0.012985912151634693,0.5042999386787415,0.6081231236457825,-0.025478484109044075,0.4947672188282013,0.5597538352012634,-0.03531168773770332,0.48898372054100037,0.5151858329772949,-0.042415034025907516,0.522976815700531,0.6833575367927551,-0.022897077724337578,0.5032565593719482,0.6188918352127075,-0.03568447008728981,0.4949546754360199,0.5748797655105591,-0.04323718324303627,0.49090540409088135,0.5355518460273743,-0.04826510325074196,0.5161396861076355,0.6971520185470581,-0.032840073108673096,0.5049232840538025,0.6547734141349792,-0.04423946887254715,0.4999385178089142,0.6252240538597107,-0.049345456063747406,0.49753016233444214,0.5976424217224121,-0.05294997990131378
0.5493023991584778,0.798263669013977,1.471047426093719e-07,0.51735520362854,0.7474161386489868,0.000843435584101826,0.514254629611969,0.690631628036499,-0.0008737316238693893,0.5150498151779175,0.646054744720459,-0.004013057332485914,0.5111614465713501,0.6137953400611877,-0.008204898796975613,0.537825345993042,0.6678655743598938,-0.005824822001159191,0.5194962024688721,0.6111201047897339,-0.018791602924466133,0.5092572569847107,0.5686482191085815,-0.0289541594684124,0.5022261738777161,0.5316408276557922,-0.03614926338195801,0.5414533615112305,0.6732079386711121,-0.014586590230464935,0.5194904804229736,0.6077358722686768,-0.026471082121133804,0.5089958906173706,0.5623393058776855,-0.035624489188194275,0.5027037858963013,0.5206760168075562,-0.04246782511472702,0.5386884808540344,0.6845219135284424,-0.023701118305325508,0.517332911491394,0.6208641529083252,-0.03571739420294762,0.5070404410362244,0.578116238117218,-0.042536020278930664,0.5017825365066528,0.5404050946235657,-0.04717262089252472,0.5301001667976379,0.7000124454498291,-0.03279189392924309,0.5166234374046326,0.6558261513710022,-0.042938973754644394,0.5106381177902222,0.6256750226020813,-0.046941276639699936,0.5078176259994507,0.598056435585022,-0.049862638115882874
0.5735450387001038,0.7925535440444946,1.7709038502289332e-07,0.5594662427902222,0.7354391813278198,0.006515735760331154,0.5532983541488647,0.6774588823318481,0.006915719714015722,0.5475171208381653,0.6355038285255432,0.004765952937304974,0.5413865447044373,0.6063359379768372,0.0011463146656751633,0.5609071254730225,0.6637319326400757,-0.004008533898741007,0.5412918329238892,0.6060833930969238,-0.017315246164798737,0.5317259430885315,0.5611584186553955,-0.02701188251376152,0.5261080265045166,0.5227257013320923,-0.0336604043841362,0.5611066818237305,0.6706324219703674,-0.015714352950453758,0.5385538935661316,0.6030534505844116,-0.027997104451060295,0.5284223556518555,0.5541121959686279,-0.037299226969480515,0.5220361948013306,0.5108069181442261,-0.04419954493641853,0.5570319890975952,0.6842060685157776,-0.027100956067442894,0.5356432795524597,0.6175820231437683,-0.03965582326054573,0.526312530040741,0.5722863078117371,-0.04733353108167648,0.5213736295700073,0.5331404805183411,-0.052432913333177567,0.5485805869102478,0.7029158473014832,-0.037727974355220795,0.5367527604103088,0.6564823985099792,-0.04946234077215195,0.5321266651153564,0.6230706572532654,-0.05486711859703064,0.5295745730400085,0.5931890606880188,-0.05860215798020363
0.5888963341712952,0.8046826124191284,1.8869177154101635e-07,0.5558861494064331,0.7600882649421692,0.00048570954822935164,0.5509963631629944,0.7019972801208496,-0.0015893285162746906,0.5527645349502563,0.6571973562240601,-0.00517071271315217,0.5513827800750732,0.6245126724243164,-0.009591144509613514,0.5712910294532776,0.6733250617980957,-0.00462691206485033,0.5546762943267822,0.6184706687927246,-0.017649684101343155,0.5460385084152222,0.5752437114715576,-0.028315749019384384,0.5412002205848694,0.5379281640052795,-0.03576456382870674,0.5751996636390686,0.6763307452201843,-0.013489502482116222,0.5540614128112793,0.6112133860588074,-0.025332700461149216,0.5440851449966431,0.5627763867378235,-0.0351201668381691,0.5384345650672913,0.5184859037399292,-0.04229259490966797,0.5734882950782776,0.6855234503746033,-0.02283347211778164,0.552086353302002,0.6226757764816284,-0.034026309847831726,0.54212486743927,0.5789508819580078,-0.04087661951780319,0.5373278856277466,0.5401051640510559,-0.045657724142074585,0.5665483474731445,0.6988890171051025,-0.032365404069423676,0.5528281331062317,0.654547929763794,-0.04126289114356041,0.5466028451919556,0.6245210766792297,-0.044886667281389236,0.5434683561325073,0.5966717004776001,-0.0476783849298954
0.5907775163650513,0.799491822719574,2.502227687273262e-07,0.5585906505584717,0.7492892742156982,0.0024538568686693907,0.5519229173660278,0.6863430142402649,0.0009494408150203526,0.5497916340827942,0.6386566162109375,-0.0020931591279804707,0.5436820387840271,0.6036303639411926,-0.005927308462560177,0.5722779035568237,0.6665348410606384,-0.006522836163640022,0.5528528690338135,0.6056409478187561,-0.020125387236475945,0.5439554452896118,0.5613003969192505,-0.030544165521860123,0.538213849067688,0.5230909585952759,-0.03766193985939026,0.5764831304550171,0.6713752746582031,-0.015972256660461426,0.5544931888580322,0.6013935804367065,-0.028480293229222298,0.5442418456077576,0.5522488355636597,-0.03829563036561012,0.5379267930984497,0.5076563954353333,-0.04565592110157013,0.5732879042625427,0.6821495294570923,-0.025397740304470062,0.5524744391441345,0.6153472661972046,-0.03601962327957153,0.5420238375663757,0.5714161992073059,-0.041822027415037155,0.5365973711013794,0.5329421758651733,-0.04626110941171646,0.563343346118927,0.6969432830810547,-0.03473551198840141,0.551021158695221,0.6515601873397827,-0.04308018088340759,0.5463007688522339,0.6219233274459839,-0.04605964571237564,0.5438753962516785,0.5954633951187134,-0.04863043874502182
0.6063792705535889,0.8031832575798035,1.730763443674732e-07,0.5706149339675903,0.7591166496276855,0.0017154153902083635,0.5645398497581482,0.7004542350769043,0.0009210098069161177,0.562581479549408,0.6554980874061584,-0.0015352742047980428,0.5566757917404175,0.6238096952438354,-0.00480613112449646,0.5867129564285278,0.6702538132667542,-0.0020998253021389246,0.5676640868186951,0.6127866506576538,-0.014056597836315632,0.557713508605957,0.5693275928497314,-0.023950647562742233,0.5515177845954895,0.5322446823120117,-0.03102979250252247,0.5908498764038086,0.6719729900360107,-0.010904510505497456,0.5666372179985046,0.604560136795044,-0.021844221279025078,0.5555012822151184,0.5581513047218323,-0.030860530212521553,0.5485132932662964,0.5153223276138306,-0.037482909858226776,0.5889158844947815,0.6808568239212036,-0.020174872130155563,0.5653699040412903,0.6152147054672241,-0.03120473213493824,0.554742693901062,0.5724157691001892,-0.03775002807378769,0.5488467812538147,0.5339981317520142,-0.04223920777440071,0.5807597041130066,0.6949205994606018,-0.029477356001734734,0.5673990845680237,0.6500186324119568,-0.03892580792307854,0.5615633726119995,0.6199816465377808,-0.042794715613126755,0.5584955811500549,0.591977596282959,-0.045638054609298706
0.6138165593147278,0.7950910329818726,1.982368900144138e-07,0.5806030035018921,0.7452313899993896,0.001817101496271789,0.5728840827941895,0.6863142848014832,0.000842902110889554,0.5705540180206299,0.642250120639801,-0.0018173792632296681,0.5653889775276184,0.6103066205978394,-0.005420098081231117,0.5934281945228577,0.6626247763633728,-0.004215922672301531,0.5767737627029419,0.6062026619911194,-0.016606079414486885,0.5666855573654175,0.5628315210342407,-0.026756318286061287,0.5605595707893372,0.5258316993713379,-0.03380759060382843,0.5969545245170593,0.66874098777771,-0.013361710123717785,0.5761635899543762,0.6044104099273682,-0.023861141875386238,0.565056562423706,0.5583536028862,-0.032617244869470596,0.5586255788803101,0.5167726874351501,-0.03913562744855881,0.596295177936554,0.680551290512085,-0.022751817479729652,0.5752971768379211,0.6202478408813477,-0.032771576195955276,0.5645027756690979,0.578090488910675,-0.038582246750593185,0.5586264729499817,0.5411466360092163,-0.04276721179485321,0.5918702483177185,0.6972315907478333,-0.03219053894281387,0.5776360034942627,0.6544182896614075,-0.04002290964126587,0.5711144208908081,0.6265180110931396,-0.04210779443383217,0.5675427913665771,0.6014731526374817,-0.04375322163105011
0.6312993764877319,0.7963083386421204,1.8852185235118668e-07,0.605039119720459,0.7475012540817261,0.0022345264442265034,0.5976775884628296,0.6869291067123413,0.0022616260685026646,0.5934342741966248,0.6408764123916626,0.0007834787247702479,0.5864694714546204,0.609104573726654,-0.0015627414686605334,0.6145432591438293,0.6697512269020081,-0.003929073456674814,0.5957959294319153,0.6121991276741028,-0.016212720423936844,0.5850004553794861,0.5677793025970459,-0.025648705661296844,0.5774409174919128,0.530107855796814,-0.03204844519495964,0.616289496421814,0.6738172769546509,-0.012553144246339798,0.5941891670227051,0.6071957945823669,-0.023862050846219063,0.5823066234588623,0.5597828030586243,-0.03246091678738594,0.5742471218109131,0.5165532231330872,-0.038725219666957855,0.6122629642486572,0.6828503012657166,-0.021418431773781776,0.5919020771980286,0.6189759969711304,-0.032216403633356094,0.5808351635932922,0.5758207440376282,-0.03858601674437523,0.5742470622062683,0.5381304621696472,-0.042882289737463,0.6023173332214355,0.6953945159912109,-0.030177351087331772,0.5894136428833008,0.6496680974960327,-0.0390603244304657,0.5841638445854187,0.6192628145217896,-0.04281506687402725,0.5813853740692139,0.5921216011047363,-0.04559087008237839
0.6447113752365112,0.7929283976554871,2.231692519671924e-07,0.6089159846305847,0.745018720626831,0.00041338958544656634,0.5991917252540588,0.6812134385108948,-0.001110744895413518,0.5959122180938721,0.6344443559646606,-0.0037887608632445335,0.5904374122619629,0.6001711487770081,-0.007471860386431217,0.6221637725830078,0.6592674851417542,-0.008859504014253616,0.6034699082374573,0.6016223430633545,-0.023008117452263832,0.5924827456474304,0.5560575723648071,-0.03383415937423706,0.5851404070854187,0.5174548625946045,-0.04128875955939293,0.6265760660171509,0.6666947603225708,-0.01792045123875141,0.603840172290802,0.6008409261703491,-0.03045983985066414,0.5915562510490417,0.552247166633606,-0.04021035507321358,0.5839253067970276,0.5080779790878296,-0.047370798885822296,0.6251896619796753,0.6803767085075378,-0.027119863778352737,0.602861762046814,0.6180597543716431,-0.03954169899225235,0.5904690623283386,0.5739389657974243,-0.046686526387929916,0.5835341215133667,0.5345419049263,-0.05154218524694443,0.6184939742088318,0.6990401744842529,-0.03624183312058449,0.6039785146713257,0.654150128364563,-0.04691280424594879,0.59684157371521,0.6239274144172668,-0.05072872340679169,0.5933008193969727,0.5963611602783203,-0.053370777517557144
0.6577632427215576,0.7973980903625488,1.836450138625878e-07,0.6209827661514282,0.7471317052841187,0.001328720012679696,0.6145819425582886,0.6848716139793396,0.0002618096477817744,0.6131263971328735,0.6366710662841797,-0.0021848375909030437,0.6084333062171936,0.6031111478805542,-0.005709678400307894,0.6398980617523193,0.6629040241241455,-0.005761951208114624,0.6185891032218933,0.6063333749771118,-0.018186695873737335,0.6069827675819397,0.5631592273712158,-0.027946025133132935,0.5993154048919678,0.5254361033439636,-0.034968052059412,0.6436477303504944,0.6697206497192383,-0.014849704690277576,0.6171010136604309,0.6016234755516052,-0.026349322870373726,0.6039916276931763,0.5540110468864441,-0.03537889942526817,0.5959872007369995,0.5103270411491394,-0.04239640757441521,0.6402926445007324,0.6826028823852539,-0.02422516606748104,0.6152775883674622,0.6164196133613586,-0.03586038202047348,0.6026862859725952,0.5726466774940491,-0.04273959621787071,0.596043586730957,0.5336968898773193,-0.04764829948544502,0.6302838325500488,0.6992117762565613,-0.033543314784765244,0.6147409677505493,0.6529226303100586,-0.04352821782231331,0.607645571231842,0.6218816041946411,-0.047967176884412766,0.6040102243423462,0.593003511428833,-0.05145148187875748
0.6656838655471802,0.7909941673278809,2.0643746267978713e-07,0.6347859501838684,0.7406067848205566,0.0047062598168849945,0.6273741126060486,0.6819993257522583,0.005188134498894215,0.6245701313018799,0.6365756988525391,0.003291344502940774,0.6213080286979675,0.6048120856285095,0.0005573294474743307,0.6524790525436401,0.661206841468811,-0.00013920763740316033,0.6306708455085754,0.6036865711212158,-0.01139901764690876,0.6189501881599426,0.5604820251464844,-0.02021649479866028,0.6110109686851501,0.5240681171417236,-0.026490088552236557,0.6543017625808716,0.6654062271118164,-0.010310150682926178,0.6282125115394592,0.5986160635948181,-0.021262191236019135,0.6151843667030334,0.5519979000091553,-0.030165959149599075,0.6060159802436829,0.5107123255729675,-0.036811795085668564,0.6495389342308044,0.6758837699890137,-0.02065522037446499,0.6250742077827454,0.6093268990516663,-0.03132059425115585,0.6132992506027222,0.5663211941719055,-0.037881989032030106,0.6060615181922913,0.5281234383583069,-0.04259691759943962,0.6389279365539551,0.6908828616142273,-0.030761022120714188,0.6257011890411377,0.6451765298843384,-0.04022155702114105,0.619882345199585,0.6138484477996826,-0.04472918435931206,0.6160423755645752,0.5847300887107849,-0.04817495495080948
0.6744068264961243,0.8036070466041565,1.8784987787512364e-07,0.632120668888092,0.7630195617675781,-0.0014331520069390535,0.6223293542861938,0.7039903998374939,-0.004357872065156698,0.6188793778419495,0.6577717065811157,-0.008489475585520267,0.6117780804634094,0.6241906881332397,-0.013437047600746155,0.6494799852371216,0.6654812693595886,-0.007130121346563101,0.6299589276313782,0.6070892810821533,-0.02086249552667141,0.6180955171585083,0.5622001886367798,-0.03219521418213844,0.6097991466522217,0.5242159366607666,-0.040283072739839554,0.6548275351524353,0.6687307953834534,-0.015559663064777851,0.6299616694450378,0.6010425090789795,-0.027949685230851173,0.6169376373291016,0.5532654523849487,-0.037846483290195465,0.6083549857139587,0.5097416639328003,-0.04508683457970619,0.6540837287902832,0.6795467138290405,-0.024593040347099304,0.6290842294692993,0.6142131686210632,-0.03679149970412254,0.6166245341300964,0.5704278945922852,-0.04378229007124901,0.6092978715896606,0.5310945510864258,-0.048663776367902756,0.6470108032226562,0.6960425972938538,-0.03391897305846214,0.6316890716552734,0.650891125202179,-0.044111721217632294,0.6239163279533386,0.6209346055984497,-0.047967687249183655,0.619589626789093,0.5928728580474854,-0.05080019310116768
0.6745948791503906,0.8016284704208374,2.309925122290224e-07,0.630473256111145,0.7516072392463684,5.36644620297011e-05,0.6226195096969604,0.6882152557373047,-0.0028995336033403873,0.6213825941085815,0.6386077404022217,-0.006663651205599308,0.6171557307243347,0.6026621460914612,-0.011640195734798908,0.6501593589782715,0.6604642868041992,-0.012547020800411701,0.6290708780288696,0.6006092429161072,-0.028016913682222366,0.6179405450820923,0.5560331344604492,-0.03958939388394356,0.6107115149497986,0.5164958238601685,-0.04791146144270897,0.6566457748413086,0.6681472063064575,-0.021946636959910393,0.6294891834259033,0.5979482531547546,-0.03650811314582825,0.6168323755264282,0.549200713634491,-0.04705642908811569,0.6092309951782227,0.5037436485290527,-0.05514751002192497,0.6562471985816956,0.6843590140342712,-0.03134774789214134,0.6286988854408264,0.6168712377548218,-0.045607563108205795,0.6157402992248535,0.5729147791862488,-0.05287327617406845,0.6087809801101685,0.5327173471450806,-0.05812190845608711,0.6490485668182373,0.7060896158218384,-0.04063684120774269,0.6328521966934204,0.6604499816894531,-0.05349147692322731,0.6255443096160889,0.6292994022369385,-0.05871676281094551,0.6213617920875549,0.5987035632133484,-0.06263815611600876
0.6876282691955566,0.7979933023452759,1.902179747048649e-07,0.6509186625480652,0.748762845993042,0.0037944894284009933,0.6406639814376831,0.6871407628059387,0.00158030167222023,0.6360539197921753,0.6419474482536316,-0.0024896867107599974,0.6285815834999084,0.6108201742172241,-0.007840811274945736,0.6634644269943237,0.6590183973312378,-0.007886569947004318,0.6417990922927856,0.6016604900360107,-0.022535476833581924,0.6304512619972229,0.5580220222473145,-0.03386601805686951,0.6226009726524353,0.521079421043396,-0.04166498780250549,0.6669654250144958,0.6662916541099548,-0.019005095586180687,0.6409015655517578,0.5980343222618103,-0.03159793093800545,0.6282125115394592,0.5512865781784058,-0.04045658931136131,0.6199815273284912,0.5094295740127563,-0.04715089499950409,0.6642614603042603,0.6809368133544922,-0.03011331520974636,0.639269232749939,0.6138858199119568,-0.04223940521478653,0.626850962638855,0.568686306476593,-0.048462044447660446,0.6200742125511169,0.5288260579109192,-0.053036291152238846,0.6556896567344666,0.7007624506950378,-0.04085690528154373,0.6410071849822998,0.6541410684585571,-0.051600150763988495,0.6337980031967163,0.622472882270813,-0.05539816990494728,0.6298195123672485,0.5933226943016052,-0.058299027383327484
0.698126494884491,0.7960355281829834,2.2025358248356497e-07,0.6588924527168274,0.7481809258460999,0.0042460523545742035,0.6491516828536987,0.6866562962532043,0.004232772160321474,0.6454481482505798,0.6418606042861938,0.0022829899098724127,0.6403204798698425,0.6085678339004517,-0.0006911595119163394,0.6749597191810608,0.657394289970398,-0.004699426237493753,0.6548924446105957,0.5984837412834167,-0.018250640481710434,0.6443549394607544,0.5526049137115479,-0.02816092222929001,0.6380813121795654,0.5142560005187988,-0.035067178308963776,0.6796425580978394,0.66243577003479,-0.015526232309639454,0.6539474129676819,0.5926098823547363,-0.028966590762138367,0.6411327123641968,0.5437018871307373,-0.03913336992263794,0.6327323317527771,0.500407338142395,-0.04639172926545143,0.6780201196670532,0.6747727990150452,-0.026335909962654114,0.6522601246833801,0.6088117361068726,-0.039932169020175934,0.6386190056800842,0.5647638440132141,-0.048387255519628525,0.6299935579299927,0.5253742933273315,-0.05415388196706772,0.6699661016464233,0.6923484206199646,-0.03666958957910538,0.6555171012878418,0.6471502184867859,-0.04972459748387337,0.648470938205719,0.6165074110031128,-0.05620714649558067,0.6439312100410461,0.5876724123954773,-0.0607784166932106
0.7079740166664124,0.7889349460601807,2.1515869264021603e-07,0.6778308749198914,0.7342171669006348,0.005060009192675352,0.668578565120697,0.6730676889419556,0.004421751946210861,0.664047360420227,0.6274417638778687,0.0015833755023777485,0.6562862992286682,0.594374418258667,-0.002509001875296235,0.6871423721313477,0.6542404294013977,-0.005571822170168161,0.666409432888031,0.5948816537857056,-0.019822418689727783,0.6545167565345764,0.5486865043640137,-0.03072293847799301,0.6460282206535339,0.5089066028594971,-0.03819970041513443,0.6895565390586853,0.6610701680183411,-0.017033614218235016,0.6649286150932312,0.5921982526779175,-0.030292809009552002,0.6520777940750122,0.5413385033607483,-0.040474724024534225,0.6433933973312378,0.49525511264801025,-0.04797903448343277,0.68632972240448,0.6744995713233948,-0.028219567611813545,0.6625455021858215,0.6096022129058838,-0.04095439240336418,0.6495454907417297,0.564258873462677,-0.04824577271938324,0.6415852308273315,0.5242491364479065,-0.053276874125003815,0.6781946420669556,0.6925426721572876,-0.03888622298836708,0.6635743379592896,0.6473259925842285,-0.04975692555308342,0.6572838425636292,0.6157145500183105,-0.053834687918424606,0.6536023616790771,0.586861252784729,-0.056807421147823334
0.7207223773002625,0.7948727011680603,1.9380888716113986e-07,0.6803850531578064,0.7405608892440796,0.0043146004900336266,0.6706151366233826,0.6790827512741089,0.0032579381950199604,0.6666831970214844,0.6322696208953857,-0.00010148090950679034,0.6631419658660889,0.5987111330032349,-0.004622290376573801,0.6984764337539673,0.6542953252792358,-0.00262698857113719,0.6742773056030273,0.5965582728385925,-0.015862993896007538,0.6625544428825378,0.5534344911575317,-0.026327796280384064,0.6545304656028748,0.5155619978904724,-0.033868540078401566,0.7027977705001831,0.660922110080719,-0.01340301614254713,0.6734537482261658,0.5932459831237793,-0.02522737719118595,0.659686803817749,0.5474134087562561,-0.03405282273888588,0.6503919959068298,0.5047506093978882,-0.041072648018598557,0.7003645896911621,0.6754264831542969,-0.024508554488420486,0.6722654104232788,0.6080505847930908,-0.0358942486345768,0.6592210531234741,0.5659050345420837,-0.04128677025437355,0.6518896222114563,0.5279852151870728,-0.0454227440059185,0.6908025741577148,0.6954881548881531,-0.035473018884658813,0.6737390756607056,0.6501687169075012,-0.045559462159872055,0.6660940647125244,0.6190732717514038,-0.04940595105290413,0.6615865230560303,0.5892254114151001,-0.052554741501808167
0.7361698150634766,0.8005856275558472,1.5293480259970238e-07,0.7051307559013367,0.747453510761261,0.004218307789415121,0.6966953277587891,0.6865993738174438,0.0040198685601353645,0.6932791471481323,0.6401366591453552,0.0017324666259810328,0.6886616349220276,0.6082587838172913,-0.0016508190892636776,0.7167268395423889,0.6634708046913147,-0.003356472123414278,0.6944215893745422,0.6069737076759338,-0.01677628792822361,0.6819282174110413,0.5632772445678711,-0.026908839121460915,0.6736366152763367,0.5261464715003967,-0.03373173624277115,0.7191341519355774,0.6683990359306335,-0.013470031321048737,0.69153892993927,0.6020617485046387,-0.0254004318267107,0.6781395673751831,0.5546882152557373,-0.033356551080942154,0.6692970395088196,0.5120974779129028,-0.039228592067956924,0.7156568765640259,0.6804831624031067,-0.023867167532444,0.6884284019470215,0.6137533187866211,-0.035636693239212036,0.6751567721366882,0.5712795853614807,-0.041170645505189896,0.6677017211914062,0.5343241095542908,-0.044797133654356,0.7062264084815979,0.6977006793022156,-0.03400468826293945,0.6893383860588074,0.6524308919906616,-0.04412977769970894,0.6813604831695557,0.6207338571548462,-0.04789390414953232,0.676485538482666,0.5914120674133301,-0.05058402940630913
0.7406189441680908,0.795799970626831,2.041910960315363e-07,0.7041910290718079,0.747979462146759,0.0023381283972412348,0.6961544752120972,0.6866386532783508,0.00042799528455361724,0.6938440203666687,0.6385324597358704,-0.003106508869677782,0.6897606253623962,0.6044266223907471,-0.00777037488296628,0.7194169759750366,0.6598674058914185,-0.006688223220407963,0.6971309185028076,0.6020622253417969,-0.020529871806502342,0.6856552958488464,0.5583214163780212,-0.031062081456184387,0.6789600253105164,0.5201272964477539,-0.03844562917947769,0.7230724692344666,0.6645519733428955,-0.016692154109477997,0.6950345039367676,0.5944142937660217,-0.03007379360496998,0.6814005970954895,0.5445641875267029,-0.04031803458929062,0.6731327772140503,0.4994571805000305,-0.04793413728475571,0.7200767397880554,0.6765604019165039,-0.02681366354227066,0.6926548480987549,0.6091055870056152,-0.039844732731580734,0.6786043643951416,0.5646713972091675,-0.04761587828397751,0.6705226302146912,0.5257576107978821,-0.0530584491789341,0.7107976675033569,0.6933446526527405,-0.036696482449769974,0.693809449672699,0.6478816866874695,-0.04813677445054054,0.6862277984619141,0.6168414354324341,-0.05350225046277046,0.6819900274276733,0.5873100757598877,-0.05753062665462494
0.7502281665802002,0.791253387928009,2.1098675517805532e-07,0.7202703356742859,0.7440593242645264,0.0029854103922843933,0.7098616361618042,0.683731198310852,0.0035518649965524673,0.7039987444877625,0.6378037333488464,0.0024149392265826464,0.6984876990318298,0.604629635810852,0.00047013434232212603,0.7268067002296448,0.6559441089630127,-0.0019818574655801058,0.7059643864631653,0.5962777137756348,-0.014717590995132923,0.6939451098442078,0.5498494505882263,-0.02450019307434559,0.6855827569961548,0.5108532905578613,-0.031237611547112465,0.7290591597557068,0.6579977869987488,-0.011308792047202587,0.7044302225112915,0.5886207818984985,-0.023151692003011703,0.6911467909812927,0.539537787437439,-0.03279722109436989,0.6810963749885559,0.49480384588241577,-0.03968231752514839,0.7257122993469238,0.6678590178489685,-0.020857322961091995,0.7015931606292725,0.6021420955657959,-0.032662976533174515,0.6880936622619629,0.5594699382781982,-0.04014887288212776,0.6783438920974731,0.5209143757820129,-0.04526418447494507,0.7168136239051819,0.6841760277748108,-0.030169257894158363,0.7027977108955383,0.6414823532104492,-0.04084760323166847,0.6958667039871216,0.6117656826972961,-0.045744992792606354,0.69077068567276,0.5835737586021423,-0.049215879291296005
0.7679644823074341,0.7939625978469849,2.2123914789062837e-07,0.7349915504455566,0.74830162525177,0.0032762521877884865,0.7238253951072693,0.6833081841468811,0.003328171093016863,0.7188332080841064,0.6361684799194336,0.0013292432995513082,0.7119742631912231,0.6020996570587158,-0.0015778596280142665,0.7368245124816895,0.6549755334854126,-0.0016850937390699983,0.7175137400627136,0.5963037014007568,-0.015131213702261448,0.7050895094871521,0.5491510033607483,-0.025959759950637817,0.6967394948005676,0.5095690488815308,-0.03350403532385826,0.7401304841041565,0.6580153703689575,-0.012031285092234612,0.7163012623786926,0.5906182527542114,-0.02433466911315918,0.7032333016395569,0.5406444072723389,-0.03497323393821716,0.6943256258964539,0.49508658051490784,-0.04250195249915123,0.7391471862792969,0.6690491437911987,-0.022687267512083054,0.7151058912277222,0.6040160655975342,-0.03512853756546974,0.7013826966285706,0.559190034866333,-0.043731339275836945,0.6921323537826538,0.5189483761787415,-0.04956783354282379,0.7334073185920715,0.6856250762939453,-0.033103346824645996,0.7190267443656921,0.641074001789093,-0.044312965124845505,0.7119564414024353,0.6104810237884521,-0.0497024767100811,0.7076669335365295,0.5816413164138794,-0.05351587384939194
0.7904148697853088,0.7902316451072693,1.7813187014326104e-07,0.7417532205581665,0.7516611814498901,-1.5885998436715454e-05,0.7294173240661621,0.6935232877731323,-0.002057573525235057,0.723054826259613,0.6472178101539612,-0.005448063835501671,0.713492751121521,0.6147774457931519,-0.009613537229597569,0.7592272758483887,0.6561501026153564,-0.004515052307397127,0.7353979349136353,0.5989288687705994,-0.01685205288231373,0.7219780683517456,0.5560706257820129,-0.0271510761231184,0.7128060460090637,0.5191275477409363,-0.03467037156224251,0.765006959438324,0.6578288078308105,-0.012976041063666344,0.7346583604812622,0.5903112888336182,-0.02434503473341465,0.719490647315979,0.5444443225860596,-0.03373423591256142,0.7095046043395996,0.5018040537834167,-0.04079174995422363,0.7642220854759216,0.6673862338066101,-0.02194623462855816,0.7339586019515991,0.602012574672699,-0.03351245075464249,0.7196078896522522,0.5604043006896973,-0.040096040815114975,0.7112783789634705,0.5223698019981384,-0.04474390298128128,0.7561127543449402,0.683123767375946,-0.03109418787062168,0.7387561202049255,0.6389349102973938,-0.04062842205166817,0.7302074432373047,0.6098769307136536,-0.044327329844236374,0.7252677083015442,0.581734836101532,-0.04719856381416321
0.7930487394332886,0.785627007484436,2.438983131014538e-07,0.7535800337791443,0.7385732531547546,0.0007594872731715441,0.7405781745910645,0.6737525463104248,-0.0009662379743531346,0.7354056239128113,0.6246379017829895,-0.0041196467354893684,0.7285951972007751,0.5890095233917236,-0.008322963491082191,0.7611951231956482,0.6496517658233643,-0.0071345847100019455,0.7389180064201355,0.5909151434898376,-0.021431831642985344,0.7255461812019348,0.5447051525115967,-0.03268219158053398,0.7165265679359436,0.5051161646842957,-0.04047589749097824,0.7654522061347961,0.6562105417251587,-0.01637287810444832,0.7380564212799072,0.5893277525901794,-0.028697779402136803,0.723492443561554,0.5411508679389954,-0.03841656073927879,0.7135843634605408,0.4966263175010681,-0.04569598659873009,0.7648410201072693,0.6695852279663086,-0.025898391380906105,0.7378384470939636,0.6065276265144348,-0.03765176609158516,0.7234010696411133,0.5632869005203247,-0.04387252405285835,0.7145072221755981,0.5249917507171631,-0.04829828068614006,0.759195864200592,0.6885582804679871,-0.03547685220837593,0.7408700585365295,0.6443077921867371,-0.04495122283697128,0.7323546409606934,0.6144744157791138,-0.047891564667224884,0.7271678447723389,0.5870824456214905,-0.0502055324614048
0.8183621764183044,0.7827802300453186,2.1825651685958292e-07,0.7786526083946228,0.7363946437835693,0.0021839423570781946,0.7648120522499084,0.6718370914459229,0.0008278771420009434,0.757667064666748,0.6253358721733093,-0.002211760962381959,0.7477507591247559,0.5925124287605286,-0.006487894803285599,0.787751317024231,0.6451418995857239,-0.006243071053177118,0.7645068168640137,0.5901704430580139,-0.021300680935382843,0.7498500943183899,0.5434099435806274,-0.03365039452910423,0.7401625514030457,0.5041707158088684,-0.04219283536076546,0.7918999791145325,0.6506791114807129,-0.016708048060536385,0.7626290917396545,0.5843234658241272,-0.029897544533014297,0.7465483546257019,0.5336196422576904,-0.04099186882376671,0.7358084917068481,0.48659974336624146,-0.04911508411169052,0.7908793091773987,0.6642237305641174,-0.027303719893097878,0.7609604597091675,0.6007529497146606,-0.0402483269572258,0.7447879314422607,0.5558963418006897,-0.04785848408937454,0.7342941761016846,0.5151445269584656,-0.05306852608919144,0.785011351108551,0.6839578151702881,-0.03771936148405075,0.7653707265853882,0.6401637196540833,-0.04833310842514038,0.755923330783844,0.6097943186759949,-0.05196906253695488,0.7501136064529419,0.5805110931396484,-0.05467808246612549
0.8361830711364746,0.7839043736457825,2.1341715239486803e-07,0.794677734375,0.7396162152290344,0.00010617663792800158,0.7809117436408997,0.6768229603767395,-0.0019899834878742695,0.7743944525718689,0.6275897026062012,-0.00488304765895009,0.7671250700950623,0.5928164124488831,-0.00881144218146801,0.8053204417228699,0.6499035358428955,-0.009151439182460308,0.7773774862289429,0.5940583348274231,-0.023045064881443977,0.7618250846862793,0.5499421954154968,-0.033762458711862564,0.7518314123153687,0.5120267868041992,-0.04116008058190346,0.8092725276947021,0.6555658578872681,-0.017637843266129494,0.7748103737831116,0.5887889266014099,-0.02981412038207054,0.7569125890731812,0.5401444435119629,-0.03894680738449097,0.7445516586303711,0.4950820505619049,-0.045929908752441406,0.8063344955444336,0.6691763401031494,-0.026320360600948334,0.7735447287559509,0.6042113304138184,-0.037837374955415726,0.7574693560600281,0.5593430399894714,-0.0441473126411438,0.7475250959396362,0.5184320211410522,-0.048818912357091904,0.7971733212471008,0.6890422701835632,-0.03498740866780281,0.7774234414100647,0.6443333625793457,-0.04488405957818031,0.7680058479309082,0.6130650639533997,-0.0486120879650116,0.7617398500442505,0.5828368067741394,-0.051538556814193726
0.8495948314666748,0.7817555665969849,1.8911505605956336e-07,0.8104251623153687,0.7360947132110596,0.0022238902747631073,0.7985641956329346,0.674089252948761,0.0009045287733897567,0.7938483357429504,0.6259611248970032,-0.0018254501046612859,0.788942813873291,0.592301070690155,-0.005724873393774033,0.820499837398529,0.6445074081420898,-0.007458276581019163,0.7934842109680176,0.5887607932090759,-0.02259393408894539,0.7783686518669128,0.5438723564147949,-0.03377966210246086,0.7685314416885376,0.504981279373169,-0.041498374193906784,0.8250533938407898,0.6490758061408997,-0.0176133681088686,0.7912816405296326,0.5819497108459473,-0.03253661096096039,0.7736216187477112,0.5323388576507568,-0.04344316944479942,0.7609763741493225,0.4865512251853943,-0.05129567161202431,0.823040246963501,0.6620755791664124,-0.027867434546351433,0.790291965007782,0.5960942506790161,-0.04306590557098389,0.7733682990074158,0.5519300103187561,-0.05173869431018829,0.7623188495635986,0.511368453502655,-0.057330820709466934,0.8145776987075806,0.6815985441207886,-0.037733420729637146,0.7947149276733398,0.6366928815841675,-0.05146989971399307,0.7845703363418579,0.6046884059906006,-0.05785450339317322,0.7775716185569763,0.5731719136238098,-0.06229908764362335
0.8651111125946045,0.7769535779953003,2.6498082661419176e-07,0.8290504813194275,0.7276678681373596,0.0034476364962756634,0.8110802173614502,0.6607842445373535,0.002330097835510969,0.8001608848571777,0.6142269968986511,-0.0005720701883547008,0.7877235412597656,0.5810659527778625,-0.004815778229385614,0.8311799764633179,0.6410667300224304,-0.009620699100196362,0.8067516088485718,0.5811806917190552,-0.026481345295906067,0.7914342284202576,0.5303700566291809,-0.03930326923727989,0.7804092168807983,0.48738813400268555,-0.048180755227804184,0.8342716693878174,0.64753657579422,-0.02114465832710266,0.8045151233673096,0.5783141851425171,-0.036515265703201294,0.7875660061836243,0.5248284339904785,-0.04823927953839302,0.775564968585968,0.4753003716468811,-0.056786391884088516,0.832205057144165,0.6620129942893982,-0.03244038671255112,0.8027039766311646,0.5960885882377625,-0.04720529541373253,0.7864008545875549,0.5486028790473938,-0.05620535463094711,0.7753560543060303,0.5049455165863037,-0.06246579810976982,0.8251596093177795,0.6832486987113953,-0.04326489567756653,0.8076302409172058,0.6388249397277832,-0.05702747777104378,0.7987738251686096,0.606709361076355,-0.06329425424337387,0.7935373783111572,0.5758532285690308,-0.06775102764368057
0.8825828433036804,0.7753657102584839,2.3603460874710436e-07,0.8445014357566833,0.7271647453308105,0.004262900911271572,0.827732503414154,0.6639391779899597,0.0029620700515806675,0.8169186115264893,0.6170445680618286,-0.0002339889033464715,0.806267499923706,0.5848599076271057,-0.004774862434715033,0.8495815992355347,0.6386606097221375,-0.007323934230953455,0.8220074772834778,0.5810577273368835,-0.02295854315161705,0.8074619174003601,0.5357698202133179,-0.034664131700992584,0.7977714538574219,0.49643465876579285,-0.04274630919098854,0.8521997332572937,0.6451775431632996,-0.018728919327259064,0.8189854025840759,0.5745415091514587,-0.033443380147218704,0.8017228245735168,0.5242079496383667,-0.04441743344068527,0.7891027927398682,0.47643861174583435,-0.05250440537929535,0.8487812280654907,0.6599230170249939,-0.030020035803318024,0.8169401288032532,0.5919055342674255,-0.04447499290108681,0.8003497123718262,0.54759281873703,-0.05292464420199394,0.7892451286315918,0.505889892578125,-0.058728769421577454,0.8395643830299377,0.6808446645736694,-0.040745995938777924,0.8211716413497925,0.6363794803619385,-0.05382148176431656,0.8118329644203186,0.6053422689437866,-0.059929147362709045,0.8058325052261353,0.5741612911224365,-0.06440473347902298
0.8798470497131348,0.7762707471847534,2.753700698576722e-07,0.8379700779914856,0.7326987385749817,0.0012420671992003918,0.8247058391571045,0.6668736934661865,-2.2917960450286046e-05,0.8190569877624512,0.6145503520965576,-0.0023845217656344175,0.8118695020675659,0.5788624882698059,-0.0057390062138438225,0.8474349975585938,0.6393980979919434,-0.008245636709034443,0.8206263780593872,0.5788000226020813,-0.022316133603453636,0.8063653707504272,0.5317144393920898,-0.032424844801425934,0.7981100678443909,0.4917663633823395,-0.03919946402311325,0.852592408657074,0.6439385414123535,-0.017303936183452606,0.8188878297805786,0.5727589726448059,-0.03021198883652687,0.80255126953125,0.5224500894546509,-0.039826784282922745,0.7924726605415344,0.4779707193374634,-0.046946968883275986,0.850888192653656,0.6568863391876221,-0.026498161256313324,0.8166108131408691,0.5894593000411987,-0.03901860862970352,0.7999211549758911,0.544525682926178,-0.04659350961446762,0.790920615196228,0.5052692890167236,-0.05203554406762123,0.8428205847740173,0.6755944490432739,-0.035530466586351395,0.8222354650497437,0.6297309398651123,-0.04651166871190071,0.8128955960273743,0.5977118611335754,-0.0518978051841259,0.8074125051498413,0.567581832408905,-0.05607283487915993
0.8815267086029053,0.7768511176109314,3.303542541743809e-07,0.8347368240356445,0.7271643877029419,0.0007651614723727107,0.8197287321090698,0.6587321162223816,-0.002755011199042201,0.8139668703079224,0.6048051714897156,-0.007509111892431974,0.8065093159675598,0.5657013058662415,-0.013252790085971355,0.8409442901611328,0.6329132914543152,-0.012598320841789246,0.8154250979423523,0.5699814558029175,-0.029858415946364403,0.8020866513252258,0.5224382877349854,-0.042952761054039,0.7932039499282837,0.4803617596626282,-0.05220065265893936,0.8488379716873169,0.6390271782875061,-0.02296936884522438,0.8167076706886292,0.5670148134231567,-0.038806259632110596,0.8005146384239197,0.5135622620582581,-0.05096711590886116,0.790564775466919,0.4647328853607178,-0.06041212007403374,0.8499059081077576,0.6555895209312439,-0.03323839604854584,0.8163110017776489,0.5875500440597534,-0.04682646319270134,0.8002458810806274,0.5428144931793213,-0.053403954952955246,0.7913827300071716,0.502545177936554,-0.058695919811725616,0.8452673554420471,0.6795795559883118,-0.04350505769252777,0.824028730392456,0.6374325752258301,-0.054844558238983154,0.8149720430374146,0.6084214448928833,-0.05886898189783096,0.8090840578079224,0.5808644890785217,-0.06230967119336128
0.8790934085845947,0.7820501327514648,2.3226986911595304e-07,0.8342787027359009,0.7359155416488647,0.004903757479041815,0.8194819092750549,0.669638991355896,0.0049434262327849865,0.8120750784873962,0.6201186776161194,0.0029893596656620502,0.8026158213615417,0.5852632522583008,-0.00018991164688486606,0.8390593528747559,0.6407880783081055,-0.0046830736100673676,0.813703715801239,0.5805633068084717,-0.018703004345297813,0.7993957996368408,0.5350602865219116,-0.029340561479330063,0.7890859842300415,0.4943617582321167,-0.037017300724983215,0.8450295925140381,0.6444361805915833,-0.016078481450676918,0.8131616115570068,0.5727117657661438,-0.02944760210812092,0.7965041995048523,0.5225828289985657,-0.039726611226797104,0.7840335369110107,0.47478875517845154,-0.0475941002368927,0.8444250822067261,0.6571196913719177,-0.027475040405988693,0.8121368288993835,0.5894831418991089,-0.04060817509889603,0.7948783040046692,0.5457802414894104,-0.048531319946050644,0.7833496332168579,0.5054082870483398,-0.054392941296100616,0.8370242714881897,0.6761656999588013,-0.03847312554717064,0.8169129490852356,0.6313000321388245,-0.050171807408332825,0.8067724704742432,0.6009902954101562,-0.05580577999353409,0.7997807860374451,0.5712593793869019,-0.06036420166492462
0.840878963470459,0.7813630700111389,1.9458167344055255e-07,0.8084681630134583,0.7318025827407837,0.002913073869422078,0.7975836396217346,0.667638897895813,0.0026554663199931383,0.7919027209281921,0.6198762059211731,0.00031244358979165554,0.7838820219039917,0.585763156414032,-0.0028345671016722918,0.8151963949203491,0.6423258185386658,-0.0013391402317211032,0.7930456399917603,0.5843197107315063,-0.01444142684340477,0.778400182723999,0.5382270812988281,-0.025240110233426094,0.7678872346878052,0.498262882232666,-0.03282967582345009,0.8180933594703674,0.6457766890525818,-0.011487255804240704,0.7917624115943909,0.5794059038162231,-0.023390881717205048,0.7759817838668823,0.52965247631073,-0.03335592895746231,0.7639679312705994,0.4829922616481781,-0.04071879759430885,0.8149752616882324,0.6559786200523376,-0.02202911302447319,0.7885838747024536,0.5929073095321655,-0.033238574862480164,0.7726715803146362,0.5485970973968506,-0.03980805352330208,0.7616596221923828,0.508556604385376,-0.04440097510814667,0.8054935932159424,0.6712458729743958,-0.032607387751340866,0.7874971032142639,0.6257539987564087,-0.04155481979250908,0.7786885499954224,0.5953342318534851,-0.0447307750582695,0.7731944918632507,0.5669518709182739,-0.0471581406891346
0.7688314914703369,0.7967909574508667,2.6108418182957394e-07,0.7316725254058838,0.7599067091941833,-0.0008574890671297908,0.7192472219467163,0.6972089409828186,-0.002413935959339142,0.7160074710845947,0.6502392888069153,-0.0054397014901041985,0.7128534913063049,0.6162175536155701,-0.009227883070707321,0.7414292693138123,0.6600408554077148,-0.0039034998044371605,0.7218532562255859,0.5999234318733215,-0.01761256344616413,0.7098097205162048,0.5513266324996948,-0.028933240100741386,0.7029690146446228,0.5106221437454224,-0.036683421581983566,0.7467765212059021,0.6599718928337097,-0.012782814912497997,0.7227467894554138,0.5915759801864624,-0.025162048637866974,0.7099514007568359,0.5391169786453247,-0.03581284359097481,0.702001690864563,0.4914156198501587,-0.04328002780675888,0.7462850213050842,0.6686819195747375,-0.022502414882183075,0.7226352095603943,0.6049383878707886,-0.033850155770778656,0.7100566625595093,0.5583857297897339,-0.04135819151997566,0.702782928943634,0.5165486931800842,-0.04657112434506416,0.7395659685134888,0.6835764050483704,-0.032676637172698975,0.7228090167045593,0.639103353023529,-0.041753239929676056,0.7143580317497253,0.6091219782829285,-0.045363157987594604,0.7094122171401978,0.5806094408035278,-0.048074979335069656
0.7333870530128479,0.7883706092834473,2.4501804318788345e-07,0.7093675136566162,0.7326611280441284,0.0051130992360413074,0.6972403526306152,0.6702418923377991,0.004959380254149437,0.6891003847122192,0.6261757016181946,0.002559745917096734,0.6789326071739197,0.5958007574081421,-0.0009724447736516595,0.7103043794631958,0.6522184610366821,-0.0028941496275365353,0.6897541284561157,0.5931435227394104,-0.015520527958869934,0.6776441931724548,0.547495424747467,-0.02522263675928116,0.6706103682518005,0.508778989315033,-0.03190583363175392,0.711903989315033,0.6578543782234192,-0.013880572281777859,0.6887615919113159,0.5911057591438293,-0.024609064683318138,0.6762834787368774,0.5408602356910706,-0.0329948328435421,0.6690187454223633,0.4961845278739929,-0.039401739835739136,0.7085856199264526,0.670695424079895,-0.024905292317271233,0.686884880065918,0.6062905192375183,-0.034949980676174164,0.6759249567985535,0.5604715347290039,-0.04024247080087662,0.6700868606567383,0.5197827816009521,-0.04435773566365242,0.7009536027908325,0.6895943880081177,-0.035567257553339005,0.6871806383132935,0.6457604765892029,-0.0440526008605957,0.6814373135566711,0.614520788192749,-0.04645548388361931,0.6786458492279053,0.5855903625488281,-0.04853109270334244
0.6871169805526733,0.8006078004837036,2.431379471090622e-07,0.6510326266288757,0.7528975009918213,-2.1590105461655185e-05,0.639747679233551,0.6883111000061035,-0.0008823264506645501,0.6373677253723145,0.6393659710884094,-0.0029496762435883284,0.6346010565757751,0.6049242615699768,-0.0058523425832390785,0.6632390022277832,0.664313793182373,-0.004610932897776365,0.6444832682609558,0.6064675450325012,-0.01727401092648506,0.6328200101852417,0.5600332617759705,-0.027705026790499687,0.6259369254112244,0.5206009149551392,-0.03487551957368851,0.6671050786972046,0.6693679690361023,-0.012707474641501904,0.6441876292228699,0.603924036026001,-0.02369917742908001,0.6305940747261047,0.5543886423110962,-0.03276114538311958,0.6217623949050903,0.5079836249351501,-0.039420027285814285,0.6653230786323547,0.6813363432884216,-0.021357690915465355,0.6427583694458008,0.619270920753479,-0.03178751841187477,0.630565881729126,0.5749807953834534,-0.037188369780778885,0.6236171722412109,0.5348387956619263,-0.04087846726179123,0.6571966409683228,0.6991729140281677,-0.030277766287326813,0.642113447189331,0.654118001461029,-0.0385073721408844,0.6351162791252136,0.6238839626312256,-0.04072316735982895,0.6313018798828125,0.5953662395477295,-0.04240630194544792
0.6217647790908813,0.8050941824913025,2.2225042073387158e-07,0.5911835432052612,0.756502091884613,0.0026149300392717123,0.5807980298995972,0.6968013644218445,0.0030749121215194464,0.5775359272956848,0.6531991958618164,0.0011798961786553264,0.5737717151641846,0.6217198371887207,-0.0014626707416027784,0.5985984802246094,0.6719098091125488,0.00231640855781734,0.5845794081687927,0.6125403046607971,-0.00936643686145544,0.5751141905784607,0.5657408237457275,-0.019613057374954224,0.5688208341598511,0.5267177820205688,-0.026817243546247482,0.6013667583465576,0.6740679144859314,-0.00709870271384716,0.5847934484481812,0.6081057190895081,-0.017903795465826988,0.5747556090354919,0.5591787099838257,-0.027768036350607872,0.568010151386261,0.5137104392051697,-0.03467279672622681,0.5997828245162964,0.6821038126945496,-0.01721670851111412,0.5828703045845032,0.6202369928359985,-0.02736002206802368,0.5735195875167847,0.5765734910964966,-0.03387102857232094,0.5677752494812012,0.5376086235046387,-0.03817259147763252,0.5931837558746338,0.6953573822975159,-0.027537787333130836,0.5824138522148132,0.6513881683349609,-0.035200171172618866,0.5769931077957153,0.6219749450683594,-0.037920910865068436,0.5739414095878601,0.5948427319526672,-0.039943989366292953
0.6011656522750854,0.8024066090583801,2.0780581166945922e-07,0.5691628456115723,0.7560259103775024,0.003283818019554019,0.5611804127693176,0.6947022676467896,0.00255646207369864,0.5576408505439758,0.6509771943092346,-0.00014611675578635186,0.5506049394607544,0.6204262375831604,-0.0038044245447963476,0.5807929635047913,0.6678910851478577,-0.002818194916471839,0.5646613836288452,0.6100813150405884,-0.01611725427210331,0.5550666451454163,0.5641151070594788,-0.02695554867386818,0.548782229423523,0.526057243347168,-0.0346071682870388,0.5840334892272949,0.6710286140441895,-0.013248361647129059,0.5643638372421265,0.6040006279945374,-0.025582902133464813,0.55425626039505,0.5548707842826843,-0.036017078906297684,0.5476450324058533,0.5100179314613342,-0.04345111548900604,0.5818641781806946,0.6809132695198059,-0.02389165200293064,0.5621684193611145,0.6165093779563904,-0.035927966237068176,0.5513817071914673,0.5716991424560547,-0.043808262795209885,0.5446214079856873,0.5313645601272583,-0.04932478815317154,0.5744297504425049,0.6959939002990723,-0.03430034965276718,0.5626519322395325,0.6526004076004028,-0.04482046142220497,0.5574467182159424,0.623335063457489,-0.04928933456540108,0.5551353693008423,0.5956405997276306,-0.0525876060128212
0.5606409311294556,0.8040187358856201,2.740356421782053e-07,0.5358980894088745,0.754569411277771,0.0021553009282797575,0.526953935623169,0.6918160915374756,0.001569374930113554,0.5242975950241089,0.6463186740875244,-0.0005714970175176859,0.5188705325126648,0.6127756834030151,-0.003612120170146227,0.5423088669776917,0.6710036993026733,-0.004072027280926704,0.5277125835418701,0.6118955612182617,-0.016642702743411064,0.51877361536026,0.5635199546813965,-0.027242733165621758,0.5131857991218567,0.5224113464355469,-0.034613631665706635,0.5437429547309875,0.6763861775398254,-0.013273446820676327,0.5264480710029602,0.610094428062439,-0.024182533845305443,0.5173815488815308,0.5582025051116943,-0.033965103328228,0.5119304656982422,0.510783314704895,-0.041211698204278946,0.5402021408081055,0.6882556080818176,-0.022568797692656517,0.523807942867279,0.6251312494277954,-0.03251926228404045,0.5157575011253357,0.5784696936607361,-0.039150312542915344,0.5115209221839905,0.5375931262969971,-0.04383397474884987,0.5317085385322571,0.7055436372756958,-0.03183817118406296,0.5217677354812622,0.6607039570808411,-0.04039006307721138,0.5177839994430542,0.6290673017501831,-0.04356558620929718,0.5160455703735352,0.6005387902259827,-0.04582557454705238
0.3513908386230469,0.8024161458015442,9.426273805956953e-08,0.3800484836101532,0.7638188600540161,0.0029803020879626274,0.38403570652008057,0.7106641530990601,0.0052887797355651855,0.38729703426361084,0.6758338212966919,0.0037083830684423447,0.3961511552333832,0.6474390625953674,0.001712460769340396,0.38194215297698975,0.6650956273078918,0.016044292598962784,0.3924866020679474,0.6151752471923828,0.007274008821696043,0.3985322415828705,0.5764935612678528,-0.0031319756526499987,0.40084120631217957,0.5418672561645508,-0.011167106218636036,0.376939058303833,0.6611315608024597,0.005073629319667816,0.3858233690261841,0.6027652025222778,-0.0037675758358091116,0.3901735246181488,0.5586763620376587,-0.013996834866702557,0.3912992477416992,0.5183442831039429,-0.02140999212861061,0.3712308406829834,0.661656379699707,-0.008104474283754826,0.37911364436149597,0.6016771197319031,-0.016975127160549164,0.38311415910720825,0.5595693588256836,-0.023567432537674904,0.38464269042015076,0.5252318382263184,-0.027513878419995308,0.366811603307724,0.665884792804718,-0.022138994187116623,0.3729134500026703,0.6155117154121399,-0.028994157910346985,0.37766358256340027,0.580010712146759,-0.03172365203499794,0.3814607262611389,0.5517213344573975,-0.03345252200961113
0.29149287939071655,0.803100049495697,1.2818652805890451e-07,0.32551974058151245,0.7653723955154419,0.0009906620252877474,0.33133333921432495,0.7122631669044495,0.0011564040323719382,0.33466094732284546,0.6762476563453674,-0.002054312266409397,0.34264498949050903,0.6448825001716614,-0.005396961234509945,0.3220745027065277,0.6615936756134033,0.009730716235935688,0.3313414454460144,0.6078457832336426,-0.001421443885192275,0.3371563255786896,0.5661525726318359,-0.01286900695413351,0.3394858241081238,0.5304418206214905,-0.021482987329363823,0.31745949387550354,0.6618298888206482,-0.0006676562479697168,0.3271206021308899,0.602803647518158,-0.011078405193984509,0.3332670032978058,0.5566315650939941,-0.02182992920279503,0.3367556929588318,0.5143259763717651,-0.029712818562984467,0.313709020614624,0.6682652831077576,-0.01307778712362051,0.3256556987762451,0.6106961965560913,-0.023449964821338654,0.33233389258384705,0.5691672563552856,-0.030338579788804054,0.336012065410614,0.5331205129623413,-0.03479807451367378,0.31249696016311646,0.6811997294425964,-0.026280350983142853,0.3235691785812378,0.6407947540283203,-0.03462981432676315,0.3300381600856781,0.6102348566055298,-0.0377160869538784,0.3348173499107361,0.583862841129303,-0.039665624499320984
0.2868960201740265,0.8030534386634827,1.7089119808133546e-07,0.32240331172943115,0.762712836265564,0.0021924846805632114,0.3300330340862274,0.7077512741088867,0.0020915274508297443,0.3336474597454071,0.6703714728355408,-0.001344656920991838,0.34239906072616577,0.638774037361145,-0.005330309737473726,0.3179396986961365,0.657878041267395,0.00666669849306345,0.32781466841697693,0.6015564799308777,-0.004237998742610216,0.33353370428085327,0.5588700175285339,-0.014785459265112877,0.33525505661964417,0.5232667326927185,-0.022792374715209007,0.3118264377117157,0.6602343320846558,-0.004443606827408075,0.32360872626304626,0.5986058115959167,-0.014420390129089355,0.32939907908439636,0.5518789887428284,-0.02508351020514965,0.3323531448841095,0.5105534195899963,-0.03299608826637268,0.30688148736953735,0.6717769503593445,-0.016971630975604057,0.3224934935569763,0.6125310063362122,-0.02731509506702423,0.33036530017852783,0.5717118978500366,-0.03564416617155075,0.33496183156967163,0.5367268919944763,-0.04156630113720894,0.30489569902420044,0.6918118596076965,-0.02979198470711708,0.32048046588897705,0.6571326851844788,-0.03860393166542053,0.32970842719078064,0.6307198405265808,-0.04252659156918526,0.3370330035686493,0.6073179244995117,-0.04526246711611748
0.28734785318374634,0.7941936254501343,8.879137425310546e-08,0.31854939460754395,0.7570395469665527,0.002329896902665496,0.32416847348213196,0.7067208886146545,0.0024900753051042557,0.32815101742744446,0.6707263588905334,-0.0011680370662361383,0.3364839255809784,0.6381937861442566,-0.0048621827736496925,0.32152435183525085,0.6534266471862793,0.013214434497058392,0.3293553292751312,0.5982456207275391,0.0029307976365089417,0.33355700969696045,0.558947741985321,-0.007795405108481646,0.335252046585083,0.5241252779960632,-0.015803860500454903,0.3158889412879944,0.649989902973175,0.002206958830356598,0.32337212562561035,0.5907503366470337,-0.007484158035367727,0.32863980531692505,0.5471364259719849,-0.017572671175003052,0.3318520784378052,0.5082963705062866,-0.024954112246632576,0.3103386461734772,0.6513200998306274,-0.010951891541481018,0.31954991817474365,0.5920724868774414,-0.019832313060760498,0.3248019516468048,0.5513182878494263,-0.025439752265810966,0.3282637894153595,0.5174837112426758,-0.029050016775727272,0.30737727880477905,0.6580399870872498,-0.02497679553925991,0.3153863847255707,0.6104263067245483,-0.031744733452796936,0.3204234838485718,0.5753740072250366,-0.03395534306764603,0.32466110587120056,0.5462698936462402,-0.035306092351675034
0.28600606322288513,0.7954698801040649,8.759072755992747e-08,0.31919771432876587,0.7557231187820435,0.006493062246590853,0.3249959647655487,0.7049626708030701,0.008389267139136791,0.32981106638908386,0.6694985032081604,0.005593120586127043,0.3390471637248993,0.6366533041000366,0.00241156667470932,0.320729523897171,0.6494368314743042,0.017918022349476814,0.3287007808685303,0.5961838364601135,0.009053187444806099,0.33243581652641296,0.5564749836921692,-0.001222978695295751,0.33309489488601685,0.5201334357261658,-0.00926444586366415,0.3161492943763733,0.6467349529266357,0.004756121430546045,0.3252500593662262,0.5895682573318481,-0.003046451136469841,0.32974955439567566,0.5446298122406006,-0.012641712091863155,0.3313605487346649,0.505314826965332,-0.020213978365063667,0.31090033054351807,0.6490619778633118,-0.010300097055733204,0.3223291039466858,0.5920785665512085,-0.017525512725114822,0.3264482021331787,0.5498204827308655,-0.02263571135699749,0.3278900980949402,0.5141310691833496,-0.02653653360903263,0.3076931834220886,0.6570640802383423,-0.025968056172132492,0.3180156946182251,0.6101202368736267,-0.0319700688123703,0.3230150043964386,0.574399471282959,-0.03372262418270111,0.326634019613266,0.5437103509902954,-0.03505232557654381
0.2793014943599701,0.8184858560562134,1.4928491509635933e-07,0.31926149129867554,0.7740703821182251,0.00471443310379982,0.32671910524368286,0.7196052074432373,0.005211288575083017,0.32907402515411377,0.6834707856178284,0.001747175003401935,0.3360593616962433,0.6523027420043945,-0.0025311284698545933,0.3116108477115631,0.6694088578224182,0.00700290035456419,0.3231489360332489,0.6131357550621033,-0.004328449256718159,0.32948601245880127,0.5704286098480225,-0.015231233090162277,0.3321179151535034,0.534813642501831,-0.023503145202994347,0.3050669729709625,0.6732007265090942,-0.005360729526728392,0.3193625509738922,0.6116387248039246,-0.015668194741010666,0.326202929019928,0.5657784938812256,-0.026507603004574776,0.32996201515197754,0.5248556137084961,-0.03446187451481819,0.30147409439086914,0.6864392757415771,-0.018799077719449997,0.3190017640590668,0.6275216341018677,-0.029036568477749825,0.3271808922290802,0.5867034196853638,-0.03657243400812149,0.3318069577217102,0.5516782402992249,-0.041862569749355316,0.30255237221717834,0.7081616520881653,-0.03239031881093979,0.3196641206741333,0.6730408668518066,-0.040814973413944244,0.3286024034023285,0.6464785933494568,-0.043816160410642624,0.3354046046733856,0.6231775879859924,-0.045744284987449646
0.2802260220050812,0.8169118165969849,1.7126079399076843e-07,0.31990984082221985,0.7718981504440308,0.002669609384611249,0.32749703526496887,0.7175530195236206,0.0019915406592190266,0.32992416620254517,0.6814256310462952,-0.002382641425356269,0.33682388067245483,0.6500985026359558,-0.007818352431058884,0.31059932708740234,0.6673836708068848,0.003873948473483324,0.3213360905647278,0.610636830329895,-0.009632394649088383,0.3279363214969635,0.5669102072715759,-0.022116918116807938,0.3312699496746063,0.5303604006767273,-0.03148835524916649,0.303968608379364,0.6729789972305298,-0.008657840080559254,0.3179542124271393,0.6107709407806396,-0.021632768213748932,0.32508009672164917,0.5633765459060669,-0.03473030775785446,0.32969579100608826,0.5203889608383179,-0.044122710824012756,0.30012083053588867,0.6889083981513977,-0.022370044142007828,0.3174452781677246,0.6305341124534607,-0.03571823611855507,0.32654309272766113,0.5901122093200684,-0.045789603143930435,0.3326476514339447,0.5550612807273865,-0.05255783721804619,0.3004350960254669,0.7135545015335083,-0.03625616431236267,0.3168144226074219,0.6812809705734253,-0.047921281307935715,0.3266187906265259,0.6563392877578735,-0.053128890693187714,0.33523112535476685,0.6340582370758057,-0.05648624151945114
0.28094935417175293,0.815549373626709,1.241668741158719e-07,0.3203944265842438,0.7725969552993774,0.0035301533062011003,0.3283427059650421,0.7180287837982178,0.0033212893176823854,0.3320521116256714,0.6821300983428955,-0.0006340743275359273,0.3401019275188446,0.6514430642127991,-0.0051695434376597404,0.3119298815727234,0.668379545211792,0.006559915374964476,0.3227909803390503,0.6119459867477417,-0.005110762547701597,0.3290104269981384,0.570156455039978,-0.016022685915231705,0.3319111466407776,0.5351771712303162,-0.02421778254210949,0.30569127202033997,0.6717631816864014,-0.005241645500063896,0.3192838728427887,0.6097021698951721,-0.016147691756486893,0.3259786069393158,0.565051257610321,-0.026728661730885506,0.3298037052154541,0.5247660279273987,-0.03445978835225105,0.30242374539375305,0.6833227872848511,-0.01836281083524227,0.31898221373558044,0.62300705909729,-0.028599310666322708,0.3261634409427643,0.5820832848548889,-0.03548112511634827,0.3300130367279053,0.5472409725189209,-0.04019245505332947,0.30361536145210266,0.7016345262527466,-0.03185281157493591,0.3179495334625244,0.6607320308685303,-0.03958585113286972,0.32485318183898926,0.6308865547180176,-0.04246000573039055,0.33000466227531433,0.6049648523330688,-0.04444977641105652
0.2750501036643982,0.8071707487106323,1.8548070102042402e-07,0.31168362498283386,0.7657771706581116,0.0033719001803547144,0.318989098072052,0.712929904460907,0.0026859743520617485,0.32284802198410034,0.6771225929260254,-0.0014420740772038698,0.3308904469013214,0.647627592086792,-0.0065606264397501945,0.30506905913352966,0.6634894013404846,0.0024457175750285387,0.31587788462638855,0.6064776182174683,-0.009437820874154568,0.321857750415802,0.5635793209075928,-0.02016565203666687,0.3240717947483063,0.5284546613693237,-0.028150200843811035,0.29884129762649536,0.6675544381141663,-0.00954528246074915,0.31235527992248535,0.6043763756752014,-0.02047025039792061,0.31834039092063904,0.5571374893188477,-0.031625356525182724,0.32134270668029785,0.5161968469619751,-0.0397152379155159,0.295309841632843,0.6814883947372437,-0.022305991500616074,0.312723845243454,0.621690034866333,-0.03364236652851105,0.32146602869033813,0.5807904005050659,-0.04302498698234558,0.326799601316452,0.5467143058776855,-0.049648694694042206,0.2958222031593323,0.7043622136116028,-0.03504534810781479,0.31369268894195557,0.6737262010574341,-0.04500202834606171,0.32440122961997986,0.6502748131752014,-0.04955938830971718,0.3334808945655823,0.6302579641342163,-0.05260736495256424
0.26394689083099365,0.8109087347984314,1.9959968255989224e-07,0.3009366989135742,0.7691860795021057,0.0021296958439052105,0.30901825428009033,0.7152345180511475,0.0012385782320052385,0.3145531117916107,0.6775455474853516,-0.002929426496848464,0.3230597972869873,0.6468018293380737,-0.00826701894402504,0.293840616941452,0.6663668155670166,0.0007882519857957959,0.304301917552948,0.6090548634529114,-0.012020374648272991,0.31132271885871887,0.5655599236488342,-0.023321013897657394,0.3149745464324951,0.5295629501342773,-0.03172905743122101,0.28746867179870605,0.6716131567955017,-0.011027316562831402,0.3007475435733795,0.60833740234375,-0.022947482764720917,0.3082740008831024,0.5604327917098999,-0.034727826714515686,0.31304872035980225,0.5183150768280029,-0.04326978698372841,0.28373733162879944,0.6875646710395813,-0.02376248501241207,0.3002180755138397,0.6287686824798584,-0.036396563053131104,0.3098661005496979,0.5878317356109619,-0.046266213059425354,0.316443532705307,0.5534071922302246,-0.053098443895578384,0.2839062511920929,0.7124931812286377,-0.0365850105881691,0.3012581765651703,0.6811440587043762,-0.047823432832956314,0.3128422200679779,0.6564712524414062,-0.05303535237908363,0.3231866657733917,0.6350694894790649,-0.05655632168054581
0.26255562901496887,0.8106006979942322,1.5063039882079465e-07,0.2996682822704315,0.7677634358406067,0.003203494241461158,0.3069084584712982,0.7142833471298218,0.002376171061769128,0.311440646648407,0.6778252720832825,-0.002231015358120203,0.32064011693000793,0.6467472314834595,-0.007752533536404371,0.2954482138156891,0.6652196049690247,0.00516472477465868,0.3049105405807495,0.6076827645301819,-0.007118155248463154,0.3106953799724579,0.5655106902122498,-0.018296269699931145,0.3138139247894287,0.530234158039093,-0.026716938242316246,0.28847599029541016,0.6682462096214294,-0.007276308722794056,0.3005794286727905,0.6049799919128418,-0.019087033346295357,0.3070487678050995,0.5580002665519714,-0.03093164600431919,0.31118807196617126,0.5165950059890747,-0.03951497748494148,0.28331658244132996,0.6805295348167419,-0.020968783646821976,0.2984963059425354,0.6193588972091675,-0.03309046849608421,0.3068869113922119,0.5781377553939819,-0.042505521327257156,0.3125976026058197,0.5431413054466248,-0.049010761082172394,0.28170743584632874,0.7009297609329224,-0.03475451096892357,0.2959243357181549,0.6649673581123352,-0.04505612701177597,0.3042285144329071,0.6377544403076172,-0.049901433289051056,0.31143754720687866,0.6137487292289734,-0.053259484469890594
0.25588417053222656,0.8074356913566589,1.3268429199797538e-07,0.29120683670043945,0.7694645524024963,0.004808962345123291,0.2983669340610504,0.7155458927154541,0.00591795239597559,0.3019566833972931,0.6792031526565552,0.0031312843784689903,0.3097892105579376,0.6513844728469849,-0.0005358221824280918,0.28820106387138367,0.6659291982650757,0.006781877484172583,0.29844021797180176,0.6100093722343445,-0.0039619989693164825,0.3045898973941803,0.5679150223731995,-0.014289433136582375,0.3075936734676361,0.533860445022583,-0.021990971639752388,0.28187018632888794,0.6671558022499084,-0.0049401684664189816,0.29375705122947693,0.6055546998977661,-0.014827510342001915,0.30064657330513,0.5611048340797424,-0.024742184206843376,0.30483245849609375,0.522698163986206,-0.031833942979574203,0.27840879559516907,0.6772809028625488,-0.017681147903203964,0.29280105233192444,0.6184371709823608,-0.027149096131324768,0.30131983757019043,0.5799038410186768,-0.03437553718686104,0.3065333664417267,0.5479768514633179,-0.03940363600850105,0.2787984013557434,0.6959089040756226,-0.030626775696873665,0.2923455238342285,0.6595564484596252,-0.038144927471876144,0.30001166462898254,0.6318691968917847,-0.0413445308804512,0.3064705431461334,0.6081122159957886,-0.04358358681201935
0.23467382788658142,0.8099000453948975,1.4893447541908245e-07,0.27112317085266113,0.767402172088623,0.005025407765060663,0.28005513548851013,0.7122740149497986,0.00694551644846797,0.2844987213611603,0.6756317019462585,0.004660679493099451,0.2918927073478699,0.6464482545852661,0.0017352617578580976,0.26962190866470337,0.6657615303993225,0.012299287132918835,0.28126049041748047,0.612027645111084,0.0020918811205774546,0.2884073257446289,0.5694997906684875,-0.008550488390028477,0.2917647659778595,0.5339288711547852,-0.016771022230386734,0.26490479707717896,0.6686171293258667,-0.0001938940113177523,0.27719610929489136,0.6097708940505981,-0.010243058204650879,0.2843925654888153,0.5633664727210999,-0.021543072536587715,0.28875428438186646,0.5208261013031006,-0.029908157885074615,0.26106753945350647,0.6784022450447083,-0.014220944605767727,0.27474483847618103,0.621608555316925,-0.024542145431041718,0.28278008103370667,0.5803391933441162,-0.03304515406489372,0.28778311610221863,0.5445975065231323,-0.03895130380988121,0.25973835587501526,0.6951754093170166,-0.0285408403724432,0.27281445264816284,0.6597877144813538,-0.03691411018371582,0.2811366319656372,0.6332458853721619,-0.04088321700692177,0.28848767280578613,0.6103038787841797,-0.043791159987449646
0.21005330979824066,0.802927553653717,1.8012850944160164e-07,0.2446134239435196,0.7623699903488159,0.004026355687528849,0.252876877784729,0.7082524299621582,0.003818557597696781,0.2577098309993744,0.670993983745575,-0.00023649066861253232,0.26732757687568665,0.6435335278511047,-0.005474722944200039,0.2453489899635315,0.6601496338844299,0.004516090732067823,0.25829043984413147,0.6022401452064514,-0.007034427486360073,0.26560357213020325,0.5590956211090088,-0.017675690352916718,0.2692776024341583,0.5244017839431763,-0.025465022772550583,0.23994523286819458,0.6630407571792603,-0.008260048925876617,0.25419819355010986,0.600358247756958,-0.01937367580831051,0.2619284391403198,0.5531878471374512,-0.030614346265792847,0.2663636803627014,0.513195812702179,-0.03857952728867531,0.235566183924675,0.6743637323379517,-0.022080043330788612,0.2506622076034546,0.6138483285903931,-0.033514998853206635,0.2595144808292389,0.5716231465339661,-0.04299807548522949,0.2654619514942169,0.5373237133026123,-0.049563731998205185,0.23345239460468292,0.6938589215278625,-0.035948023200035095,0.24904818832874298,0.658319890499115,-0.045533373951911926,0.25949880480766296,0.632630467414856,-0.049793895334005356,0.2683659791946411,0.6127211451530457,-0.05268476530909538
0.18621373176574707,0.8071709871292114,1.9875788836998254e-07,0.22265510261058807,0.7671012878417969,0.0046554869040846825,0.23245038092136383,0.7097102403640747,0.006523455493152142,0.2385077178478241,0.6706570982933044,0.004665408283472061,0.24603523313999176,0.640143096446991,0.0019882454071193933,0.22043393552303314,0.6650003790855408,0.00684133917093277,0.23389992117881775,0.6092098951339722,-0.004149894695729017,0.24315862357616425,0.5655599236488342,-0.014363642781972885,0.24901843070983887,0.5306345224380493,-0.02200535498559475,0.21562759578227997,0.6680462956428528,-0.005190277937799692,0.23149320483207703,0.605613112449646,-0.015738878399133682,0.2421959936618805,0.558082103729248,-0.02687712199985981,0.2501329183578491,0.516651451587677,-0.03477354347705841,0.21292082965373993,0.6808533072471619,-0.01822691783308983,0.231252521276474,0.6231096386909485,-0.029765896499156952,0.2429589033126831,0.5837596654891968,-0.03954168036580086,0.2513751685619354,0.550906240940094,-0.04614280164241791,0.21344247460365295,0.7025019526481628,-0.031210167333483696,0.2316444218158722,0.673199474811554,-0.04162181541323662,0.24429765343666077,0.6504504680633545,-0.04713045433163643,0.2557034194469452,0.6310865879058838,-0.050822772085666656
0.1737247258424759,0.802177906036377,1.749313440768674e-07,0.21248488128185272,0.764620304107666,0.0015498310094699264,0.22266250848770142,0.7088943719863892,0.0018668891862034798,0.22746069729328156,0.6711294651031494,-0.001044051256030798,0.23603063821792603,0.640483558177948,-0.004523593001067638,0.2104923129081726,0.6581570506095886,0.005041046068072319,0.222111776471138,0.600548267364502,-0.006213027518242598,0.2302832156419754,0.5579444169998169,-0.016548888757824898,0.23498156666755676,0.5231363773345947,-0.024239517748355865,0.20346033573150635,0.6603796482086182,-0.005621413700282574,0.2181636095046997,0.5967721939086914,-0.015824047848582268,0.22703437507152557,0.5501896739006042,-0.026567496359348297,0.2334708273410797,0.5099028944969177,-0.03429397940635681,0.19890251755714417,0.6721634268760681,-0.01764252409338951,0.2172282189130783,0.6143202185630798,-0.02830592542886734,0.22837263345718384,0.5744284391403198,-0.03738785535097122,0.2363303005695343,0.5412196516990662,-0.04379919543862343,0.19806627929210663,0.6931276321411133,-0.030027475208044052,0.2158430963754654,0.6620126366615295,-0.03913934901356697,0.22752228379249573,0.6388919949531555,-0.04361595958471298,0.23783011734485626,0.6187925338745117,-0.0468047596514225
0.17028158903121948,0.8127269148826599,1.7576344646386133e-07,0.2118835598230362,0.7716271877288818,0.0027615411672741175,0.2221304178237915,0.7147454023361206,0.0038145510479807854,0.22548013925552368,0.6761612892150879,0.001319169532507658,0.23268015682697296,0.6450234651565552,-0.001820676028728485,0.2058042734861374,0.6659826636314392,0.006431912537664175,0.2204417884349823,0.6097981929779053,-0.005078291520476341,0.23051735758781433,0.5673424005508423,-0.01601043902337551,0.2368442714214325,0.532729983329773,-0.024184945970773697,0.19898241758346558,0.6696751713752747,-0.004500457085669041,0.21593362092971802,0.6088511943817139,-0.015111347660422325,0.22722776234149933,0.5647944211959839,-0.026041025295853615,0.23581573367118835,0.5257184505462646,-0.03378978744149208,0.19604310393333435,0.682941198348999,-0.016722194850444794,0.21612447500228882,0.6270128488540649,-0.027586981654167175,0.2281784862279892,0.5878152251243591,-0.03581100329756737,0.23662616312503815,0.5546301603317261,-0.04138963297009468,0.1979650855064392,0.704780638217926,-0.029288722202181816,0.21736951172351837,0.6738137006759644,-0.03823702782392502,0.22946026921272278,0.6498532295227051,-0.042059507220983505,0.23973232507705688,0.6289926767349243,-0.04459480941295624
0.1636713743209839,0.8083131909370422,1.3139273846718424e-07,0.20019349455833435,0.7696056962013245,0.004807049408555031,0.21033413708209991,0.7130393981933594,0.007048167288303375,0.21528978645801544,0.672720730304718,0.005277744494378567,0.22318580746650696,0.6425445675849915,0.0029385657981038094,0.19921278953552246,0.665640115737915,0.011695983819663525,0.21201080083847046,0.6088272333145142,0.001995174679905176,0.22089070081710815,0.5666851997375488,-0.008055207319557667,0.2263191193342209,0.5323618054389954,-0.015587599948048592,0.19459426403045654,0.6676470637321472,0.00042173187830485404,0.20817112922668457,0.608534574508667,-0.008575147949159145,0.21796199679374695,0.5655208826065063,-0.01837719790637493,0.22500115633010864,0.5272725820541382,-0.025442391633987427,0.19208987057209015,0.6765266060829163,-0.012312028557062149,0.20781686902046204,0.6209682822227478,-0.021128978580236435,0.21748779714107513,0.5812925100326538,-0.02765759639441967,0.22368311882019043,0.5481134653091431,-0.03213413059711456,0.19305099546909332,0.6926751732826233,-0.02546691708266735,0.20755958557128906,0.6550108194351196,-0.032207638025283813,0.216305673122406,0.6265377402305603,-0.03468252718448639,0.2233385443687439,0.6025660037994385,-0.03639525547623634
0.15017347037792206,0.7989466786384583,2.0797942568151484e-07,0.18939676880836487,0.7591342926025391,0.004732680507004261,0.19932200014591217,0.7037436962127686,0.005796941928565502,0.20514176785945892,0.6658037304878235,0.003098702523857355,0.21414145827293396,0.6359255313873291,-0.00066399946808815,0.1826292872428894,0.6554729342460632,0.004779823590070009,0.19637194275856018,0.5991095304489136,-0.006272562313824892,0.20622511208057404,0.5559980869293213,-0.01643490605056286,0.21272216737270355,0.5210186839103699,-0.024080118164420128,0.17673909664154053,0.6597486734390259,-0.00741531141102314,0.19225972890853882,0.597787618637085,-0.017641423270106316,0.2029261738061905,0.5513866543769836,-0.028502143919467926,0.21135938167572021,0.5103549361228943,-0.03642456978559494,0.17461112141609192,0.6740161180496216,-0.020347408950328827,0.19352155923843384,0.6160605549812317,-0.03176980838179588,0.20492757856845856,0.5748225450515747,-0.041636839509010315,0.21317481994628906,0.5399723649024963,-0.048511359840631485,0.17732104659080505,0.6974253058433533,-0.033151738345623016,0.19584673643112183,0.6675103902816772,-0.0435740202665329,0.20882394909858704,0.6453595161437988,-0.04864419624209404,0.22063840925693512,0.626939594745636,-0.05202481523156166
0.12933975458145142,0.8076120615005493,1.8852198024887912e-07,0.16929832100868225,0.7712134718894958,0.003073618048802018,0.18108892440795898,0.7155178189277649,0.004981432110071182,0.18527843058109283,0.6762570738792419,0.003438707208260894,0.19103875756263733,0.6457051038742065,0.0012915306724607944,0.1635996550321579,0.6710845232009888,0.006506956182420254,0.17757980525493622,0.6164173483848572,-0.004499032162129879,0.18980742990970612,0.5758469700813293,-0.01491625513881445,0.19875791668891907,0.5427734851837158,-0.02244621515274048,0.15836571156978607,0.6732898354530334,-0.003844260470941663,0.1756715029478073,0.613291323184967,-0.014173905365169048,0.18914081156253815,0.5704952478408813,-0.024644650518894196,0.19955255091190338,0.5325448513031006,-0.03201349452137947,0.15701109170913696,0.6842689514160156,-0.015395675785839558,0.17775318026542664,0.629960834980011,-0.0261096078902483,0.19221749901771545,0.5925148129463196,-0.034243933856487274,0.2025851607322693,0.561648428440094,-0.03942583501338959,0.1602008193731308,0.703080952167511,-0.02722516469657421,0.18034125864505768,0.669193685054779,-0.03567865490913391,0.19470466673374176,0.6452735066413879,-0.039502762258052826,0.20698966085910797,0.6264232993125916,-0.041969653218984604
0.11703795194625854,0.8008612990379333,2.1271848993364983e-07,0.15796831250190735,0.7598353624343872,0.002761152572929859,0.1690797507762909,0.7018654942512512,0.0037387574557214975,0.17405781149864197,0.6612487435340881,0.0013917922042310238,0.1822553128004074,0.6295314431190491,-0.0020406811963766813,0.15060774981975555,0.6579495072364807,0.003397081047296524,0.16601265966892242,0.6048949956893921,-0.00999404676258564,0.1789405792951584,0.5612192153930664,-0.022146698087453842,0.18802282214164734,0.5252270102500916,-0.031075626611709595,0.14462994039058685,0.6631041169166565,-0.007925329729914665,0.16284941136837006,0.605532705783844,-0.0204197745770216,0.17647120356559753,0.5604153871536255,-0.03242615982890129,0.18769165873527527,0.518943727016449,-0.04096270725131035,0.14219841361045837,0.6782239079475403,-0.02028636261820793,0.16312120854854584,0.6256650686264038,-0.03329161927103996,0.1770881712436676,0.5878945589065552,-0.04247467219829559,0.1877879947423935,0.5555433630943298,-0.04838604852557182,0.1438957154750824,0.701996922492981,-0.03289426490664482,0.16142460703849792,0.6711981296539307,-0.04434211552143097,0.174252450466156,0.6469232439994812,-0.04959964379668236,0.18625697493553162,0.6265397667884827,-0.052936285734176636
0.10017604380846024,0.8019886016845703,2.1363790381201397e-07,0.14249520003795624,0.7645493745803833,0.0035671256482601166,0.1544683426618576,0.7081023454666138,0.005020791664719582,0.15947146713733673,0.6687256097793579,0.0028423843905329704,0.16623196005821228,0.6378206014633179,4.9841119107441045e-06,0.1345101147890091,0.6590036153793335,0.005866912193596363,0.1512247622013092,0.6039454340934753,-0.005383663345128298,0.16349679231643677,0.5617145895957947,-0.01578586921095848,0.17122900485992432,0.5273633599281311,-0.023426001891493797,0.1280258297920227,0.662623405456543,-0.005347399972379208,0.14811912178993225,0.6017863750457764,-0.015905864536762238,0.161023810505867,0.5574346780776978,-0.026302233338356018,0.17014338076114655,0.5178448557853699,-0.03365534543991089,0.1261242926120758,0.676062285900116,-0.017665520310401917,0.14983497560024261,0.6218516826629639,-0.028468962758779526,0.16354015469551086,0.5841207504272461,-0.036693885922431946,0.17288406193256378,0.5521566867828369,-0.04217519611120224,0.12954731285572052,0.6983250975608826,-0.03025664947926998,0.15136532485485077,0.6668559312820435,-0.03912768512964249,0.16549837589263916,0.6434425711631775,-0.04329114407300949,0.17771515250205994,0.6239098906517029,-0.04605003818869591
0.08941452205181122,0.7919671535491943,1.5812057085895503e-07,0.1298292726278305,0.7555209398269653,0.0038572594057768583,0.14211037755012512,0.6974815726280212,0.005768848117440939,0.1479845643043518,0.6572481989860535,0.003874742891639471,0.1587691605091095,0.6283608078956604,0.0012776736402884126,0.13112182915210724,0.6538676023483276,0.009321607649326324,0.14482606947422028,0.5979632139205933,-0.0014621554873883724,0.15502023696899414,0.553824782371521,-0.012156599201261997,0.16191324591636658,0.5177739262580872,-0.020171092823147774,0.12560179829597473,0.6551709771156311,-0.0016970972064882517,0.14096157252788544,0.5947079062461853,-0.01216510497033596,0.1528138518333435,0.5488502979278564,-0.022963959723711014,0.16207672655582428,0.5077285766601562,-0.03049689531326294,0.12298416346311569,0.6648203134536743,-0.014028290286660194,0.14040258526802063,0.6053967475891113,-0.024211272597312927,0.15170927345752716,0.5633013248443604,-0.03216305375099182,0.15972943603992462,0.5269355773925781,-0.03731387481093407,0.12424872070550919,0.6818639039993286,-0.02671968936920166,0.13917598128318787,0.6416456699371338,-0.034834787249565125,0.1486806422472,0.6104385852813721,-0.03887584060430527,0.1572152078151703,0.5836427211761475,-0.04159611836075783
0.07350000739097595,0.7975831627845764,1.7505620064639515e-07,0.11143868416547775,0.7614519000053406,0.003363959724083543,0.12565180659294128,0.7025344967842102,0.0060817403718829155,0.1342904269695282,0.6619333028793335,0.005411392543464899,0.14551213383674622,0.6330690979957581,0.004368285182863474,0.11414805054664612,0.6659358739852905,0.009106921963393688,0.12888073921203613,0.6098324060440063,-0.0007044582162052393,0.14166168868541718,0.5670264363288879,-0.010304329916834831,0.1509612500667572,0.5315079689025879,-0.017490867525339127,0.10942764580249786,0.668322741985321,-0.0009662247612141073,0.12540216743946075,0.6101122498512268,-0.010048896074295044,0.13901889324188232,0.5664398670196533,-0.020159030333161354,0.15052948892116547,0.5262795090675354,-0.027533113956451416,0.10637740790843964,0.6767204403877258,-0.01229146122932434,0.12452414631843567,0.6226977705955505,-0.0215009693056345,0.1386912316083908,0.5844921469688416,-0.02840258739888668,0.14952757954597473,0.5510576367378235,-0.033021196722984314,0.10650759935379028,0.6904153823852539,-0.024025430902838707,0.12343865633010864,0.6535093784332275,-0.03137047216296196,0.13632379472255707,0.6264704465866089,-0.03461375832557678,0.14785102009773254,0.6033217310905457,-0.03686550632119179
0.04481782391667366,0.7922393083572388,2.074022518172569e-07,0.08885397762060165,0.7574678063392639,0.0029663771856576204,0.10512952506542206,0.6963483691215515,0.005609765648841858,0.11378836631774902,0.6543459892272949,0.004863385576754808,0.1253364533185959,0.6235431432723999,0.0032016970217227936,0.08677757531404495,0.6532493829727173,0.0065995086915791035,0.10430373251438141,0.5971097946166992,-0.004975107032805681,0.11737936735153198,0.5502842664718628,-0.015940330922603607,0.1260424256324768,0.5119656324386597,-0.02430405467748642,0.08099543303251266,0.6556099057197571,-0.004360680002719164,0.10017318278551102,0.5940641164779663,-0.01579698920249939,0.11448173224925995,0.5456238389015198,-0.027750302106142044,0.1258232444524765,0.5011840462684631,-0.03622232750058174,0.07909996062517166,0.6687008738517761,-0.016383809968829155,0.10165579617023468,0.6118479371070862,-0.02886628359556198,0.11683407425880432,0.5714058876037598,-0.038309548050165176,0.128119096159935,0.5351095199584961,-0.04433399438858032,0.08175554871559143,0.6908262968063354,-0.028606833890080452,0.1017555519938469,0.6562708616256714,-0.039752326905727386,0.1166052520275116,0.6297608017921448,-0.04516592621803284,0.13019326329231262,0.6064203977584839,-0.04860612004995346
0.039980266243219376,0.7915377020835876,2.0508090869952866e-07,0.08283644169569016,0.7570822238922119,0.0033472164068371058,0.09750667214393616,0.6980313658714294,0.005341636016964912,0.10471612960100174,0.6580159068107605,0.003898046910762787,0.11471866071224213,0.6271909475326538,0.0015615427400916815,0.07957954704761505,0.6496008634567261,0.005824991036206484,0.0966721773147583,0.5938612222671509,-0.005588767118752003,0.10958493500947952,0.5497220754623413,-0.016407879069447517,0.11866740137338638,0.5131900906562805,-0.02449466846883297,0.07354988902807236,0.652740478515625,-0.005313307512551546,0.09335831552743912,0.5908316373825073,-0.016122667118906975,0.10762856900691986,0.5440683364868164,-0.02730661816895008,0.11909042298793793,0.5011937022209167,-0.035161323845386505,0.07181072235107422,0.6656259894371033,-0.01749567873775959,0.09515868127346039,0.6051648259162903,-0.028893355280160904,0.10937299579381943,0.5617141127586365,-0.03796739503741264,0.119950070977211,0.5233875513076782,-0.043749839067459106,0.07534673810005188,0.6870314478874207,-0.029825523495674133,0.09566541761159897,0.6485120058059692,-0.039356332272291183,0.10887660831212997,0.6195365190505981,-0.04382627084851265,0.12051074206829071,0.5942554473876953,-0.046628277748823166
0.041067562997341156,0.7866268754005432,1.6080960563158442e-07,0.0780409649014473,0.7517566680908203,0.004183742217719555,0.09173664450645447,0.6935364603996277,0.0063296956941485405,0.10017592459917068,0.6546306014060974,0.004861902445554733,0.112045057117939,0.6254375576972961,0.0029833302833139896,0.0804581567645073,0.6441779136657715,0.01049148291349411,0.0971449539065361,0.5910871028900146,0.0012712888419628143,0.10951045155525208,0.5523253679275513,-0.008376705460250378,0.11854138225317001,0.5196118950843811,-0.015890376642346382,0.07560418546199799,0.6470555067062378,-0.0005708379903808236,0.09303416311740875,0.5902279615402222,-0.008924141526222229,0.10608713328838348,0.5486539006233215,-0.01868942566215992,0.11712747067213058,0.5105889439582825,-0.02601892314851284,0.07289081066846848,0.6585493683815002,-0.012974373064935207,0.0922790914773941,0.6052520275115967,-0.02203557826578617,0.10500989854335785,0.5682646036148071,-0.029546724632382393,0.11491420865058899,0.5357056260108948,-0.03495964780449867,0.07378752529621124,0.6782212853431702,-0.025683555752038956,0.09066206961870193,0.6449417471885681,-0.0337366908788681,0.1020984873175621,0.6204436421394348,-0.03737202286720276,0.11230731010437012,0.5991617441177368,-0.03995873034000397
0.023058369755744934,0.7816276550292969,1.401985372240233e-07,0.06084528937935829,0.7433710694313049,0.006910533644258976,0.07246347516775131,0.6867849826812744,0.010961492545902729,0.08197901397943497,0.6484284400939941,0.011003879830241203,0.09333310276269913,0.6192061305046082,0.010752136819064617,0.05116196721792221,0.6447796821594238,0.014693102799355984,0.06990362703800201,0.5930641889572144,0.007506057620048523,0.0849800780415535,0.5568175911903381,-0.0003570214903447777,0.09583266079425812,0.5280375480651855,-0.0065528820268809795,0.048250727355480194,0.646567165851593,0.004379622172564268,0.06857308000326157,0.5912242531776428,-0.0019347671186551452,0.0846615582704544,0.5559184551239014,-0.009541228413581848,0.09799572825431824,0.5242781043052673,-0.015118489041924477,0.05056697875261307,0.6573517918586731,-0.007106530945748091,0.07205307483673096,0.6039265990257263,-0.014321165159344673,0.0866067036986351,0.5688959956169128,-0.01964358612895012,0.09834692627191544,0.5392589569091797,-0.02328241430222988,0.05850857496261597,0.6749158501625061,-0.018695926293730736,0.07596341520547867,0.6398733258247375,-0.02471468783915043,0.08763407170772552,0.6134082674980164,-0.027006549760699272,0.09807285666465759,0.5905841588973999,-0.02858728915452957
0.032975707203149796,0.5837292671203613,1.7902165438954398e-07,0.07553065568208694,0.5381721258163452,0.004605420399457216,0.0857284665107727,0.4751654267311096,0.007245007436722517,0.09197936952114105,0.43639421463012695,0.005910090170800686,0.10560877621173859,0.40363582968711853,0.004260126501321793,0.06582090258598328,0.4234774112701416,0.013470014557242393,0.08168305456638336,0.36775708198547363,0.0037693947087973356,0.09209348261356354,0.323763370513916,-0.006609002128243446,0.09836049377918243,0.285445898771286,-0.015090222470462322,0.05804656445980072,0.426715612411499,0.0014202995225787163,0.07645091414451599,0.3656831681728363,-0.008083056658506393,0.08804693818092346,0.318336546421051,-0.019383879378437996,0.09680679440498352,0.2725411653518677,-0.028011837974190712,0.053793445229530334,0.4382719099521637,-0.012135297060012817,0.0735703557729721,0.378440797328949,-0.02258880063891411,0.08615089952945709,0.3364194631576538,-0.030058836564421654,0.09567969292402267,0.29659828543663025,-0.0351722352206707,0.05447521433234215,0.4561786353588104,-0.026025772094726562,0.07155641913414001,0.41232815384864807,-0.0347653329372406,0.08282901346683502,0.3796704113483429,-0.03826010227203369,0.09299080073833466,0.3494395613670349,-0.04075302556157112
0.03210006281733513,0.5801811814308167,1.739537367484445e-07,0.07280772924423218,0.5354106426239014,0.0038862302899360657,0.08412698656320572,0.4736480712890625,0.006221238058060408,0.09287174046039581,0.4353139102458954,0.004660293459892273,0.10706110298633575,0.40226757526397705,0.0026320030447095633,0.06794203817844391,0.4228305220603943,0.012745262123644352,0.08418016880750656,0.3680998682975769,0.002655618591234088,0.09479807317256927,0.32472875714302063,-0.008149756118655205,0.10150888562202454,0.2868744134902954,-0.01689758338034153,0.06162557005882263,0.4257015287876129,0.0009074821136891842,0.07967463880777359,0.3645009994506836,-0.009078911505639553,0.09103330224752426,0.31690430641174316,-0.02094316855072975,0.09961700439453125,0.27056437730789185,-0.029915394261479378,0.05793992802500725,0.43660831451416016,-0.012480313889682293,0.0770946741104126,0.37730586528778076,-0.023365866392850876,0.08923863619565964,0.3350986838340759,-0.031176632270216942,0.09827345609664917,0.294319748878479,-0.036459311842918396,0.058092035353183746,0.4537203907966614,-0.026263564825057983,0.07409033924341202,0.40983083844184875,-0.035436298698186874,0.08474515378475189,0.37682223320007324,-0.03913616016507149,0.09442044049501419,0.34582245349884033,-0.04175027459859848
0.038252804428339005,0.5775438547134399,1.8174972638007603e-07,0.07911741733551025,0.5305069088935852,0.004510562401264906,0.08874358236789703,0.4714839458465576,0.006154181901365519,0.0960334837436676,0.43423670530319214,0.0036636919248849154,0.10982563346624374,0.4018417000770569,0.0008893685298971832,0.0709434449672699,0.41748344898223877,0.013825914822518826,0.08801663666963577,0.36265337467193604,0.0038649525959044695,0.09937920421361923,0.31948548555374146,-0.007110179867595434,0.10597614198923111,0.2813522219657898,-0.016048463061451912,0.06495822221040726,0.4206311106681824,0.0017393346643075347,0.08437288552522659,0.36209970712661743,-0.008164969272911549,0.09618470072746277,0.3157757818698883,-0.019815582782030106,0.10456269234418869,0.27077794075012207,-0.028675973415374756,0.06218557059764862,0.4316316545009613,-0.011981702409684658,0.0823449045419693,0.3731330335140228,-0.022393209859728813,0.09445007145404816,0.33068203926086426,-0.030420107766985893,0.10298256576061249,0.29065078496932983,-0.03603783994913101,0.06421533226966858,0.4490976929664612,-0.026088807731866837,0.08037403970956802,0.4059683084487915,-0.03487682715058327,0.09049451351165771,0.37335723638534546,-0.03882359340786934,0.09914547204971313,0.3430478274822235,-0.04166822135448456
0.040114808827638626,0.5806257724761963,2.0823048885176831e-07,0.08317881077528,0.5329771041870117,0.004477416165173054,0.09317681193351746,0.4718138873577118,0.005860351491719484,0.09962481260299683,0.43370088934898376,0.003407984273508191,0.11273601651191711,0.40084317326545715,0.00032301159808412194,0.06993658095598221,0.41814887523651123,0.009051545523107052,0.08784709125757217,0.3651401996612549,-0.0023441300727427006,0.10043219476938248,0.32221418619155884,-0.013951180502772331,0.10839314758777618,0.2842227816581726,-0.023361725732684135,0.062395788729190826,0.4236506521701813,-0.0034960440825670958,0.08350007236003876,0.36544832587242126,-0.014238832518458366,0.09691180288791656,0.3193202614784241,-0.026337722316384315,0.10718981921672821,0.2736923098564148,-0.03568827360868454,0.059005577117204666,0.4392235279083252,-0.017230287194252014,0.08172880113124847,0.38275450468063354,-0.02910478413105011,0.09563762694597244,0.3418370187282562,-0.03772439807653427,0.10614543408155441,0.30246299505233765,-0.04380578547716141,0.06122993677854538,0.46264734864234924,-0.031123002991080284,0.08020356297492981,0.425738662481308,-0.04182006046175957,0.0930507481098175,0.3978288173675537,-0.04629356041550636,0.10447615385055542,0.3713094890117645,-0.04937140643596649
0.04530630260705948,0.5779116153717041,1.938217195629477e-07,0.08319884538650513,0.5318560004234314,0.0030831967014819384,0.09227251261472702,0.4722694158554077,0.0045279767364263535,0.10063909739255905,0.43428903818130493,0.002349731745198369,0.11485297977924347,0.40395283699035645,-0.00035465185646899045,0.07768362760543823,0.42183488607406616,0.010608972981572151,0.09387072920799255,0.36690470576286316,-3.3004453143803403e-06,0.10586010664701462,0.32543519139289856,-0.011047307401895523,0.1143530011177063,0.2895865738391876,-0.0197611004114151,0.07172317802906036,0.4250814914703369,-0.0008029253804124892,0.08956276625394821,0.3652827739715576,-0.010914505459368229,0.10250333696603775,0.3202291429042816,-0.022496042773127556,0.1136966198682785,0.27746811509132385,-0.03110254555940628,0.06870943307876587,0.43676331639289856,-0.01375921443104744,0.08702109009027481,0.3787018358707428,-0.025064220651984215,0.09965454041957855,0.33818307518959045,-0.033192917704582214,0.11036305874586105,0.30056166648864746,-0.038608819246292114,0.07010573148727417,0.4551275670528412,-0.027069982141256332,0.08517380803823471,0.41462162137031555,-0.036776307970285416,0.0957532599568367,0.3847634494304657,-0.040485844016075134,0.10588355362415314,0.35751867294311523,-0.042943764477968216
0.063770592212677,0.5737865567207336,1.4647409329882066e-07,0.09650418162345886,0.5352309346199036,0.001812444650568068,0.10772181302309036,0.47837963700294495,0.003453146433457732,0.1164737120270729,0.43699198961257935,0.0015753406332805753,0.12984509766101837,0.40399569272994995,-9.500866872258484e-05,0.10497252643108368,0.4287598729133606,0.01396163646131754,0.1196431890130043,0.3695715665817261,0.005247771739959717,0.12873494625091553,0.3260899484157562,-0.004605098161846399,0.13329249620437622,0.28753602504730225,-0.012325447984039783,0.10029641538858414,0.42604827880859375,0.004091755021363497,0.11510441452264786,0.3657306432723999,-0.004299766384065151,0.12398661673069,0.3191613554954529,-0.01434309221804142,0.1290731281042099,0.27497655153274536,-0.021793987601995468,0.0955403596162796,0.4268924593925476,-0.007721908390522003,0.11059606820344925,0.3692218065261841,-0.015295043587684631,0.11977127194404602,0.3278840184211731,-0.020405419170856476,0.12534469366073608,0.2900298237800598,-0.024063490331172943,0.09235915541648865,0.43103867769241333,-0.02048978954553604,0.1037522628903389,0.38472455739974976,-0.026146400719881058,0.1119614988565445,0.3525252044200897,-0.027370594441890717,0.11864633858203888,0.3245774209499359,-0.02827710472047329
0.08520727604627609,0.5812373161315918,1.883797864365988e-07,0.12308023869991302,0.5361535549163818,0.003952701110392809,0.1314905881881714,0.4800134599208832,0.005545281805098057,0.13713186979293823,0.4427846670150757,0.002817806787788868,0.14869815111160278,0.4117133915424347,-0.0002726404636632651,0.11584179848432541,0.4292687177658081,0.013965164311230183,0.12960731983184814,0.37476345896720886,0.003105455543845892,0.1393548846244812,0.330446720123291,-0.008697197772562504,0.14441198110580444,0.2912660837173462,-0.01789586804807186,0.11077625304460526,0.43167030811309814,0.0017801378853619099,0.12687823176383972,0.3739507496356964,-0.008175655268132687,0.13642597198486328,0.3271788954734802,-0.019740210846066475,0.14243634045124054,0.28197401762008667,-0.028477828949689865,0.10759706050157547,0.44023388624191284,-0.012155789881944656,0.1250370740890503,0.3857120871543884,-0.021524373441934586,0.1353616565465927,0.3452545404434204,-0.02805180288851261,0.1418839544057846,0.3075443506240845,-0.03272736072540283,0.10736590623855591,0.45478400588035583,-0.026842623949050903,0.12079985439777374,0.4140101373195648,-0.033915575593709946,0.1297360360622406,0.3831741213798523,-0.035986632108688354,0.1369943618774414,0.35569649934768677,-0.0376017726957798
0.3055074214935303,0.5896757245063782,2.3163083540111984e-07,0.2871035039424896,0.5358161926269531,0.007697738707065582,0.27043405175209045,0.480368047952652,0.006776891648769379,0.24949094653129578,0.44560694694519043,0.0025575722102075815,0.2294778823852539,0.4231720566749573,-0.0033476378303021193,0.29117268323898315,0.44934481382369995,-0.0005275086732581258,0.27229413390159607,0.38925880193710327,-0.013687648810446262,0.26355573534965515,0.3423384130001068,-0.02455584518611431,0.25782540440559387,0.30336272716522217,-0.031755343079566956,0.289203017950058,0.45505696535110474,-0.013310919515788555,0.27005448937416077,0.3842070698738098,-0.024799618870019913,0.2610004246234894,0.3328126072883606,-0.03387012332677841,0.2546261250972748,0.2874221205711365,-0.04049117490649223,0.281669557094574,0.46763938665390015,-0.026022596284747124,0.264534056186676,0.39897528290748596,-0.03662509471178055,0.25608760118484497,0.34878817200660706,-0.04296572133898735,0.25139090418815613,0.30700719356536865,-0.046957362443208694,0.26788631081581116,0.48571550846099854,-0.03805438429117203,0.2569417357444763,0.4317634403705597,-0.045805756002664566,0.25208887457847595,0.3934171199798584,-0.04817633330821991,0.24914085865020752,0.36126628518104553,-0.049921322613954544
0.16081976890563965,0.5925642848014832,1.4159186889628472e-07,0.1917954385280609,0.5551233291625977,0.003011870663613081,0.20209696888923645,0.4988594353199005,0.00404698308557272,0.20594294369220734,0.45731791853904724,0.0018130667740479112,0.2120824158191681,0.42217186093330383,-0.0008865105919539928,0.19645392894744873,0.45348629355430603,0.0071785892359912395,0.20832794904708862,0.3945794701576233,-0.004084384068846703,0.2157459408044815,0.3481692373752594,-0.015256065875291824,0.21880164742469788,0.30779117345809937,-0.023852869868278503,0.19200411438941956,0.45299890637397766,-0.0035167711321264505,0.20471984148025513,0.3903462886810303,-0.014498735778033733,0.21164730191230774,0.34225690364837646,-0.025630658492445946,0.21472616493701935,0.29535186290740967,-0.03390416130423546,0.18607115745544434,0.45648372173309326,-0.015317915007472038,0.20021763443946838,0.39782077074050903,-0.025129783898591995,0.20794518291950226,0.3556293845176697,-0.030906381085515022,0.21142823994159698,0.31636980175971985,-0.03497583791613579,0.18047939240932465,0.46375951170921326,-0.02758672833442688,0.1915425956249237,0.41973257064819336,-0.03538448363542557,0.19911083579063416,0.387531578540802,-0.03776377812027931,0.2051023542881012,0.3587908148765564,-0.03947107866406441
0.3558328151702881,0.5858745574951172,2.068710927005668e-07,0.3403751850128174,0.5325391292572021,0.008088432252407074,0.3293188214302063,0.4770078659057617,0.007580810226500034,0.3184473514556885,0.43600329756736755,0.003978817258030176,0.30782943964004517,0.40644216537475586,-0.0009301356039941311,0.33528655767440796,0.447878360748291,-0.0011223828187212348,0.31694087386131287,0.3883439004421234,-0.014660615473985672,0.3085201680660248,0.34139424562454224,-0.02518167719244957,0.30404120683670044,0.30324694514274597,-0.031793396919965744,0.33298006653785706,0.4523961842060089,-0.013936253264546394,0.3132481575012207,0.38165438175201416,-0.02644585259258747,0.3049556016921997,0.3286826014518738,-0.03502976894378662,0.300066202878952,0.2827741503715515,-0.04067041352391243,0.32697978615760803,0.4640209972858429,-0.026604339480400085,0.30863845348358154,0.39584553241729736,-0.03755924850702286,0.3013474941253662,0.34676218032836914,-0.042697157710790634,0.2985093295574188,0.30630797147750854,-0.04571318253874779,0.31660571694374084,0.4817093312740326,-0.03865201398730278,0.30330270528793335,0.43248113989830017,-0.0466219000518322,0.29804980754852295,0.39756250381469727,-0.04807370901107788,0.29532960057258606,0.3677372634410858,-0.048794958740472794
0.38614970445632935,0.5792306661605835,1.8745483032489574e-07,0.3795968294143677,0.5268698930740356,0.00726937735453248,0.3749486207962036,0.47361332178115845,0.007333019748330116,0.3729298412799835,0.4346640408039093,0.004365334752947092,0.3759779930114746,0.4109838306903839,0.00037157139740884304,0.36741015315055847,0.4398224353790283,0.0016097486950457096,0.3489260971546173,0.3793376386165619,-0.010058924555778503,0.34045132994651794,0.33278775215148926,-0.018854016438126564,0.3367687463760376,0.2944880425930023,-0.024776270613074303,0.3643021285533905,0.4439471364021301,-0.010611886158585548,0.34485432505607605,0.3704736828804016,-0.022860942408442497,0.3368140161037445,0.3180702328681946,-0.031389471143484116,0.33291372656822205,0.2720080614089966,-0.03689698502421379,0.3583739101886749,0.454280287027359,-0.022774972021579742,0.3412497639656067,0.38442128896713257,-0.03357961028814316,0.33455154299736023,0.33657392859458923,-0.03877108544111252,0.33235007524490356,0.29730916023254395,-0.041541848331689835,0.3496462404727936,0.4699050188064575,-0.034485701471567154,0.33720123767852783,0.41822004318237305,-0.04176276922225952,0.33310866355895996,0.38417962193489075,-0.04305984824895859,0.33167025446891785,0.3555798828601837,-0.04372776672244072
0.3928079903125763,0.5829437971115112,1.9912218363060674e-07,0.37257012724876404,0.5320147275924683,0.0072382246144115925,0.35635316371917725,0.4775269031524658,0.007698576431721449,0.34059736132621765,0.4367101490497589,0.0050184414722025394,0.32473835349082947,0.409742534160614,0.0008798112394288182,0.3714252710342407,0.44438058137893677,0.0022465812508016825,0.3528767228126526,0.3829798102378845,-0.009537610225379467,0.34329336881637573,0.3356136083602905,-0.019274046644568443,0.3379082679748535,0.29751092195510864,-0.026051443070173264,0.3712479770183563,0.44660890102386475,-0.010176081210374832,0.35180431604385376,0.37366291880607605,-0.021237900480628014,0.3437412679195404,0.32245126366615295,-0.030037561431527138,0.33947843313217163,0.27743422985076904,-0.036323823034763336,0.36699178814888,0.45543035864830017,-0.02285788580775261,0.349950909614563,0.38681429624557495,-0.03372566029429436,0.3431495130062103,0.33843761682510376,-0.04070748761296272,0.3406217098236084,0.2982136309146881,-0.04539584368467331,0.35894548892974854,0.47038596868515015,-0.03497818857431412,0.346722275018692,0.4218527674674988,-0.04329501464962959,0.34178152680397034,0.38859641551971436,-0.04618773236870766,0.3390917479991913,0.35996881127357483,-0.04844917356967926
0.413461297750473,0.5814803242683411,2.0237415299106942e-07,0.3920309841632843,0.5321767330169678,0.0060047972947359085,0.38796690106391907,0.48067423701286316,0.005153354723006487,0.38849565386772156,0.4403400719165802,0.0013872745912522078,0.39135563373565674,0.4119594693183899,-0.0030935420654714108,0.3895687460899353,0.43867427110671997,0.0038394066505134106,0.3720003366470337,0.3782341480255127,-0.006991185247898102,0.36328357458114624,0.3335810899734497,-0.01570792682468891,0.35927072167396545,0.2960984706878662,-0.021805759519338608,0.39013710618019104,0.4402045011520386,-0.007789695169776678,0.3705829977989197,0.36792653799057007,-0.018649639561772346,0.3624638617038727,0.31875377893447876,-0.02709144353866577,0.35863229632377625,0.27582377195358276,-0.03287801519036293,0.3873787522315979,0.4495539367198944,-0.019808199256658554,0.3692420721054077,0.38125285506248474,-0.03004510886967182,0.3612099885940552,0.33457303047180176,-0.036194004118442535,0.3583019971847534,0.29620441794395447,-0.04018353298306465,0.38078442215919495,0.46542105078697205,-0.031554389744997025,0.36722198128700256,0.41756245493888855,-0.038319122046232224,0.3614550828933716,0.38640502095222473,-0.039942286908626556,0.3582202196121216,0.3600916564464569,-0.041256751865148544
0.42618420720100403,0.5897742509841919,1.7897517068377056e-07,0.40036043524742126,0.5430212020874023,0.006153532303869724,0.3906453847885132,0.4877453148365021,0.005971870850771666,0.3876460790634155,0.44358882308006287,0.0031201138626784086,0.3841296136379242,0.4116688668727875,-0.0007167066214606166,0.4013771116733551,0.44630348682403564,0.0025048654060810804,0.38404056429862976,0.3853018283843994,-0.00859109777957201,0.3749547302722931,0.34094756841659546,-0.017889415845274925,0.3698394298553467,0.30404117703437805,-0.024456078186631203,0.4040006697177887,0.44857922196388245,-0.008930298499763012,0.38359278440475464,0.3760453164577484,-0.019712937995791435,0.37420621514320374,0.32735979557037354,-0.028230365365743637,0.3686332702636719,0.28525128960609436,-0.034297239035367966,0.4012244641780853,0.458848774433136,-0.020728372037410736,0.38237228989601135,0.3891604542732239,-0.03097483515739441,0.37310925126075745,0.34259742498397827,-0.037393711507320404,0.3691151738166809,0.3048047125339508,-0.041848208755254745,0.39313557744026184,0.47554340958595276,-0.032096121460199356,0.3790195882320404,0.4264374077320099,-0.0401582196354866,0.3727613687515259,0.394400954246521,-0.04296774044632912,0.36939093470573425,0.36711645126342773,-0.045151036232709885
0.44690579175949097,0.5856419801712036,1.8509075516703888e-07,0.4201931953430176,0.5331591367721558,0.006589510012418032,0.4142480492591858,0.47793522477149963,0.0053113470785319805,0.4146072566509247,0.43347883224487305,0.0013041498605161905,0.41570279002189636,0.4041960537433624,-0.004293656907975674,0.4273565709590912,0.441657155752182,-0.0008876631036400795,0.4066230356693268,0.38305243849754333,-0.012803571298718452,0.3963766098022461,0.3401862382888794,-0.022164184600114822,0.3904641568660736,0.30304956436157227,-0.028841685503721237,0.4296269714832306,0.4461521804332733,-0.013155356980860233,0.40499499440193176,0.3725033402442932,-0.02535264939069748,0.3946368098258972,0.3227846026420593,-0.034172818064689636,0.388464093208313,0.279092013835907,-0.040591903030872345,0.42618295550346375,0.45937326550483704,-0.02551802061498165,0.4036143720149994,0.38759875297546387,-0.03750279173254967,0.394080251455307,0.33883166313171387,-0.04461463540792465,0.39050814509391785,0.29905617237091064,-0.04936680942773819,0.41641297936439514,0.47834962606430054,-0.0372617207467556,0.3999391794204712,0.42625221610069275,-0.04655195027589798,0.3938940465450287,0.3910912871360779,-0.05011412873864174,0.39076900482177734,0.3607703745365143,-0.05295964330434799
0.4497669041156769,0.5904872417449951,1.6744982644922857e-07,0.43951377272605896,0.5383751392364502,0.009715985506772995,0.4357758164405823,0.49008437991142273,0.008868897333741188,0.43589168787002563,0.45288294553756714,0.004433001857250929,0.43644389510154724,0.4271239638328552,-0.0015234026359394193,0.43153658509254456,0.44724202156066895,0.0015984723577275872,0.4124981164932251,0.3865262269973755,-0.009854482486844063,0.4030311107635498,0.34255680441856384,-0.018710263073444366,0.3976224958896637,0.30525872111320496,-0.025118110701441765,0.42937156558036804,0.45081275701522827,-0.012249357998371124,0.4083095192909241,0.37681257724761963,-0.023565558716654778,0.39949747920036316,0.32768601179122925,-0.031512755900621414,0.3942969739437103,0.28503674268722534,-0.037508439272642136,0.4236810803413391,0.4627619981765747,-0.026008285582065582,0.4050861895084381,0.39062151312828064,-0.03646593913435936,0.3980412483215332,0.3437389135360718,-0.04258241876959801,0.3959541320800781,0.30560195446014404,-0.04716895893216133,0.414629191160202,0.4803321361541748,-0.03901783749461174,0.4020754396915436,0.429369181394577,-0.04811536520719528,0.39736858010292053,0.3954077363014221,-0.051774341613054276,0.3950517773628235,0.36566516757011414,-0.054740481078624725
0.4553634524345398,0.5881349444389343,1.9417932151100104e-07,0.439434677362442,0.5400924682617188,0.0073752389289438725,0.43572619557380676,0.4910946190357208,0.006012055091559887,0.43721190094947815,0.45400989055633545,0.0014623169554397464,0.4400531053543091,0.4267638623714447,-0.004398862831294537,0.4336574077606201,0.44365617632865906,0.0019262080313637853,0.4155438542366028,0.3827460706233978,-0.009613005444407463,0.4063536822795868,0.33797693252563477,-0.019083362072706223,0.40159720182418823,0.29934191703796387,-0.026002243161201477,0.433607280254364,0.44587185978889465,-0.01066670473664999,0.41300439834594727,0.37256568670272827,-0.021474594250321388,0.40408089756965637,0.3231887221336365,-0.030261365696787834,0.39921459555625916,0.27953463792800903,-0.037001773715019226,0.43007993698120117,0.4562358558177948,-0.023437440395355225,0.4118383228778839,0.3852013051509857,-0.033408693969249725,0.403846800327301,0.3386165201663971,-0.03993977606296539,0.400982528924942,0.3006182909011841,-0.04491708055138588,0.4228363037109375,0.47259142994880676,-0.03577141463756561,0.4097617268562317,0.42292988300323486,-0.04397664964199066,0.40458303689956665,0.3902704417705536,-0.047159966081380844,0.40179529786109924,0.36168402433395386,-0.0498514287173748
0.46908390522003174,0.5901627540588379,2.228273103810352e-07,0.4318239092826843,0.5352134704589844,0.004760825540870428,0.420098215341568,0.47887539863586426,0.0028728116303682327,0.41542327404022217,0.43268129229545593,-0.0016329791396856308,0.4089384973049164,0.4004819095134735,-0.007662705611437559,0.4419381320476532,0.44331538677215576,-0.0015234677121043205,0.4229407012462616,0.3831808865070343,-0.015326940454542637,0.4140532612800598,0.3378419280052185,-0.026834648102521896,0.41013166308403015,0.2982091009616852,-0.035077959299087524,0.4478016197681427,0.44759348034858704,-0.013529724441468716,0.4242490828037262,0.37406596541404724,-0.026382025331258774,0.41464221477508545,0.3234787881374359,-0.036356594413518906,0.40994057059288025,0.2777452766895294,-0.04377637803554535,0.44787999987602234,0.46080029010772705,-0.025996625423431396,0.424522340297699,0.3901395797729492,-0.039206698536872864,0.4143539071083069,0.3417195677757263,-0.0465557686984539,0.4102422595024109,0.3008838891983032,-0.05146929994225502,0.44191721081733704,0.4808143377304077,-0.03808591514825821,0.42430222034454346,0.4312232732772827,-0.04927337169647217,0.4167535603046417,0.39704233407974243,-0.05331913381814957,0.4127064049243927,0.36627572774887085,-0.05627826601266861
0.4800850450992584,0.5916292667388916,1.8513563304622949e-07,0.45688560605049133,0.5444982647895813,0.009485195390880108,0.44370636343955994,0.4921252131462097,0.009271564893424511,0.4336147606372833,0.45392119884490967,0.00585335586220026,0.41937434673309326,0.4276428520679474,0.0005224065389484167,0.4594706892967224,0.4454210102558136,-0.0019823096226900816,0.43971580266952515,0.38441720604896545,-0.014629083685576916,0.42980918288230896,0.3398154377937317,-0.02466329000890255,0.4243226647377014,0.3006901144981384,-0.03214850649237633,0.46092936396598816,0.44864773750305176,-0.01564398780465126,0.43716809153556824,0.37314799427986145,-0.028157133609056473,0.4274497330188751,0.3229072093963623,-0.03796546161174774,0.4221474528312683,0.27762091159820557,-0.045801445841789246,0.45705437660217285,0.46171391010284424,-0.02887549251317978,0.43591058254241943,0.3885490894317627,-0.04107178375124931,0.4271376132965088,0.34170496463775635,-0.04919635131955147,0.4235275089740753,0.30243632197380066,-0.055381011217832565,0.4484484791755676,0.48046451807022095,-0.04112239181995392,0.4345126450061798,0.42911258339881897,-0.052508510649204254,0.4280721843242645,0.3946160674095154,-0.05829722434282303,0.4245770275592804,0.3625778257846832,-0.06298293173313141
0.48260313272476196,0.5961592793464661,1.8901165788065555e-07,0.45697522163391113,0.5477005243301392,0.010314197279512882,0.4439379572868347,0.49482962489128113,0.009314090013504028,0.4334881901741028,0.45488524436950684,0.004866429138928652,0.4175921082496643,0.42640942335128784,-0.0013755292166024446,0.4607096314430237,0.4457799792289734,-0.0024177187588065863,0.4390464723110199,0.3836013674736023,-0.015573323704302311,0.42903584241867065,0.33903878927230835,-0.02589159458875656,0.4237653613090515,0.29893630743026733,-0.03372010961174965,0.463003545999527,0.4492186903953552,-0.017119739204645157,0.4371021091938019,0.372662752866745,-0.030571550130844116,0.42733076214790344,0.3219866156578064,-0.04077852517366409,0.42271819710731506,0.2769516110420227,-0.04911429435014725,0.4591856300830841,0.4632854163646698,-0.03125984966754913,0.43656522035598755,0.38925814628601074,-0.04345184564590454,0.4276426434516907,0.34130656719207764,-0.05083781108260155,0.42433470487594604,0.3010190725326538,-0.05691705271601677,0.4504580795764923,0.4829815924167633,-0.044427331537008286,0.43563053011894226,0.43047964572906494,-0.05571525916457176,0.42854437232017517,0.3948175311088562,-0.06122856214642525,0.42417722940444946,0.36170053482055664,-0.06597242504358292
0.4812992215156555,0.5815755724906921,1.9082833091488283e-07,0.462162584066391,0.527458906173706,0.007832684554159641,0.4537300765514374,0.4697047173976898,0.006650079973042011,0.45271024107933044,0.4258034825325012,0.002584421541541815,0.4475729763507843,0.39614221453666687,-0.0031405312474817038,0.4558345675468445,0.4326832890510559,-0.0029729404486715794,0.438262015581131,0.3718385696411133,-0.016685931012034416,0.42962658405303955,0.3286014795303345,-0.027317244559526443,0.4243873655796051,0.29011210799217224,-0.03542115166783333,0.4590734839439392,0.4382977783679962,-0.016685519367456436,0.4365784227848053,0.3641583323478699,-0.029363963752985,0.4281887412071228,0.31616783142089844,-0.03862727805972099,0.42286625504493713,0.2726690173149109,-0.04620790481567383,0.45745593309402466,0.4550034701824188,-0.03046129271388054,0.4357086718082428,0.38277682662010193,-0.04309668019413948,0.42717868089675903,0.33683088421821594,-0.05078227072954178,0.4232705533504486,0.29715168476104736,-0.05699826031923294,0.45134541392326355,0.47853511571884155,-0.04348866268992424,0.4366496205329895,0.43135231733322144,-0.056379277259111404,0.4292549192905426,0.39786070585250854,-0.06302730739116669,0.4241721034049988,0.36618873476982117,-0.06843407452106476
0.48773813247680664,0.588667631149292,2.425823879548261e-07,0.4571656882762909,0.5387750267982483,0.005011303350329399,0.44778895378112793,0.48474061489105225,0.0025233293417841196,0.4461281895637512,0.4381761848926544,-0.002629631431773305,0.44782185554504395,0.4050927460193634,-0.008887071162462234,0.45934221148490906,0.4444805979728699,-0.0010852759005501866,0.44113191962242126,0.3793713450431824,-0.014098991639912128,0.4319087564945221,0.33292245864868164,-0.0240971427410841,0.42796435952186584,0.2942064106464386,-0.031073132529854774,0.4617536664009094,0.4464712142944336,-0.012861656956374645,0.44012752175331116,0.3701663613319397,-0.02532844804227352,0.43159130215644836,0.3194315433502197,-0.034631408751010895,0.42812126874923706,0.2763243317604065,-0.04135340824723244,0.4596487581729889,0.4571782052516937,-0.024970179423689842,0.43859222531318665,0.38436374068260193,-0.03685036674141884,0.42997899651527405,0.3372178375720978,-0.04356325417757034,0.42780789732933044,0.2987024486064911,-0.04837530851364136,0.4534838795661926,0.4744940996170044,-0.036726295948028564,0.43866419792175293,0.42625635862350464,-0.04618878290057182,0.43250471353530884,0.39400047063827515,-0.04957408085465431,0.42947471141815186,0.3657720386981964,-0.0522325299680233
0.5010128021240234,0.585187554359436,2.1814373951656307e-07,0.4730396270751953,0.5328001976013184,0.004305922891944647,0.4675183594226837,0.4779053330421448,0.0013102628290653229,0.46953073143959045,0.4336974024772644,-0.004107144195586443,0.47256946563720703,0.40291664004325867,-0.010948481038212776,0.47873467206954956,0.4419057071208954,-0.004498880822211504,0.4587108790874481,0.38226014375686646,-0.018163185566663742,0.4488687515258789,0.33700117468833923,-0.028819216415286064,0.44420063495635986,0.29786086082458496,-0.03636550530791283,0.4813559353351593,0.445168673992157,-0.016128262504935265,0.4562070667743683,0.37311121821403503,-0.02972118742763996,0.44640034437179565,0.3216853141784668,-0.039593275636434555,0.4418011009693146,0.2764069437980652,-0.04671695828437805,0.47911009192466736,0.45847004652023315,-0.027794377878308296,0.45465558767318726,0.3884167969226837,-0.04068606346845627,0.44518378376960754,0.33967748284339905,-0.04792717471718788,0.44198930263519287,0.2995130717754364,-0.05278778076171875,0.47143757343292236,0.4790903627872467,-0.03903726115822792,0.454023540019989,0.4299928843975067,-0.04908223822712898,0.4461400806903839,0.39570802450180054,-0.05261498689651489,0.4415287673473358,0.36570850014686584,-0.055314116179943085
0.5159733295440674,0.5870083570480347,1.810346788033712e-07,0.5007300972938538,0.5308808088302612,0.010405897162854671,0.4875420033931732,0.474920392036438,0.01088081393390894,0.4771895706653595,0.431896835565567,0.00796784833073616,0.46648961305618286,0.4037386476993561,0.003405547235161066,0.48948490619659424,0.44426587224006653,-0.00011566928151296452,0.46863505244255066,0.3834676444530487,-0.012524168938398361,0.458243191242218,0.338472843170166,-0.021909989416599274,0.4526884853839874,0.3011786937713623,-0.02817816287279129,0.488097608089447,0.4502364695072174,-0.014062579721212387,0.465440034866333,0.3782857358455658,-0.026249069720506668,0.454853892326355,0.32783424854278564,-0.03481992706656456,0.4485788345336914,0.28392475843429565,-0.04084387049078941,0.48266467452049255,0.4630594551563263,-0.02757413312792778,0.4623294174671173,0.39419031143188477,-0.03862009197473526,0.4524594247341156,0.34547749161720276,-0.04450604319572449,0.44803860783576965,0.30572545528411865,-0.04850311577320099,0.4738912284374237,0.48220446705818176,-0.04010842368006706,0.4588716924190521,0.43238112330436707,-0.04850087687373161,0.45271947979927063,0.3980759382247925,-0.05068111792206764,0.449911892414093,0.36920851469039917,-0.05234856158494949
0.5457141995429993,0.5812764167785645,2.0737893180466926e-07,0.5319718718528748,0.528236985206604,0.008668135851621628,0.5228942632675171,0.47481468319892883,0.009012380614876747,0.5150397419929504,0.4341103732585907,0.006151137407869101,0.5073755383491516,0.40585944056510925,0.0020032788161188364,0.5230220556259155,0.44080850481987,0.002219558460637927,0.5010563731193542,0.3815615475177765,-0.009151636622846127,0.48872798681259155,0.336082398891449,-0.01823984459042549,0.4805905222892761,0.29878103733062744,-0.024235598742961884,0.5206353664398193,0.44375768303871155,-0.010447772219777107,0.49654319882392883,0.3739911615848541,-0.02143709734082222,0.48522546887397766,0.322452574968338,-0.02965671941637993,0.47773316502571106,0.27774280309677124,-0.03525925427675247,0.5146278142929077,0.4552043378353119,-0.023027615621685982,0.49377450346946716,0.3880634307861328,-0.03299436718225479,0.48414793610572815,0.3397228419780731,-0.038929056376218796,0.47945722937583923,0.3003312349319458,-0.04270181432366371,0.5047827959060669,0.4735948443412781,-0.03488163650035858,0.48951393365859985,0.4249671697616577,-0.041681382805109024,0.48337504267692566,0.3918355405330658,-0.0429549440741539,0.4799785614013672,0.36478281021118164,-0.04383712261915207
0.5637345910072327,0.577629029750824,1.779709606353208e-07,0.5549749135971069,0.5235928297042847,0.010192598216235638,0.5479370355606079,0.47390201687812805,0.010729356668889523,0.5428935885429382,0.436696857213974,0.007491414900869131,0.5378445386886597,0.40996140241622925,0.0030346594285219908,0.5403406023979187,0.4394340217113495,0.006135007366538048,0.5224862098693848,0.38183677196502686,-0.0041679576970636845,0.5127979516983032,0.33923766016960144,-0.01302760187536478,0.5074513554573059,0.3042159676551819,-0.019176550209522247,0.5374164581298828,0.441838800907135,-0.0071668121963739395,0.5167196393013,0.3726581335067749,-0.016859840601682663,0.5068925619125366,0.32450568675994873,-0.024864189326763153,0.500530481338501,0.2825969159603119,-0.03069271519780159,0.5326895713806152,0.45095518231391907,-0.020585112273693085,0.5145034193992615,0.38412320613861084,-0.029016301035881042,0.5056965351104736,0.33872559666633606,-0.03441115468740463,0.5014180541038513,0.3017723262310028,-0.03854424133896828,0.5263249278068542,0.4655860662460327,-0.03337828069925308,0.5131304264068604,0.41921618580818176,-0.03948773816227913,0.5075520277023315,0.38749203085899353,-0.041134435683488846,0.5043245553970337,0.3603361248970032,-0.042743995785713196
0.5901588201522827,0.5870183110237122,1.8382952760020999e-07,0.5605024695396423,0.5407657027244568,0.005969129502773285,0.5495641827583313,0.4864177107810974,0.005163494497537613,0.5457664728164673,0.4438842833042145,0.0016098518390208483,0.5434055328369141,0.41350916028022766,-0.0028858394362032413,0.5609237551689148,0.4474775791168213,0.0014086796436458826,0.539883553981781,0.3886372447013855,-0.010003600269556046,0.5286464691162109,0.344027578830719,-0.019380666315555573,0.5215540528297424,0.30692675709724426,-0.025790374726057053,0.5630393028259277,0.44972866773605347,-0.01010171975940466,0.5383078455924988,0.3789365887641907,-0.021095916628837585,0.5261617302894592,0.3287121057510376,-0.029712026938796043,0.5184537768363953,0.2854423224925995,-0.035703144967556,0.5605034232139587,0.4597914218902588,-0.021839510649442673,0.5384263396263123,0.3915499150753021,-0.031853530555963516,0.5265232920646667,0.3435635566711426,-0.03811892122030258,0.5203574299812317,0.3046901226043701,-0.04226063936948776,0.5529696941375732,0.4762679934501648,-0.033201396465301514,0.5356448292732239,0.42776021361351013,-0.04009389504790306,0.5272713303565979,0.39566928148269653,-0.041922084987163544,0.521881639957428,0.368705153465271,-0.04339051619172096
0.6093512773513794,0.5819773077964783,1.9658240546505112e-07,0.5932941436767578,0.5258053541183472,0.00856122188270092,0.5821573138237,0.47015196084976196,0.008811278268694878,0.5738115906715393,0.428117960691452,0.005940055940300226,0.5645824074745178,0.39822885394096375,0.0015740494709461927,0.5848127603530884,0.4442223608493805,-0.00043531812843866646,0.5615023970603943,0.38450920581817627,-0.013516975566744804,0.5486626029014587,0.33811303973197937,-0.02353551611304283,0.5406133532524109,0.300773561000824,-0.029842689633369446,0.5833449959754944,0.4489830434322357,-0.013425967656075954,0.557416558265686,0.37697166204452515,-0.02511931024491787,0.5441191792488098,0.3239046335220337,-0.03429463878273964,0.535322368144989,0.27755206823349,-0.04076942428946495,0.5780543684959412,0.4611439108848572,-0.026199690997600555,0.5560838580131531,0.39182400703430176,-0.037471890449523926,0.5443804860115051,0.3416917622089386,-0.04487558454275131,0.537902295589447,0.30068671703338623,-0.049745265394449234,0.5689767003059387,0.48008668422698975,-0.038055967539548874,0.5533129572868347,0.43230828642845154,-0.046567149460315704,0.5460718870162964,0.39890754222869873,-0.04901580139994621,0.5414084196090698,0.3705476224422455,-0.05077558755874634
0.6328291296958923,0.5877917408943176,1.5021227284250926e-07,0.6106911897659302,0.5394721031188965,0.008101223036646843,0.5982696413993835,0.48852741718292236,0.008598433807492256,0.5898604989051819,0.4496074616909027,0.006124194245785475,0.5813031196594238,0.4224736988544464,0.0026751651894301176,0.6017953157424927,0.45656946301460266,0.0031465732026845217,0.5797867774963379,0.4029749929904938,-0.008717735297977924,0.568630576133728,0.3599914312362671,-0.018610402941703796,0.5627484321594238,0.3246782422065735,-0.02482442744076252,0.6007842421531677,0.45855632424354553,-0.008488069288432598,0.574982762336731,0.39305561780929565,-0.01868343912065029,0.5637508630752563,0.3428080081939697,-0.025494499132037163,0.5573453903198242,0.2978286147117615,-0.03015664592385292,0.5966399908065796,0.4665531814098358,-0.020484423264861107,0.5734174251556396,0.4044276177883148,-0.029501724988222122,0.5650546550750732,0.35764551162719727,-0.03314303234219551,0.5627033114433289,0.31942063570022583,-0.03517057001590729,0.5888885855674744,0.47943931818008423,-0.032153673470020294,0.5717082023620605,0.43167534470558167,-0.038494959473609924,0.5647003054618835,0.3970428705215454,-0.03936697542667389,0.5607874989509583,0.3676179349422455,-0.0398704893887043
0.651261568069458,0.5802897214889526,2.1632179425523645e-07,0.6340603232383728,0.5290771722793579,0.007763806264847517,0.6255345344543457,0.4761764109134674,0.007560879457741976,0.6219281554222107,0.43710196018218994,0.004304329864680767,0.6195459961891174,0.40839576721191406,-4.93480110890232e-05,0.6192029118537903,0.43940576910972595,0.002187275094911456,0.5995879173278809,0.38207247853279114,-0.009954783134162426,0.5894561409950256,0.3370697796344757,-0.01993558369576931,0.5837270617485046,0.2988975942134857,-0.026674414053559303,0.6179452538490295,0.44281870126724243,-0.0101670753210783,0.595429539680481,0.37546777725219727,-0.0218735933303833,0.5851258635520935,0.3252355456352234,-0.030648352578282356,0.5785974264144897,0.2797587513923645,-0.03676386922597885,0.6140809059143066,0.45358917117118835,-0.02263970486819744,0.594088613986969,0.38864344358444214,-0.033172670751810074,0.5848901867866516,0.34049999713897705,-0.03898453339934349,0.5804001688957214,0.3006454110145569,-0.04263564571738243,0.6072705388069153,0.4708440899848938,-0.03461640328168869,0.5918360352516174,0.42179974913597107,-0.04174967110157013,0.5855006575584412,0.387889564037323,-0.04335285350680351,0.5818819999694824,0.35937073826789856,-0.04457179829478264
0.6741855144500732,0.568026602268219,1.9290034458663285e-07,0.6619064807891846,0.5115152597427368,0.008358893916010857,0.6493669152259827,0.4543311595916748,0.00911042932420969,0.6395601034164429,0.4118017256259918,0.00672914506867528,0.6299190521240234,0.3847455084323883,0.0030656722374260426,0.6502217054367065,0.4278029799461365,0.0010669545736163855,0.6269711852073669,0.3691948652267456,-0.010799897834658623,0.6143423914909363,0.3251875638961792,-0.020200103521347046,0.6063953042030334,0.28853997588157654,-0.026435820385813713,0.6480140089988708,0.43372872471809387,-0.011491850018501282,0.6214558482170105,0.3653573989868164,-0.022116079926490784,0.6088762283325195,0.3165730834007263,-0.03013726882636547,0.6011059880256653,0.2739591896533966,-0.03582022339105606,0.6422101259231567,0.447231262922287,-0.02397298254072666,0.6185288429260254,0.3806878626346588,-0.033980611711740494,0.6069483160972595,0.33417579531669617,-0.03992529213428497,0.60136878490448,0.29690319299697876,-0.043844759464263916,0.6327630877494812,0.4674421548843384,-0.03574905917048454,0.6150090098381042,0.4194781482219696,-0.04332509636878967,0.6076843738555908,0.38694822788238525,-0.04532399773597717,0.6040701270103455,0.35978734493255615,-0.04674703627824783
0.7006475925445557,0.5717850923538208,2.5282960791628284e-07,0.6728894114494324,0.5276384949684143,0.005162454210221767,0.6604163646697998,0.4728809595108032,0.004255726467818022,0.6513190269470215,0.43081745505332947,0.0007420069305226207,0.6396165490150452,0.40055355429649353,-0.0037964647635817528,0.6719105839729309,0.4297161102294922,-0.00018878433911595494,0.6476096510887146,0.37358537316322327,-0.012202158570289612,0.6339633464813232,0.32764315605163574,-0.02230796590447426,0.6252537369728088,0.2890051603317261,-0.029110006988048553,0.6725901365280151,0.43199965357780457,-0.011316817253828049,0.643600344657898,0.3661419153213501,-0.022512177005410194,0.6304577589035034,0.315280556678772,-0.031314317137002945,0.6221497654914856,0.2713976204395294,-0.037608709186315536,0.6686388850212097,0.44378986954689026,-0.022619614377617836,0.6413660645484924,0.37970417737960815,-0.03294643759727478,0.629717230796814,0.3311741352081299,-0.039233848452568054,0.624406099319458,0.2911187410354614,-0.04340077191591263,0.6592413783073425,0.4633219838142395,-0.033648453652858734,0.6398882865905762,0.4139794707298279,-0.041711121797561646,0.6319218873977661,0.37908032536506653,-0.044365063309669495,0.6276252865791321,0.34955841302871704,-0.04621221497654915
0.7092000246047974,0.5798942446708679,1.7995398593484424e-07,0.689489483833313,0.526439905166626,0.007791586220264435,0.6773291230201721,0.4720354378223419,0.007540135644376278,0.6698243021965027,0.4280518591403961,0.004475204739719629,0.6605525016784668,0.39733651280403137,0.0001671578356763348,0.6741421222686768,0.44227007031440735,0.00028885103529319167,0.6529092788696289,0.38194918632507324,-0.01199857797473669,0.6406224966049194,0.3370908498764038,-0.022124983370304108,0.6325587630271912,0.2992272973060608,-0.028899721801280975,0.6737573742866516,0.44511139392852783,-0.011629033833742142,0.6485475301742554,0.3747917711734772,-0.02243480645120144,0.6354691982269287,0.3247165083885193,-0.03046889416873455,0.6267494559288025,0.2797360420227051,-0.03638342767953873,0.6704816222190857,0.4551965892314911,-0.023459542542696,0.6475048661231995,0.3870871067047119,-0.0329408273100853,0.6368883848190308,0.3399054706096649,-0.03797169774770737,0.6317581534385681,0.30157530307769775,-0.041582141071558,0.6650142669677734,0.47128257155418396,-0.03472822904586792,0.6476662755012512,0.42257100343704224,-0.04168139025568962,0.64006507396698,0.3895009756088257,-0.0429716482758522,0.6357414722442627,0.3615160882472992,-0.04404372721910477
0.7406200170516968,0.5697702169418335,1.9249091565143317e-07,0.7114166021347046,0.5209907293319702,0.006769293453544378,0.7014007568359375,0.46208810806274414,0.006530867423862219,0.6982284784317017,0.4148769676685333,0.003823463572189212,0.6952663064002991,0.38391005992889404,-0.00025502502103336155,0.7093427777290344,0.4270506501197815,-0.00043759282561950386,0.6858921051025391,0.36678099632263184,-0.012685699388384819,0.6717379689216614,0.31985437870025635,-0.022811101749539375,0.6623541712760925,0.2799116373062134,-0.03002704121172428,0.7108981013298035,0.4300647974014282,-0.012088552117347717,0.6821059584617615,0.357536256313324,-0.022865530103445053,0.6674968004226685,0.3065614700317383,-0.03133731707930565,0.6577180624008179,0.2605217695236206,-0.03796583041548729,0.7066758275032043,0.4411141276359558,-0.023742347955703735,0.6803023815155029,0.3708435893058777,-0.03396163508296013,0.6671008467674255,0.3233850300312042,-0.04035225138068199,0.660020112991333,0.2842642068862915,-0.04518815502524376,0.6977487206459045,0.4579744040966034,-0.034897394478321075,0.679183304309845,0.40757542848587036,-0.04332574084401131,0.6705132126808167,0.3747689127922058,-0.04659021645784378,0.6645224690437317,0.34652212262153625,-0.04936710000038147
0.7492852210998535,0.5796576738357544,2.1012492368299718e-07,0.7128760814666748,0.528438925743103,0.0070065949112176895,0.696883499622345,0.4684680998325348,0.007005349732935429,0.6884695887565613,0.4203430712223053,0.0039679561741650105,0.676751434803009,0.38599076867103577,-0.0001663841976551339,0.7136703729629517,0.43170464038848877,0.003235748503357172,0.6905724406242371,0.37075185775756836,-0.008822876028716564,0.6775140762329102,0.32556968927383423,-0.019335241988301277,0.6690338253974915,0.28675776720046997,-0.026619408279657364,0.7173330187797546,0.4348856806755066,-0.008797887712717056,0.6900796294212341,0.36415594816207886,-0.019313357770442963,0.6760854125022888,0.31571096181869507,-0.028194081038236618,0.6669507026672363,0.27256712317466736,-0.034899983555078506,0.7153151035308838,0.44565919041633606,-0.021199064329266548,0.6901074647903442,0.3783179819583893,-0.030913040041923523,0.6766307353973389,0.33165162801742554,-0.03676224127411842,0.66941237449646,0.29373130202293396,-0.04109153524041176,0.7081981897354126,0.4627666473388672,-0.033238548785448074,0.6891835927963257,0.4133841395378113,-0.04002741351723671,0.6803302764892578,0.3809439539909363,-0.04174141585826874,0.6748002767562866,0.35371169447898865,-0.04343476518988609
0.7705138325691223,0.5704956650733948,2.3538709115200618e-07,0.7506324648857117,0.5205495357513428,0.00783788412809372,0.7423433661460876,0.4685763716697693,0.006638349033892155,0.741338312625885,0.4292137622833252,0.002109172288328409,0.7421266436576843,0.40047892928123474,-0.0037385383620858192,0.730367124080658,0.4319141209125519,0.002425407525151968,0.7073677778244019,0.3744894564151764,-0.01027729082852602,0.6954027414321899,0.3292540907859802,-0.020637355744838715,0.6889987587928772,0.29012012481689453,-0.027742911130189896,0.7295748591423035,0.4335562586784363,-0.010746496729552746,0.7028023600578308,0.3623848259449005,-0.02304897829890251,0.6887979507446289,0.3083040118217468,-0.03294955939054489,0.6800029277801514,0.260672926902771,-0.039984047412872314,0.7267690300941467,0.44431209564208984,-0.023983294144272804,0.7021731734275818,0.37571659684181213,-0.03515920042991638,0.6893194913864136,0.32578790187835693,-0.04236242547631264,0.6826553344726562,0.28410741686820984,-0.04731079190969467,0.7216292023658752,0.46178939938545227,-0.03665471822023392,0.7049379348754883,0.41335529088974,-0.04531081020832062,0.6964054107666016,0.3787480592727661,-0.048297539353370667,0.6911687850952148,0.3493075966835022,-0.05064317584037781
0.7685517072677612,0.5668505430221558,1.7083708314657997e-07,0.7417889833450317,0.5194365382194519,0.009980790317058563,0.7320600748062134,0.4658590853214264,0.01061976421624422,0.7294084429740906,0.4222124218940735,0.007722899783402681,0.7278122901916504,0.39273601770401,0.0033160385210067034,0.7380635738372803,0.4153441786766052,0.004384010564535856,0.7126988768577576,0.35670503973960876,-0.006193457171320915,0.6987559199333191,0.3135533630847931,-0.01505888532847166,0.6898990869522095,0.27568191289901733,-0.021977201104164124,0.7403192520141602,0.417779803276062,-0.00953686237335205,0.7104133367538452,0.34611785411834717,-0.019924350082874298,0.6966339349746704,0.2983189821243286,-0.028483886271715164,0.687448263168335,0.2560170292854309,-0.03542949631810188,0.7377303838729858,0.43103381991386414,-0.023542365059256554,0.7112035751342773,0.36210912466049194,-0.03411157801747322,0.6980607509613037,0.3162059485912323,-0.04129071533679962,0.6912176609039307,0.27767544984817505,-0.047177184373140335,0.7300851345062256,0.4511934518814087,-0.03677338734269142,0.711591899394989,0.40377601981163025,-0.04658154398202896,0.7023516893386841,0.3710452914237976,-0.051332227885723114,0.696057915687561,0.34121131896972656,-0.055533405393362045
0.7922850847244263,0.566625714302063,1.9730562428321718e-07,0.7675315141677856,0.512515127658844,0.010639546439051628,0.7553612589836121,0.45682090520858765,0.011512627825140953,0.7506009936332703,0.41408005356788635,0.008710956200957298,0.748956561088562,0.3832712471485138,0.00438224570825696,0.7548377513885498,0.42468491196632385,0.004052634816616774,0.7310895323753357,0.3672301471233368,-0.007504701614379883,0.717312216758728,0.32293030619621277,-0.016507435590028763,0.7080724239349365,0.2849225401878357,-0.022667238488793373,0.7554083466529846,0.4284982681274414,-0.010036232881247997,0.7270835638046265,0.3585345149040222,-0.021992536261677742,0.7116983532905579,0.30743956565856934,-0.030357209965586662,0.7005146145820618,0.26188522577285767,-0.03621281310915947,0.7520087957382202,0.4405726194381714,-0.02406565472483635,0.7258155345916748,0.37255212664604187,-0.03529335558414459,0.7114884257316589,0.32378700375556946,-0.0415499322116375,0.7036087512969971,0.28386449813842773,-0.04553879797458649,0.7436053156852722,0.4590364694595337,-0.03721721097826958,0.723771333694458,0.4090569019317627,-0.04525376483798027,0.7148112058639526,0.37329089641571045,-0.04775239899754524,0.7095001339912415,0.3432205617427826,-0.04980291426181793
0.8091758489608765,0.5578537583351135,2.498721300980833e-07,0.790374755859375,0.5116389989852905,0.006269707810133696,0.7836217880249023,0.45926350355148315,0.004152224864810705,0.7838335633277893,0.41749024391174316,-0.0008314293227158487,0.7873493432998657,0.3877677917480469,-0.006872170604765415,0.7724796533584595,0.4190503656864166,3.833527080132626e-05,0.7474163770675659,0.36093106865882874,-0.012327388860285282,0.7328978776931763,0.31547659635543823,-0.02183644473552704,0.7243767976760864,0.2770189642906189,-0.028321394696831703,0.7714473605155945,0.42227715253829956,-0.012378569692373276,0.7426838874816895,0.35078394412994385,-0.024655982851982117,0.7280875444412231,0.298683762550354,-0.03340538591146469,0.71856689453125,0.25259798765182495,-0.039542607963085175,0.7675314545631409,0.43381789326667786,-0.024877645075321198,0.7419935464859009,0.3653181493282318,-0.03596728295087814,0.7290893793106079,0.3172711133956909,-0.042038384824991226,0.7222074270248413,0.2779444456100464,-0.04600028693675995,0.7609004378318787,0.45179247856140137,-0.03693816438317299,0.742656409740448,0.4016469419002533,-0.04444611445069313,0.7343282699584961,0.3674398362636566,-0.04634356498718262,0.7290310263633728,0.33895185589790344,-0.04796107858419418
0.8210456967353821,0.5565378069877625,1.9139589824135328e-07,0.7942538857460022,0.4997037649154663,0.010359139181673527,0.7773997783660889,0.4452687203884125,0.011326686479151249,0.7660412192344666,0.4016095995903015,0.008511260151863098,0.7539459466934204,0.3720313310623169,0.00420457823202014,0.7855501770973206,0.4156447947025299,0.0058915442787110806,0.7570788264274597,0.35997772216796875,-0.005703458096832037,0.7422567009925842,0.315152645111084,-0.01574689708650112,0.7328502535820007,0.2764294743537903,-0.022603848949074745,0.7863926887512207,0.42081478238105774,-0.0081141022965312,0.7533619403839111,0.35276299715042114,-0.018590517342090607,0.7376904487609863,0.30225637555122375,-0.026859115809202194,0.7275114059448242,0.25618383288383484,-0.03313388302922249,0.7820208072662354,0.4331941604614258,-0.022369801998138428,0.7521643042564392,0.3682308793067932,-0.03176293894648552,0.738496720790863,0.3196091949939728,-0.03650085628032684,0.7322653532028198,0.27867087721824646,-0.03992712125182152,0.7726700901985168,0.4509856402873993,-0.0360955074429512,0.7500123977661133,0.4021091163158417,-0.042696818709373474,0.7409345507621765,0.3670176565647125,-0.0439302958548069,0.7359962463378906,0.336396187543869,-0.04523041099309921
0.8398224115371704,0.5559875965118408,2.3241867097567592e-07,0.8125250935554504,0.5046912431716919,0.00959918275475502,0.7993502020835876,0.44929906725883484,0.009965552017092705,0.7932326793670654,0.4067850708961487,0.0066359322518110275,0.7874191403388977,0.3759298324584961,0.0020403799135237932,0.8022457361221313,0.41400930285453796,0.005195870064198971,0.7791545391082764,0.35482901334762573,-0.006182410288602114,0.7648366689682007,0.30963385105133057,-0.015822453424334526,0.7547370195388794,0.2712724804878235,-0.0223085917532444,0.8034424185752869,0.4176039695739746,-0.00846340972930193,0.7765296697616577,0.3497430682182312,-0.01969464123249054,0.761350691318512,0.2988736033439636,-0.028575459495186806,0.7498202919960022,0.25330597162246704,-0.03485942631959915,0.8011374473571777,0.4287344515323639,-0.02220703847706318,0.7760764956474304,0.36411190032958984,-0.032446544617414474,0.7620307803153992,0.31571608781814575,-0.03803694620728493,0.7533060312271118,0.2760794758796692,-0.041566625237464905,0.7948829531669617,0.44616684317588806,-0.0353667214512825,0.7749578952789307,0.39757847785949707,-0.041548822075128555,0.7654531598091125,0.3631554841995239,-0.04242313653230667,0.7587823867797852,0.3350028693675995,-0.04333316907286644
0.861753523349762,0.5619617700576782,2.47574291734054e-07,0.8286646008491516,0.5143814086914062,0.004067186266183853,0.8093640804290771,0.4545886814594269,0.0025716768577694893,0.7954161763191223,0.40709590911865234,-0.0011653969995677471,0.7804362773895264,0.3727027475833893,-0.006137179676443338,0.8240727186203003,0.4177566170692444,-0.0033349129371345043,0.7959484457969666,0.3581133782863617,-0.01832885481417179,0.780547559261322,0.309326171875,-0.030231624841690063,0.77071613073349,0.26748037338256836,-0.038007430732250214,0.8264871835708618,0.42212578654289246,-0.01476734783500433,0.7933962941169739,0.3508942127227783,-0.028102129697799683,0.7759928703308105,0.297209233045578,-0.03835666552186012,0.7638207674026489,0.24785774946212769,-0.0457758754491806,0.8225896954536438,0.4342346787452698,-0.026566747575998306,0.7906619310379028,0.3658536672592163,-0.03917433321475983,0.7739259004592896,0.31572169065475464,-0.046268947422504425,0.7642373442649841,0.2727879285812378,-0.050720397382974625,0.8128641247749329,0.4530639350414276,-0.038075752556324005,0.7888514399528503,0.40110138058662415,-0.04769965633749962,0.7778163552284241,0.3644550144672394,-0.05106375738978386,0.7710387110710144,0.33205097913742065,-0.0533626489341259
0.8988637328147888,0.5460072755813599,2.022155882741572e-07,0.8840567469596863,0.49432316422462463,0.007438588887453079,0.8714874386787415,0.44060438871383667,0.006630465853959322,0.8638758063316345,0.40141546726226807,0.0027230102568864822,0.8607286214828491,0.37586113810539246,-0.00235392851755023,0.8609956502914429,0.4031173884868622,-0.0001331553648924455,0.8335488438606262,0.34570252895355225,-0.013153767213225365,0.8189979195594788,0.30075302720069885,-0.023310361430048943,0.8098150491714478,0.2631128430366516,-0.02995213307440281,0.8579214811325073,0.40850400924682617,-0.012953093275427818,0.8275197744369507,0.3394511938095093,-0.025901583954691887,0.8116869926452637,0.2884371876716614,-0.03462693840265274,0.8007382750511169,0.24356529116630554,-0.04024971276521683,0.8526605367660522,0.42155852913856506,-0.025825385004281998,0.824781060218811,0.3541180491447449,-0.037250686436891556,0.8105615973472595,0.3053005337715149,-0.042800404131412506,0.8025188446044922,0.2650873064994812,-0.04579755291342735,0.8446979522705078,0.44099336862564087,-0.038193244487047195,0.8240421414375305,0.3909357786178589,-0.04613778740167618,0.8146347999572754,0.35532253980636597,-0.04775148630142212,0.8088979125022888,0.32506898045539856,-0.04856133088469505
0.9404270648956299,0.5366634130477905,2.6594955215841765e-07,0.9171759486198425,0.48328399658203125,0.005882576107978821,0.8995202779769897,0.4236307442188263,0.006807605270296335,0.8858413100242615,0.37866392731666565,0.004906658548861742,0.8760890960693359,0.34552523493766785,0.0023431775625795126,0.9011327028274536,0.3981412649154663,0.003258882323279977,0.8718887567520142,0.33522117137908936,-0.008381673134863377,0.8531399965286255,0.2860374450683594,-0.01773318462073803,0.839876115322113,0.24606503546237946,-0.023559266701340675,0.8993344902992249,0.4011276364326477,-0.007434309460222721,0.8675095438957214,0.330757200717926,-0.018058542162179947,0.8493601679801941,0.2777292728424072,-0.026893509551882744,0.8359658122062683,0.23066388070583344,-0.03280099853873253,0.8942919373512268,0.4110914170742035,-0.018342040479183197,0.8650314211845398,0.34399789571762085,-0.02781500853598118,0.8488187193870544,0.2940189838409424,-0.03365834429860115,0.8385818600654602,0.2523508071899414,-0.03717474639415741,0.8847894668579102,0.42845550179481506,-0.02890121378004551,0.863351047039032,0.3776213526725769,-0.034848157316446304,0.8523704409599304,0.34192922711372375,-0.035728175193071365,0.8448200821876526,0.3124770224094391,-0.03620282560586929
0.9564136862754822,0.5428042411804199,2.3003445903668762e-07,0.9265451431274414,0.48929131031036377,0.00655717495828867,0.9060893058776855,0.4254509508609772,0.006161501165479422,0.8931198120117188,0.37763142585754395,0.0029974121134728193,0.8821878433227539,0.3444184362888336,-0.0014028488658368587,0.9145963191986084,0.3982417583465576,-0.0018609958933666348,0.8861837983131409,0.33805444836616516,-0.017034193500876427,0.86925208568573,0.2885202169418335,-0.029390843585133553,0.8570230603218079,0.24713094532489777,-0.03755662217736244,0.9146360754966736,0.4035036563873291,-0.014409683644771576,0.8814350962638855,0.3308104872703552,-0.027439899742603302,0.8629330396652222,0.2776995301246643,-0.03761876001954079,0.8488113284111023,0.23015081882476807,-0.0450214222073555,0.9095345735549927,0.4165613055229187,-0.027060965076088905,0.8781219720840454,0.3460615277290344,-0.03894669935107231,0.8605324625968933,0.29473698139190674,-0.045835211873054504,0.8489391207695007,0.2520500421524048,-0.05039265379309654,0.899520993232727,0.43657568097114563,-0.03921328857541084,0.8760878443717957,0.3836074471473694,-0.048229068517684937,0.8644968271255493,0.3462570011615753,-0.05118953809142113,0.8562823534011841,0.31382596492767334,-0.053423672914505005
0.9596605896949768,0.5397347807884216,2.0651421550610394e-07,0.9226371645927429,0.4888739585876465,0.009453991428017616,0.901648223400116,0.425594300031662,0.011496818624436855,0.887672483921051,0.3764357566833496,0.010476559400558472,0.8716976642608643,0.3436576724052429,0.008140125311911106,0.9142903089523315,0.38373464345932007,0.0021503011230379343,0.8825722336769104,0.32471713423728943,-0.010509376414120197,0.8649438619613647,0.2788371443748474,-0.020569682121276855,0.8530519008636475,0.23893418908119202,-0.027676887810230255,0.9179201722145081,0.3884401321411133,-0.011178216896951199,0.8800203800201416,0.31673377752304077,-0.023332767188549042,0.8611406683921814,0.2666429281234741,-0.0326005220413208,0.8480713367462158,0.22147367894649506,-0.03969604894518852,0.9149951338768005,0.4042262136936188,-0.024577295407652855,0.880062460899353,0.33485478162765503,-0.03679795190691948,0.8613316416740417,0.2870425581932068,-0.04447503387928009,0.8500344753265381,0.24615970253944397,-0.049963634461164474,0.9057621359825134,0.42749354243278503,-0.03710111230611801,0.8818362355232239,0.37615326046943665,-0.04822348803281784,0.8694651126861572,0.34048181772232056,-0.05360483005642891,0.8607376217842102,0.3080063760280609,-0.05777798220515251
0.08004157990217209,0.8451557755470276,1.433848808574112e-07,0.11918479204177856,0.8013406991958618,0.005096834152936935,0.12719127535820007,0.7474014163017273,0.006911776028573513,0.12994617223739624,0.7123752236366272,0.005315691232681274,0.13618382811546326,0.6836610436439514,0.002514392603188753,0.10733238607645035,0.7139392495155334,0.003111240454018116,0.11958972364664078,0.666405439376831,-0.008182848803699017,0.12746955454349518,0.6287029981613159,-0.018307046964764595,0.13208365440368652,0.597409725189209,-0.026119709014892578,0.10125809907913208,0.7204025387763977,-0.008642888627946377,0.11672252416610718,0.6674907207489014,-0.02014441229403019,0.12621505558490753,0.6264059543609619,-0.0315803699195385,0.1326570361852646,0.5891161561012268,-0.03978481516242027,0.09936432540416718,0.736530601978302,-0.020940260961651802,0.1164255142211914,0.6841339468955994,-0.033372752368450165,0.12593120336532593,0.6462786793708801,-0.043588608503341675,0.13242949545383453,0.6129805445671082,-0.050415199249982834,0.10291755199432373,0.7599302530288696,-0.03293070197105408,0.11854463815689087,0.729675829410553,-0.04411191865801811,0.12851956486701965,0.7041029334068298,-0.050387412309646606,0.1371457725763321,0.6815000772476196,-0.0547286793589592
0.07781066745519638,0.8423174619674683,1.437305883200679e-07,0.1177486926317215,0.8001911044120789,0.006938031874597073,0.12676525115966797,0.7476370930671692,0.008766943588852882,0.1306476891040802,0.7135788798332214,0.006937467493116856,0.1378544270992279,0.6857571601867676,0.0035791387781500816,0.10773896425962448,0.7140341997146606,0.0010107092093676329,0.1202484592795372,0.6652872562408447,-0.010229764506220818,0.12808215618133545,0.6269436478614807,-0.019706731662154198,0.1325949728488922,0.5945831537246704,-0.027055731043219566,0.1018151119351387,0.7204522490501404,-0.011757869273424149,0.11721646785736084,0.6660670042037964,-0.023399718105793,0.1266261786222458,0.6245911717414856,-0.034327179193496704,0.13253553211688995,0.5868527889251709,-0.042147573083639145,0.09988443553447723,0.7364541888237,-0.024585025385022163,0.11642835289239883,0.6831473708152771,-0.037201449275016785,0.12643562257289886,0.6453524827957153,-0.04713064804673195,0.13316552340984344,0.6117427349090576,-0.05373575910925865,0.10345274209976196,0.7597041130065918,-0.036813605576753616,0.11887058615684509,0.7279914617538452,-0.048355329781770706,0.1293550729751587,0.7016593217849731,-0.05455360561609268,0.1383744329214096,0.6786728501319885,-0.05878887325525284
0.09228163212537766,0.830467164516449,1.6932798985180852e-07,0.11364218592643738,0.797122597694397,-0.003200472565367818,0.1194942370057106,0.7501274943351746,-0.005333632696419954,0.12809185683727264,0.7154502272605896,-0.008591150864958763,0.136405348777771,0.6871943473815918,-0.012636255472898483,0.11079692840576172,0.7158710360527039,-0.004561733454465866,0.12092078477144241,0.6674555540084839,-0.016515474766492844,0.12903167307376862,0.6304909586906433,-0.026902800425887108,0.13441456854343414,0.5984511375427246,-0.03434399515390396,0.10880407691001892,0.7193717956542969,-0.010546903125941753,0.12012674659490585,0.6692910194396973,-0.022017432376742363,0.1284879893064499,0.6302106380462646,-0.03203434497117996,0.13460059463977814,0.5932173728942871,-0.03896116837859154,0.10897251963615417,0.7283848524093628,-0.01748981513082981,0.12130454927682877,0.6785147190093994,-0.02828812599182129,0.12925203144550323,0.6409009099006653,-0.03495640307664871,0.1351764053106308,0.6082636713981628,-0.038803063333034515,0.11205361783504486,0.7414587736129761,-0.02506505511701107,0.12192700803279877,0.7012308239936829,-0.0343775749206543,0.12940876185894012,0.670097827911377,-0.038470759987831116,0.13639004528522491,0.6436330676078796,-0.04071895778179169
0.08264558017253876,0.8389375805854797,1.64815588732381e-07,0.1176135316491127,0.7963231801986694,0.004985823296010494,0.126089408993721,0.7454042434692383,0.006588744465261698,0.1307670772075653,0.7109984755516052,0.0050041163340210915,0.1379917412996292,0.6833207011222839,0.0020007293205708265,0.10618721693754196,0.7158551812171936,0.00116194155998528,0.11890076845884323,0.6684734225273132,-0.00970430951565504,0.12786905467510223,0.630578875541687,-0.019052211195230484,0.13361714780330658,0.5987799167633057,-0.02612420544028282,0.10165396332740784,0.7215873003005981,-0.0098553616553545,0.11665458977222443,0.6684722900390625,-0.02071397565305233,0.12747828662395477,0.6283761262893677,-0.03104768507182598,0.1351684182882309,0.5922114849090576,-0.038286350667476654,0.10129235684871674,0.7362591028213501,-0.02110014297068119,0.11762965470552444,0.6844107508659363,-0.03262721747159958,0.12884870171546936,0.6478675603866577,-0.04144905507564545,0.13683027029037476,0.616252064704895,-0.047104958444833755,0.10615992546081543,0.7577463388442993,-0.03201078623533249,0.12117348611354828,0.7254685163497925,-0.04211190715432167,0.13180960714817047,0.6997843384742737,-0.047108739614486694,0.1408606320619583,0.6782088279724121,-0.05032858997583389
0.08583683520555496,0.8334406614303589,2.0376171505631646e-07,0.11728087067604065,0.79161137342453,0.00304972636513412,0.12663914263248444,0.7426387071609497,0.002991254674270749,0.13395573198795319,0.7073946595191956,-1.4986713949838304e-06,0.14174208045005798,0.6783695816993713,-0.0044097937643527985,0.11147738248109818,0.7109232544898987,-0.0005677001900039613,0.12402716279029846,0.660394549369812,-0.012605959549546242,0.13191422820091248,0.6205732822418213,-0.022792061790823936,0.13706964254379272,0.5864094495773315,-0.03026680462062359,0.1083802804350853,0.7166706323623657,-0.011159026063978672,0.12203194200992584,0.6617390513420105,-0.023077579215168953,0.13141924142837524,0.6196111440658569,-0.034259796142578125,0.13868270814418793,0.5812368988990784,-0.04197806119918823,0.10815774649381638,0.7313753962516785,-0.022080520167946815,0.12258521467447281,0.6783547401428223,-0.034558769315481186,0.13190358877182007,0.64068603515625,-0.04357015714049339,0.13868868350982666,0.6074589490890503,-0.04925647750496864,0.11169025301933289,0.7534650564193726,-0.032768696546554565,0.12432189285755157,0.719627857208252,-0.043800678104162216,0.13345256447792053,0.6926003098487854,-0.048787832260131836,0.1416504979133606,0.6691386699676514,-0.051794178783893585
0.09566695988178253,0.8301817774772644,2.0472236883506412e-07,0.12067917734384537,0.7906461954116821,-0.00037593423621729016,0.12837746739387512,0.7419621348381042,-0.0019659753888845444,0.1361359804868698,0.7062814235687256,-0.005506604909896851,0.14508047699928284,0.6775601506233215,-0.010213653557002544,0.11204290390014648,0.7155651450157166,-0.0039890906773507595,0.12491530925035477,0.6674948930740356,-0.016433438286185265,0.13451480865478516,0.6294623613357544,-0.026820985600352287,0.14121247828006744,0.5975918173789978,-0.034316956996917725,0.1106838807463646,0.7209047079086304,-0.012161769904196262,0.12451115995645523,0.6687191128730774,-0.02414933405816555,0.13461025059223175,0.6279093027114868,-0.03496610000729561,0.14223675429821014,0.5899640321731567,-0.04248689487576485,0.1129455640912056,0.7340096235275269,-0.020873844623565674,0.12733536958694458,0.6832709312438965,-0.0330326184630394,0.1371069699525833,0.6459747552871704,-0.041483599692583084,0.14416152238845825,0.6130772233009338,-0.046735119074583054,0.11901786178350449,0.7533637881278992,-0.029674941673874855,0.13131654262542725,0.7185249924659729,-0.04016910865902901,0.14028403162956238,0.6918337345123291,-0.044904690235853195,0.14810711145401,0.6691571474075317,-0.047778818756341934
0.10395145416259766,0.8422236442565918,1.6751741327425407e-07,0.13873571157455444,0.7988429069519043,0.00501007167622447,0.14716970920562744,0.7500544786453247,0.005335520021617413,0.15207159519195557,0.7154735326766968,0.0023312089033424854,0.1595350205898285,0.6866056323051453,-0.0018390279728919268,0.12740574777126312,0.7189021706581116,0.0003621476062107831,0.1409737765789032,0.6697871685028076,-0.010960809886455536,0.14976556599140167,0.6318361163139343,-0.02040298841893673,0.1554572731256485,0.5998643636703491,-0.027384882792830467,0.12359070777893066,0.7247686982154846,-0.010998418554663658,0.1386989951133728,0.671353280544281,-0.022032473236322403,0.14847390353679657,0.6304537057876587,-0.031796734780073166,0.15493135154247284,0.5941647887229919,-0.03875039145350456,0.12376220524311066,0.739468514919281,-0.02266858145594597,0.13996854424476624,0.6881154179573059,-0.0337861031293869,0.15013907849788666,0.6507716178894043,-0.04161747917532921,0.1571671962738037,0.6186014413833618,-0.046831775456666946,0.1289517879486084,0.7610206007957458,-0.034115538001060486,0.14334742724895477,0.7274835109710693,-0.04379499703645706,0.15289482474327087,0.7002829313278198,-0.048335958272218704,0.16081717610359192,0.6776781678199768,-0.05133606493473053
0.218973308801651,0.8667241334915161,1.5841339973121649e-07,0.25908851623535156,0.8319103717803955,0.004509905353188515,0.2675760090351105,0.7848871350288391,0.005840333644300699,0.2681787610054016,0.7530379295349121,0.0034335607197135687,0.2719499468803406,0.7268465757369995,-7.060550706228241e-05,0.2457941174507141,0.7429183125495911,0.0031082492787390947,0.2602374255657196,0.6904688477516174,-0.00872863084077835,0.26815104484558105,0.6494389772415161,-0.019064299762248993,0.272644966840744,0.6149261593818665,-0.026848720386624336,0.24104496836662292,0.7451438903808594,-0.008223243989050388,0.2584320902824402,0.685994565486908,-0.020434971898794174,0.2676120102405548,0.64236980676651,-0.0313214473426342,0.27383995056152344,0.6016792058944702,-0.038791313767433167,0.24245882034301758,0.7553210258483887,-0.02019219473004341,0.262119323015213,0.6971657276153564,-0.032080553472042084,0.2717529535293579,0.658196747303009,-0.040693290531635284,0.27780699729919434,0.6237919330596924,-0.04612461477518082,0.2507217228412628,0.7725417017936707,-0.032188765704631805,0.2660019099712372,0.7359472513198853,-0.04199353605508804,0.2736850380897522,0.7076303958892822,-0.04670625552535057,0.2800993323326111,0.6823915243148804,-0.049775656312704086
0.21788117289543152,0.8699623942375183,1.7817379216467089e-07,0.25835999846458435,0.8381972312927246,0.002517157234251499,0.26663801074028015,0.7934342622756958,0.0019261441193521023,0.2661667466163635,0.7640294432640076,-0.002152124186977744,0.26952236890792847,0.7403054237365723,-0.007466203533113003,0.24390321969985962,0.7449142336845398,-0.000848606345243752,0.2588508725166321,0.6907763481140137,-0.013916111551225185,0.2673557996749878,0.6495465040206909,-0.025129321962594986,0.2725127637386322,0.6146993041038513,-0.033362358808517456,0.23878274857997894,0.7474275827407837,-0.011852646246552467,0.2567058503627777,0.6868755221366882,-0.025251446291804314,0.26584652066230774,0.6425192952156067,-0.03687611594796181,0.27178889513015747,0.6015796065330505,-0.044887762516736984,0.24004940688610077,0.757831871509552,-0.023539533838629723,0.2604788541793823,0.6988785862922668,-0.036156103014945984,0.2701152265071869,0.6581248641014099,-0.04533695802092552,0.27617454528808594,0.6226338148117065,-0.051162879914045334,0.24830874800682068,0.7749313712120056,-0.035402413457632065,0.26548460125923157,0.7355274558067322,-0.04544275626540184,0.27418220043182373,0.705103874206543,-0.05028833821415901,0.2812349498271942,0.6778672933578491,-0.05348128825426102
0.22066757082939148,0.8636781573295593,1.5232471639592404e-07,0.2614278197288513,0.8284722566604614,0.0034616179764270782,0.26996374130249023,0.7827760577201843,0.0028239029925316572,0.27103495597839355,0.7525510787963867,-0.001427349867299199,0.2749679982662201,0.7269701957702637,-0.0067024314776062965,0.24540457129478455,0.7401213049888611,-0.00037385584437288344,0.2595587372779846,0.6859325170516968,-0.013287682086229324,0.26705202460289,0.6451188325881958,-0.02413625828921795,0.2711944878101349,0.611051082611084,-0.03207128494977951,0.2398199886083603,0.7439166903495789,-0.01159762591123581,0.25750330090522766,0.6842196583747864,-0.024909608066082,0.26638078689575195,0.6409501433372498,-0.036064743995666504,0.2716590464115143,0.6009976267814636,-0.04373799264431,0.24126173555850983,0.7549027800559998,-0.023443568497896194,0.26164332032203674,0.6967096328735352,-0.03550703451037407,0.2711961269378662,0.657676637172699,-0.04382901266217232,0.27685290575027466,0.6238610744476318,-0.049165189266204834,0.250229150056839,0.7717618942260742,-0.035440582782030106,0.2660079896450043,0.7330801486968994,-0.04463938623666763,0.2737593948841095,0.703833281993866,-0.04892844706773758,0.279695987701416,0.6781537532806396,-0.051860515028238297
0.2232658863067627,0.8676905632019043,1.5739526304514584e-07,0.2615870237350464,0.8330812454223633,0.00183809082955122,0.2712049186229706,0.7872179746627808,0.0020112567581236362,0.2734479606151581,0.7545519471168518,-0.001362504088319838,0.27722832560539246,0.729171633720398,-0.005597211886197329,0.24780277907848358,0.7428255677223206,0.0029897161293774843,0.26165589690208435,0.689929187297821,-0.009741726331412792,0.26974719762802124,0.6483331322669983,-0.021238135173916817,0.2740877568721771,0.6129918694496155,-0.0297491904348135,0.24315878748893738,0.7452519536018372,-0.007647335063666105,0.2594790756702423,0.6873250603675842,-0.021353134885430336,0.267549067735672,0.6423656344413757,-0.03395865485072136,0.2727012634277344,0.5997017621994019,-0.04251547530293465,0.2449059635400772,0.7547577023506165,-0.019303295761346817,0.26336875557899475,0.6983981132507324,-0.03241930156946182,0.2716316282749176,0.6574677228927612,-0.042473871260881424,0.2766292691230774,0.6207112669944763,-0.048687275499105453,0.25353825092315674,0.7709319591522217,-0.03132042661309242,0.26888203620910645,0.7330158948898315,-0.041828133165836334,0.2759130299091339,0.7027867436408997,-0.047310084104537964,0.28182777762413025,0.675722062587738,-0.05083074793219566
0.22261790931224823,0.8576481342315674,1.7159572962555103e-07,0.2615903913974762,0.8255679607391357,0.0022900416515767574,0.270758718252182,0.7796843647956848,0.0019916612654924393,0.27280694246292114,0.7488635182380676,-0.0016291753854602575,0.2770824730396271,0.7240003943443298,-0.006189712788909674,0.24894417822360992,0.734505832195282,0.00045956645044498146,0.2635093033313751,0.6816622018814087,-0.012299412861466408,0.27111268043518066,0.6411930918693542,-0.023547036573290825,0.27506542205810547,0.6067697405815125,-0.03181758522987366,0.24401628971099854,0.7375615239143372,-0.010060681030154228,0.26168927550315857,0.6797692179679871,-0.023742487654089928,0.26949965953826904,0.6354194283485413,-0.03587180748581886,0.2740224003791809,0.593429684638977,-0.04398792237043381,0.24589431285858154,0.7479626536369324,-0.021244198083877563,0.2654692530632019,0.6908290982246399,-0.033880870789289474,0.2733115553855896,0.6498497724533081,-0.0432315431535244,0.2773429751396179,0.612887978553772,-0.04899110272526741,0.2551862299442291,0.7651981115341187,-0.03262147679924965,0.2706054449081421,0.7268690466880798,-0.04271567985415459,0.2765805125236511,0.6963614821434021,-0.04756993055343628,0.2808057367801666,0.6692597270011902,-0.05052968114614487
0.22509241104125977,0.8617992401123047,2.1717468712267873e-07,0.26588916778564453,0.826348066329956,0.0010823543416336179,0.27677592635154724,0.7819021344184875,-6.95728522259742e-05,0.2799943685531616,0.7510732412338257,-0.004366223234683275,0.2840821444988251,0.7248555421829224,-0.009681573137640953,0.25095441937446594,0.7388408780097961,-0.000572268501855433,0.26517415046691895,0.6857551336288452,-0.01408873125910759,0.27308472990989685,0.6434741020202637,-0.026165710762143135,0.2775942087173462,0.6071697473526001,-0.034935224801301956,0.24595671892166138,0.7429408431053162,-0.010803010314702988,0.26311472058296204,0.6850075125694275,-0.024490030482411385,0.27162542939186096,0.6398022770881653,-0.03697400540113449,0.27725377678871155,0.596314549446106,-0.04539119079709053,0.24798360466957092,0.7554730772972107,-0.021707778796553612,0.2673908770084381,0.6987352967262268,-0.034595850855112076,0.2759270966053009,0.6575078368186951,-0.04338470846414566,0.2813422381877899,0.6200620532035828,-0.04867872595787048,0.2569534182548523,0.7754461765289307,-0.032914869487285614,0.2714240550994873,0.7388061285018921,-0.04307492822408676,0.27837008237838745,0.7100593447685242,-0.046826280653476715,0.2844093441963196,0.6845237612724304,-0.048825107514858246
0.2470579743385315,0.857373833656311,1.8458506190199842e-07,0.28336045145988464,0.8222265243530273,0.0037144178058952093,0.28941118717193604,0.7751025557518005,0.0050315517000854015,0.28954237699508667,0.7415381669998169,0.0027057393454015255,0.29344508051872253,0.7151584029197693,-0.0004646767920348793,0.27097195386886597,0.7354857921600342,0.005391462240368128,0.2831229269504547,0.6852803230285645,-0.005699940957129002,0.2905874252319336,0.6442489624023438,-0.016277318820357323,0.295246422290802,0.6088719367980957,-0.024175245314836502,0.26694950461387634,0.7368047833442688,-0.004932166542857885,0.2815263867378235,0.6815512776374817,-0.016146540641784668,0.2889269292354584,0.6376714706420898,-0.02710471861064434,0.2941513955593109,0.5964897274971008,-0.034567080438137054,0.26845583319664,0.7452000975608826,-0.01595713384449482,0.28543493151664734,0.6911689043045044,-0.026623016223311424,0.2930659353733063,0.651567280292511,-0.03486785292625427,0.2978494167327881,0.6162964105606079,-0.039922215044498444,0.2760095000267029,0.7607188820838928,-0.02719162218272686,0.2908562421798706,0.7252323031425476,-0.035367701202631,0.29830196499824524,0.6969732046127319,-0.03908481076359749,0.30468249320983887,0.6722216010093689,-0.04127349704504013
0.2597856819629669,0.8682041168212891,1.7814168984386924e-07,0.2915712296962738,0.8375946879386902,0.0007320151198655367,0.2984018325805664,0.7975795269012451,-0.0012640305794775486,0.2965267598628998,0.7709304690361023,-0.006575728300958872,0.2971513569355011,0.7497255206108093,-0.012749725952744484,0.28500789403915405,0.7455710768699646,0.0009090661769732833,0.29631614685058594,0.6938921213150024,-0.011985053308308125,0.3029288351535797,0.6546300649642944,-0.023701917380094528,0.30655649304389954,0.6216303706169128,-0.03192288801074028,0.2797165513038635,0.7482506036758423,-0.009191381745040417,0.2928822934627533,0.6934121251106262,-0.02195817418396473,0.2996044456958771,0.6503394842147827,-0.03368602320551872,0.30421528220176697,0.6097766160964966,-0.04153251647949219,0.279776930809021,0.7574266791343689,-0.020276838913559914,0.29540690779685974,0.7043958306312561,-0.03163692355155945,0.30315718054771423,0.6659863591194153,-0.039565976709127426,0.30830928683280945,0.6316726207733154,-0.04432779550552368,0.28567224740982056,0.773912250995636,-0.03191523998975754,0.2993341386318207,0.7379645109176636,-0.03998355567455292,0.3057939112186432,0.7103193998336792,-0.042615856975317,0.31082767248153687,0.6861289739608765,-0.04393098130822182
0.27204400300979614,0.8723173141479492,1.59814959488358e-07,0.3108151853084564,0.8349858522415161,0.0031218554358929396,0.3203807473182678,0.7864659428596497,0.003392630722373724,0.32214799523353577,0.752824604511261,7.24566780263558e-05,0.32621756196022034,0.7248150110244751,-0.004146464169025421,0.2963610589504242,0.7514362335205078,0.0017545574810355902,0.3098647892475128,0.6964588165283203,-0.01114313118159771,0.31747156381607056,0.6532037854194641,-0.02201400324702263,0.32111120223999023,0.6176168322563171,-0.02989508956670761,0.29126569628715515,0.7547599673271179,-0.009311510249972343,0.3075336813926697,0.6949180960655212,-0.023011820390820503,0.3158401548862457,0.6487122178077698,-0.03505720943212509,0.32041996717453003,0.605591356754303,-0.043047450482845306,0.292868971824646,0.7645604610443115,-0.02110205590724945,0.3108925521373749,0.7072745561599731,-0.03371721878647804,0.31936323642730713,0.6658167243003845,-0.04277173802256584,0.3241082727909088,0.6286724805831909,-0.04831462353467941,0.30150705575942993,0.7800562381744385,-0.0330914631485939,0.31530019640922546,0.7423122525215149,-0.04296296834945679,0.32238829135894775,0.7129894495010376,-0.04774920642375946,0.3281721770763397,0.6869502663612366,-0.050777703523635864
0.4567641317844391,0.8809388875961304,1.3787820307697984e-07,0.43121790885925293,0.8517981767654419,-0.004498674534261227,0.42351964116096497,0.8060385584831238,-0.008589799515902996,0.4243165850639343,0.7692416310310364,-0.01333142165094614,0.4226323068141937,0.7439578175544739,-0.01817644014954567,0.4290848970413208,0.7578325271606445,-0.007926732301712036,0.413542777299881,0.7095915675163269,-0.021528949961066246,0.39824071526527405,0.6732180714607239,-0.03260333836078644,0.38381800055503845,0.6442596912384033,-0.04036315903067589,0.4349702000617981,0.7578023672103882,-0.014595918357372284,0.4263627827167511,0.7016324996948242,-0.027366893365979195,0.42029908299446106,0.6599953174591064,-0.0368812158703804,0.41530513763427734,0.6230749487876892,-0.04321729391813278,0.43711304664611816,0.76615309715271,-0.02225925587117672,0.42801788449287415,0.7135041356086731,-0.03449570760130882,0.42218106985092163,0.6747063994407654,-0.04099027067422867,0.4180828928947449,0.6405838131904602,-0.0450100414454937,0.43597376346588135,0.7811027765274048,-0.03049992397427559,0.42868584394454956,0.7439467310905457,-0.04063897952437401,0.4235328435897827,0.7167680263519287,-0.04372280836105347,0.4196217656135559,0.691530704498291,-0.045402891933918
0.5089218616485596,0.8711757659912109,1.3003771925923502e-07,0.48553019762039185,0.8425448536872864,-0.0033574914559721947,0.4780205488204956,0.795241117477417,-0.0068190558813512325,0.475837767124176,0.7584219574928284,-0.011060378514230251,0.47285351157188416,0.7311050295829773,-0.01529401820152998,0.4950863718986511,0.7531295418739319,-0.006940803024917841,0.4781063199043274,0.7059934735298157,-0.019290653988718987,0.4629010260105133,0.6707500219345093,-0.02960805967450142,0.44929948449134827,0.6416864991188049,-0.03675646707415581,0.4969368577003479,0.7535386085510254,-0.013080630451440811,0.48166364431381226,0.7012245059013367,-0.024678511545062065,0.4714369773864746,0.6622433662414551,-0.03365083038806915,0.4621235132217407,0.6271848678588867,-0.03933148458600044,0.49431586265563965,0.7607516646385193,-0.01975957676768303,0.478119820356369,0.7086190581321716,-0.030507449060678482,0.4669085144996643,0.6712431907653809,-0.03571136295795441,0.4583878219127655,0.6384963393211365,-0.03867180272936821,0.4874788224697113,0.7739308476448059,-0.026927556842565536,0.4767319858074188,0.7360016703605652,-0.03573020547628403,0.4698311984539032,0.7107681035995483,-0.03772863373160362,0.4646340310573578,0.6878475546836853,-0.038270290940999985
0.39960727095603943,0.866456151008606,1.799413382741477e-07,0.4360547363758087,0.8311195969581604,0.0023942580446600914,0.4417581260204315,0.785987377166748,0.002722591394558549,0.4407646954059601,0.754448413848877,-0.0003519324236549437,0.4423869550228119,0.7282475829124451,-0.004564560018479824,0.42007017135620117,0.7431213855743408,0.0025404724292457104,0.4313191771507263,0.6947325468063354,-0.009706934913992882,0.4365837275981903,0.653306245803833,-0.021053016185760498,0.4389541447162628,0.6188879609107971,-0.029532374814152718,0.4143924117088318,0.7456164360046387,-0.00817313976585865,0.42659926414489746,0.6896156072616577,-0.020966237410902977,0.43234896659851074,0.6450546383857727,-0.0328122042119503,0.43528231978416443,0.6035218238830566,-0.0408470518887043,0.4148123264312744,0.7559511661529541,-0.01970028690993786,0.4297400712966919,0.7003951668739319,-0.032187048345804214,0.4360005557537079,0.6600931882858276,-0.041193533688783646,0.43903058767318726,0.6246601343154907,-0.04664009064435959,0.42202481627464294,0.7733147740364075,-0.03148952126502991,0.4359617829322815,0.7359879016876221,-0.04172537848353386,0.44238343834877014,0.7059261202812195,-0.04662911966443062,0.4477093815803528,0.679427981376648,-0.04955770820379257
0.4158243238925934,0.8735455870628357,1.3083345606901275e-07,0.4486621022224426,0.8376351594924927,0.0021540578454732895,0.45575180649757385,0.7890269160270691,0.00339354551397264,0.4555463194847107,0.7533323764801025,0.0013397657312452793,0.45749717950820923,0.724395751953125,-0.0015109376981854439,0.43823736906051636,0.7520577907562256,0.004501036833971739,0.44630685448646545,0.7012493014335632,-0.006711368449032307,0.4503544867038727,0.6588795781135559,-0.01700817048549652,0.4513511657714844,0.6242295503616333,-0.02471858449280262,0.4336719810962677,0.7532098889350891,-0.005269549787044525,0.4432331621646881,0.697487473487854,-0.017094245180487633,0.447665810585022,0.6526989340782166,-0.028297914192080498,0.4493914544582367,0.6109373569488525,-0.03581394627690315,0.4337874948978424,0.7607534527778625,-0.015985164791345596,0.44528308510780334,0.7067990303039551,-0.027371319010853767,0.4510325491428375,0.6682084798812866,-0.03585713356733322,0.45393693447113037,0.6337063908576965,-0.04109029099345207,0.43937236070632935,0.7747069597244263,-0.027069207280874252,0.44930511713027954,0.739766001701355,-0.036492183804512024,0.454121857881546,0.7128105163574219,-0.0411439947783947,0.4583020806312561,0.68936687707901,-0.043984539806842804
0.4266842007637024,0.8728500008583069,1.5837187561373867e-07,0.46329906582832336,0.833023190498352,0.0023927073925733566,0.47000718116760254,0.783676266670227,0.003376337932422757,0.4703095853328705,0.7497828602790833,0.0008304844377562404,0.47280025482177734,0.7220979332923889,-0.002562569687142968,0.4425942599773407,0.7523501515388489,0.004258622415363789,0.45284080505371094,0.6995177268981934,-0.008364439941942692,0.4572189748287201,0.6561048030853271,-0.0199629757553339,0.4582677185535431,0.6196273565292358,-0.028543734923005104,0.4376837909221649,0.7555924654006958,-0.006278603337705135,0.4496157467365265,0.6978934407234192,-0.019915573298931122,0.4540158212184906,0.6518513560295105,-0.03304615989327431,0.4552421271800995,0.6075237393379211,-0.04180053994059563,0.4397009015083313,0.7640936374664307,-0.017637936398386955,0.4533144533634186,0.7070375680923462,-0.030373023822903633,0.45800480246543884,0.6645606756210327,-0.04002946615219116,0.459346204996109,0.6259222626686096,-0.04582113400101662,0.44908496737480164,0.7776830792427063,-0.02931210584938526,0.4604031443595886,0.7389054298400879,-0.039116766303777695,0.4652494788169861,0.7088726162910461,-0.04381205514073372,0.4692477583885193,0.6826401948928833,-0.046644896268844604
0.5957560539245605,0.8788440227508545,2.543648918162944e-07,0.5609545111656189,0.8384637832641602,-0.0003528124943841249,0.5540739297866821,0.7791629433631897,-0.0020204444881528616,0.5551120638847351,0.7356463670730591,-0.00524961668998003,0.5541459918022156,0.7025613784790039,-0.009204748086631298,0.5720507502555847,0.7451217174530029,-0.0023956908844411373,0.5586434602737427,0.6946079730987549,-0.015517833642661572,0.5517423152923584,0.652023196220398,-0.026753300800919533,0.5486827492713928,0.6152074337005615,-0.03450379893183708,0.577377438545227,0.7485417127609253,-0.010584509000182152,0.5601016879081726,0.691009521484375,-0.02246394008398056,0.5535019040107727,0.6442482471466064,-0.03262408450245857,0.5516033172607422,0.6015936136245728,-0.03975267335772514,0.5776313543319702,0.7603917121887207,-0.019608149304986,0.5595943331718445,0.7042990922927856,-0.03142884373664856,0.5516409277915955,0.6611872911453247,-0.03905447572469711,0.549025297164917,0.6234567165374756,-0.04398499056696892,0.5720117092132568,0.7784740924835205,-0.028909264132380486,0.5590102672576904,0.7376855611801147,-0.03889767453074455,0.553280770778656,0.7083042860031128,-0.04324708133935928,0.5510096549987793,0.6806373596191406,-0.04614158719778061
0.5997210144996643,0.8831192255020142,1.9198182599211577e-07,0.5683224201202393,0.8470565676689148,-0.0021941817831248045,0.5605129599571228,0.7937706708908081,-0.004597590304911137,0.561910092830658,0.7527777552604675,-0.008119208738207817,0.5617283582687378,0.7229427099227905,-0.01204339973628521,0.5765129923820496,0.7539354562759399,-0.001852764980867505,0.5655754804611206,0.7061491012573242,-0.013931700959801674,0.55877685546875,0.6681946516036987,-0.024914709851145744,0.5556453466415405,0.6358766555786133,-0.03250131383538246,0.5818738341331482,0.7551847100257874,-0.008709346875548363,0.5672757029533386,0.7018022537231445,-0.018803603947162628,0.5597937703132629,0.6595011353492737,-0.027380414307117462,0.5564450025558472,0.6206401586532593,-0.03348858281970024,0.5838782787322998,0.7645881772041321,-0.016766134649515152,0.5692287683486938,0.7134193778038025,-0.026099756360054016,0.5623065233230591,0.6738854646682739,-0.030364567413926125,0.5598207712173462,0.6394563913345337,-0.03320157900452614,0.5813208818435669,0.7804473042488098,-0.025567689910531044,0.5700371861457825,0.7423920631408691,-0.03279384598135948,0.5645536184310913,0.7139750719070435,-0.034096259623765945,0.5617519021034241,0.6877979636192322,-0.03487348183989525
0.6219053864479065,0.8718984127044678,2.0829639879593742e-07,0.5898747444152832,0.8261662721633911,0.0024347910657525063,0.5849795937538147,0.7646650671958923,0.0034015572164207697,0.5857715010643005,0.722213864326477,0.0024524300824850798,0.584530234336853,0.6915810108184814,0.0008301191264763474,0.6047910451889038,0.7419589757919312,0.0036598045844584703,0.5904820561408997,0.6965435743331909,-0.006164440885186195,0.5824487805366516,0.6583630442619324,-0.015279277227818966,0.5781455636024475,0.6248824596405029,-0.021664131432771683,0.6088345050811768,0.7442042231559753,-0.004168448504060507,0.5901793837547302,0.6916357278823853,-0.012476248666644096,0.5815615057945251,0.6493628025054932,-0.020518697798252106,0.5769237279891968,0.6103614568710327,-0.026415791362524033,0.607966959476471,0.7542951107025146,-0.012789970263838768,0.5889694094657898,0.7005085349082947,-0.021403992548584938,0.5807409286499023,0.6606170535087585,-0.027169300243258476,0.576965868473053,0.624955952167511,-0.031169606372714043,0.6008914709091187,0.7706072926521301,-0.021556105464696884,0.588136613368988,0.7321929335594177,-0.028785465285182,0.5832585692405701,0.703578770160675,-0.03174665942788124,0.5807214379310608,0.6766542196273804,-0.03402654081583023
0.6455379128456116,0.8772052526473999,2.3110172264750872e-07,0.6049943566322327,0.8366312384605408,0.0017296873265877366,0.5954729914665222,0.7748317122459412,0.00030609132954850793,0.5971092581748962,0.7305921316146851,-0.003090003738179803,0.5976678133010864,0.6968393325805664,-0.007708669174462557,0.6160288453102112,0.7393461465835571,-0.002516969572752714,0.6038563847541809,0.6881145238876343,-0.016124652698636055,0.5988728404045105,0.6480731964111328,-0.02769620344042778,0.5975805521011353,0.6127991080284119,-0.03609265759587288,0.6238353252410889,0.7423441410064697,-0.012422705069184303,0.6056147217750549,0.6830963492393494,-0.02435353584587574,0.5985134243965149,0.6377665996551514,-0.033927518874406815,0.595903217792511,0.5960370898246765,-0.041171640157699585,0.6264165639877319,0.7561052441596985,-0.023298537358641624,0.607165515422821,0.6972663402557373,-0.03571758791804314,0.5989763736724854,0.6558881402015686,-0.04310643672943115,0.596308171749115,0.6194009780883789,-0.048494745045900345,0.6227818727493286,0.7770712971687317,-0.034228868782520294,0.6100788116455078,0.7367119789123535,-0.045913923531770706,0.6041277647018433,0.7072633504867554,-0.051298562437295914,0.6016941070556641,0.6790416836738586,-0.05544876679778099
0.6456345915794373,0.8770163655281067,2.3645256419513316e-07,0.6033109426498413,0.8345762491226196,0.0017159095732495189,0.5937081575393677,0.7747849822044373,6.310830940492451e-05,0.5952086448669434,0.7308171987533569,-0.003663519164547324,0.5961931943893433,0.6972599625587463,-0.008608811534941196,0.6176209449768066,0.739519476890564,-0.002647166373208165,0.6049211621284485,0.6869488954544067,-0.01690238155424595,0.5997132062911987,0.6458215117454529,-0.02882990799844265,0.5981796979904175,0.6096959114074707,-0.037358932197093964,0.6251025795936584,0.7420961856842041,-0.01229833997786045,0.605779230594635,0.6816815137863159,-0.025381604209542274,0.5983810424804688,0.6357325315475464,-0.03550717234611511,0.5955212116241455,0.5929647088050842,-0.04295135289430618,0.6268535852432251,0.7550800442695618,-0.022855384275317192,0.6068280339241028,0.6949508786201477,-0.036352768540382385,0.5986180305480957,0.6535318493843079,-0.0442105196416378,0.5956903100013733,0.6168142557144165,-0.04958035424351692,0.6220018267631531,0.7749772667884827,-0.03340018168091774,0.6092804670333862,0.7336898446083069,-0.0457131452858448,0.6038660407066345,0.7041534185409546,-0.05142685025930405,0.6018527150154114,0.6755368113517761,-0.05561023950576782
0.6470822691917419,0.8770393133163452,2.4689671818123315e-07,0.6050290465354919,0.8356584310531616,0.0008194675901904702,0.596373975276947,0.7760970592498779,-0.0016908601392060518,0.5990529656410217,0.7322683334350586,-0.0060423314571380615,0.6011518239974976,0.6988017559051514,-0.01152438297867775,0.6196231842041016,0.7386841177940369,-0.0031180463265627623,0.6057137250900269,0.687099814414978,-0.016882391646504402,0.5994675755500793,0.6457808613777161,-0.028992313891649246,0.5971146821975708,0.6090981960296631,-0.0377669520676136,0.627330482006073,0.7408053874969482,-0.012109865434467793,0.6071091294288635,0.6815228462219238,-0.024107562378048897,0.5992390513420105,0.6353840827941895,-0.03400244936347008,0.5962778329849243,0.5922814011573792,-0.04161040484905243,0.6284382939338684,0.7533138990402222,-0.021956607699394226,0.6073472499847412,0.694500744342804,-0.0333780013024807,0.5986441373825073,0.6533688902854919,-0.04005507752299309,0.5958665013313293,0.6170980334281921,-0.04506489634513855,0.622227132320404,0.7727717161178589,-0.03205832839012146,0.6087085604667664,0.7315230369567871,-0.04180929437279701,0.6033514142036438,0.7025237083435059,-0.04594506323337555,0.6015189290046692,0.6748549342155457,-0.04932355508208275
0.6448862552642822,0.8771857619285583,2.6395261443212803e-07,0.6050782799720764,0.8362055420875549,0.0020428996067494154,0.5973010659217834,0.7775567770004272,-0.0003923984768334776,0.5999884605407715,0.735343337059021,-0.005043203476816416,0.6016249656677246,0.7025002837181091,-0.01087898388504982,0.6198503375053406,0.7370114326477051,-0.0023036079946905375,0.6058112382888794,0.6844729781150818,-0.01583409681916237,0.5988731980323792,0.6439374685287476,-0.027386188507080078,0.596463680267334,0.6079012155532837,-0.03569240868091583,0.6267445683479309,0.7387402653694153,-0.01248903013765812,0.6073825359344482,0.6769946217536926,-0.024262430146336555,0.5997332334518433,0.6297274827957153,-0.03383998945355415,0.5974981784820557,0.58686763048172,-0.04110255837440491,0.6276758313179016,0.7520053386688232,-0.023493705317378044,0.6072324514389038,0.6920723915100098,-0.0350089929997921,0.5987179279327393,0.650181770324707,-0.04207998886704445,0.5963417291641235,0.613465428352356,-0.04739268124103546,0.6218261122703552,0.7730468511581421,-0.03461621701717377,0.6088165640830994,0.732242226600647,-0.04470822587609291,0.603447675704956,0.7032835483551025,-0.04906999319791794,0.6015953421592712,0.6757456064224243,-0.052590206265449524
0.6464935541152954,0.8754314184188843,2.845432902631728e-07,0.6079522967338562,0.830287754535675,0.0017988738836720586,0.6005407571792603,0.7693009376525879,-0.00019485938537400216,0.6026662588119507,0.7249789237976074,-0.004142025485634804,0.6014209985733032,0.6905488967895508,-0.009250619448721409,0.6197015643119812,0.7339133024215698,-0.002804764546453953,0.607177197933197,0.678279459476471,-0.016341557726264,0.6010916233062744,0.6357881426811218,-0.02784072980284691,0.59917813539505,0.5983799695968628,-0.0359816737473011,0.6266510486602783,0.735885739326477,-0.012103205546736717,0.6091862916946411,0.6720932722091675,-0.023417837917804718,0.6027958393096924,0.6245978474617004,-0.03271743655204773,0.601459264755249,0.5815724730491638,-0.039848726242780685,0.6273431181907654,0.7487981915473938,-0.022178499028086662,0.6075350642204285,0.687667191028595,-0.032758697867393494,0.5986849665641785,0.6469916701316833,-0.039379701018333435,0.5960118770599365,0.6117490530014038,-0.044624220579862595,0.6209167838096619,0.769250214099884,-0.032434526830911636,0.6091998219490051,0.7288326025009155,-0.04188293591141701,0.6045116186141968,0.7000517845153809,-0.04636276885867119,0.6031324863433838,0.6726978421211243,-0.05010533332824707
0.6605880260467529,0.8772818446159363,2.1712827447117888e-07,0.621874988079071,0.8313955068588257,0.0008478868985548615,0.6140788197517395,0.7686123251914978,-0.0003366855380591005,0.6149837970733643,0.723706841468811,-0.003627021098509431,0.6144661903381348,0.6897241473197937,-0.007696534041315317,0.6339197158813477,0.7425695657730103,0.0004465051169972867,0.6224557757377625,0.6925568580627441,-0.01249496266245842,0.6162394881248474,0.6517124772071838,-0.024188272655010223,0.613217294216156,0.6160082817077637,-0.03261028602719307,0.6392915844917297,0.7453881502151489,-0.008461853489279747,0.6228275895118713,0.6886706948280334,-0.01996074989438057,0.6143559217453003,0.6435360312461853,-0.02997070550918579,0.6098707318305969,0.601097583770752,-0.03734626993536949,0.6401545405387878,0.7559632062911987,-0.018473472446203232,0.6231915354728699,0.6995672583580017,-0.029245050624012947,0.6146734356880188,0.6582268476486206,-0.03522873297333717,0.610707700252533,0.6217167973518372,-0.039496831595897675,0.6352932453155518,0.7723957300186157,-0.02896505780518055,0.6233928203582764,0.7323680520057678,-0.037664491683244705,0.617400586605072,0.7030423879623413,-0.040943000465631485,0.6146564483642578,0.6751415133476257,-0.043564338237047195
0.664103090763092,0.8678465485572815,2.363012612249804e-07,0.6273906230926514,0.8282637000083923,-0.0014878807123750448,0.620220959186554,0.7703035473823547,-0.0024162621702998877,0.6225469708442688,0.7259632349014282,-0.004791152197867632,0.6239269375801086,0.6935723423957825,-0.0076981279999017715,0.6381204128265381,0.7426091432571411,0.001146283932030201,0.6271103620529175,0.6918342709541321,-0.01042468473315239,0.6215937733650208,0.6511567831039429,-0.020798267796635628,0.6195553541183472,0.6165453195571899,-0.028003524988889694,0.6447614431381226,0.7436062693595886,-0.005601305514574051,0.6293951869010925,0.6883459687232971,-0.015706723555922508,0.6222417950630188,0.6451670527458191,-0.024876438081264496,0.6191088557243347,0.6047112941741943,-0.03135612607002258,0.6465137004852295,0.7517817616462708,-0.013686138205230236,0.6301484107971191,0.6989127397537231,-0.02347428910434246,0.6232273578643799,0.6593801975250244,-0.028675829991698265,0.6210157871246338,0.6246155500411987,-0.0320313461124897,0.6421499252319336,0.7656063437461853,-0.02247104048728943,0.6300446391105652,0.7266589403152466,-0.030123447999358177,0.6249653697013855,0.6979479789733887,-0.03266703709959984,0.6226346492767334,0.6709802150726318,-0.03448177129030228
0.6858463883399963,0.8757590651512146,1.6945695335834898e-07,0.6460580825805664,0.8380070924758911,-0.0005310068372637033,0.6396636962890625,0.7778792977333069,-0.002003088127821684,0.6413871645927429,0.7342098951339722,-0.004947906360030174,0.6432485580444336,0.7016379833221436,-0.008684622123837471,0.6647090315818787,0.7447201013565063,-0.001391487312503159,0.6495720148086548,0.6975367665290833,-0.013505425304174423,0.641768217086792,0.6592392325401306,-0.024286136031150818,0.6376200318336487,0.6255161762237549,-0.0321006253361702,0.6710667014122009,0.7460273504257202,-0.009404227137565613,0.6506153345108032,0.6892390251159668,-0.020427199080586433,0.6406530737876892,0.6460136771202087,-0.030082732439041138,0.6348020434379578,0.6046032905578613,-0.03716717287898064,0.6715312600135803,0.7554580569267273,-0.018426552414894104,0.6515496373176575,0.6987127661705017,-0.029672088101506233,0.6422109007835388,0.6584146618843079,-0.03626154363155365,0.6376438736915588,0.6219180822372437,-0.040734145790338516,0.665026843547821,0.7710909247398376,-0.02783023566007614,0.6517661809921265,0.7300118207931519,-0.037330299615859985,0.6456652879714966,0.7014524340629578,-0.041128385812044144,0.6427510976791382,0.6737091541290283,-0.04396367073059082
0.6974449157714844,0.8713622689247131,1.734642722794888e-07,0.6566953659057617,0.8282458782196045,-0.0010563532123342156,0.6508530378341675,0.7704361081123352,-0.002024010755121708,0.654143750667572,0.7269167304039001,-0.004312784411013126,0.6576413512229919,0.6952915191650391,-0.007176416460424662,0.6744389533996582,0.7401295900344849,0.0009867871413007379,0.6614493727684021,0.6931418776512146,-0.009801686741411686,0.6549724340438843,0.6559470891952515,-0.019726071506738663,0.652839720249176,0.6230422854423523,-0.026847634464502335,0.6829022169113159,0.7426575422286987,-0.00601278617978096,0.6637362837791443,0.6884021162986755,-0.015440401621162891,0.6553136110305786,0.6459656953811646,-0.02390138991177082,0.6521880030632019,0.6067724227905273,-0.030178580433130264,0.6857052445411682,0.7528736591339111,-0.014236635528504848,0.6657213568687439,0.6999029517173767,-0.024267202243208885,0.6575181484222412,0.6609838008880615,-0.02923606149852276,0.6550822257995605,0.6269001364707947,-0.032416895031929016,0.6809874176979065,0.7690005898475647,-0.022988662123680115,0.6656743884086609,0.7290598750114441,-0.030794823542237282,0.6595473885536194,0.7005181312561035,-0.03287748992443085,0.6566935777664185,0.6736313700675964,-0.034404221922159195
0.71088045835495,0.8709617257118225,1.9788627980688034e-07,0.6689757108688354,0.8318005800247192,-0.0010164304403588176,0.6616289019584656,0.7721229195594788,-0.0022335166577249765,0.6632003784179688,0.7284629940986633,-0.005056511145085096,0.6654185652732849,0.6953465938568115,-0.00848526880145073,0.6848611235618591,0.735830545425415,0.001579027739353478,0.6709827184677124,0.6877517104148865,-0.01030901912599802,0.6636952757835388,0.6478832960128784,-0.02146371826529503,0.6603890657424927,0.6124290823936462,-0.02964409627020359,0.6920729279518127,0.7366319894790649,-0.006038070190697908,0.6722562909126282,0.6810486912727356,-0.016695519909262657,0.662912905216217,0.6370459198951721,-0.026655875146389008,0.6580191850662231,0.5947799682617188,-0.03403421491384506,0.6933544278144836,0.7462337613105774,-0.014959339052438736,0.6737300157546997,0.693234384059906,-0.025902608409523964,0.6649940609931946,0.6530107855796814,-0.03257075324654579,0.6606993079185486,0.6161978244781494,-0.03717230260372162,0.6875974535942078,0.7623366117477417,-0.024458369240164757,0.6744480729103088,0.7231292128562927,-0.03338775411248207,0.6686267256736755,0.6952241063117981,-0.036917299032211304,0.6654734015464783,0.6678413152694702,-0.03965158388018608
0.7228667736053467,0.8720281720161438,1.4223034838778403e-07,0.680517852306366,0.8346753716468811,0.0013269773917272687,0.6726404428482056,0.7809726595878601,0.0015834005316719413,0.6751915812492371,0.7413911819458008,-0.00020471122115850449,0.6781478524208069,0.7133082151412964,-0.0023335705045610666,0.6993481516838074,0.7382206320762634,0.009104132652282715,0.6844344139099121,0.6958889961242676,0.0018993952544406056,0.6747466921806335,0.6637601256370544,-0.006422009319067001,0.6692935228347778,0.6344947814941406,-0.012597435154020786,0.705166757106781,0.7387624979019165,0.001896664616651833,0.6852635145187378,0.688118577003479,-0.003999741282314062,0.6741657853126526,0.6503587961196899,-0.010557937435805798,0.6685327291488647,0.6151692867279053,-0.015500317327678204,0.7051929831504822,0.7474824786186218,-0.0067657893523573875,0.6856392025947571,0.6978033781051636,-0.01291157491505146,0.6748710870742798,0.6610686182975769,-0.01606791466474533,0.6703664660453796,0.6292034387588501,-0.018224267289042473,0.6969440579414368,0.7619438767433167,-0.016084225848317146,0.6818268299102783,0.7222678661346436,-0.019741518422961235,0.6754597425460815,0.6946786046028137,-0.01960316114127636,0.6725354194641113,0.6691417098045349,-0.019745245575904846
0.7423194646835327,0.8702206015586853,2.7043100203627546e-07,0.70376056432724,0.8339294791221619,0.0004541965026874095,0.6945211887359619,0.7747339010238647,-0.0001635057124076411,0.6950011253356934,0.7313776016235352,-0.0027628191746771336,0.6960010528564453,0.6997358202934265,-0.006141488905996084,0.7153505086898804,0.7388390302658081,0.0021292944438755512,0.7006246447563171,0.688591718673706,-0.009028980508446693,0.6926525831222534,0.6466604471206665,-0.01946338266134262,0.6887729167938232,0.6106787323951721,-0.026669306680560112,0.7221287488937378,0.7387851476669312,-0.005942219402641058,0.7032423615455627,0.6809872984886169,-0.015608569607138634,0.6946930885314941,0.6353524327278137,-0.025572745129466057,0.6907674670219421,0.5948175191879272,-0.03256300836801529,0.7239251732826233,0.7480043172836304,-0.014921660535037518,0.7031279802322388,0.6916754245758057,-0.024749046191573143,0.6935704946517944,0.64754319190979,-0.032139647752046585,0.6894248723983765,0.6095510721206665,-0.03704148530960083,0.7186723947525024,0.7643557190895081,-0.02420724369585514,0.7027071118354797,0.7216206789016724,-0.031977329403162,0.6958631277084351,0.6908053159713745,-0.035139646381139755,0.6925204992294312,0.6626555323600769,-0.037424348294734955
0.7552284598350525,0.868903636932373,2.2888006867560762e-07,0.7135788202285767,0.8356615304946899,-0.0007439168402925134,0.7041018009185791,0.7849440574645996,-0.003036539303138852,0.7056738138198853,0.7447158694267273,-0.007173255085945129,0.7098028063774109,0.7144317626953125,-0.01197688840329647,0.7245976328849792,0.7406792640686035,0.0018610474653542042,0.7109286785125732,0.689007043838501,-0.009611407294869423,0.7027173638343811,0.6484801173210144,-0.020107639953494072,0.6988974809646606,0.6138554811477661,-0.027569342404603958,0.7317183017730713,0.7388660907745361,-0.006313438061624765,0.7124708890914917,0.6806603074073792,-0.01699824631214142,0.7029005289077759,0.6352331638336182,-0.02668960578739643,0.6984574198722839,0.5934510231018066,-0.033494167029857635,0.7340856194496155,0.7456706762313843,-0.01574324257671833,0.7146549224853516,0.6899635195732117,-0.026528090238571167,0.7061700224876404,0.6479537487030029,-0.03283094987273216,0.7032175064086914,0.6116464138031006,-0.03675702214241028,0.7296475768089294,0.7592846751213074,-0.02573310025036335,0.7151618599891663,0.7183318138122559,-0.03410257771611214,0.7089654803276062,0.6882666349411011,-0.03694595396518707,0.705946147441864,0.6606690883636475,-0.03886298090219498
0.7713534235954285,0.8666177988052368,2.3690104455909022e-07,0.7341529726982117,0.8225058913230896,-0.00034595574834384024,0.7281602025032043,0.7574765682220459,-0.0006314073107205331,0.7292971014976501,0.7109812498092651,-0.00254666805267334,0.7274370193481445,0.6767897605895996,-0.005211029201745987,0.7464220523834229,0.7309128046035767,0.0006453456589952111,0.7312526106834412,0.6802106499671936,-0.011292202398180962,0.721555769443512,0.6369079947471619,-0.02190433070063591,0.7165991067886353,0.5996740460395813,-0.02932851016521454,0.7527063488960266,0.7332625985145569,-0.007109043654054403,0.7315061688423157,0.6757926344871521,-0.0178134236484766,0.7210686206817627,0.6287472248077393,-0.02784384787082672,0.7162405252456665,0.5848825573921204,-0.03499006852507591,0.7541100382804871,0.7444411516189575,-0.015874065458774567,0.7317270040512085,0.687433660030365,-0.02711835317313671,0.7212622165679932,0.6444960832595825,-0.034415826201438904,0.7171902656555176,0.606006383895874,-0.03912382200360298,0.749017059803009,0.76222825050354,-0.024986209347844124,0.7330609560012817,0.7217485308647156,-0.034332189708948135,0.7258347272872925,0.6919679045677185,-0.03813383728265762,0.7227315306663513,0.6632041931152344,-0.04075535014271736
0.7879211902618408,0.8647332787513733,2.3373752355837496e-07,0.7425446510314941,0.8261946439743042,-0.001046492950990796,0.7329508066177368,0.7649526596069336,-0.002395263407379389,0.7334954142570496,0.7192686200141907,-0.005071891006082296,0.7346871495246887,0.6852761507034302,-0.008447646163403988,0.7589954733848572,0.7300258874893188,-0.0003538694290909916,0.7433573007583618,0.6784982085227966,-0.012164146639406681,0.735162079334259,0.6357168555259705,-0.023009028285741806,0.7313157916069031,0.5987232327461243,-0.030723271891474724,0.7670244574546814,0.7322854995727539,-0.007917131297290325,0.7450786828994751,0.6734525561332703,-0.018223857507109642,0.734856128692627,0.6267740726470947,-0.027839310467243195,0.7302460074424744,0.5827828645706177,-0.03501780703663826,0.7683035731315613,0.7427504062652588,-0.016560308635234833,0.7463890910148621,0.6858906745910645,-0.026875263080000877,0.7371118664741516,0.6423683762550354,-0.03302976116538048,0.7343589663505554,0.6036632061004639,-0.03733045607805252,0.7613365650177002,0.7595941424369812,-0.025722922757267952,0.744742214679718,0.7173133492469788,-0.03399425745010376,0.7379291653633118,0.6872610449790955,-0.03685140982270241,0.7351222634315491,0.658492386341095,-0.03911402449011803
0.8152802586555481,0.874026894569397,1.3446573632336367e-07,0.7740347385406494,0.8434985280036926,-0.0013738996349275112,0.7636324167251587,0.7935385704040527,-0.0035948522854596376,0.7632706761360168,0.7543585896492004,-0.007340447045862675,0.7652148604393005,0.7255107760429382,-0.01146136038005352,0.7851132154464722,0.7457162737846375,0.0017957292729988694,0.7730254530906677,0.7004086971282959,-0.008049044758081436,0.7644042372703552,0.666742742061615,-0.017919547855854034,0.7589657306671143,0.6365779638290405,-0.025034023448824883,0.7927517890930176,0.7460458874702454,-0.005578518845140934,0.7755886316299438,0.6925000548362732,-0.013903417624533176,0.7641894221305847,0.6522707939147949,-0.021969163790345192,0.7571673393249512,0.6142065525054932,-0.028054991737008095,0.7957521677017212,0.7545782327651978,-0.01425344031304121,0.7777899503707886,0.7036377191543579,-0.022571563720703125,0.7658826112747192,0.6666118502616882,-0.026575608178973198,0.7595171332359314,0.6346226334571838,-0.0292517077177763,0.7911602258682251,0.7695294618606567,-0.02366880513727665,0.7749778628349304,0.7299842834472656,-0.029193172231316566,0.7661212682723999,0.7025803327560425,-0.02963193878531456,0.760639488697052,0.6783304810523987,-0.030069123953580856
0.8296341300010681,0.8739697933197021,1.88176542792462e-07,0.7917712926864624,0.8431155681610107,-0.00224683852866292,0.7782848477363586,0.7883564829826355,-0.004927750676870346,0.7776674628257751,0.7461915612220764,-0.009663935750722885,0.7820079326629639,0.7145341038703918,-0.014957710169255733,0.7862170338630676,0.748681366443634,-3.0231845812522806e-05,0.7784396409988403,0.6957588791847229,-0.013748499564826488,0.7723951935768127,0.6550590395927429,-0.025942573323845863,0.7690138816833496,0.6192269325256348,-0.03470809385180473,0.7935592532157898,0.7449672818183899,-0.00877284538000822,0.7807936072349548,0.684317409992218,-0.02153937704861164,0.771863579750061,0.6361139416694641,-0.03258190304040909,0.7659746408462524,0.589739978313446,-0.04015728458762169,0.7996304035186768,0.7495625615119934,-0.019045230001211166,0.7852794528007507,0.6903223991394043,-0.031465739011764526,0.7770316004753113,0.6468108296394348,-0.03830459341406822,0.7718408703804016,0.6082209348678589,-0.0424654483795166,0.8026173710823059,0.7606461048126221,-0.030156537890434265,0.7899187803268433,0.7173956036567688,-0.03984258323907852,0.7824867367744446,0.685770571231842,-0.04308037832379341,0.7776437997817993,0.6568063497543335,-0.04520402476191521
0.8510074615478516,0.8730905652046204,1.9931188433019997e-07,0.8065776228904724,0.839349627494812,-0.0028007589280605316,0.7924977540969849,0.782921314239502,-0.005541385151445866,0.7916737794876099,0.7388335466384888,-0.010251837782561779,0.7934103608131409,0.7045031785964966,-0.015336981043219566,0.8067578673362732,0.7402416467666626,0.0011038972297683358,0.7951987385749817,0.6891787052154541,-0.012560437433421612,0.7861777544021606,0.6479474902153015,-0.02520006150007248,0.780556857585907,0.6116184592247009,-0.034317295998334885,0.8154165744781494,0.7389853000640869,-0.007571859750896692,0.7982102632522583,0.6812165975570679,-0.0200881939381361,0.7862786650657654,0.6340587139129639,-0.03138664737343788,0.7785687446594238,0.5889406204223633,-0.039332736283540726,0.8215512037277222,0.7462907433509827,-0.017965760082006454,0.8027442097663879,0.690615713596344,-0.030029596760869026,0.7909561991691589,0.6467238664627075,-0.03642634302377701,0.7838022708892822,0.6075540781021118,-0.04041347652673721,0.8228306770324707,0.761028528213501,-0.029386823996901512,0.808015763759613,0.718427836894989,-0.038578517735004425,0.7988126277923584,0.6859323382377625,-0.04131513461470604,0.7926804423332214,0.656187117099762,-0.04315689951181412
0.8667124509811401,0.8567238450050354,2.0550145052311564e-07,0.8290179371833801,0.8118904232978821,0.001621466362848878,0.8177787661552429,0.7488566040992737,0.002534122671931982,0.8155208826065063,0.7048780918121338,0.001075309352017939,0.8112128973007202,0.6736107468605042,-0.0009229307761415839,0.8299620747566223,0.7210509181022644,0.007371952291578054,0.8168656826019287,0.6723959445953369,-0.0017498793313279748,0.807879626750946,0.6363843083381653,-0.011294948868453503,0.8025639653205872,0.604444146156311,-0.018013954162597656,0.836852490901947,0.7239658832550049,-0.0009904991602525115,0.8197863101959229,0.6679879426956177,-0.007899983786046505,0.8088420033454895,0.625232994556427,-0.016095640137791634,0.8027412295341492,0.5854172110557556,-0.022146373987197876,0.8409345149993896,0.7352577447891235,-0.010706800036132336,0.8229091167449951,0.6817975044250488,-0.017376108095049858,0.8122687339782715,0.6414484977722168,-0.02119186893105507,0.8073757886886597,0.6060720682144165,-0.02396995574235916,0.8399242162704468,0.7537416219711304,-0.021051939576864243,0.8255524635314941,0.7144076824188232,-0.02522542141377926,0.818640410900116,0.6846736669540405,-0.024831537157297134,0.8150413632392883,0.6581487655639648,-0.02486293949186802
0.8835850954055786,0.8509446382522583,2.48695897653306e-07,0.8437391519546509,0.8145487904548645,1.6149520888575353e-05,0.8346684575080872,0.7527686953544617,-0.0006253234460018575,0.8334766030311584,0.7070404291152954,-0.0027363912668079138,0.8340672254562378,0.6740109324455261,-0.005655874498188496,0.8607427477836609,0.7223013639450073,-0.0007994133629836142,0.8439851999282837,0.6701217293739319,-0.011984242126345634,0.8325881361961365,0.6277168393135071,-0.021483799442648888,0.825793445110321,0.5919690132141113,-0.027996370568871498,0.8665778040885925,0.7226948738098145,-0.008853222243487835,0.8435476422309875,0.6617245674133301,-0.018748680129647255,0.8303914666175842,0.6145843863487244,-0.027804825454950333,0.8222873210906982,0.5729693174362183,-0.03414662182331085,0.8662488460540771,0.7319043874740601,-0.01766185648739338,0.8417145609855652,0.6728742122650146,-0.027588939294219017,0.8283412456512451,0.6289332509040833,-0.03366975113749504,0.8209174871444702,0.5907387733459473,-0.03768332302570343,0.8583689332008362,0.7485195994377136,-0.026756469160318375,0.8410969972610474,0.7046119570732117,-0.03492965176701546,0.8328402042388916,0.6717085838317871,-0.037826165556907654,0.8282120823860168,0.6407114267349243,-0.039896298199892044
0.913804829120636,0.8506416082382202,2.2111261444024422e-07,0.8765411376953125,0.8083900213241577,0.003187052207067609,0.8648290038108826,0.7415705919265747,0.005209175869822502,0.8609626293182373,0.6961280703544617,0.004892971366643906,0.8555911779403687,0.6635135412216187,0.004212880972772837,0.882290244102478,0.715538501739502,0.006711081601679325,0.8632403016090393,0.6644975543022156,-0.0027773373294621706,0.8520541787147522,0.6235274076461792,-0.011603974737226963,0.8454727530479431,0.588179886341095,-0.01758594997227192,0.8864445686340332,0.71736741065979,-0.001992618665099144,0.8626867532730103,0.6598050594329834,-0.01011636108160019,0.8503004908561707,0.6146512627601624,-0.018168292939662933,0.842682421207428,0.5727708339691162,-0.023845721036195755,0.8851344585418701,0.7264647483825684,-0.011702756397426128,0.8613880276679993,0.6696146726608276,-0.019499899819493294,0.8488571047782898,0.6272948980331421,-0.02443087100982666,0.8420696258544922,0.5890892744064331,-0.027911042794585228,0.8770284652709961,0.7411431074142456,-0.02173316292464733,0.8598874807357788,0.6989266872406006,-0.027346251532435417,0.8524757623672485,0.6689425706863403,-0.028780216351151466,0.848124086856842,0.6405103206634521,-0.03008165769279003
0.9360470771789551,0.8606806993484497,1.723349356552717e-07,0.8953169584274292,0.8287146687507629,0.0013924696249887347,0.8811773061752319,0.7815293669700623,0.0009157003951258957,0.878079354763031,0.7492733597755432,-0.0020677298307418823,0.8789774179458618,0.7262285947799683,-0.005354486871510744,0.9018242359161377,0.7375743985176086,0.006197860464453697,0.8904436826705933,0.6946796774864197,-0.0022209477610886097,0.8806275725364685,0.6618659496307373,-0.011027797125279903,0.873071014881134,0.63307124376297,-0.017505574971437454,0.9085381031036377,0.7385562658309937,-0.0018963461043313146,0.8929124474525452,0.6921864151954651,-0.008430717512965202,0.8818144798278809,0.6579328775405884,-0.014870036393404007,0.8740627765655518,0.6259326934814453,-0.01986023783683777,0.9111574292182922,0.7471308708190918,-0.011297719553112984,0.8932908773422241,0.7021457552909851,-0.017459450289607048,0.8804843425750732,0.6699786186218262,-0.020109187811613083,0.8718451261520386,0.6421711444854736,-0.02202199026942253,0.9070402979850769,0.7626208066940308,-0.02142702043056488,0.8913810849189758,0.7260121703147888,-0.025465305894613266,0.882319986820221,0.7002487778663635,-0.02526547759771347,0.8759558796882629,0.6775162220001221,-0.025330549106001854
0.9512960314750671,0.8441618084907532,1.623486411972408e-07,0.9294884204864502,0.8076320290565491,-0.0010102466912940145,0.9183229804039001,0.7540783286094666,-0.002137718955054879,0.9142183661460876,0.7131190299987793,-0.004081967752426863,0.910162091255188,0.6832642555236816,-0.00599661422893405,0.9335416555404663,0.736974835395813,-0.0031160132493823767,0.9196669459342957,0.6895169019699097,-0.012734893709421158,0.909854531288147,0.6540374755859375,-0.02057507634162903,0.9017573595046997,0.6252821683883667,-0.02568531595170498,0.9350029230117798,0.7372303009033203,-0.008486194536089897,0.9206416606903076,0.6848077774047852,-0.01599840633571148,0.9109750986099243,0.6467857360839844,-0.02195853181183338,0.9039837121963501,0.614847719669342,-0.026354415342211723,0.9326502680778503,0.741902768611908,-0.01459078025072813,0.9189144372940063,0.6915738582611084,-0.021073227748274803,0.9071779847145081,0.6543952226638794,-0.02390572614967823,0.8987004160881042,0.6243929862976074,-0.025813192129135132,0.9255787134170532,0.7506741285324097,-0.021062934771180153,0.9119470119476318,0.710303008556366,-0.025694191455841064,0.9032323956489563,0.6814898252487183,-0.02620769664645195,0.8966867923736572,0.6571052670478821,-0.026585761457681656
0.8099042177200317,0.8732684254646301,1.4792711056088592e-07,0.8471424579620361,0.8256039023399353,0.003918288741260767,0.8468928337097168,0.7696561813354492,0.005892620421946049,0.8411867022514343,0.7334446907043457,0.0037551834248006344,0.8407573103904724,0.7045209407806396,0.0005551164504140615,0.8169265985488892,0.7311166524887085,0.004777911584824324,0.8242135047912598,0.6714915037155151,-0.00792500376701355,0.8261698484420776,0.6254152059555054,-0.01949387416243553,0.8242146372795105,0.5871596932411194,-0.028271494433283806,0.8110718727111816,0.736233651638031,-0.007168285083025694,0.820902943611145,0.6710325479507446,-0.020475082099437714,0.8232526183128357,0.6222754716873169,-0.03324592113494873,0.82164466381073,0.5761550664901733,-0.04201565682888031,0.8130407929420471,0.7471689581871033,-0.02002010866999626,0.8253757953643799,0.6825767755508423,-0.0325932539999485,0.8294845819473267,0.6390259861946106,-0.04258649796247482,0.829684853553772,0.6003105640411377,-0.04894805699586868,0.8239577412605286,0.7633681297302246,-0.03315584361553192,0.8350334763526917,0.7206356525421143,-0.04316207021474838,0.8384832143783569,0.6891615390777588,-0.04842382296919823,0.8406789898872375,0.6616870760917664,-0.05192974954843521
